ISO-10303-21;
HEADER;
/* Generated by software containing ST-Developer
 * from STEP Tools, Inc. (www.steptools.com) 
 */
/* OPTION: strings as raw bytes, not using required /X/ escapes */

FILE_DESCRIPTION(
/* description */ ('Unknown'),
/* implementation_level */ '2;1');

FILE_NAME(
/* name */ 'RIC11-31S10K2-GSMT',
/* time_stamp */ '2024-08-12T10:13:48+02:00',
/* author */ ('Unknown'),
/* organization */ ('Unknown'),
/* preprocessor_version */ 'ST-DEVELOPER v18.102',
/* originating_system */ 'Solid Edge',
/* authorisation */ 'Unknown');

FILE_SCHEMA (('AUTOMOTIVE_DESIGN {1 0 10303 214 3 1 1}'));
ENDSEC;

DATA;
#10=PROPERTY_DEFINITION_REPRESENTATION(#14,#12);
#11=PROPERTY_DEFINITION_REPRESENTATION(#15,#13);
#12=REPRESENTATION('',(#16),#13146);
#13=REPRESENTATION('',(#17),#13146);
#14=PROPERTY_DEFINITION('pmi validation property','',#13151);
#15=PROPERTY_DEFINITION('pmi validation property','',#13151);
#16=VALUE_REPRESENTATION_ITEM('number of annotations',COUNT_MEASURE(0.));
#17=VALUE_REPRESENTATION_ITEM('number of views',COUNT_MEASURE(0.));
#18=TOROIDAL_SURFACE('',#8745,0.533999999999999,0.216000000000001);
#19=TOROIDAL_SURFACE('',#8749,0.533999999999999,0.216000000000001);
#20=TOROIDAL_SURFACE('',#8760,0.533999999999999,0.216000000000001);
#21=TOROIDAL_SURFACE('',#8764,0.533999999999999,0.216000000000001);
#22=TOROIDAL_SURFACE('',#8786,0.533999999999999,0.216000000000001);
#23=TOROIDAL_SURFACE('',#8793,0.523339758716667,0.216000000000001);
#24=TOROIDAL_SURFACE('',#8795,0.533999999999999,0.216000000000001);
#25=TOROIDAL_SURFACE('',#8801,0.533999999999999,0.216000000000001);
#26=TOROIDAL_SURFACE('',#8923,0.533999999999999,0.216000000000001);
#27=TOROIDAL_SURFACE('',#8929,0.523339758716667,0.216000000000001);
#28=TOROIDAL_SURFACE('',#8931,0.533999999999999,0.216000000000001);
#29=TOROIDAL_SURFACE('',#8936,0.533999999999999,0.216000000000001);
#30=SHAPE_REPRESENTATION_RELATIONSHIP('','',#8378,#31);
#31=ADVANCED_BREP_SHAPE_REPRESENTATION('',(#8375,#8376),#13146);
#32=ELLIPSE('',#8601,0.171156811619925,0.146853000000002);
#33=ELLIPSE('',#8608,0.171156811619925,0.146853000000002);
#34=ELLIPSE('',#8611,0.171156811619925,0.146853000000002);
#35=ELLIPSE('',#8618,0.171156811619925,0.146853000000002);
#36=ELLIPSE('',#8621,0.171156811619925,0.146853000000002);
#37=ELLIPSE('',#8628,0.171156811619925,0.146853000000002);
#38=ELLIPSE('',#8633,0.171156811619925,0.146853000000002);
#39=ELLIPSE('',#8636,0.171156811619925,0.146853000000002);
#40=ELLIPSE('',#8643,0.171156811619925,0.146853000000002);
#41=ELLIPSE('',#8646,0.171156811619925,0.146853000000002);
#42=B_SPLINE_CURVE_WITH_KNOTS('',3,(#11039,#11040,#11041,#11042),
 .UNSPECIFIED.,.F.,.F.,(4,4),(9.39208413561977E-7,0.000747634192454972),
 .UNSPECIFIED.);
#43=B_SPLINE_CURVE_WITH_KNOTS('',3,(#11044,#11045,#11046,#11047),
 .UNSPECIFIED.,.F.,.F.,(4,4),(2.96465783048539E-7,0.00082559746590644),
 .UNSPECIFIED.);
#44=B_SPLINE_CURVE_WITH_KNOTS('',3,(#11049,#11050,#11051,#11052),
 .UNSPECIFIED.,.F.,.F.,(4,4),(2.98850121541467E-7,0.000812362742007082),
 .UNSPECIFIED.);
#45=B_SPLINE_CURVE_WITH_KNOTS('',3,(#11056,#11057,#11058,#11059),
 .UNSPECIFIED.,.F.,.F.,(4,4),(2.96465783048597E-7,0.00082559746590644),
 .UNSPECIFIED.);
#46=B_SPLINE_CURVE_WITH_KNOTS('',3,(#11061,#11062,#11063,#11064),
 .UNSPECIFIED.,.F.,.F.,(4,4),(2.98850121540976E-7,0.000812362742007075),
 .UNSPECIFIED.);
#47=B_SPLINE_CURVE_WITH_KNOTS('',3,(#11068,#11069,#11070,#11071),
 .UNSPECIFIED.,.F.,.F.,(4,4),(2.9646578304855E-7,0.00082559746590644),
 .UNSPECIFIED.);
#48=B_SPLINE_CURVE_WITH_KNOTS('',3,(#11073,#11074,#11075,#11076),
 .UNSPECIFIED.,.F.,.F.,(4,4),(2.98850121541213E-7,0.000812362742007075),
 .UNSPECIFIED.);
#49=B_SPLINE_CURVE_WITH_KNOTS('',3,(#11080,#11081,#11082,#11083),
 .UNSPECIFIED.,.F.,.F.,(4,4),(2.96465783048584E-7,0.00082559746590644),
 .UNSPECIFIED.);
#50=B_SPLINE_CURVE_WITH_KNOTS('',3,(#11085,#11086,#11087,#11088),
 .UNSPECIFIED.,.F.,.F.,(4,4),(2.98850121541078E-7,0.000812362742007075),
 .UNSPECIFIED.);
#51=B_SPLINE_CURVE_WITH_KNOTS('',3,(#11092,#11093,#11094,#11095),
 .UNSPECIFIED.,.F.,.F.,(4,4),(2.96465783048883E-7,0.00082559746590644),
 .UNSPECIFIED.);
#52=B_SPLINE_CURVE_WITH_KNOTS('',3,(#11097,#11098,#11099,#11100),
 .UNSPECIFIED.,.F.,.F.,(4,4),(2.98850121541031E-7,0.000812362742007075),
 .UNSPECIFIED.);
#53=B_SPLINE_CURVE_WITH_KNOTS('',3,(#11104,#11105,#11106,#11107),
 .UNSPECIFIED.,.F.,.F.,(4,4),(2.96465783048646E-7,0.00082559746590644),
 .UNSPECIFIED.);
#54=B_SPLINE_CURVE_WITH_KNOTS('',3,(#11109,#11110,#11111,#11112),
 .UNSPECIFIED.,.F.,.F.,(4,4),(2.98850121541495E-7,0.000812362742007082),
 .UNSPECIFIED.);
#55=B_SPLINE_CURVE_WITH_KNOTS('',3,(#11116,#11117,#11118,#11119),
 .UNSPECIFIED.,.F.,.F.,(4,4),(2.9646578304853E-7,0.00082559746590644),
 .UNSPECIFIED.);
#56=B_SPLINE_CURVE_WITH_KNOTS('',3,(#11121,#11122,#11123,#11124),
 .UNSPECIFIED.,.F.,.F.,(4,4),(2.98850121541024E-7,0.000812362742007075),
 .UNSPECIFIED.);
#57=B_SPLINE_CURVE_WITH_KNOTS('',3,(#11128,#11129,#11130,#11131),
 .UNSPECIFIED.,.F.,.F.,(4,4),(2.96465783048457E-7,0.00082559746590644),
 .UNSPECIFIED.);
#58=B_SPLINE_CURVE_WITH_KNOTS('',3,(#11133,#11134,#11135,#11136),
 .UNSPECIFIED.,.F.,.F.,(4,4),(2.98850121541489E-7,0.000812362742007082),
 .UNSPECIFIED.);
#59=B_SPLINE_CURVE_WITH_KNOTS('',3,(#11140,#11141,#11142,#11143),
 .UNSPECIFIED.,.F.,.F.,(4,4),(0.00750998577052457,0.0082535958660952),
 .UNSPECIFIED.);
#60=B_SPLINE_CURVE_WITH_KNOTS('',3,(#11147,#11148,#11149,#11150),
 .UNSPECIFIED.,.F.,.F.,(4,4),(9.3920841356105E-7,0.00074763419245497),
 .UNSPECIFIED.);
#61=B_SPLINE_CURVE_WITH_KNOTS('',3,(#11152,#11153,#11154,#11155),
 .UNSPECIFIED.,.F.,.F.,(4,4),(2.96465783048538E-7,0.00082559746590644),
 .UNSPECIFIED.);
#62=B_SPLINE_CURVE_WITH_KNOTS('',3,(#11157,#11158,#11159,#11160),
 .UNSPECIFIED.,.F.,.F.,(4,4),(2.98850121541467E-7,0.000812362742007082),
 .UNSPECIFIED.);
#63=B_SPLINE_CURVE_WITH_KNOTS('',3,(#11164,#11165,#11166,#11167),
 .UNSPECIFIED.,.F.,.F.,(4,4),(2.96465783048597E-7,0.00082559746590644),
 .UNSPECIFIED.);
#64=B_SPLINE_CURVE_WITH_KNOTS('',3,(#11169,#11170,#11171,#11172),
 .UNSPECIFIED.,.F.,.F.,(4,4),(2.98850121540976E-7,0.000812362742007075),
 .UNSPECIFIED.);
#65=B_SPLINE_CURVE_WITH_KNOTS('',3,(#11176,#11177,#11178,#11179),
 .UNSPECIFIED.,.F.,.F.,(4,4),(2.9646578304855E-7,0.00082559746590644),
 .UNSPECIFIED.);
#66=B_SPLINE_CURVE_WITH_KNOTS('',3,(#11181,#11182,#11183,#11184),
 .UNSPECIFIED.,.F.,.F.,(4,4),(2.98850121541577E-7,0.000812362742007082),
 .UNSPECIFIED.);
#67=B_SPLINE_CURVE_WITH_KNOTS('',3,(#11188,#11189,#11190,#11191),
 .UNSPECIFIED.,.F.,.F.,(4,4),(2.96465783048584E-7,0.00082559746590644),
 .UNSPECIFIED.);
#68=B_SPLINE_CURVE_WITH_KNOTS('',3,(#11193,#11194,#11195,#11196),
 .UNSPECIFIED.,.F.,.F.,(4,4),(2.98850121541078E-7,0.000812362742007075),
 .UNSPECIFIED.);
#69=B_SPLINE_CURVE_WITH_KNOTS('',3,(#11200,#11201,#11202,#11203),
 .UNSPECIFIED.,.F.,.F.,(4,4),(2.96465783048491E-7,0.00082559746590644),
 .UNSPECIFIED.);
#70=B_SPLINE_CURVE_WITH_KNOTS('',3,(#11205,#11206,#11207,#11208),
 .UNSPECIFIED.,.F.,.F.,(4,4),(2.98850121541352E-7,0.000812362742007075),
 .UNSPECIFIED.);
#71=B_SPLINE_CURVE_WITH_KNOTS('',3,(#11212,#11213,#11214,#11215),
 .UNSPECIFIED.,.F.,.F.,(4,4),(2.96465783048327E-7,0.00082559746590644),
 .UNSPECIFIED.);
#72=B_SPLINE_CURVE_WITH_KNOTS('',3,(#11217,#11218,#11219,#11220),
 .UNSPECIFIED.,.F.,.F.,(4,4),(2.98850121541495E-7,0.000812362742007082),
 .UNSPECIFIED.);
#73=B_SPLINE_CURVE_WITH_KNOTS('',3,(#11224,#11225,#11226,#11227),
 .UNSPECIFIED.,.F.,.F.,(4,4),(2.9646578304853E-7,0.00082559746590644),
 .UNSPECIFIED.);
#74=B_SPLINE_CURVE_WITH_KNOTS('',3,(#11229,#11230,#11231,#11232),
 .UNSPECIFIED.,.F.,.F.,(4,4),(2.98850121541352E-7,0.000812362742007075),
 .UNSPECIFIED.);
#75=B_SPLINE_CURVE_WITH_KNOTS('',3,(#11236,#11237,#11238,#11239),
 .UNSPECIFIED.,.F.,.F.,(4,4),(2.96465783048457E-7,0.00082559746590644),
 .UNSPECIFIED.);
#76=B_SPLINE_CURVE_WITH_KNOTS('',3,(#11241,#11242,#11243,#11244),
 .UNSPECIFIED.,.F.,.F.,(4,4),(2.98850121541489E-7,0.000812362742007082),
 .UNSPECIFIED.);
#77=B_SPLINE_CURVE_WITH_KNOTS('',3,(#11248,#11249,#11250,#11251),
 .UNSPECIFIED.,.F.,.F.,(4,4),(0.00750998577052457,0.0082535958660952),
 .UNSPECIFIED.);
#78=B_SPLINE_CURVE_WITH_KNOTS('',3,(#11255,#11256,#11257,#11258),
 .UNSPECIFIED.,.F.,.F.,(4,4),(1.0651771432798E-6,0.000763409369218538),
 .UNSPECIFIED.);
#79=B_SPLINE_CURVE_WITH_KNOTS('',3,(#11263,#11264,#11265,#11266),
 .UNSPECIFIED.,.F.,.F.,(4,4),(2.90063777388281E-7,0.000742652816718779),
 .UNSPECIFIED.);
#80=B_SPLINE_CURVE_WITH_KNOTS('',3,(#11268,#11269,#11270,#11271),
 .UNSPECIFIED.,.F.,.F.,(4,4),(3.52865051269381E-7,0.000757172812761885),
 .UNSPECIFIED.);
#81=B_SPLINE_CURVE_WITH_KNOTS('',3,(#11275,#11276,#11277,#11278),
 .UNSPECIFIED.,.F.,.F.,(4,4),(2.90063777392182E-7,0.000742652816718781),
 .UNSPECIFIED.);
#82=B_SPLINE_CURVE_WITH_KNOTS('',3,(#11280,#11281,#11282,#11283),
 .UNSPECIFIED.,.F.,.F.,(4,4),(3.52865051269263E-7,0.000757172812761885),
 .UNSPECIFIED.);
#83=B_SPLINE_CURVE_WITH_KNOTS('',3,(#11287,#11288,#11289,#11290),
 .UNSPECIFIED.,.F.,.F.,(4,4),(2.90063777388423E-7,0.00074265281671878),
 .UNSPECIFIED.);
#84=B_SPLINE_CURVE_WITH_KNOTS('',3,(#11292,#11293,#11294,#11295),
 .UNSPECIFIED.,.F.,.F.,(4,4),(3.52865051269609E-7,0.000757172812761886),
 .UNSPECIFIED.);
#85=B_SPLINE_CURVE_WITH_KNOTS('',3,(#11299,#11300,#11301,#11302),
 .UNSPECIFIED.,.F.,.F.,(4,4),(2.90063777392385E-7,0.000742652816718781),
 .UNSPECIFIED.);
#86=B_SPLINE_CURVE_WITH_KNOTS('',3,(#11304,#11305,#11306,#11307),
 .UNSPECIFIED.,.F.,.F.,(4,4),(3.52865051269217E-7,0.000757172812761885),
 .UNSPECIFIED.);
#87=B_SPLINE_CURVE_WITH_KNOTS('',3,(#11311,#11312,#11313,#11314),
 .UNSPECIFIED.,.F.,.F.,(4,4),(2.90063777392269E-7,0.000742652816718781),
 .UNSPECIFIED.);
#88=B_SPLINE_CURVE_WITH_KNOTS('',3,(#11316,#11317,#11318,#11319),
 .UNSPECIFIED.,.F.,.F.,(4,4),(3.52865051269279E-7,0.000757172812761886),
 .UNSPECIFIED.);
#89=B_SPLINE_CURVE_WITH_KNOTS('',3,(#11323,#11324,#11325,#11326),
 .UNSPECIFIED.,.F.,.F.,(4,4),(2.90063777392389E-7,0.00074265281671878),
 .UNSPECIFIED.);
#90=B_SPLINE_CURVE_WITH_KNOTS('',3,(#11328,#11329,#11330,#11331),
 .UNSPECIFIED.,.F.,.F.,(4,4),(3.52865051269286E-7,0.000757172812761885),
 .UNSPECIFIED.);
#91=B_SPLINE_CURVE_WITH_KNOTS('',3,(#11335,#11336,#11337,#11338),
 .UNSPECIFIED.,.F.,.F.,(4,4),(2.90063777392337E-7,0.000742652816718781),
 .UNSPECIFIED.);
#92=B_SPLINE_CURVE_WITH_KNOTS('',3,(#11340,#11341,#11342,#11343),
 .UNSPECIFIED.,.F.,.F.,(4,4),(3.52865051269527E-7,0.000757172812761886),
 .UNSPECIFIED.);
#93=B_SPLINE_CURVE_WITH_KNOTS('',3,(#11347,#11348,#11349,#11350),
 .UNSPECIFIED.,.F.,.F.,(4,4),(2.90063777388309E-7,0.00074265281671878),
 .UNSPECIFIED.);
#94=B_SPLINE_CURVE_WITH_KNOTS('',3,(#11352,#11353,#11354,#11355),
 .UNSPECIFIED.,.F.,.F.,(4,4),(3.52865051269588E-7,0.000757172812761886),
 .UNSPECIFIED.);
#95=B_SPLINE_CURVE_WITH_KNOTS('',3,(#11356,#11357,#11358,#11359),
 .UNSPECIFIED.,.F.,.F.,(4,4),(0.00660430261817649,0.00734961947866837),
 .UNSPECIFIED.);
#96=B_SPLINE_CURVE_WITH_KNOTS('',3,(#11363,#11364,#11365,#11366),
 .UNSPECIFIED.,.F.,.F.,(4,4),(1.0651771432798E-6,0.000763409369218538),
 .UNSPECIFIED.);
#97=B_SPLINE_CURVE_WITH_KNOTS('',3,(#11371,#11372,#11373,#11374),
 .UNSPECIFIED.,.F.,.F.,(4,4),(2.90063777388281E-7,0.000742652816718779),
 .UNSPECIFIED.);
#98=B_SPLINE_CURVE_WITH_KNOTS('',3,(#11376,#11377,#11378,#11379),
 .UNSPECIFIED.,.F.,.F.,(4,4),(3.52865051269381E-7,0.000757172812761886),
 .UNSPECIFIED.);
#99=B_SPLINE_CURVE_WITH_KNOTS('',3,(#11383,#11384,#11385,#11386),
 .UNSPECIFIED.,.F.,.F.,(4,4),(2.90063777392182E-7,0.00074265281671878),
 .UNSPECIFIED.);
#100=B_SPLINE_CURVE_WITH_KNOTS('',3,(#11388,#11389,#11390,#11391),
 .UNSPECIFIED.,.F.,.F.,(4,4),(3.52865051269263E-7,0.000757172812761885),
 .UNSPECIFIED.);
#101=B_SPLINE_CURVE_WITH_KNOTS('',3,(#11395,#11396,#11397,#11398),
 .UNSPECIFIED.,.F.,.F.,(4,4),(2.90063777388247E-7,0.00074265281671878),
 .UNSPECIFIED.);
#102=B_SPLINE_CURVE_WITH_KNOTS('',3,(#11400,#11401,#11402,#11403),
 .UNSPECIFIED.,.F.,.F.,(4,4),(3.52865051269609E-7,0.000757172812761886),
 .UNSPECIFIED.);
#103=B_SPLINE_CURVE_WITH_KNOTS('',3,(#11407,#11408,#11409,#11410),
 .UNSPECIFIED.,.F.,.F.,(4,4),(2.90063777392385E-7,0.00074265281671878),
 .UNSPECIFIED.);
#104=B_SPLINE_CURVE_WITH_KNOTS('',3,(#11412,#11413,#11414,#11415),
 .UNSPECIFIED.,.F.,.F.,(4,4),(3.52865051269582E-7,0.000757172812761886),
 .UNSPECIFIED.);
#105=B_SPLINE_CURVE_WITH_KNOTS('',3,(#11419,#11420,#11421,#11422),
 .UNSPECIFIED.,.F.,.F.,(4,4),(2.90063777392269E-7,0.00074265281671878),
 .UNSPECIFIED.);
#106=B_SPLINE_CURVE_WITH_KNOTS('',3,(#11424,#11425,#11426,#11427),
 .UNSPECIFIED.,.F.,.F.,(4,4),(3.52865051269279E-7,0.000757172812761885),
 .UNSPECIFIED.);
#107=B_SPLINE_CURVE_WITH_KNOTS('',3,(#11431,#11432,#11433,#11434),
 .UNSPECIFIED.,.F.,.F.,(4,4),(2.90063777388402E-7,0.00074265281671878),
 .UNSPECIFIED.);
#108=B_SPLINE_CURVE_WITH_KNOTS('',3,(#11436,#11437,#11438,#11439),
 .UNSPECIFIED.,.F.,.F.,(4,4),(3.52865051269286E-7,0.000757172812761885),
 .UNSPECIFIED.);
#109=B_SPLINE_CURVE_WITH_KNOTS('',3,(#11443,#11444,#11445,#11446),
 .UNSPECIFIED.,.F.,.F.,(4,4),(2.90063777392337E-7,0.00074265281671878),
 .UNSPECIFIED.);
#110=B_SPLINE_CURVE_WITH_KNOTS('',3,(#11448,#11449,#11450,#11451),
 .UNSPECIFIED.,.F.,.F.,(4,4),(3.52865051269527E-7,0.000757172812761886),
 .UNSPECIFIED.);
#111=B_SPLINE_CURVE_WITH_KNOTS('',3,(#11455,#11456,#11457,#11458),
 .UNSPECIFIED.,.F.,.F.,(4,4),(2.90063777388309E-7,0.00074265281671878),
 .UNSPECIFIED.);
#112=B_SPLINE_CURVE_WITH_KNOTS('',3,(#11460,#11461,#11462,#11463),
 .UNSPECIFIED.,.F.,.F.,(4,4),(3.52865051269588E-7,0.000757172812761886),
 .UNSPECIFIED.);
#113=B_SPLINE_CURVE_WITH_KNOTS('',3,(#11464,#11465,#11466,#11467),
 .UNSPECIFIED.,.F.,.F.,(4,4),(0.00660430261817648,0.00734961947866837),
 .UNSPECIFIED.);
#114=B_SPLINE_CURVE_WITH_KNOTS('',3,(#12370,#12371,#12372,#12373,#12374),
 .UNSPECIFIED.,.F.,.F.,(4,1,4),(1.98176857534942E-7,0.000188868226584914,
0.000377538276312293),.UNSPECIFIED.);
#115=B_SPLINE_CURVE_WITH_KNOTS('',3,(#12385,#12386,#12387,#12388,#12389),
 .UNSPECIFIED.,.F.,.F.,(4,1,4),(1.99631501947556E-7,0.000190496155597275,
0.000380792679692603),.UNSPECIFIED.);
#116=B_SPLINE_CURVE_WITH_KNOTS('',3,(#12433,#12434,#12435,#12436,#12437),
 .UNSPECIFIED.,.F.,.F.,(4,1,4),(1.98176857534942E-7,0.00018886822658491,
0.000377538276312286),.UNSPECIFIED.);
#117=B_SPLINE_CURVE_WITH_KNOTS('',3,(#12448,#12449,#12450,#12451,#12452),
 .UNSPECIFIED.,.F.,.F.,(4,1,4),(1.99631501962304E-7,0.000190496155597286,
0.00038079267969261),.UNSPECIFIED.);
#118=B_SPLINE_CURVE_WITH_KNOTS('',3,(#12966,#12967,#12968,#12969),
 .UNSPECIFIED.,.F.,.F.,(4,4),(0.,0.000115909173405129),.UNSPECIFIED.);
#119=B_SPLINE_CURVE_WITH_KNOTS('',3,(#12972,#12973,#12974,#12975),
 .UNSPECIFIED.,.F.,.F.,(4,4),(0.,0.000115939814282732),.UNSPECIFIED.);
#120=B_SPLINE_CURVE_WITH_KNOTS('',3,(#12978,#12979,#12980,#12981),
 .UNSPECIFIED.,.F.,.F.,(4,4),(0.,0.00011590917340513),.UNSPECIFIED.);
#121=B_SPLINE_CURVE_WITH_KNOTS('',3,(#12984,#12985,#12986,#12987),
 .UNSPECIFIED.,.F.,.F.,(4,4),(0.,0.000115939814282731),.UNSPECIFIED.);
#122=B_SPLINE_CURVE_WITH_KNOTS('',3,(#12990,#12991,#12992,#12993),
 .UNSPECIFIED.,.F.,.F.,(4,4),(0.,0.000115939814282732),.UNSPECIFIED.);
#123=B_SPLINE_CURVE_WITH_KNOTS('',3,(#12996,#12997,#12998,#12999),
 .UNSPECIFIED.,.F.,.F.,(4,4),(0.,0.000115909173405128),.UNSPECIFIED.);
#124=B_SPLINE_CURVE_WITH_KNOTS('',3,(#13002,#13003,#13004,#13005),
 .UNSPECIFIED.,.F.,.F.,(4,4),(0.,0.000115939814282731),.UNSPECIFIED.);
#125=B_SPLINE_CURVE_WITH_KNOTS('',3,(#13008,#13009,#13010,#13011),
 .UNSPECIFIED.,.F.,.F.,(4,4),(0.,0.00011590917340513),.UNSPECIFIED.);
#126=CONICAL_SURFACE('',#8422,2.50929262680024,0.723278528948708);
#127=CONICAL_SURFACE('',#8432,2.50929262680024,0.723278528948708);
#128=CONICAL_SURFACE('',#8442,3.,0.847517797846189);
#129=CONICAL_SURFACE('',#8452,3.,0.847517797846189);
#130=CONICAL_SURFACE('',#8513,4.15,0.80594759627729);
#131=CIRCLE('',#8382,0.146853000000002);
#132=CIRCLE('',#8383,0.146853000000002);
#133=CIRCLE('',#8386,0.530448171738725);
#134=CIRCLE('',#8387,0.530448171738725);
#135=CIRCLE('',#8390,0.530448171738725);
#136=CIRCLE('',#8391,0.530448171738725);
#137=CIRCLE('',#8394,0.146853000000002);
#138=CIRCLE('',#8395,0.146853000000002);
#139=CIRCLE('',#8400,0.146853000000002);
#140=CIRCLE('',#8401,0.146853000000002);
#141=CIRCLE('',#8404,0.530448171738725);
#142=CIRCLE('',#8405,0.530448171738725);
#143=CIRCLE('',#8408,0.530448171738725);
#144=CIRCLE('',#8409,0.530448171738725);
#145=CIRCLE('',#8412,0.146853000000002);
#146=CIRCLE('',#8413,0.146853000000002);
#147=CIRCLE('',#8417,3.);
#148=CIRCLE('',#8418,3.);
#149=CIRCLE('',#8420,3.);
#150=CIRCLE('',#8421,3.);
#151=CIRCLE('',#8423,3.);
#152=CIRCLE('',#8424,3.);
#153=CIRCLE('',#8425,3.);
#154=CIRCLE('',#8426,3.);
#155=CIRCLE('',#8427,3.);
#156=CIRCLE('',#8428,3.);
#157=CIRCLE('',#8429,3.);
#158=CIRCLE('',#8430,3.);
#159=CIRCLE('',#8431,2.50929262680024);
#160=CIRCLE('',#8433,3.);
#161=CIRCLE('',#8434,3.);
#162=CIRCLE('',#8435,3.);
#163=CIRCLE('',#8436,3.);
#164=CIRCLE('',#8437,3.);
#165=CIRCLE('',#8438,3.);
#166=CIRCLE('',#8439,3.);
#167=CIRCLE('',#8440,3.);
#168=CIRCLE('',#8441,2.50929262680024);
#169=CIRCLE('',#8443,3.);
#170=CIRCLE('',#8444,3.);
#171=CIRCLE('',#8445,3.);
#172=CIRCLE('',#8446,3.);
#173=CIRCLE('',#8447,3.);
#174=CIRCLE('',#8448,3.);
#175=CIRCLE('',#8449,3.);
#176=CIRCLE('',#8450,3.);
#177=CIRCLE('',#8451,2.43367494247399);
#178=CIRCLE('',#8453,3.);
#179=CIRCLE('',#8454,3.);
#180=CIRCLE('',#8455,3.);
#181=CIRCLE('',#8456,3.);
#182=CIRCLE('',#8457,3.);
#183=CIRCLE('',#8458,3.);
#184=CIRCLE('',#8459,3.);
#185=CIRCLE('',#8460,3.);
#186=CIRCLE('',#8461,2.43367494247399);
#187=CIRCLE('',#8511,4.15);
#188=CIRCLE('',#8512,4.15);
#189=CIRCLE('',#8514,3.65823934281741);
#190=CIRCLE('',#8516,3.07182054213659);
#191=CIRCLE('',#8518,3.07182054213659);
#192=CIRCLE('',#8520,3.0012874243393);
#193=CIRCLE('',#8522,3.0012874243393);
#194=CIRCLE('',#8524,2.50929262680024);
#195=CIRCLE('',#8526,2.50929262680024);
#196=CIRCLE('',#8527,2.50929262680024);
#197=CIRCLE('',#8532,4.19414669496549);
#198=CIRCLE('',#8533,4.19414669496549);
#199=CIRCLE('',#8538,4.19414669496549);
#200=CIRCLE('',#8539,4.19414669496549);
#201=CIRCLE('',#8542,0.419580000000005);
#202=CIRCLE('',#8543,0.419580000000005);
#203=CIRCLE('',#8546,0.419580000000005);
#204=CIRCLE('',#8547,0.419580000000005);
#205=CIRCLE('',#8549,0.419580000000005);
#206=CIRCLE('',#8550,0.419580000000005);
#207=CIRCLE('',#8553,0.419580000000005);
#208=CIRCLE('',#8554,0.419580000000005);
#209=CIRCLE('',#8556,0.419580000000005);
#210=CIRCLE('',#8557,0.419580000000005);
#211=CIRCLE('',#8560,0.419580000000005);
#212=CIRCLE('',#8561,0.419580000000005);
#213=CIRCLE('',#8563,0.419580000000005);
#214=CIRCLE('',#8564,0.419580000000005);
#215=CIRCLE('',#8567,0.419580000000005);
#216=CIRCLE('',#8568,0.419580000000005);
#217=CIRCLE('',#8570,0.419580000000005);
#218=CIRCLE('',#8571,0.419580000000005);
#219=CIRCLE('',#8574,0.419580000000005);
#220=CIRCLE('',#8575,0.419580000000005);
#221=CIRCLE('',#8597,0.6);
#222=CIRCLE('',#8599,0.5);
#223=CIRCLE('',#8602,0.146853000000002);
#224=CIRCLE('',#8606,0.146853000000002);
#225=CIRCLE('',#8612,0.146853000000002);
#226=CIRCLE('',#8616,0.146853000000002);
#227=CIRCLE('',#8622,0.146853000000002);
#228=CIRCLE('',#8626,0.146853000000002);
#229=CIRCLE('',#8631,0.146853000000002);
#230=CIRCLE('',#8638,0.146853000000002);
#231=CIRCLE('',#8641,0.146853000000002);
#232=CIRCLE('',#8648,0.146853000000002);
#233=CIRCLE('',#8657,0.6);
#234=CIRCLE('',#8659,0.5);
#235=CIRCLE('',#8674,0.146853000000002);
#236=CIRCLE('',#8675,0.146853000000002);
#237=CIRCLE('',#8687,0.146853000000002);
#238=CIRCLE('',#8688,0.146853000000002);
#239=CIRCLE('',#8691,0.146853000000002);
#240=CIRCLE('',#8692,0.146853000000002);
#241=CIRCLE('',#8693,0.530448171738725);
#242=CIRCLE('',#8694,0.530448171738725);
#243=CIRCLE('',#8695,0.146853000000002);
#244=CIRCLE('',#8696,0.146853000000002);
#245=CIRCLE('',#8697,0.530448171738725);
#246=CIRCLE('',#8698,0.530448171738725);
#247=CIRCLE('',#8716,0.146853000000002);
#248=CIRCLE('',#8717,0.146853000000002);
#249=CIRCLE('',#8718,0.146853000000002);
#250=CIRCLE('',#8719,0.146853000000002);
#251=CIRCLE('',#8734,0.216000000000001);
#252=CIRCLE('',#8735,0.216000000000001);
#253=CIRCLE('',#8737,0.216000000000001);
#254=CIRCLE('',#8738,0.216000000000001);
#255=CIRCLE('',#8746,0.74940659228538);
#256=CIRCLE('',#8747,0.216000000000001);
#257=CIRCLE('',#8748,0.533999999999999);
#258=CIRCLE('',#8750,0.74940659228538);
#259=CIRCLE('',#8751,0.533999999999999);
#260=CIRCLE('',#8752,0.216000000000001);
#261=CIRCLE('',#8754,0.738746351002048);
#262=CIRCLE('',#8755,0.74940659228538);
#263=CIRCLE('',#8756,0.41325817641071);
#264=CIRCLE('',#8757,0.41325817641071);
#265=CIRCLE('',#8758,0.41325817641071);
#266=CIRCLE('',#8759,0.41325817641071);
#267=CIRCLE('',#8761,0.749406592285379);
#268=CIRCLE('',#8762,0.216000000000001);
#269=CIRCLE('',#8763,0.533999999999999);
#270=CIRCLE('',#8765,0.749406592285379);
#271=CIRCLE('',#8766,0.533999999999999);
#272=CIRCLE('',#8767,0.216000000000001);
#273=CIRCLE('',#8769,0.749406592285379);
#274=CIRCLE('',#8770,0.738746351002048);
#275=CIRCLE('',#8771,0.41325817641071);
#276=CIRCLE('',#8772,0.41325817641071);
#277=CIRCLE('',#8773,0.41325817641071);
#278=CIRCLE('',#8774,0.41325817641071);
#279=CIRCLE('',#8776,0.41325817641071);
#280=CIRCLE('',#8777,0.41325817641071);
#281=CIRCLE('',#8778,0.41325817641071);
#282=CIRCLE('',#8779,0.41325817641071);
#283=CIRCLE('',#8781,0.74940659228538);
#284=CIRCLE('',#8782,0.74940659228538);
#285=CIRCLE('',#8784,0.523339758716667);
#286=CIRCLE('',#8785,0.533999999999999);
#287=CIRCLE('',#8787,0.216000000000001);
#288=CIRCLE('',#8788,0.749406592285379);
#289=CIRCLE('',#8790,0.216000000000001);
#290=CIRCLE('',#8792,0.216000000000001);
#291=CIRCLE('',#8794,0.216000000000001);
#292=CIRCLE('',#8796,0.749406592285379);
#293=CIRCLE('',#8798,0.216000000000001);
#294=CIRCLE('',#8800,0.216000000000001);
#295=CIRCLE('',#8805,0.199800000000003);
#296=CIRCLE('',#8807,0.199800000000003);
#297=CIRCLE('',#8811,0.199800000000003);
#298=CIRCLE('',#8813,0.199800000000003);
#299=CIRCLE('',#8816,0.41325817641071);
#300=CIRCLE('',#8817,0.41325817641071);
#301=CIRCLE('',#8818,0.41325817641071);
#302=CIRCLE('',#8819,0.41325817641071);
#303=CIRCLE('',#8821,0.199800000000003);
#304=CIRCLE('',#8823,0.199800000000003);
#305=CIRCLE('',#8827,0.480000000000001);
#306=CIRCLE('',#8828,0.480000000000001);
#307=CIRCLE('',#8829,4.47612065492788);
#308=CIRCLE('',#8831,4.47612065492788);
#309=CIRCLE('',#8832,0.480000000000001);
#310=CIRCLE('',#8833,0.480000000000001);
#311=CIRCLE('',#8843,4.47612065492788);
#312=CIRCLE('',#8844,0.480000000000001);
#313=CIRCLE('',#8845,0.480000000000001);
#314=CIRCLE('',#8851,4.47612065492788);
#315=CIRCLE('',#8852,0.480000000000001);
#316=CIRCLE('',#8853,0.480000000000001);
#317=CIRCLE('',#8855,0.199800000000003);
#318=CIRCLE('',#8857,0.199800000000003);
#319=CIRCLE('',#8859,0.464400000000003);
#320=CIRCLE('',#8860,0.108000000000001);
#321=CIRCLE('',#8864,0.464400000000003);
#322=CIRCLE('',#8865,0.108000000000001);
#323=CIRCLE('',#8870,0.464400000000003);
#324=CIRCLE('',#8871,0.108000000000001);
#325=CIRCLE('',#8874,0.464400000000003);
#326=CIRCLE('',#8875,0.108000000000001);
#327=CIRCLE('',#8889,0.185281938735156);
#328=CIRCLE('',#8890,0.390312654826186);
#329=CIRCLE('',#8891,0.140296305526977);
#330=CIRCLE('',#8893,0.140296305526977);
#331=CIRCLE('',#8894,0.390312654826186);
#332=CIRCLE('',#8895,0.185281938735156);
#333=CIRCLE('',#8897,0.140296305526977);
#334=CIRCLE('',#8898,0.390312654826186);
#335=CIRCLE('',#8899,0.185281938735156);
#336=CIRCLE('',#8901,0.185281938735156);
#337=CIRCLE('',#8902,0.390312654826186);
#338=CIRCLE('',#8903,0.140296305526977);
#339=CIRCLE('',#8905,0.41325817641071);
#340=CIRCLE('',#8907,0.41325817641071);
#341=CIRCLE('',#8909,0.41325817641071);
#342=CIRCLE('',#8911,0.41325817641071);
#343=CIRCLE('',#8913,0.41325817641071);
#344=CIRCLE('',#8915,0.41325817641071);
#345=CIRCLE('',#8917,0.41325817641071);
#346=CIRCLE('',#8919,0.41325817641071);
#347=CIRCLE('',#8921,0.533999999999999);
#348=CIRCLE('',#8922,0.523339758716667);
#349=CIRCLE('',#8924,0.216000000000001);
#350=CIRCLE('',#8926,0.216000000000001);
#351=CIRCLE('',#8928,0.216000000000001);
#352=CIRCLE('',#8930,0.216000000000001);
#353=CIRCLE('',#8933,0.216000000000001);
#354=CIRCLE('',#8935,0.216000000000001);
#355=CIRCLE('',#8948,0.140296305526977);
#356=CIRCLE('',#8949,0.185281938735156);
#357=CIRCLE('',#8950,0.390312654826186);
#358=CIRCLE('',#8958,0.390312654826186);
#359=CIRCLE('',#8959,0.185281938735156);
#360=CIRCLE('',#8960,0.140296305526977);
#361=CIRCLE('',#8969,0.140296305526977);
#362=CIRCLE('',#8970,0.185281938735156);
#363=CIRCLE('',#8971,0.390312654826186);
#364=CIRCLE('',#8980,0.390312654826186);
#365=CIRCLE('',#8981,0.185281938735156);
#366=CIRCLE('',#8982,0.140296305526977);
#367=CYLINDRICAL_SURFACE('',#8381,0.146853000000002);
#368=CYLINDRICAL_SURFACE('',#8385,0.530448171738725);
#369=CYLINDRICAL_SURFACE('',#8389,0.530448171738725);
#370=CYLINDRICAL_SURFACE('',#8393,0.146853000000002);
#371=CYLINDRICAL_SURFACE('',#8399,0.146853000000002);
#372=CYLINDRICAL_SURFACE('',#8403,0.530448171738725);
#373=CYLINDRICAL_SURFACE('',#8407,0.530448171738725);
#374=CYLINDRICAL_SURFACE('',#8411,0.146853000000002);
#375=CYLINDRICAL_SURFACE('',#8416,3.);
#376=CYLINDRICAL_SURFACE('',#8419,3.);
#377=CYLINDRICAL_SURFACE('',#8462,3.);
#378=CYLINDRICAL_SURFACE('',#8463,3.);
#379=CYLINDRICAL_SURFACE('',#8466,3.);
#380=CYLINDRICAL_SURFACE('',#8469,3.);
#381=CYLINDRICAL_SURFACE('',#8474,3.);
#382=CYLINDRICAL_SURFACE('',#8477,3.);
#383=CYLINDRICAL_SURFACE('',#8480,3.);
#384=CYLINDRICAL_SURFACE('',#8485,3.);
#385=CYLINDRICAL_SURFACE('',#8486,3.);
#386=CYLINDRICAL_SURFACE('',#8489,3.);
#387=CYLINDRICAL_SURFACE('',#8492,3.);
#388=CYLINDRICAL_SURFACE('',#8495,3.);
#389=CYLINDRICAL_SURFACE('',#8498,3.);
#390=CYLINDRICAL_SURFACE('',#8501,3.);
#391=CYLINDRICAL_SURFACE('',#8504,3.);
#392=CYLINDRICAL_SURFACE('',#8509,3.);
#393=CYLINDRICAL_SURFACE('',#8510,4.15);
#394=CYLINDRICAL_SURFACE('',#8517,3.07182054213659);
#395=CYLINDRICAL_SURFACE('',#8521,3.0012874243393);
#396=CYLINDRICAL_SURFACE('',#8525,2.50929262680024);
#397=CYLINDRICAL_SURFACE('',#8531,4.19414669496549);
#398=CYLINDRICAL_SURFACE('',#8537,4.19414669496549);
#399=CYLINDRICAL_SURFACE('',#8541,0.419580000000005);
#400=CYLINDRICAL_SURFACE('',#8545,0.419580000000005);
#401=CYLINDRICAL_SURFACE('',#8548,0.419580000000005);
#402=CYLINDRICAL_SURFACE('',#8552,0.419580000000005);
#403=CYLINDRICAL_SURFACE('',#8555,0.419580000000005);
#404=CYLINDRICAL_SURFACE('',#8559,0.419580000000005);
#405=CYLINDRICAL_SURFACE('',#8562,0.419580000000005);
#406=CYLINDRICAL_SURFACE('',#8566,0.419580000000005);
#407=CYLINDRICAL_SURFACE('',#8569,0.419580000000005);
#408=CYLINDRICAL_SURFACE('',#8573,0.419580000000005);
#409=CYLINDRICAL_SURFACE('',#8600,0.146853000000002);
#410=CYLINDRICAL_SURFACE('',#8607,0.146853000000002);
#411=CYLINDRICAL_SURFACE('',#8610,0.146853000000002);
#412=CYLINDRICAL_SURFACE('',#8617,0.146853000000002);
#413=CYLINDRICAL_SURFACE('',#8620,0.146853000000002);
#414=CYLINDRICAL_SURFACE('',#8627,0.146853000000002);
#415=CYLINDRICAL_SURFACE('',#8632,0.146853000000002);
#416=CYLINDRICAL_SURFACE('',#8637,0.146853000000002);
#417=CYLINDRICAL_SURFACE('',#8642,0.146853000000002);
#418=CYLINDRICAL_SURFACE('',#8647,0.146853000000002);
#419=CYLINDRICAL_SURFACE('',#8656,0.6);
#420=CYLINDRICAL_SURFACE('',#8658,0.5);
#421=CYLINDRICAL_SURFACE('',#8700,0.530448171738725);
#422=CYLINDRICAL_SURFACE('',#8702,0.530448171738725);
#423=CYLINDRICAL_SURFACE('',#8708,0.530448171738725);
#424=CYLINDRICAL_SURFACE('',#8710,0.530448171738725);
#425=CYLINDRICAL_SURFACE('',#8725,0.146853000000002);
#426=CYLINDRICAL_SURFACE('',#8726,0.146853000000002);
#427=CYLINDRICAL_SURFACE('',#8727,0.146853000000002);
#428=CYLINDRICAL_SURFACE('',#8728,0.146853000000002);
#429=CYLINDRICAL_SURFACE('',#8729,0.146853000000002);
#430=CYLINDRICAL_SURFACE('',#8730,0.146853000000002);
#431=CYLINDRICAL_SURFACE('',#8731,0.146853000000002);
#432=CYLINDRICAL_SURFACE('',#8732,0.146853000000002);
#433=CYLINDRICAL_SURFACE('',#8733,0.216000000000001);
#434=CYLINDRICAL_SURFACE('',#8736,0.216000000000001);
#435=CYLINDRICAL_SURFACE('',#8789,0.216000000000001);
#436=CYLINDRICAL_SURFACE('',#8791,0.216000000000001);
#437=CYLINDRICAL_SURFACE('',#8797,0.216000000000001);
#438=CYLINDRICAL_SURFACE('',#8799,0.216000000000001);
#439=CYLINDRICAL_SURFACE('',#8876,0.480000000000001);
#440=CYLINDRICAL_SURFACE('',#8877,0.480000000000001);
#441=CYLINDRICAL_SURFACE('',#8878,0.480000000000001);
#442=CYLINDRICAL_SURFACE('',#8879,0.480000000000001);
#443=CYLINDRICAL_SURFACE('',#8881,4.47612065492788);
#444=CYLINDRICAL_SURFACE('',#8884,4.47612065492788);
#445=CYLINDRICAL_SURFACE('',#8904,0.41325817641071);
#446=CYLINDRICAL_SURFACE('',#8906,0.41325817641071);
#447=CYLINDRICAL_SURFACE('',#8908,0.41325817641071);
#448=CYLINDRICAL_SURFACE('',#8910,0.41325817641071);
#449=CYLINDRICAL_SURFACE('',#8912,0.41325817641071);
#450=CYLINDRICAL_SURFACE('',#8914,0.41325817641071);
#451=CYLINDRICAL_SURFACE('',#8916,0.41325817641071);
#452=CYLINDRICAL_SURFACE('',#8918,0.41325817641071);
#453=CYLINDRICAL_SURFACE('',#8925,0.216000000000001);
#454=CYLINDRICAL_SURFACE('',#8927,0.216000000000001);
#455=CYLINDRICAL_SURFACE('',#8932,0.216000000000001);
#456=CYLINDRICAL_SURFACE('',#8934,0.216000000000001);
#457=CYLINDRICAL_SURFACE('',#8941,0.464400000000003);
#458=CYLINDRICAL_SURFACE('',#8942,0.464400000000003);
#459=CYLINDRICAL_SURFACE('',#8943,0.108000000000001);
#460=CYLINDRICAL_SURFACE('',#8944,0.108000000000001);
#461=CYLINDRICAL_SURFACE('',#8951,0.140296305526977);
#462=CYLINDRICAL_SURFACE('',#8952,0.185281938735156);
#463=CYLINDRICAL_SURFACE('',#8954,0.390312654826186);
#464=CYLINDRICAL_SURFACE('',#8962,0.140296305526977);
#465=CYLINDRICAL_SURFACE('',#8964,0.185281938735156);
#466=CYLINDRICAL_SURFACE('',#8966,0.390312654826186);
#467=CYLINDRICAL_SURFACE('',#8972,0.390312654826186);
#468=CYLINDRICAL_SURFACE('',#8974,0.185281938735156);
#469=CYLINDRICAL_SURFACE('',#8976,0.140296305526977);
#470=CYLINDRICAL_SURFACE('',#8984,0.140296305526977);
#471=CYLINDRICAL_SURFACE('',#8986,0.185281938735156);
#472=CYLINDRICAL_SURFACE('',#8988,0.390312654826186);
#473=CYLINDRICAL_SURFACE('',#8989,0.199800000000003);
#474=CYLINDRICAL_SURFACE('',#8990,0.199800000000003);
#475=CYLINDRICAL_SURFACE('',#8991,0.199800000000003);
#476=CYLINDRICAL_SURFACE('',#8992,0.199800000000003);
#477=ORIENTED_EDGE('',*,*,#2461,.T.);
#478=ORIENTED_EDGE('',*,*,#2462,.T.);
#479=ORIENTED_EDGE('',*,*,#2463,.T.);
#480=ORIENTED_EDGE('',*,*,#2464,.T.);
#481=ORIENTED_EDGE('',*,*,#2465,.F.);
#482=ORIENTED_EDGE('',*,*,#2466,.T.);
#483=ORIENTED_EDGE('',*,*,#2467,.F.);
#484=ORIENTED_EDGE('',*,*,#2468,.F.);
#485=ORIENTED_EDGE('',*,*,#2469,.F.);
#486=ORIENTED_EDGE('',*,*,#2470,.T.);
#487=ORIENTED_EDGE('',*,*,#2471,.T.);
#488=ORIENTED_EDGE('',*,*,#2472,.T.);
#489=ORIENTED_EDGE('',*,*,#2473,.F.);
#490=ORIENTED_EDGE('',*,*,#2474,.T.);
#491=ORIENTED_EDGE('',*,*,#2469,.T.);
#492=ORIENTED_EDGE('',*,*,#2475,.T.);
#493=ORIENTED_EDGE('',*,*,#2476,.F.);
#494=ORIENTED_EDGE('',*,*,#2477,.T.);
#495=ORIENTED_EDGE('',*,*,#2473,.T.);
#496=ORIENTED_EDGE('',*,*,#2478,.T.);
#497=ORIENTED_EDGE('',*,*,#2479,.F.);
#498=ORIENTED_EDGE('',*,*,#2480,.T.);
#499=ORIENTED_EDGE('',*,*,#2476,.T.);
#500=ORIENTED_EDGE('',*,*,#2481,.T.);
#501=ORIENTED_EDGE('',*,*,#2482,.T.);
#502=ORIENTED_EDGE('',*,*,#2483,.T.);
#503=ORIENTED_EDGE('',*,*,#2479,.T.);
#504=ORIENTED_EDGE('',*,*,#2484,.T.);
#505=ORIENTED_EDGE('',*,*,#2485,.F.);
#506=ORIENTED_EDGE('',*,*,#2486,.T.);
#507=ORIENTED_EDGE('',*,*,#2487,.F.);
#508=ORIENTED_EDGE('',*,*,#2488,.F.);
#509=ORIENTED_EDGE('',*,*,#2489,.F.);
#510=ORIENTED_EDGE('',*,*,#2490,.T.);
#511=ORIENTED_EDGE('',*,*,#2491,.T.);
#512=ORIENTED_EDGE('',*,*,#2492,.T.);
#513=ORIENTED_EDGE('',*,*,#2493,.F.);
#514=ORIENTED_EDGE('',*,*,#2494,.T.);
#515=ORIENTED_EDGE('',*,*,#2489,.T.);
#516=ORIENTED_EDGE('',*,*,#2495,.T.);
#517=ORIENTED_EDGE('',*,*,#2496,.T.);
#518=ORIENTED_EDGE('',*,*,#2497,.T.);
#519=ORIENTED_EDGE('',*,*,#2493,.T.);
#520=ORIENTED_EDGE('',*,*,#2498,.T.);
#521=ORIENTED_EDGE('',*,*,#2499,.F.);
#522=ORIENTED_EDGE('',*,*,#2500,.T.);
#523=ORIENTED_EDGE('',*,*,#2501,.F.);
#524=ORIENTED_EDGE('',*,*,#2502,.F.);
#525=ORIENTED_EDGE('',*,*,#2503,.F.);
#526=ORIENTED_EDGE('',*,*,#2504,.T.);
#527=ORIENTED_EDGE('',*,*,#2505,.T.);
#528=ORIENTED_EDGE('',*,*,#2506,.T.);
#529=ORIENTED_EDGE('',*,*,#2507,.F.);
#530=ORIENTED_EDGE('',*,*,#2508,.T.);
#531=ORIENTED_EDGE('',*,*,#2503,.T.);
#532=ORIENTED_EDGE('',*,*,#2509,.T.);
#533=ORIENTED_EDGE('',*,*,#2510,.F.);
#534=ORIENTED_EDGE('',*,*,#2511,.T.);
#535=ORIENTED_EDGE('',*,*,#2507,.T.);
#536=ORIENTED_EDGE('',*,*,#2512,.T.);
#537=ORIENTED_EDGE('',*,*,#2513,.F.);
#538=ORIENTED_EDGE('',*,*,#2514,.T.);
#539=ORIENTED_EDGE('',*,*,#2510,.T.);
#540=ORIENTED_EDGE('',*,*,#2515,.T.);
#541=ORIENTED_EDGE('',*,*,#2516,.T.);
#542=ORIENTED_EDGE('',*,*,#2517,.T.);
#543=ORIENTED_EDGE('',*,*,#2513,.T.);
#544=ORIENTED_EDGE('',*,*,#2518,.T.);
#545=ORIENTED_EDGE('',*,*,#2519,.F.);
#546=ORIENTED_EDGE('',*,*,#2520,.T.);
#547=ORIENTED_EDGE('',*,*,#2521,.F.);
#548=ORIENTED_EDGE('',*,*,#2522,.F.);
#549=ORIENTED_EDGE('',*,*,#2523,.F.);
#550=ORIENTED_EDGE('',*,*,#2524,.T.);
#551=ORIENTED_EDGE('',*,*,#2525,.T.);
#552=ORIENTED_EDGE('',*,*,#2526,.T.);
#553=ORIENTED_EDGE('',*,*,#2463,.F.);
#554=ORIENTED_EDGE('',*,*,#2527,.T.);
#555=ORIENTED_EDGE('',*,*,#2523,.T.);
#556=ORIENTED_EDGE('',*,*,#2528,.T.);
#557=ORIENTED_EDGE('',*,*,#2529,.F.);
#558=ORIENTED_EDGE('',*,*,#2530,.F.);
#559=ORIENTED_EDGE('',*,*,#2531,.F.);
#560=ORIENTED_EDGE('',*,*,#2532,.T.);
#561=ORIENTED_EDGE('',*,*,#2533,.F.);
#562=ORIENTED_EDGE('',*,*,#2534,.F.);
#563=ORIENTED_EDGE('',*,*,#2535,.F.);
#564=ORIENTED_EDGE('',*,*,#2536,.T.);
#565=ORIENTED_EDGE('',*,*,#2537,.F.);
#566=ORIENTED_EDGE('',*,*,#2536,.F.);
#567=ORIENTED_EDGE('',*,*,#2538,.F.);
#568=ORIENTED_EDGE('',*,*,#2539,.F.);
#569=ORIENTED_EDGE('',*,*,#2540,.F.);
#570=ORIENTED_EDGE('',*,*,#2541,.F.);
#571=ORIENTED_EDGE('',*,*,#2542,.F.);
#572=ORIENTED_EDGE('',*,*,#2543,.F.);
#573=ORIENTED_EDGE('',*,*,#2544,.F.);
#574=ORIENTED_EDGE('',*,*,#2545,.F.);
#575=ORIENTED_EDGE('',*,*,#2546,.F.);
#576=ORIENTED_EDGE('',*,*,#2547,.F.);
#577=ORIENTED_EDGE('',*,*,#2548,.F.);
#578=ORIENTED_EDGE('',*,*,#2549,.F.);
#579=ORIENTED_EDGE('',*,*,#2550,.F.);
#580=ORIENTED_EDGE('',*,*,#2551,.F.);
#581=ORIENTED_EDGE('',*,*,#2552,.F.);
#582=ORIENTED_EDGE('',*,*,#2553,.F.);
#583=ORIENTED_EDGE('',*,*,#2554,.F.);
#584=ORIENTED_EDGE('',*,*,#2555,.F.);
#585=ORIENTED_EDGE('',*,*,#2556,.F.);
#586=ORIENTED_EDGE('',*,*,#2557,.F.);
#587=ORIENTED_EDGE('',*,*,#2558,.F.);
#588=ORIENTED_EDGE('',*,*,#2559,.F.);
#589=ORIENTED_EDGE('',*,*,#2560,.F.);
#590=ORIENTED_EDGE('',*,*,#2561,.F.);
#591=ORIENTED_EDGE('',*,*,#2562,.F.);
#592=ORIENTED_EDGE('',*,*,#2563,.T.);
#593=ORIENTED_EDGE('',*,*,#2564,.F.);
#594=ORIENTED_EDGE('',*,*,#2532,.F.);
#595=ORIENTED_EDGE('',*,*,#2565,.F.);
#596=ORIENTED_EDGE('',*,*,#2566,.F.);
#597=ORIENTED_EDGE('',*,*,#2567,.F.);
#598=ORIENTED_EDGE('',*,*,#2568,.F.);
#599=ORIENTED_EDGE('',*,*,#2569,.F.);
#600=ORIENTED_EDGE('',*,*,#2570,.F.);
#601=ORIENTED_EDGE('',*,*,#2571,.F.);
#602=ORIENTED_EDGE('',*,*,#2572,.F.);
#603=ORIENTED_EDGE('',*,*,#2573,.F.);
#604=ORIENTED_EDGE('',*,*,#2574,.F.);
#605=ORIENTED_EDGE('',*,*,#2575,.F.);
#606=ORIENTED_EDGE('',*,*,#2576,.F.);
#607=ORIENTED_EDGE('',*,*,#2577,.F.);
#608=ORIENTED_EDGE('',*,*,#2578,.F.);
#609=ORIENTED_EDGE('',*,*,#2579,.F.);
#610=ORIENTED_EDGE('',*,*,#2580,.F.);
#611=ORIENTED_EDGE('',*,*,#2581,.F.);
#612=ORIENTED_EDGE('',*,*,#2582,.F.);
#613=ORIENTED_EDGE('',*,*,#2583,.F.);
#614=ORIENTED_EDGE('',*,*,#2584,.F.);
#615=ORIENTED_EDGE('',*,*,#2585,.F.);
#616=ORIENTED_EDGE('',*,*,#2586,.F.);
#617=ORIENTED_EDGE('',*,*,#2587,.F.);
#618=ORIENTED_EDGE('',*,*,#2588,.F.);
#619=ORIENTED_EDGE('',*,*,#2589,.F.);
#620=ORIENTED_EDGE('',*,*,#2590,.T.);
#621=ORIENTED_EDGE('',*,*,#2591,.F.);
#622=ORIENTED_EDGE('',*,*,#2592,.T.);
#623=ORIENTED_EDGE('',*,*,#2593,.F.);
#624=ORIENTED_EDGE('',*,*,#2594,.F.);
#625=ORIENTED_EDGE('',*,*,#2595,.T.);
#626=ORIENTED_EDGE('',*,*,#2596,.F.);
#627=ORIENTED_EDGE('',*,*,#2597,.F.);
#628=ORIENTED_EDGE('',*,*,#2598,.T.);
#629=ORIENTED_EDGE('',*,*,#2599,.F.);
#630=ORIENTED_EDGE('',*,*,#2600,.F.);
#631=ORIENTED_EDGE('',*,*,#2601,.T.);
#632=ORIENTED_EDGE('',*,*,#2602,.F.);
#633=ORIENTED_EDGE('',*,*,#2603,.F.);
#634=ORIENTED_EDGE('',*,*,#2604,.T.);
#635=ORIENTED_EDGE('',*,*,#2605,.F.);
#636=ORIENTED_EDGE('',*,*,#2606,.F.);
#637=ORIENTED_EDGE('',*,*,#2607,.T.);
#638=ORIENTED_EDGE('',*,*,#2608,.F.);
#639=ORIENTED_EDGE('',*,*,#2609,.F.);
#640=ORIENTED_EDGE('',*,*,#2610,.T.);
#641=ORIENTED_EDGE('',*,*,#2611,.F.);
#642=ORIENTED_EDGE('',*,*,#2612,.F.);
#643=ORIENTED_EDGE('',*,*,#2613,.T.);
#644=ORIENTED_EDGE('',*,*,#2614,.F.);
#645=ORIENTED_EDGE('',*,*,#2615,.F.);
#646=ORIENTED_EDGE('',*,*,#2534,.T.);
#647=ORIENTED_EDGE('',*,*,#2616,.F.);
#648=ORIENTED_EDGE('',*,*,#2617,.F.);
#649=ORIENTED_EDGE('',*,*,#2618,.F.);
#650=ORIENTED_EDGE('',*,*,#2619,.T.);
#651=ORIENTED_EDGE('',*,*,#2620,.F.);
#652=ORIENTED_EDGE('',*,*,#2621,.F.);
#653=ORIENTED_EDGE('',*,*,#2622,.T.);
#654=ORIENTED_EDGE('',*,*,#2623,.F.);
#655=ORIENTED_EDGE('',*,*,#2624,.F.);
#656=ORIENTED_EDGE('',*,*,#2625,.T.);
#657=ORIENTED_EDGE('',*,*,#2626,.F.);
#658=ORIENTED_EDGE('',*,*,#2627,.F.);
#659=ORIENTED_EDGE('',*,*,#2628,.T.);
#660=ORIENTED_EDGE('',*,*,#2629,.F.);
#661=ORIENTED_EDGE('',*,*,#2630,.F.);
#662=ORIENTED_EDGE('',*,*,#2631,.T.);
#663=ORIENTED_EDGE('',*,*,#2632,.F.);
#664=ORIENTED_EDGE('',*,*,#2633,.F.);
#665=ORIENTED_EDGE('',*,*,#2634,.T.);
#666=ORIENTED_EDGE('',*,*,#2635,.F.);
#667=ORIENTED_EDGE('',*,*,#2636,.F.);
#668=ORIENTED_EDGE('',*,*,#2637,.T.);
#669=ORIENTED_EDGE('',*,*,#2638,.F.);
#670=ORIENTED_EDGE('',*,*,#2639,.F.);
#671=ORIENTED_EDGE('',*,*,#2640,.T.);
#672=ORIENTED_EDGE('',*,*,#2641,.F.);
#673=ORIENTED_EDGE('',*,*,#2642,.F.);
#674=ORIENTED_EDGE('',*,*,#2530,.T.);
#675=ORIENTED_EDGE('',*,*,#2643,.F.);
#676=ORIENTED_EDGE('',*,*,#2644,.F.);
#677=ORIENTED_EDGE('',*,*,#2645,.F.);
#678=ORIENTED_EDGE('',*,*,#2561,.T.);
#679=ORIENTED_EDGE('',*,*,#2646,.F.);
#680=ORIENTED_EDGE('',*,*,#2592,.F.);
#681=ORIENTED_EDGE('',*,*,#2647,.F.);
#682=ORIENTED_EDGE('',*,*,#2588,.T.);
#683=ORIENTED_EDGE('',*,*,#2648,.F.);
#684=ORIENTED_EDGE('',*,*,#2619,.F.);
#685=ORIENTED_EDGE('',*,*,#2649,.F.);
#686=ORIENTED_EDGE('',*,*,#2617,.T.);
#687=ORIENTED_EDGE('',*,*,#2650,.F.);
#688=ORIENTED_EDGE('',*,*,#2644,.T.);
#689=ORIENTED_EDGE('',*,*,#2552,.T.);
#690=ORIENTED_EDGE('',*,*,#2651,.F.);
#691=ORIENTED_EDGE('',*,*,#2601,.F.);
#692=ORIENTED_EDGE('',*,*,#2652,.F.);
#693=ORIENTED_EDGE('',*,*,#2554,.T.);
#694=ORIENTED_EDGE('',*,*,#2653,.T.);
#695=ORIENTED_EDGE('',*,*,#2599,.T.);
#696=ORIENTED_EDGE('',*,*,#2654,.T.);
#697=ORIENTED_EDGE('',*,*,#2553,.T.);
#698=ORIENTED_EDGE('',*,*,#2652,.T.);
#699=ORIENTED_EDGE('',*,*,#2600,.T.);
#700=ORIENTED_EDGE('',*,*,#2653,.F.);
#701=ORIENTED_EDGE('',*,*,#2558,.T.);
#702=ORIENTED_EDGE('',*,*,#2655,.F.);
#703=ORIENTED_EDGE('',*,*,#2595,.F.);
#704=ORIENTED_EDGE('',*,*,#2656,.F.);
#705=ORIENTED_EDGE('',*,*,#2560,.T.);
#706=ORIENTED_EDGE('',*,*,#2657,.T.);
#707=ORIENTED_EDGE('',*,*,#2593,.T.);
#708=ORIENTED_EDGE('',*,*,#2646,.T.);
#709=ORIENTED_EDGE('',*,*,#2559,.T.);
#710=ORIENTED_EDGE('',*,*,#2656,.T.);
#711=ORIENTED_EDGE('',*,*,#2594,.T.);
#712=ORIENTED_EDGE('',*,*,#2657,.F.);
#713=ORIENTED_EDGE('',*,*,#2566,.T.);
#714=ORIENTED_EDGE('',*,*,#2658,.T.);
#715=ORIENTED_EDGE('',*,*,#2641,.T.);
#716=ORIENTED_EDGE('',*,*,#2659,.T.);
#717=ORIENTED_EDGE('',*,*,#2565,.T.);
#718=ORIENTED_EDGE('',*,*,#2531,.T.);
#719=ORIENTED_EDGE('',*,*,#2642,.T.);
#720=ORIENTED_EDGE('',*,*,#2658,.F.);
#721=ORIENTED_EDGE('',*,*,#2570,.T.);
#722=ORIENTED_EDGE('',*,*,#2660,.F.);
#723=ORIENTED_EDGE('',*,*,#2637,.F.);
#724=ORIENTED_EDGE('',*,*,#2661,.F.);
#725=ORIENTED_EDGE('',*,*,#2572,.T.);
#726=ORIENTED_EDGE('',*,*,#2662,.T.);
#727=ORIENTED_EDGE('',*,*,#2635,.T.);
#728=ORIENTED_EDGE('',*,*,#2663,.T.);
#729=ORIENTED_EDGE('',*,*,#2571,.T.);
#730=ORIENTED_EDGE('',*,*,#2661,.T.);
#731=ORIENTED_EDGE('',*,*,#2636,.T.);
#732=ORIENTED_EDGE('',*,*,#2662,.F.);
#733=ORIENTED_EDGE('',*,*,#2579,.T.);
#734=ORIENTED_EDGE('',*,*,#2664,.F.);
#735=ORIENTED_EDGE('',*,*,#2628,.F.);
#736=ORIENTED_EDGE('',*,*,#2665,.F.);
#737=ORIENTED_EDGE('',*,*,#2581,.T.);
#738=ORIENTED_EDGE('',*,*,#2666,.T.);
#739=ORIENTED_EDGE('',*,*,#2626,.T.);
#740=ORIENTED_EDGE('',*,*,#2667,.T.);
#741=ORIENTED_EDGE('',*,*,#2580,.T.);
#742=ORIENTED_EDGE('',*,*,#2665,.T.);
#743=ORIENTED_EDGE('',*,*,#2627,.T.);
#744=ORIENTED_EDGE('',*,*,#2666,.F.);
#745=ORIENTED_EDGE('',*,*,#2585,.T.);
#746=ORIENTED_EDGE('',*,*,#2668,.F.);
#747=ORIENTED_EDGE('',*,*,#2622,.F.);
#748=ORIENTED_EDGE('',*,*,#2669,.F.);
#749=ORIENTED_EDGE('',*,*,#2587,.T.);
#750=ORIENTED_EDGE('',*,*,#2670,.T.);
#751=ORIENTED_EDGE('',*,*,#2620,.T.);
#752=ORIENTED_EDGE('',*,*,#2648,.T.);
#753=ORIENTED_EDGE('',*,*,#2586,.T.);
#754=ORIENTED_EDGE('',*,*,#2669,.T.);
#755=ORIENTED_EDGE('',*,*,#2621,.T.);
#756=ORIENTED_EDGE('',*,*,#2670,.F.);
#757=ORIENTED_EDGE('',*,*,#2539,.T.);
#758=ORIENTED_EDGE('',*,*,#2671,.T.);
#759=ORIENTED_EDGE('',*,*,#2614,.T.);
#760=ORIENTED_EDGE('',*,*,#2672,.T.);
#761=ORIENTED_EDGE('',*,*,#2538,.T.);
#762=ORIENTED_EDGE('',*,*,#2535,.T.);
#763=ORIENTED_EDGE('',*,*,#2615,.T.);
#764=ORIENTED_EDGE('',*,*,#2671,.F.);
#765=ORIENTED_EDGE('',*,*,#2672,.F.);
#766=ORIENTED_EDGE('',*,*,#2613,.F.);
#767=ORIENTED_EDGE('',*,*,#2673,.F.);
#768=ORIENTED_EDGE('',*,*,#2540,.T.);
#769=ORIENTED_EDGE('',*,*,#2543,.T.);
#770=ORIENTED_EDGE('',*,*,#2674,.F.);
#771=ORIENTED_EDGE('',*,*,#2610,.F.);
#772=ORIENTED_EDGE('',*,*,#2675,.F.);
#773=ORIENTED_EDGE('',*,*,#2545,.T.);
#774=ORIENTED_EDGE('',*,*,#2676,.T.);
#775=ORIENTED_EDGE('',*,*,#2608,.T.);
#776=ORIENTED_EDGE('',*,*,#2677,.T.);
#777=ORIENTED_EDGE('',*,*,#2544,.T.);
#778=ORIENTED_EDGE('',*,*,#2675,.T.);
#779=ORIENTED_EDGE('',*,*,#2609,.T.);
#780=ORIENTED_EDGE('',*,*,#2676,.F.);
#781=ORIENTED_EDGE('',*,*,#2549,.T.);
#782=ORIENTED_EDGE('',*,*,#2678,.F.);
#783=ORIENTED_EDGE('',*,*,#2604,.F.);
#784=ORIENTED_EDGE('',*,*,#2679,.F.);
#785=ORIENTED_EDGE('',*,*,#2551,.T.);
#786=ORIENTED_EDGE('',*,*,#2680,.T.);
#787=ORIENTED_EDGE('',*,*,#2602,.T.);
#788=ORIENTED_EDGE('',*,*,#2651,.T.);
#789=ORIENTED_EDGE('',*,*,#2550,.T.);
#790=ORIENTED_EDGE('',*,*,#2679,.T.);
#791=ORIENTED_EDGE('',*,*,#2603,.T.);
#792=ORIENTED_EDGE('',*,*,#2680,.F.);
#793=ORIENTED_EDGE('',*,*,#2555,.T.);
#794=ORIENTED_EDGE('',*,*,#2654,.F.);
#795=ORIENTED_EDGE('',*,*,#2598,.F.);
#796=ORIENTED_EDGE('',*,*,#2681,.F.);
#797=ORIENTED_EDGE('',*,*,#2557,.T.);
#798=ORIENTED_EDGE('',*,*,#2682,.T.);
#799=ORIENTED_EDGE('',*,*,#2596,.T.);
#800=ORIENTED_EDGE('',*,*,#2655,.T.);
#801=ORIENTED_EDGE('',*,*,#2556,.T.);
#802=ORIENTED_EDGE('',*,*,#2681,.T.);
#803=ORIENTED_EDGE('',*,*,#2597,.T.);
#804=ORIENTED_EDGE('',*,*,#2682,.F.);
#805=ORIENTED_EDGE('',*,*,#2567,.T.);
#806=ORIENTED_EDGE('',*,*,#2659,.F.);
#807=ORIENTED_EDGE('',*,*,#2640,.F.);
#808=ORIENTED_EDGE('',*,*,#2683,.F.);
#809=ORIENTED_EDGE('',*,*,#2569,.T.);
#810=ORIENTED_EDGE('',*,*,#2684,.T.);
#811=ORIENTED_EDGE('',*,*,#2638,.T.);
#812=ORIENTED_EDGE('',*,*,#2660,.T.);
#813=ORIENTED_EDGE('',*,*,#2568,.T.);
#814=ORIENTED_EDGE('',*,*,#2683,.T.);
#815=ORIENTED_EDGE('',*,*,#2639,.T.);
#816=ORIENTED_EDGE('',*,*,#2684,.F.);
#817=ORIENTED_EDGE('',*,*,#2573,.T.);
#818=ORIENTED_EDGE('',*,*,#2663,.F.);
#819=ORIENTED_EDGE('',*,*,#2634,.F.);
#820=ORIENTED_EDGE('',*,*,#2685,.F.);
#821=ORIENTED_EDGE('',*,*,#2575,.T.);
#822=ORIENTED_EDGE('',*,*,#2686,.T.);
#823=ORIENTED_EDGE('',*,*,#2632,.T.);
#824=ORIENTED_EDGE('',*,*,#2687,.T.);
#825=ORIENTED_EDGE('',*,*,#2574,.T.);
#826=ORIENTED_EDGE('',*,*,#2685,.T.);
#827=ORIENTED_EDGE('',*,*,#2633,.T.);
#828=ORIENTED_EDGE('',*,*,#2686,.F.);
#829=ORIENTED_EDGE('',*,*,#2576,.T.);
#830=ORIENTED_EDGE('',*,*,#2687,.F.);
#831=ORIENTED_EDGE('',*,*,#2631,.F.);
#832=ORIENTED_EDGE('',*,*,#2688,.F.);
#833=ORIENTED_EDGE('',*,*,#2578,.T.);
#834=ORIENTED_EDGE('',*,*,#2689,.T.);
#835=ORIENTED_EDGE('',*,*,#2629,.T.);
#836=ORIENTED_EDGE('',*,*,#2664,.T.);
#837=ORIENTED_EDGE('',*,*,#2577,.T.);
#838=ORIENTED_EDGE('',*,*,#2688,.T.);
#839=ORIENTED_EDGE('',*,*,#2630,.T.);
#840=ORIENTED_EDGE('',*,*,#2689,.F.);
#841=ORIENTED_EDGE('',*,*,#2582,.T.);
#842=ORIENTED_EDGE('',*,*,#2667,.F.);
#843=ORIENTED_EDGE('',*,*,#2625,.F.);
#844=ORIENTED_EDGE('',*,*,#2690,.F.);
#845=ORIENTED_EDGE('',*,*,#2584,.T.);
#846=ORIENTED_EDGE('',*,*,#2691,.T.);
#847=ORIENTED_EDGE('',*,*,#2623,.T.);
#848=ORIENTED_EDGE('',*,*,#2668,.T.);
#849=ORIENTED_EDGE('',*,*,#2583,.T.);
#850=ORIENTED_EDGE('',*,*,#2690,.T.);
#851=ORIENTED_EDGE('',*,*,#2624,.T.);
#852=ORIENTED_EDGE('',*,*,#2691,.F.);
#853=ORIENTED_EDGE('',*,*,#2542,.T.);
#854=ORIENTED_EDGE('',*,*,#2692,.T.);
#855=ORIENTED_EDGE('',*,*,#2611,.T.);
#856=ORIENTED_EDGE('',*,*,#2674,.T.);
#857=ORIENTED_EDGE('',*,*,#2541,.T.);
#858=ORIENTED_EDGE('',*,*,#2673,.T.);
#859=ORIENTED_EDGE('',*,*,#2612,.T.);
#860=ORIENTED_EDGE('',*,*,#2692,.F.);
#861=ORIENTED_EDGE('',*,*,#2546,.T.);
#862=ORIENTED_EDGE('',*,*,#2677,.F.);
#863=ORIENTED_EDGE('',*,*,#2607,.F.);
#864=ORIENTED_EDGE('',*,*,#2693,.F.);
#865=ORIENTED_EDGE('',*,*,#2694,.T.);
#866=ORIENTED_EDGE('',*,*,#2695,.F.);
#867=ORIENTED_EDGE('',*,*,#2696,.F.);
#868=ORIENTED_EDGE('',*,*,#2695,.T.);
#869=ORIENTED_EDGE('',*,*,#2697,.F.);
#870=ORIENTED_EDGE('',*,*,#2696,.T.);
#871=ORIENTED_EDGE('',*,*,#2698,.F.);
#872=ORIENTED_EDGE('',*,*,#2697,.T.);
#873=ORIENTED_EDGE('',*,*,#2699,.F.);
#874=ORIENTED_EDGE('',*,*,#2698,.T.);
#875=ORIENTED_EDGE('',*,*,#2700,.F.);
#876=ORIENTED_EDGE('',*,*,#2699,.T.);
#877=ORIENTED_EDGE('',*,*,#2701,.F.);
#878=ORIENTED_EDGE('',*,*,#2700,.T.);
#879=ORIENTED_EDGE('',*,*,#2702,.F.);
#880=ORIENTED_EDGE('',*,*,#2563,.F.);
#881=ORIENTED_EDGE('',*,*,#2703,.F.);
#882=ORIENTED_EDGE('',*,*,#2590,.F.);
#883=ORIENTED_EDGE('',*,*,#2701,.T.);
#884=ORIENTED_EDGE('',*,*,#2704,.F.);
#885=ORIENTED_EDGE('',*,*,#2705,.T.);
#886=ORIENTED_EDGE('',*,*,#2706,.F.);
#887=ORIENTED_EDGE('',*,*,#2707,.F.);
#888=ORIENTED_EDGE('',*,*,#2708,.F.);
#889=ORIENTED_EDGE('',*,*,#2709,.T.);
#890=ORIENTED_EDGE('',*,*,#2710,.F.);
#891=ORIENTED_EDGE('',*,*,#2705,.F.);
#892=ORIENTED_EDGE('',*,*,#2711,.F.);
#893=ORIENTED_EDGE('',*,*,#2712,.T.);
#894=ORIENTED_EDGE('',*,*,#2713,.F.);
#895=ORIENTED_EDGE('',*,*,#2709,.F.);
#896=ORIENTED_EDGE('',*,*,#2714,.F.);
#897=ORIENTED_EDGE('',*,*,#2715,.T.);
#898=ORIENTED_EDGE('',*,*,#2716,.F.);
#899=ORIENTED_EDGE('',*,*,#2712,.F.);
#900=ORIENTED_EDGE('',*,*,#2717,.F.);
#901=ORIENTED_EDGE('',*,*,#2718,.T.);
#902=ORIENTED_EDGE('',*,*,#2719,.F.);
#903=ORIENTED_EDGE('',*,*,#2715,.F.);
#904=ORIENTED_EDGE('',*,*,#2720,.F.);
#905=ORIENTED_EDGE('',*,*,#2721,.T.);
#906=ORIENTED_EDGE('',*,*,#2722,.F.);
#907=ORIENTED_EDGE('',*,*,#2718,.F.);
#908=ORIENTED_EDGE('',*,*,#2723,.F.);
#909=ORIENTED_EDGE('',*,*,#2724,.T.);
#910=ORIENTED_EDGE('',*,*,#2725,.F.);
#911=ORIENTED_EDGE('',*,*,#2721,.F.);
#912=ORIENTED_EDGE('',*,*,#2726,.F.);
#913=ORIENTED_EDGE('',*,*,#2707,.T.);
#914=ORIENTED_EDGE('',*,*,#2727,.F.);
#915=ORIENTED_EDGE('',*,*,#2724,.F.);
#916=ORIENTED_EDGE('',*,*,#2694,.F.);
#917=ORIENTED_EDGE('',*,*,#2706,.T.);
#918=ORIENTED_EDGE('',*,*,#2710,.T.);
#919=ORIENTED_EDGE('',*,*,#2713,.T.);
#920=ORIENTED_EDGE('',*,*,#2716,.T.);
#921=ORIENTED_EDGE('',*,*,#2719,.T.);
#922=ORIENTED_EDGE('',*,*,#2722,.T.);
#923=ORIENTED_EDGE('',*,*,#2725,.T.);
#924=ORIENTED_EDGE('',*,*,#2727,.T.);
#925=ORIENTED_EDGE('',*,*,#2728,.F.);
#926=ORIENTED_EDGE('',*,*,#2729,.F.);
#927=ORIENTED_EDGE('',*,*,#2730,.F.);
#928=ORIENTED_EDGE('',*,*,#2731,.F.);
#929=ORIENTED_EDGE('',*,*,#2732,.F.);
#930=ORIENTED_EDGE('',*,*,#2733,.T.);
#931=ORIENTED_EDGE('',*,*,#2734,.T.);
#932=ORIENTED_EDGE('',*,*,#2729,.T.);
#933=ORIENTED_EDGE('',*,*,#2735,.F.);
#934=ORIENTED_EDGE('',*,*,#2736,.F.);
#935=ORIENTED_EDGE('',*,*,#2737,.F.);
#936=ORIENTED_EDGE('',*,*,#2733,.F.);
#937=ORIENTED_EDGE('',*,*,#2738,.F.);
#938=ORIENTED_EDGE('',*,*,#2739,.F.);
#939=ORIENTED_EDGE('',*,*,#2740,.F.);
#940=ORIENTED_EDGE('',*,*,#2741,.F.);
#941=ORIENTED_EDGE('',*,*,#2742,.F.);
#942=ORIENTED_EDGE('',*,*,#2743,.T.);
#943=ORIENTED_EDGE('',*,*,#2744,.T.);
#944=ORIENTED_EDGE('',*,*,#2739,.T.);
#945=ORIENTED_EDGE('',*,*,#2745,.F.);
#946=ORIENTED_EDGE('',*,*,#2746,.F.);
#947=ORIENTED_EDGE('',*,*,#2747,.F.);
#948=ORIENTED_EDGE('',*,*,#2743,.F.);
#949=ORIENTED_EDGE('',*,*,#2748,.F.);
#950=ORIENTED_EDGE('',*,*,#2749,.F.);
#951=ORIENTED_EDGE('',*,*,#2750,.F.);
#952=ORIENTED_EDGE('',*,*,#2751,.F.);
#953=ORIENTED_EDGE('',*,*,#2752,.F.);
#954=ORIENTED_EDGE('',*,*,#2753,.T.);
#955=ORIENTED_EDGE('',*,*,#2754,.T.);
#956=ORIENTED_EDGE('',*,*,#2749,.T.);
#957=ORIENTED_EDGE('',*,*,#2755,.F.);
#958=ORIENTED_EDGE('',*,*,#2756,.F.);
#959=ORIENTED_EDGE('',*,*,#2757,.F.);
#960=ORIENTED_EDGE('',*,*,#2753,.F.);
#961=ORIENTED_EDGE('',*,*,#2758,.F.);
#962=ORIENTED_EDGE('',*,*,#2759,.F.);
#963=ORIENTED_EDGE('',*,*,#2760,.F.);
#964=ORIENTED_EDGE('',*,*,#2761,.F.);
#965=ORIENTED_EDGE('',*,*,#2762,.T.);
#966=ORIENTED_EDGE('',*,*,#2763,.T.);
#967=ORIENTED_EDGE('',*,*,#2764,.F.);
#968=ORIENTED_EDGE('',*,*,#2759,.T.);
#969=ORIENTED_EDGE('',*,*,#2765,.F.);
#970=ORIENTED_EDGE('',*,*,#2766,.F.);
#971=ORIENTED_EDGE('',*,*,#2767,.F.);
#972=ORIENTED_EDGE('',*,*,#2763,.F.);
#973=ORIENTED_EDGE('',*,*,#2768,.F.);
#974=ORIENTED_EDGE('',*,*,#2769,.F.);
#975=ORIENTED_EDGE('',*,*,#2770,.F.);
#976=ORIENTED_EDGE('',*,*,#2771,.F.);
#977=ORIENTED_EDGE('',*,*,#2772,.T.);
#978=ORIENTED_EDGE('',*,*,#2773,.T.);
#979=ORIENTED_EDGE('',*,*,#2774,.F.);
#980=ORIENTED_EDGE('',*,*,#2769,.T.);
#981=ORIENTED_EDGE('',*,*,#2775,.F.);
#982=ORIENTED_EDGE('',*,*,#2776,.F.);
#983=ORIENTED_EDGE('',*,*,#2777,.F.);
#984=ORIENTED_EDGE('',*,*,#2773,.F.);
#985=ORIENTED_EDGE('',*,*,#2778,.T.);
#986=ORIENTED_EDGE('',*,*,#2736,.T.);
#987=ORIENTED_EDGE('',*,*,#2779,.T.);
#988=ORIENTED_EDGE('',*,*,#2780,.T.);
#989=ORIENTED_EDGE('',*,*,#2734,.F.);
#990=ORIENTED_EDGE('',*,*,#2737,.T.);
#991=ORIENTED_EDGE('',*,*,#2778,.F.);
#992=ORIENTED_EDGE('',*,*,#2781,.T.);
#993=ORIENTED_EDGE('',*,*,#2782,.T.);
#994=ORIENTED_EDGE('',*,*,#2730,.T.);
#995=ORIENTED_EDGE('',*,*,#2783,.F.);
#996=ORIENTED_EDGE('',*,*,#2731,.T.);
#997=ORIENTED_EDGE('',*,*,#2782,.F.);
#998=ORIENTED_EDGE('',*,*,#2784,.F.);
#999=ORIENTED_EDGE('',*,*,#2785,.T.);
#1000=ORIENTED_EDGE('',*,*,#2786,.T.);
#1001=ORIENTED_EDGE('',*,*,#2787,.F.);
#1002=ORIENTED_EDGE('',*,*,#2788,.T.);
#1003=ORIENTED_EDGE('',*,*,#2789,.F.);
#1004=ORIENTED_EDGE('',*,*,#2779,.F.);
#1005=ORIENTED_EDGE('',*,*,#2735,.T.);
#1006=ORIENTED_EDGE('',*,*,#2732,.T.);
#1007=ORIENTED_EDGE('',*,*,#2728,.T.);
#1008=ORIENTED_EDGE('',*,*,#2783,.T.);
#1009=ORIENTED_EDGE('',*,*,#2790,.T.);
#1010=ORIENTED_EDGE('',*,*,#2746,.T.);
#1011=ORIENTED_EDGE('',*,*,#2791,.T.);
#1012=ORIENTED_EDGE('',*,*,#2792,.T.);
#1013=ORIENTED_EDGE('',*,*,#2744,.F.);
#1014=ORIENTED_EDGE('',*,*,#2747,.T.);
#1015=ORIENTED_EDGE('',*,*,#2790,.F.);
#1016=ORIENTED_EDGE('',*,*,#2793,.T.);
#1017=ORIENTED_EDGE('',*,*,#2794,.T.);
#1018=ORIENTED_EDGE('',*,*,#2740,.T.);
#1019=ORIENTED_EDGE('',*,*,#2795,.F.);
#1020=ORIENTED_EDGE('',*,*,#2741,.T.);
#1021=ORIENTED_EDGE('',*,*,#2794,.F.);
#1022=ORIENTED_EDGE('',*,*,#2796,.F.);
#1023=ORIENTED_EDGE('',*,*,#2797,.T.);
#1024=ORIENTED_EDGE('',*,*,#2798,.T.);
#1025=ORIENTED_EDGE('',*,*,#2799,.F.);
#1026=ORIENTED_EDGE('',*,*,#2800,.T.);
#1027=ORIENTED_EDGE('',*,*,#2801,.F.);
#1028=ORIENTED_EDGE('',*,*,#2791,.F.);
#1029=ORIENTED_EDGE('',*,*,#2745,.T.);
#1030=ORIENTED_EDGE('',*,*,#2742,.T.);
#1031=ORIENTED_EDGE('',*,*,#2738,.T.);
#1032=ORIENTED_EDGE('',*,*,#2795,.T.);
#1033=ORIENTED_EDGE('',*,*,#2802,.T.);
#1034=ORIENTED_EDGE('',*,*,#2756,.T.);
#1035=ORIENTED_EDGE('',*,*,#2803,.T.);
#1036=ORIENTED_EDGE('',*,*,#2804,.T.);
#1037=ORIENTED_EDGE('',*,*,#2754,.F.);
#1038=ORIENTED_EDGE('',*,*,#2757,.T.);
#1039=ORIENTED_EDGE('',*,*,#2802,.F.);
#1040=ORIENTED_EDGE('',*,*,#2805,.T.);
#1041=ORIENTED_EDGE('',*,*,#2806,.T.);
#1042=ORIENTED_EDGE('',*,*,#2750,.T.);
#1043=ORIENTED_EDGE('',*,*,#2807,.F.);
#1044=ORIENTED_EDGE('',*,*,#2751,.T.);
#1045=ORIENTED_EDGE('',*,*,#2806,.F.);
#1046=ORIENTED_EDGE('',*,*,#2808,.F.);
#1047=ORIENTED_EDGE('',*,*,#2809,.T.);
#1048=ORIENTED_EDGE('',*,*,#2810,.T.);
#1049=ORIENTED_EDGE('',*,*,#2811,.F.);
#1050=ORIENTED_EDGE('',*,*,#2812,.T.);
#1051=ORIENTED_EDGE('',*,*,#2813,.F.);
#1052=ORIENTED_EDGE('',*,*,#2803,.F.);
#1053=ORIENTED_EDGE('',*,*,#2755,.T.);
#1054=ORIENTED_EDGE('',*,*,#2752,.T.);
#1055=ORIENTED_EDGE('',*,*,#2748,.T.);
#1056=ORIENTED_EDGE('',*,*,#2807,.T.);
#1057=ORIENTED_EDGE('',*,*,#2814,.T.);
#1058=ORIENTED_EDGE('',*,*,#2761,.T.);
#1059=ORIENTED_EDGE('',*,*,#2815,.T.);
#1060=ORIENTED_EDGE('',*,*,#2816,.F.);
#1061=ORIENTED_EDGE('',*,*,#2764,.T.);
#1062=ORIENTED_EDGE('',*,*,#2767,.T.);
#1063=ORIENTED_EDGE('',*,*,#2817,.T.);
#1064=ORIENTED_EDGE('',*,*,#2818,.F.);
#1065=ORIENTED_EDGE('',*,*,#2815,.F.);
#1066=ORIENTED_EDGE('',*,*,#2760,.T.);
#1067=ORIENTED_EDGE('',*,*,#2817,.F.);
#1068=ORIENTED_EDGE('',*,*,#2766,.T.);
#1069=ORIENTED_EDGE('',*,*,#2819,.F.);
#1070=ORIENTED_EDGE('',*,*,#2820,.T.);
#1071=ORIENTED_EDGE('',*,*,#2821,.F.);
#1072=ORIENTED_EDGE('',*,*,#2822,.T.);
#1073=ORIENTED_EDGE('',*,*,#2823,.T.);
#1074=ORIENTED_EDGE('',*,*,#2824,.T.);
#1075=ORIENTED_EDGE('',*,*,#2825,.T.);
#1076=ORIENTED_EDGE('',*,*,#2819,.T.);
#1077=ORIENTED_EDGE('',*,*,#2765,.T.);
#1078=ORIENTED_EDGE('',*,*,#2762,.F.);
#1079=ORIENTED_EDGE('',*,*,#2758,.T.);
#1080=ORIENTED_EDGE('',*,*,#2814,.F.);
#1081=ORIENTED_EDGE('',*,*,#2826,.T.);
#1082=ORIENTED_EDGE('',*,*,#2771,.T.);
#1083=ORIENTED_EDGE('',*,*,#2827,.T.);
#1084=ORIENTED_EDGE('',*,*,#2828,.F.);
#1085=ORIENTED_EDGE('',*,*,#2774,.T.);
#1086=ORIENTED_EDGE('',*,*,#2777,.T.);
#1087=ORIENTED_EDGE('',*,*,#2829,.T.);
#1088=ORIENTED_EDGE('',*,*,#2830,.F.);
#1089=ORIENTED_EDGE('',*,*,#2827,.F.);
#1090=ORIENTED_EDGE('',*,*,#2770,.T.);
#1091=ORIENTED_EDGE('',*,*,#2829,.F.);
#1092=ORIENTED_EDGE('',*,*,#2776,.T.);
#1093=ORIENTED_EDGE('',*,*,#2831,.F.);
#1094=ORIENTED_EDGE('',*,*,#2832,.T.);
#1095=ORIENTED_EDGE('',*,*,#2833,.F.);
#1096=ORIENTED_EDGE('',*,*,#2834,.T.);
#1097=ORIENTED_EDGE('',*,*,#2835,.T.);
#1098=ORIENTED_EDGE('',*,*,#2836,.T.);
#1099=ORIENTED_EDGE('',*,*,#2837,.T.);
#1100=ORIENTED_EDGE('',*,*,#2831,.T.);
#1101=ORIENTED_EDGE('',*,*,#2775,.T.);
#1102=ORIENTED_EDGE('',*,*,#2772,.F.);
#1103=ORIENTED_EDGE('',*,*,#2768,.T.);
#1104=ORIENTED_EDGE('',*,*,#2826,.F.);
#1105=ORIENTED_EDGE('',*,*,#2838,.F.);
#1106=ORIENTED_EDGE('',*,*,#2839,.F.);
#1107=ORIENTED_EDGE('',*,*,#2840,.F.);
#1108=ORIENTED_EDGE('',*,*,#2841,.F.);
#1109=ORIENTED_EDGE('',*,*,#2842,.F.);
#1110=ORIENTED_EDGE('',*,*,#2788,.F.);
#1111=ORIENTED_EDGE('',*,*,#2789,.T.);
#1112=ORIENTED_EDGE('',*,*,#2842,.T.);
#1113=ORIENTED_EDGE('',*,*,#2843,.T.);
#1114=ORIENTED_EDGE('',*,*,#2844,.T.);
#1115=ORIENTED_EDGE('',*,*,#2780,.F.);
#1116=ORIENTED_EDGE('',*,*,#2845,.F.);
#1117=ORIENTED_EDGE('',*,*,#2846,.F.);
#1118=ORIENTED_EDGE('',*,*,#2781,.F.);
#1119=ORIENTED_EDGE('',*,*,#2844,.F.);
#1120=ORIENTED_EDGE('',*,*,#2847,.T.);
#1121=ORIENTED_EDGE('',*,*,#2848,.T.);
#1122=ORIENTED_EDGE('',*,*,#2849,.F.);
#1123=ORIENTED_EDGE('',*,*,#2850,.T.);
#1124=ORIENTED_EDGE('',*,*,#2785,.F.);
#1125=ORIENTED_EDGE('',*,*,#2784,.T.);
#1126=ORIENTED_EDGE('',*,*,#2846,.T.);
#1127=ORIENTED_EDGE('',*,*,#2851,.F.);
#1128=ORIENTED_EDGE('',*,*,#2786,.F.);
#1129=ORIENTED_EDGE('',*,*,#2850,.F.);
#1130=ORIENTED_EDGE('',*,*,#2852,.F.);
#1131=ORIENTED_EDGE('',*,*,#2787,.T.);
#1132=ORIENTED_EDGE('',*,*,#2851,.T.);
#1133=ORIENTED_EDGE('',*,*,#2853,.F.);
#1134=ORIENTED_EDGE('',*,*,#2854,.F.);
#1135=ORIENTED_EDGE('',*,*,#2855,.T.);
#1136=ORIENTED_EDGE('',*,*,#2840,.T.);
#1137=ORIENTED_EDGE('',*,*,#2856,.F.);
#1138=ORIENTED_EDGE('',*,*,#2857,.F.);
#1139=ORIENTED_EDGE('',*,*,#2858,.F.);
#1140=ORIENTED_EDGE('',*,*,#2800,.F.);
#1141=ORIENTED_EDGE('',*,*,#2801,.T.);
#1142=ORIENTED_EDGE('',*,*,#2858,.T.);
#1143=ORIENTED_EDGE('',*,*,#2859,.T.);
#1144=ORIENTED_EDGE('',*,*,#2860,.T.);
#1145=ORIENTED_EDGE('',*,*,#2792,.F.);
#1146=ORIENTED_EDGE('',*,*,#2861,.F.);
#1147=ORIENTED_EDGE('',*,*,#2862,.F.);
#1148=ORIENTED_EDGE('',*,*,#2793,.F.);
#1149=ORIENTED_EDGE('',*,*,#2860,.F.);
#1150=ORIENTED_EDGE('',*,*,#2863,.T.);
#1151=ORIENTED_EDGE('',*,*,#2864,.T.);
#1152=ORIENTED_EDGE('',*,*,#2865,.F.);
#1153=ORIENTED_EDGE('',*,*,#2866,.T.);
#1154=ORIENTED_EDGE('',*,*,#2797,.F.);
#1155=ORIENTED_EDGE('',*,*,#2796,.T.);
#1156=ORIENTED_EDGE('',*,*,#2862,.T.);
#1157=ORIENTED_EDGE('',*,*,#2867,.F.);
#1158=ORIENTED_EDGE('',*,*,#2798,.F.);
#1159=ORIENTED_EDGE('',*,*,#2866,.F.);
#1160=ORIENTED_EDGE('',*,*,#2868,.F.);
#1161=ORIENTED_EDGE('',*,*,#2799,.T.);
#1162=ORIENTED_EDGE('',*,*,#2867,.T.);
#1163=ORIENTED_EDGE('',*,*,#2869,.F.);
#1164=ORIENTED_EDGE('',*,*,#2870,.F.);
#1165=ORIENTED_EDGE('',*,*,#2871,.T.);
#1166=ORIENTED_EDGE('',*,*,#2856,.T.);
#1167=ORIENTED_EDGE('',*,*,#2872,.F.);
#1168=ORIENTED_EDGE('',*,*,#2873,.F.);
#1169=ORIENTED_EDGE('',*,*,#2874,.F.);
#1170=ORIENTED_EDGE('',*,*,#2812,.F.);
#1171=ORIENTED_EDGE('',*,*,#2813,.T.);
#1172=ORIENTED_EDGE('',*,*,#2874,.T.);
#1173=ORIENTED_EDGE('',*,*,#2875,.T.);
#1174=ORIENTED_EDGE('',*,*,#2876,.T.);
#1175=ORIENTED_EDGE('',*,*,#2804,.F.);
#1176=ORIENTED_EDGE('',*,*,#2877,.F.);
#1177=ORIENTED_EDGE('',*,*,#2878,.F.);
#1178=ORIENTED_EDGE('',*,*,#2805,.F.);
#1179=ORIENTED_EDGE('',*,*,#2876,.F.);
#1180=ORIENTED_EDGE('',*,*,#2879,.T.);
#1181=ORIENTED_EDGE('',*,*,#2880,.T.);
#1182=ORIENTED_EDGE('',*,*,#2881,.F.);
#1183=ORIENTED_EDGE('',*,*,#2882,.T.);
#1184=ORIENTED_EDGE('',*,*,#2809,.F.);
#1185=ORIENTED_EDGE('',*,*,#2808,.T.);
#1186=ORIENTED_EDGE('',*,*,#2878,.T.);
#1187=ORIENTED_EDGE('',*,*,#2883,.F.);
#1188=ORIENTED_EDGE('',*,*,#2810,.F.);
#1189=ORIENTED_EDGE('',*,*,#2882,.F.);
#1190=ORIENTED_EDGE('',*,*,#2884,.F.);
#1191=ORIENTED_EDGE('',*,*,#2811,.T.);
#1192=ORIENTED_EDGE('',*,*,#2883,.T.);
#1193=ORIENTED_EDGE('',*,*,#2885,.F.);
#1194=ORIENTED_EDGE('',*,*,#2886,.F.);
#1195=ORIENTED_EDGE('',*,*,#2887,.T.);
#1196=ORIENTED_EDGE('',*,*,#2872,.T.);
#1197=ORIENTED_EDGE('',*,*,#2888,.F.);
#1198=ORIENTED_EDGE('',*,*,#2889,.T.);
#1199=ORIENTED_EDGE('',*,*,#2821,.T.);
#1200=ORIENTED_EDGE('',*,*,#2816,.T.);
#1201=ORIENTED_EDGE('',*,*,#2890,.F.);
#1202=ORIENTED_EDGE('',*,*,#2891,.F.);
#1203=ORIENTED_EDGE('',*,*,#2822,.F.);
#1204=ORIENTED_EDGE('',*,*,#2889,.F.);
#1205=ORIENTED_EDGE('',*,*,#2892,.F.);
#1206=ORIENTED_EDGE('',*,*,#2893,.T.);
#1207=ORIENTED_EDGE('',*,*,#2894,.F.);
#1208=ORIENTED_EDGE('',*,*,#2895,.F.);
#1209=ORIENTED_EDGE('',*,*,#2890,.T.);
#1210=ORIENTED_EDGE('',*,*,#2818,.T.);
#1211=ORIENTED_EDGE('',*,*,#2896,.T.);
#1212=ORIENTED_EDGE('',*,*,#2823,.F.);
#1213=ORIENTED_EDGE('',*,*,#2891,.T.);
#1214=ORIENTED_EDGE('',*,*,#2897,.F.);
#1215=ORIENTED_EDGE('',*,*,#2898,.T.);
#1216=ORIENTED_EDGE('',*,*,#2899,.T.);
#1217=ORIENTED_EDGE('',*,*,#2900,.T.);
#1218=ORIENTED_EDGE('',*,*,#2900,.F.);
#1219=ORIENTED_EDGE('',*,*,#2901,.F.);
#1220=ORIENTED_EDGE('',*,*,#2902,.F.);
#1221=ORIENTED_EDGE('',*,*,#2824,.F.);
#1222=ORIENTED_EDGE('',*,*,#2825,.F.);
#1223=ORIENTED_EDGE('',*,*,#2902,.T.);
#1224=ORIENTED_EDGE('',*,*,#2903,.T.);
#1225=ORIENTED_EDGE('',*,*,#2896,.F.);
#1226=ORIENTED_EDGE('',*,*,#2820,.F.);
#1227=ORIENTED_EDGE('',*,*,#2904,.F.);
#1228=ORIENTED_EDGE('',*,*,#2905,.T.);
#1229=ORIENTED_EDGE('',*,*,#2833,.T.);
#1230=ORIENTED_EDGE('',*,*,#2828,.T.);
#1231=ORIENTED_EDGE('',*,*,#2906,.F.);
#1232=ORIENTED_EDGE('',*,*,#2907,.F.);
#1233=ORIENTED_EDGE('',*,*,#2834,.F.);
#1234=ORIENTED_EDGE('',*,*,#2905,.F.);
#1235=ORIENTED_EDGE('',*,*,#2908,.F.);
#1236=ORIENTED_EDGE('',*,*,#2909,.T.);
#1237=ORIENTED_EDGE('',*,*,#2910,.F.);
#1238=ORIENTED_EDGE('',*,*,#2911,.F.);
#1239=ORIENTED_EDGE('',*,*,#2906,.T.);
#1240=ORIENTED_EDGE('',*,*,#2830,.T.);
#1241=ORIENTED_EDGE('',*,*,#2912,.T.);
#1242=ORIENTED_EDGE('',*,*,#2835,.F.);
#1243=ORIENTED_EDGE('',*,*,#2907,.T.);
#1244=ORIENTED_EDGE('',*,*,#2913,.F.);
#1245=ORIENTED_EDGE('',*,*,#2914,.T.);
#1246=ORIENTED_EDGE('',*,*,#2915,.T.);
#1247=ORIENTED_EDGE('',*,*,#2916,.T.);
#1248=ORIENTED_EDGE('',*,*,#2916,.F.);
#1249=ORIENTED_EDGE('',*,*,#2917,.F.);
#1250=ORIENTED_EDGE('',*,*,#2918,.F.);
#1251=ORIENTED_EDGE('',*,*,#2836,.F.);
#1252=ORIENTED_EDGE('',*,*,#2837,.F.);
#1253=ORIENTED_EDGE('',*,*,#2918,.T.);
#1254=ORIENTED_EDGE('',*,*,#2919,.T.);
#1255=ORIENTED_EDGE('',*,*,#2912,.F.);
#1256=ORIENTED_EDGE('',*,*,#2832,.F.);
#1257=ORIENTED_EDGE('',*,*,#2920,.F.);
#1258=ORIENTED_EDGE('',*,*,#2921,.T.);
#1259=ORIENTED_EDGE('',*,*,#2922,.T.);
#1260=ORIENTED_EDGE('',*,*,#2923,.T.);
#1261=ORIENTED_EDGE('',*,*,#2924,.F.);
#1262=ORIENTED_EDGE('',*,*,#2925,.T.);
#1263=ORIENTED_EDGE('',*,*,#2926,.T.);
#1264=ORIENTED_EDGE('',*,*,#2927,.T.);
#1265=ORIENTED_EDGE('',*,*,#2928,.T.);
#1266=ORIENTED_EDGE('',*,*,#2929,.T.);
#1267=ORIENTED_EDGE('',*,*,#2930,.F.);
#1268=ORIENTED_EDGE('',*,*,#2931,.F.);
#1269=ORIENTED_EDGE('',*,*,#2932,.F.);
#1270=ORIENTED_EDGE('',*,*,#2933,.T.);
#1271=ORIENTED_EDGE('',*,*,#2934,.T.);
#1272=ORIENTED_EDGE('',*,*,#2935,.T.);
#1273=ORIENTED_EDGE('',*,*,#2936,.F.);
#1274=ORIENTED_EDGE('',*,*,#2937,.T.);
#1275=ORIENTED_EDGE('',*,*,#2938,.T.);
#1276=ORIENTED_EDGE('',*,*,#2939,.T.);
#1277=ORIENTED_EDGE('',*,*,#2940,.T.);
#1278=ORIENTED_EDGE('',*,*,#2941,.T.);
#1279=ORIENTED_EDGE('',*,*,#2942,.F.);
#1280=ORIENTED_EDGE('',*,*,#2943,.F.);
#1281=ORIENTED_EDGE('',*,*,#2838,.T.);
#1282=ORIENTED_EDGE('',*,*,#2944,.F.);
#1283=ORIENTED_EDGE('',*,*,#2839,.T.);
#1284=ORIENTED_EDGE('',*,*,#2945,.F.);
#1285=ORIENTED_EDGE('',*,*,#2946,.F.);
#1286=ORIENTED_EDGE('',*,*,#2947,.T.);
#1287=ORIENTED_EDGE('',*,*,#2854,.T.);
#1288=ORIENTED_EDGE('',*,*,#2948,.F.);
#1289=ORIENTED_EDGE('',*,*,#2843,.F.);
#1290=ORIENTED_EDGE('',*,*,#2841,.T.);
#1291=ORIENTED_EDGE('',*,*,#2855,.F.);
#1292=ORIENTED_EDGE('',*,*,#2947,.F.);
#1293=ORIENTED_EDGE('',*,*,#2949,.T.);
#1294=ORIENTED_EDGE('',*,*,#2950,.F.);
#1295=ORIENTED_EDGE('',*,*,#2847,.F.);
#1296=ORIENTED_EDGE('',*,*,#2951,.F.);
#1297=ORIENTED_EDGE('',*,*,#2952,.F.);
#1298=ORIENTED_EDGE('',*,*,#2848,.F.);
#1299=ORIENTED_EDGE('',*,*,#2950,.T.);
#1300=ORIENTED_EDGE('',*,*,#2853,.T.);
#1301=ORIENTED_EDGE('',*,*,#2852,.T.);
#1302=ORIENTED_EDGE('',*,*,#2849,.T.);
#1303=ORIENTED_EDGE('',*,*,#2845,.T.);
#1304=ORIENTED_EDGE('',*,*,#2952,.T.);
#1305=ORIENTED_EDGE('',*,*,#2953,.F.);
#1306=ORIENTED_EDGE('',*,*,#2948,.T.);
#1307=ORIENTED_EDGE('',*,*,#2859,.F.);
#1308=ORIENTED_EDGE('',*,*,#2857,.T.);
#1309=ORIENTED_EDGE('',*,*,#2871,.F.);
#1310=ORIENTED_EDGE('',*,*,#2954,.F.);
#1311=ORIENTED_EDGE('',*,*,#2955,.T.);
#1312=ORIENTED_EDGE('',*,*,#2956,.F.);
#1313=ORIENTED_EDGE('',*,*,#2863,.F.);
#1314=ORIENTED_EDGE('',*,*,#2957,.F.);
#1315=ORIENTED_EDGE('',*,*,#2958,.F.);
#1316=ORIENTED_EDGE('',*,*,#2864,.F.);
#1317=ORIENTED_EDGE('',*,*,#2956,.T.);
#1318=ORIENTED_EDGE('',*,*,#2869,.T.);
#1319=ORIENTED_EDGE('',*,*,#2868,.T.);
#1320=ORIENTED_EDGE('',*,*,#2865,.T.);
#1321=ORIENTED_EDGE('',*,*,#2861,.T.);
#1322=ORIENTED_EDGE('',*,*,#2958,.T.);
#1323=ORIENTED_EDGE('',*,*,#2959,.F.);
#1324=ORIENTED_EDGE('',*,*,#2960,.T.);
#1325=ORIENTED_EDGE('',*,*,#2961,.F.);
#1326=ORIENTED_EDGE('',*,*,#2954,.T.);
#1327=ORIENTED_EDGE('',*,*,#2870,.T.);
#1328=ORIENTED_EDGE('',*,*,#2960,.F.);
#1329=ORIENTED_EDGE('',*,*,#2875,.F.);
#1330=ORIENTED_EDGE('',*,*,#2873,.T.);
#1331=ORIENTED_EDGE('',*,*,#2887,.F.);
#1332=ORIENTED_EDGE('',*,*,#2962,.F.);
#1333=ORIENTED_EDGE('',*,*,#2963,.T.);
#1334=ORIENTED_EDGE('',*,*,#2964,.F.);
#1335=ORIENTED_EDGE('',*,*,#2879,.F.);
#1336=ORIENTED_EDGE('',*,*,#2965,.F.);
#1337=ORIENTED_EDGE('',*,*,#2966,.F.);
#1338=ORIENTED_EDGE('',*,*,#2880,.F.);
#1339=ORIENTED_EDGE('',*,*,#2964,.T.);
#1340=ORIENTED_EDGE('',*,*,#2885,.T.);
#1341=ORIENTED_EDGE('',*,*,#2884,.T.);
#1342=ORIENTED_EDGE('',*,*,#2881,.T.);
#1343=ORIENTED_EDGE('',*,*,#2877,.T.);
#1344=ORIENTED_EDGE('',*,*,#2966,.T.);
#1345=ORIENTED_EDGE('',*,*,#2967,.F.);
#1346=ORIENTED_EDGE('',*,*,#2968,.T.);
#1347=ORIENTED_EDGE('',*,*,#2969,.F.);
#1348=ORIENTED_EDGE('',*,*,#2962,.T.);
#1349=ORIENTED_EDGE('',*,*,#2886,.T.);
#1350=ORIENTED_EDGE('',*,*,#2968,.F.);
#1351=ORIENTED_EDGE('',*,*,#2970,.F.);
#1352=ORIENTED_EDGE('',*,*,#2971,.F.);
#1353=ORIENTED_EDGE('',*,*,#2972,.T.);
#1354=ORIENTED_EDGE('',*,*,#2931,.T.);
#1355=ORIENTED_EDGE('',*,*,#2972,.F.);
#1356=ORIENTED_EDGE('',*,*,#2973,.F.);
#1357=ORIENTED_EDGE('',*,*,#2974,.F.);
#1358=ORIENTED_EDGE('',*,*,#2975,.F.);
#1359=ORIENTED_EDGE('',*,*,#2976,.F.);
#1360=ORIENTED_EDGE('',*,*,#2922,.F.);
#1361=ORIENTED_EDGE('',*,*,#2977,.T.);
#1362=ORIENTED_EDGE('',*,*,#2926,.F.);
#1363=ORIENTED_EDGE('',*,*,#2978,.T.);
#1364=ORIENTED_EDGE('',*,*,#2928,.F.);
#1365=ORIENTED_EDGE('',*,*,#2979,.F.);
#1366=ORIENTED_EDGE('',*,*,#2923,.F.);
#1367=ORIENTED_EDGE('',*,*,#2976,.T.);
#1368=ORIENTED_EDGE('',*,*,#2980,.T.);
#1369=ORIENTED_EDGE('',*,*,#2981,.T.);
#1370=ORIENTED_EDGE('',*,*,#2982,.T.);
#1371=ORIENTED_EDGE('',*,*,#2983,.F.);
#1372=ORIENTED_EDGE('',*,*,#2894,.T.);
#1373=ORIENTED_EDGE('',*,*,#2897,.T.);
#1374=ORIENTED_EDGE('',*,*,#2892,.T.);
#1375=ORIENTED_EDGE('',*,*,#2888,.T.);
#1376=ORIENTED_EDGE('',*,*,#2895,.T.);
#1377=ORIENTED_EDGE('',*,*,#2983,.T.);
#1378=ORIENTED_EDGE('',*,*,#2984,.F.);
#1379=ORIENTED_EDGE('',*,*,#2985,.T.);
#1380=ORIENTED_EDGE('',*,*,#2985,.F.);
#1381=ORIENTED_EDGE('',*,*,#2986,.T.);
#1382=ORIENTED_EDGE('',*,*,#2987,.T.);
#1383=ORIENTED_EDGE('',*,*,#2898,.F.);
#1384=ORIENTED_EDGE('',*,*,#2903,.F.);
#1385=ORIENTED_EDGE('',*,*,#2901,.T.);
#1386=ORIENTED_EDGE('',*,*,#2899,.F.);
#1387=ORIENTED_EDGE('',*,*,#2987,.F.);
#1388=ORIENTED_EDGE('',*,*,#2988,.T.);
#1389=ORIENTED_EDGE('',*,*,#2981,.F.);
#1390=ORIENTED_EDGE('',*,*,#2893,.F.);
#1391=ORIENTED_EDGE('',*,*,#2989,.T.);
#1392=ORIENTED_EDGE('',*,*,#2990,.T.);
#1393=ORIENTED_EDGE('',*,*,#2991,.F.);
#1394=ORIENTED_EDGE('',*,*,#2910,.T.);
#1395=ORIENTED_EDGE('',*,*,#2913,.T.);
#1396=ORIENTED_EDGE('',*,*,#2908,.T.);
#1397=ORIENTED_EDGE('',*,*,#2904,.T.);
#1398=ORIENTED_EDGE('',*,*,#2911,.T.);
#1399=ORIENTED_EDGE('',*,*,#2991,.T.);
#1400=ORIENTED_EDGE('',*,*,#2992,.F.);
#1401=ORIENTED_EDGE('',*,*,#2993,.T.);
#1402=ORIENTED_EDGE('',*,*,#2993,.F.);
#1403=ORIENTED_EDGE('',*,*,#2994,.T.);
#1404=ORIENTED_EDGE('',*,*,#2995,.T.);
#1405=ORIENTED_EDGE('',*,*,#2914,.F.);
#1406=ORIENTED_EDGE('',*,*,#2919,.F.);
#1407=ORIENTED_EDGE('',*,*,#2917,.T.);
#1408=ORIENTED_EDGE('',*,*,#2915,.F.);
#1409=ORIENTED_EDGE('',*,*,#2995,.F.);
#1410=ORIENTED_EDGE('',*,*,#2996,.T.);
#1411=ORIENTED_EDGE('',*,*,#2989,.F.);
#1412=ORIENTED_EDGE('',*,*,#2909,.F.);
#1413=ORIENTED_EDGE('',*,*,#2997,.F.);
#1414=ORIENTED_EDGE('',*,*,#2998,.F.);
#1415=ORIENTED_EDGE('',*,*,#2999,.T.);
#1416=ORIENTED_EDGE('',*,*,#2943,.T.);
#1417=ORIENTED_EDGE('',*,*,#2999,.F.);
#1418=ORIENTED_EDGE('',*,*,#3000,.F.);
#1419=ORIENTED_EDGE('',*,*,#3001,.F.);
#1420=ORIENTED_EDGE('',*,*,#3002,.F.);
#1421=ORIENTED_EDGE('',*,*,#3003,.F.);
#1422=ORIENTED_EDGE('',*,*,#2934,.F.);
#1423=ORIENTED_EDGE('',*,*,#3004,.T.);
#1424=ORIENTED_EDGE('',*,*,#2938,.F.);
#1425=ORIENTED_EDGE('',*,*,#3005,.T.);
#1426=ORIENTED_EDGE('',*,*,#2940,.F.);
#1427=ORIENTED_EDGE('',*,*,#3006,.F.);
#1428=ORIENTED_EDGE('',*,*,#2935,.F.);
#1429=ORIENTED_EDGE('',*,*,#3003,.T.);
#1430=ORIENTED_EDGE('',*,*,#3007,.T.);
#1431=ORIENTED_EDGE('',*,*,#2945,.T.);
#1432=ORIENTED_EDGE('',*,*,#2944,.T.);
#1433=ORIENTED_EDGE('',*,*,#2930,.T.);
#1434=ORIENTED_EDGE('',*,*,#3008,.T.);
#1435=ORIENTED_EDGE('',*,*,#2924,.T.);
#1436=ORIENTED_EDGE('',*,*,#3009,.T.);
#1437=ORIENTED_EDGE('',*,*,#2920,.T.);
#1438=ORIENTED_EDGE('',*,*,#2979,.T.);
#1439=ORIENTED_EDGE('',*,*,#3010,.T.);
#1440=ORIENTED_EDGE('',*,*,#2502,.T.);
#1441=ORIENTED_EDGE('',*,*,#3011,.T.);
#1442=ORIENTED_EDGE('',*,*,#3012,.T.);
#1443=ORIENTED_EDGE('',*,*,#3013,.T.);
#1444=ORIENTED_EDGE('',*,*,#3014,.T.);
#1445=ORIENTED_EDGE('',*,*,#3015,.T.);
#1446=ORIENTED_EDGE('',*,*,#2522,.T.);
#1447=ORIENTED_EDGE('',*,*,#3016,.T.);
#1448=ORIENTED_EDGE('',*,*,#2997,.T.);
#1449=ORIENTED_EDGE('',*,*,#2942,.T.);
#1450=ORIENTED_EDGE('',*,*,#3017,.T.);
#1451=ORIENTED_EDGE('',*,*,#2936,.T.);
#1452=ORIENTED_EDGE('',*,*,#3018,.T.);
#1453=ORIENTED_EDGE('',*,*,#2932,.T.);
#1454=ORIENTED_EDGE('',*,*,#3006,.T.);
#1455=ORIENTED_EDGE('',*,*,#3019,.T.);
#1456=ORIENTED_EDGE('',*,*,#2468,.T.);
#1457=ORIENTED_EDGE('',*,*,#3020,.T.);
#1458=ORIENTED_EDGE('',*,*,#3021,.T.);
#1459=ORIENTED_EDGE('',*,*,#3022,.T.);
#1460=ORIENTED_EDGE('',*,*,#3023,.T.);
#1461=ORIENTED_EDGE('',*,*,#3024,.T.);
#1462=ORIENTED_EDGE('',*,*,#2488,.T.);
#1463=ORIENTED_EDGE('',*,*,#3025,.T.);
#1464=ORIENTED_EDGE('',*,*,#2970,.T.);
#1465=ORIENTED_EDGE('',*,*,#2470,.F.);
#1466=ORIENTED_EDGE('',*,*,#3026,.F.);
#1467=ORIENTED_EDGE('',*,*,#3020,.F.);
#1468=ORIENTED_EDGE('',*,*,#2467,.T.);
#1469=ORIENTED_EDGE('',*,*,#2474,.F.);
#1470=ORIENTED_EDGE('',*,*,#3027,.F.);
#1471=ORIENTED_EDGE('',*,*,#3021,.F.);
#1472=ORIENTED_EDGE('',*,*,#3026,.T.);
#1473=ORIENTED_EDGE('',*,*,#2477,.F.);
#1474=ORIENTED_EDGE('',*,*,#3028,.F.);
#1475=ORIENTED_EDGE('',*,*,#3022,.F.);
#1476=ORIENTED_EDGE('',*,*,#3027,.T.);
#1477=ORIENTED_EDGE('',*,*,#2969,.T.);
#1478=ORIENTED_EDGE('',*,*,#2967,.T.);
#1479=ORIENTED_EDGE('',*,*,#2965,.T.);
#1480=ORIENTED_EDGE('',*,*,#2963,.F.);
#1481=ORIENTED_EDGE('',*,*,#2961,.T.);
#1482=ORIENTED_EDGE('',*,*,#2959,.T.);
#1483=ORIENTED_EDGE('',*,*,#2957,.T.);
#1484=ORIENTED_EDGE('',*,*,#2955,.F.);
#1485=ORIENTED_EDGE('',*,*,#2953,.T.);
#1486=ORIENTED_EDGE('',*,*,#2951,.T.);
#1487=ORIENTED_EDGE('',*,*,#2949,.F.);
#1488=ORIENTED_EDGE('',*,*,#2946,.T.);
#1489=ORIENTED_EDGE('',*,*,#2480,.F.);
#1490=ORIENTED_EDGE('',*,*,#3029,.F.);
#1491=ORIENTED_EDGE('',*,*,#3023,.F.);
#1492=ORIENTED_EDGE('',*,*,#3028,.T.);
#1493=ORIENTED_EDGE('',*,*,#2483,.F.);
#1494=ORIENTED_EDGE('',*,*,#2485,.T.);
#1495=ORIENTED_EDGE('',*,*,#3024,.F.);
#1496=ORIENTED_EDGE('',*,*,#3029,.T.);
#1497=ORIENTED_EDGE('',*,*,#2490,.F.);
#1498=ORIENTED_EDGE('',*,*,#3030,.F.);
#1499=ORIENTED_EDGE('',*,*,#2973,.T.);
#1500=ORIENTED_EDGE('',*,*,#2971,.T.);
#1501=ORIENTED_EDGE('',*,*,#3025,.F.);
#1502=ORIENTED_EDGE('',*,*,#2487,.T.);
#1503=ORIENTED_EDGE('',*,*,#2494,.F.);
#1504=ORIENTED_EDGE('',*,*,#3031,.F.);
#1505=ORIENTED_EDGE('',*,*,#2974,.T.);
#1506=ORIENTED_EDGE('',*,*,#3030,.T.);
#1507=ORIENTED_EDGE('',*,*,#2497,.F.);
#1508=ORIENTED_EDGE('',*,*,#2499,.T.);
#1509=ORIENTED_EDGE('',*,*,#3010,.F.);
#1510=ORIENTED_EDGE('',*,*,#2980,.F.);
#1511=ORIENTED_EDGE('',*,*,#2975,.T.);
#1512=ORIENTED_EDGE('',*,*,#3031,.T.);
#1513=ORIENTED_EDGE('',*,*,#2504,.F.);
#1514=ORIENTED_EDGE('',*,*,#3032,.F.);
#1515=ORIENTED_EDGE('',*,*,#3011,.F.);
#1516=ORIENTED_EDGE('',*,*,#2501,.T.);
#1517=ORIENTED_EDGE('',*,*,#2508,.F.);
#1518=ORIENTED_EDGE('',*,*,#3033,.F.);
#1519=ORIENTED_EDGE('',*,*,#3012,.F.);
#1520=ORIENTED_EDGE('',*,*,#3032,.T.);
#1521=ORIENTED_EDGE('',*,*,#2511,.F.);
#1522=ORIENTED_EDGE('',*,*,#3034,.F.);
#1523=ORIENTED_EDGE('',*,*,#3013,.F.);
#1524=ORIENTED_EDGE('',*,*,#3033,.T.);
#1525=ORIENTED_EDGE('',*,*,#2996,.F.);
#1526=ORIENTED_EDGE('',*,*,#2994,.F.);
#1527=ORIENTED_EDGE('',*,*,#2992,.T.);
#1528=ORIENTED_EDGE('',*,*,#2990,.F.);
#1529=ORIENTED_EDGE('',*,*,#2988,.F.);
#1530=ORIENTED_EDGE('',*,*,#2986,.F.);
#1531=ORIENTED_EDGE('',*,*,#2984,.T.);
#1532=ORIENTED_EDGE('',*,*,#2982,.F.);
#1533=ORIENTED_EDGE('',*,*,#2514,.F.);
#1534=ORIENTED_EDGE('',*,*,#3035,.F.);
#1535=ORIENTED_EDGE('',*,*,#3014,.F.);
#1536=ORIENTED_EDGE('',*,*,#3034,.T.);
#1537=ORIENTED_EDGE('',*,*,#2517,.F.);
#1538=ORIENTED_EDGE('',*,*,#2519,.T.);
#1539=ORIENTED_EDGE('',*,*,#3015,.F.);
#1540=ORIENTED_EDGE('',*,*,#3035,.T.);
#1541=ORIENTED_EDGE('',*,*,#2524,.F.);
#1542=ORIENTED_EDGE('',*,*,#3036,.F.);
#1543=ORIENTED_EDGE('',*,*,#3000,.T.);
#1544=ORIENTED_EDGE('',*,*,#2998,.T.);
#1545=ORIENTED_EDGE('',*,*,#3016,.F.);
#1546=ORIENTED_EDGE('',*,*,#2521,.T.);
#1547=ORIENTED_EDGE('',*,*,#2527,.F.);
#1548=ORIENTED_EDGE('',*,*,#3037,.F.);
#1549=ORIENTED_EDGE('',*,*,#3001,.T.);
#1550=ORIENTED_EDGE('',*,*,#3036,.T.);
#1551=ORIENTED_EDGE('',*,*,#2462,.F.);
#1552=ORIENTED_EDGE('',*,*,#2465,.T.);
#1553=ORIENTED_EDGE('',*,*,#3019,.F.);
#1554=ORIENTED_EDGE('',*,*,#3007,.F.);
#1555=ORIENTED_EDGE('',*,*,#3002,.T.);
#1556=ORIENTED_EDGE('',*,*,#3037,.T.);
#1557=ORIENTED_EDGE('',*,*,#2708,.T.);
#1558=ORIENTED_EDGE('',*,*,#2704,.T.);
#1559=ORIENTED_EDGE('',*,*,#2726,.T.);
#1560=ORIENTED_EDGE('',*,*,#2723,.T.);
#1561=ORIENTED_EDGE('',*,*,#2720,.T.);
#1562=ORIENTED_EDGE('',*,*,#2717,.T.);
#1563=ORIENTED_EDGE('',*,*,#2714,.T.);
#1564=ORIENTED_EDGE('',*,*,#2711,.T.);
#1565=ORIENTED_EDGE('',*,*,#2506,.F.);
#1566=ORIENTED_EDGE('',*,*,#3038,.T.);
#1567=ORIENTED_EDGE('',*,*,#2498,.F.);
#1568=ORIENTED_EDGE('',*,*,#2495,.F.);
#1569=ORIENTED_EDGE('',*,*,#2492,.F.);
#1570=ORIENTED_EDGE('',*,*,#3039,.T.);
#1571=ORIENTED_EDGE('',*,*,#2484,.F.);
#1572=ORIENTED_EDGE('',*,*,#2481,.F.);
#1573=ORIENTED_EDGE('',*,*,#2478,.F.);
#1574=ORIENTED_EDGE('',*,*,#2475,.F.);
#1575=ORIENTED_EDGE('',*,*,#2472,.F.);
#1576=ORIENTED_EDGE('',*,*,#3040,.T.);
#1577=ORIENTED_EDGE('',*,*,#2464,.F.);
#1578=ORIENTED_EDGE('',*,*,#2528,.F.);
#1579=ORIENTED_EDGE('',*,*,#2526,.F.);
#1580=ORIENTED_EDGE('',*,*,#3041,.T.);
#1581=ORIENTED_EDGE('',*,*,#2518,.F.);
#1582=ORIENTED_EDGE('',*,*,#2515,.F.);
#1583=ORIENTED_EDGE('',*,*,#2512,.F.);
#1584=ORIENTED_EDGE('',*,*,#2509,.F.);
#1585=ORIENTED_EDGE('',*,*,#2548,.T.);
#1586=ORIENTED_EDGE('',*,*,#3042,.T.);
#1587=ORIENTED_EDGE('',*,*,#2605,.T.);
#1588=ORIENTED_EDGE('',*,*,#2678,.T.);
#1589=ORIENTED_EDGE('',*,*,#2547,.T.);
#1590=ORIENTED_EDGE('',*,*,#2693,.T.);
#1591=ORIENTED_EDGE('',*,*,#2606,.T.);
#1592=ORIENTED_EDGE('',*,*,#3042,.F.);
#1593=ORIENTED_EDGE('',*,*,#2537,.T.);
#1594=ORIENTED_EDGE('',*,*,#3043,.T.);
#1595=ORIENTED_EDGE('',*,*,#2562,.T.);
#1596=ORIENTED_EDGE('',*,*,#2645,.T.);
#1597=ORIENTED_EDGE('',*,*,#2591,.T.);
#1598=ORIENTED_EDGE('',*,*,#2649,.T.);
#1599=ORIENTED_EDGE('',*,*,#2616,.T.);
#1600=ORIENTED_EDGE('',*,*,#2533,.T.);
#1601=ORIENTED_EDGE('',*,*,#2564,.T.);
#1602=ORIENTED_EDGE('',*,*,#3044,.F.);
#1603=ORIENTED_EDGE('',*,*,#2589,.T.);
#1604=ORIENTED_EDGE('',*,*,#2647,.T.);
#1605=ORIENTED_EDGE('',*,*,#2618,.T.);
#1606=ORIENTED_EDGE('',*,*,#2650,.T.);
#1607=ORIENTED_EDGE('',*,*,#2643,.T.);
#1608=ORIENTED_EDGE('',*,*,#2529,.T.);
#1609=ORIENTED_EDGE('',*,*,#2702,.T.);
#1610=ORIENTED_EDGE('',*,*,#3044,.T.);
#1611=ORIENTED_EDGE('',*,*,#2703,.T.);
#1612=ORIENTED_EDGE('',*,*,#3043,.F.);
#1613=ORIENTED_EDGE('',*,*,#2486,.F.);
#1614=ORIENTED_EDGE('',*,*,#2482,.F.);
#1615=ORIENTED_EDGE('',*,*,#3039,.F.);
#1616=ORIENTED_EDGE('',*,*,#2491,.F.);
#1617=ORIENTED_EDGE('',*,*,#2466,.F.);
#1618=ORIENTED_EDGE('',*,*,#2461,.F.);
#1619=ORIENTED_EDGE('',*,*,#3040,.F.);
#1620=ORIENTED_EDGE('',*,*,#2471,.F.);
#1621=ORIENTED_EDGE('',*,*,#3004,.F.);
#1622=ORIENTED_EDGE('',*,*,#2933,.F.);
#1623=ORIENTED_EDGE('',*,*,#3018,.F.);
#1624=ORIENTED_EDGE('',*,*,#2939,.F.);
#1625=ORIENTED_EDGE('',*,*,#3005,.F.);
#1626=ORIENTED_EDGE('',*,*,#2937,.F.);
#1627=ORIENTED_EDGE('',*,*,#3017,.F.);
#1628=ORIENTED_EDGE('',*,*,#2941,.F.);
#1629=ORIENTED_EDGE('',*,*,#2520,.F.);
#1630=ORIENTED_EDGE('',*,*,#2516,.F.);
#1631=ORIENTED_EDGE('',*,*,#3041,.F.);
#1632=ORIENTED_EDGE('',*,*,#2525,.F.);
#1633=ORIENTED_EDGE('',*,*,#2500,.F.);
#1634=ORIENTED_EDGE('',*,*,#2496,.F.);
#1635=ORIENTED_EDGE('',*,*,#3038,.F.);
#1636=ORIENTED_EDGE('',*,*,#2505,.F.);
#1637=ORIENTED_EDGE('',*,*,#2977,.F.);
#1638=ORIENTED_EDGE('',*,*,#2921,.F.);
#1639=ORIENTED_EDGE('',*,*,#3009,.F.);
#1640=ORIENTED_EDGE('',*,*,#2927,.F.);
#1641=ORIENTED_EDGE('',*,*,#2978,.F.);
#1642=ORIENTED_EDGE('',*,*,#2925,.F.);
#1643=ORIENTED_EDGE('',*,*,#3008,.F.);
#1644=ORIENTED_EDGE('',*,*,#2929,.F.);
#1645=ORIENTED_EDGE('',*,*,#3045,.T.);
#1646=ORIENTED_EDGE('',*,*,#3046,.T.);
#1647=ORIENTED_EDGE('',*,*,#3047,.F.);
#1648=ORIENTED_EDGE('',*,*,#3048,.T.);
#1649=ORIENTED_EDGE('',*,*,#3049,.T.);
#1650=ORIENTED_EDGE('',*,*,#3050,.T.);
#1651=ORIENTED_EDGE('',*,*,#3051,.F.);
#1652=ORIENTED_EDGE('',*,*,#3052,.F.);
#1653=ORIENTED_EDGE('',*,*,#3053,.F.);
#1654=ORIENTED_EDGE('',*,*,#3054,.T.);
#1655=ORIENTED_EDGE('',*,*,#3055,.T.);
#1656=ORIENTED_EDGE('',*,*,#3056,.F.);
#1657=ORIENTED_EDGE('',*,*,#3057,.T.);
#1658=ORIENTED_EDGE('',*,*,#3058,.T.);
#1659=ORIENTED_EDGE('',*,*,#3059,.F.);
#1660=ORIENTED_EDGE('',*,*,#3060,.F.);
#1661=ORIENTED_EDGE('',*,*,#3061,.T.);
#1662=ORIENTED_EDGE('',*,*,#3062,.T.);
#1663=ORIENTED_EDGE('',*,*,#3063,.F.);
#1664=ORIENTED_EDGE('',*,*,#3064,.T.);
#1665=ORIENTED_EDGE('',*,*,#3065,.F.);
#1666=ORIENTED_EDGE('',*,*,#3066,.T.);
#1667=ORIENTED_EDGE('',*,*,#3067,.T.);
#1668=ORIENTED_EDGE('',*,*,#3068,.T.);
#1669=ORIENTED_EDGE('',*,*,#3059,.T.);
#1670=ORIENTED_EDGE('',*,*,#3069,.T.);
#1671=ORIENTED_EDGE('',*,*,#3070,.F.);
#1672=ORIENTED_EDGE('',*,*,#3071,.T.);
#1673=ORIENTED_EDGE('',*,*,#3072,.F.);
#1674=ORIENTED_EDGE('',*,*,#3073,.T.);
#1675=ORIENTED_EDGE('',*,*,#3074,.F.);
#1676=ORIENTED_EDGE('',*,*,#3075,.T.);
#1677=ORIENTED_EDGE('',*,*,#3076,.F.);
#1678=ORIENTED_EDGE('',*,*,#3077,.T.);
#1679=ORIENTED_EDGE('',*,*,#3053,.T.);
#1680=ORIENTED_EDGE('',*,*,#3078,.F.);
#1681=ORIENTED_EDGE('',*,*,#3079,.F.);
#1682=ORIENTED_EDGE('',*,*,#3080,.T.);
#1683=ORIENTED_EDGE('',*,*,#3081,.F.);
#1684=ORIENTED_EDGE('',*,*,#3082,.F.);
#1685=ORIENTED_EDGE('',*,*,#3051,.T.);
#1686=ORIENTED_EDGE('',*,*,#3083,.T.);
#1687=ORIENTED_EDGE('',*,*,#3084,.F.);
#1688=ORIENTED_EDGE('',*,*,#3085,.F.);
#1689=ORIENTED_EDGE('',*,*,#3086,.F.);
#1690=ORIENTED_EDGE('',*,*,#3087,.F.);
#1691=ORIENTED_EDGE('',*,*,#3088,.T.);
#1692=ORIENTED_EDGE('',*,*,#3049,.F.);
#1693=ORIENTED_EDGE('',*,*,#3089,.F.);
#1694=ORIENTED_EDGE('',*,*,#3090,.F.);
#1695=ORIENTED_EDGE('',*,*,#3063,.T.);
#1696=ORIENTED_EDGE('',*,*,#3091,.T.);
#1697=ORIENTED_EDGE('',*,*,#3087,.T.);
#1698=ORIENTED_EDGE('',*,*,#3092,.T.);
#1699=ORIENTED_EDGE('',*,*,#3093,.T.);
#1700=ORIENTED_EDGE('',*,*,#3094,.T.);
#1701=ORIENTED_EDGE('',*,*,#3095,.T.);
#1702=ORIENTED_EDGE('',*,*,#3096,.T.);
#1703=ORIENTED_EDGE('',*,*,#3084,.T.);
#1704=ORIENTED_EDGE('',*,*,#3097,.T.);
#1705=ORIENTED_EDGE('',*,*,#3098,.F.);
#1706=ORIENTED_EDGE('',*,*,#3099,.F.);
#1707=ORIENTED_EDGE('',*,*,#3100,.T.);
#1708=ORIENTED_EDGE('',*,*,#3101,.F.);
#1709=ORIENTED_EDGE('',*,*,#3102,.F.);
#1710=ORIENTED_EDGE('',*,*,#3103,.F.);
#1711=ORIENTED_EDGE('',*,*,#3104,.F.);
#1712=ORIENTED_EDGE('',*,*,#3105,.T.);
#1713=ORIENTED_EDGE('',*,*,#3106,.T.);
#1714=ORIENTED_EDGE('',*,*,#3107,.T.);
#1715=ORIENTED_EDGE('',*,*,#3108,.T.);
#1716=ORIENTED_EDGE('',*,*,#3109,.F.);
#1717=ORIENTED_EDGE('',*,*,#3110,.T.);
#1718=ORIENTED_EDGE('',*,*,#3111,.T.);
#1719=ORIENTED_EDGE('',*,*,#3047,.T.);
#1720=ORIENTED_EDGE('',*,*,#3112,.T.);
#1721=ORIENTED_EDGE('',*,*,#3113,.T.);
#1722=ORIENTED_EDGE('',*,*,#3114,.T.);
#1723=ORIENTED_EDGE('',*,*,#3115,.T.);
#1724=ORIENTED_EDGE('',*,*,#3116,.T.);
#1725=ORIENTED_EDGE('',*,*,#3117,.T.);
#1726=ORIENTED_EDGE('',*,*,#3045,.F.);
#1727=ORIENTED_EDGE('',*,*,#3118,.T.);
#1728=ORIENTED_EDGE('',*,*,#3119,.T.);
#1729=ORIENTED_EDGE('',*,*,#3120,.F.);
#1730=ORIENTED_EDGE('',*,*,#3121,.T.);
#1731=ORIENTED_EDGE('',*,*,#3116,.F.);
#1732=ORIENTED_EDGE('',*,*,#3122,.F.);
#1733=ORIENTED_EDGE('',*,*,#3123,.F.);
#1734=ORIENTED_EDGE('',*,*,#3124,.F.);
#1735=ORIENTED_EDGE('',*,*,#3125,.F.);
#1736=ORIENTED_EDGE('',*,*,#3126,.F.);
#1737=ORIENTED_EDGE('',*,*,#3113,.F.);
#1738=ORIENTED_EDGE('',*,*,#3127,.T.);
#1739=ORIENTED_EDGE('',*,*,#3065,.T.);
#1740=ORIENTED_EDGE('',*,*,#3128,.T.);
#1741=ORIENTED_EDGE('',*,*,#3129,.T.);
#1742=ORIENTED_EDGE('',*,*,#3130,.F.);
#1743=ORIENTED_EDGE('',*,*,#3131,.T.);
#1744=ORIENTED_EDGE('',*,*,#3132,.T.);
#1745=ORIENTED_EDGE('',*,*,#3133,.T.);
#1746=ORIENTED_EDGE('',*,*,#3134,.T.);
#1747=ORIENTED_EDGE('',*,*,#3135,.F.);
#1748=ORIENTED_EDGE('',*,*,#3136,.F.);
#1749=ORIENTED_EDGE('',*,*,#3137,.F.);
#1750=ORIENTED_EDGE('',*,*,#3138,.F.);
#1751=ORIENTED_EDGE('',*,*,#3139,.T.);
#1752=ORIENTED_EDGE('',*,*,#3140,.F.);
#1753=ORIENTED_EDGE('',*,*,#3077,.F.);
#1754=ORIENTED_EDGE('',*,*,#3061,.F.);
#1755=ORIENTED_EDGE('',*,*,#3141,.F.);
#1756=ORIENTED_EDGE('',*,*,#3142,.T.);
#1757=ORIENTED_EDGE('',*,*,#3143,.T.);
#1758=ORIENTED_EDGE('',*,*,#3144,.F.);
#1759=ORIENTED_EDGE('',*,*,#3145,.F.);
#1760=ORIENTED_EDGE('',*,*,#3146,.F.);
#1761=ORIENTED_EDGE('',*,*,#3147,.T.);
#1762=ORIENTED_EDGE('',*,*,#3148,.T.);
#1763=ORIENTED_EDGE('',*,*,#3149,.T.);
#1764=ORIENTED_EDGE('',*,*,#3150,.T.);
#1765=ORIENTED_EDGE('',*,*,#3151,.T.);
#1766=ORIENTED_EDGE('',*,*,#3152,.F.);
#1767=ORIENTED_EDGE('',*,*,#3153,.T.);
#1768=ORIENTED_EDGE('',*,*,#3154,.T.);
#1769=ORIENTED_EDGE('',*,*,#3091,.F.);
#1770=ORIENTED_EDGE('',*,*,#3155,.T.);
#1771=ORIENTED_EDGE('',*,*,#3156,.T.);
#1772=ORIENTED_EDGE('',*,*,#3157,.F.);
#1773=ORIENTED_EDGE('',*,*,#3158,.F.);
#1774=ORIENTED_EDGE('',*,*,#3159,.F.);
#1775=ORIENTED_EDGE('',*,*,#3160,.T.);
#1776=ORIENTED_EDGE('',*,*,#3161,.T.);
#1777=ORIENTED_EDGE('',*,*,#3162,.F.);
#1778=ORIENTED_EDGE('',*,*,#3163,.T.);
#1779=ORIENTED_EDGE('',*,*,#3164,.F.);
#1780=ORIENTED_EDGE('',*,*,#3055,.F.);
#1781=ORIENTED_EDGE('',*,*,#3097,.F.);
#1782=ORIENTED_EDGE('',*,*,#3165,.T.);
#1783=ORIENTED_EDGE('',*,*,#3166,.T.);
#1784=ORIENTED_EDGE('',*,*,#3167,.T.);
#1785=ORIENTED_EDGE('',*,*,#3168,.F.);
#1786=ORIENTED_EDGE('',*,*,#3118,.F.);
#1787=ORIENTED_EDGE('',*,*,#3048,.F.);
#1788=ORIENTED_EDGE('',*,*,#3115,.F.);
#1789=ORIENTED_EDGE('',*,*,#3169,.F.);
#1790=ORIENTED_EDGE('',*,*,#3170,.F.);
#1791=ORIENTED_EDGE('',*,*,#3171,.F.);
#1792=ORIENTED_EDGE('',*,*,#3172,.F.);
#1793=ORIENTED_EDGE('',*,*,#3112,.F.);
#1794=ORIENTED_EDGE('',*,*,#3173,.T.);
#1795=ORIENTED_EDGE('',*,*,#3174,.T.);
#1796=ORIENTED_EDGE('',*,*,#3114,.F.);
#1797=ORIENTED_EDGE('',*,*,#3126,.T.);
#1798=ORIENTED_EDGE('',*,*,#3175,.T.);
#1799=ORIENTED_EDGE('',*,*,#3169,.T.);
#1800=ORIENTED_EDGE('',*,*,#3046,.F.);
#1801=ORIENTED_EDGE('',*,*,#3176,.T.);
#1802=ORIENTED_EDGE('',*,*,#3177,.T.);
#1803=ORIENTED_EDGE('',*,*,#3173,.F.);
#1804=ORIENTED_EDGE('',*,*,#3175,.F.);
#1805=ORIENTED_EDGE('',*,*,#3125,.T.);
#1806=ORIENTED_EDGE('',*,*,#3178,.T.);
#1807=ORIENTED_EDGE('',*,*,#3170,.T.);
#1808=ORIENTED_EDGE('',*,*,#3117,.F.);
#1809=ORIENTED_EDGE('',*,*,#3179,.T.);
#1810=ORIENTED_EDGE('',*,*,#3176,.F.);
#1811=ORIENTED_EDGE('',*,*,#3178,.F.);
#1812=ORIENTED_EDGE('',*,*,#3124,.T.);
#1813=ORIENTED_EDGE('',*,*,#3180,.T.);
#1814=ORIENTED_EDGE('',*,*,#3171,.T.);
#1815=ORIENTED_EDGE('',*,*,#3119,.F.);
#1816=ORIENTED_EDGE('',*,*,#3168,.T.);
#1817=ORIENTED_EDGE('',*,*,#3181,.T.);
#1818=ORIENTED_EDGE('',*,*,#3122,.T.);
#1819=ORIENTED_EDGE('',*,*,#3180,.F.);
#1820=ORIENTED_EDGE('',*,*,#3123,.T.);
#1821=ORIENTED_EDGE('',*,*,#3181,.F.);
#1822=ORIENTED_EDGE('',*,*,#3172,.T.);
#1823=ORIENTED_EDGE('',*,*,#3054,.F.);
#1824=ORIENTED_EDGE('',*,*,#3154,.F.);
#1825=ORIENTED_EDGE('',*,*,#3182,.F.);
#1826=ORIENTED_EDGE('',*,*,#3098,.T.);
#1827=ORIENTED_EDGE('',*,*,#3058,.F.);
#1828=ORIENTED_EDGE('',*,*,#3120,.T.);
#1829=ORIENTED_EDGE('',*,*,#3183,.F.);
#1830=ORIENTED_EDGE('',*,*,#3184,.F.);
#1831=ORIENTED_EDGE('',*,*,#3185,.F.);
#1832=ORIENTED_EDGE('',*,*,#3186,.T.);
#1833=ORIENTED_EDGE('',*,*,#3187,.F.);
#1834=ORIENTED_EDGE('',*,*,#3188,.F.);
#1835=ORIENTED_EDGE('',*,*,#3189,.F.);
#1836=ORIENTED_EDGE('',*,*,#3190,.T.);
#1837=ORIENTED_EDGE('',*,*,#3191,.F.);
#1838=ORIENTED_EDGE('',*,*,#3192,.T.);
#1839=ORIENTED_EDGE('',*,*,#3193,.F.);
#1840=ORIENTED_EDGE('',*,*,#3194,.F.);
#1841=ORIENTED_EDGE('',*,*,#3195,.T.);
#1842=ORIENTED_EDGE('',*,*,#3196,.T.);
#1843=ORIENTED_EDGE('',*,*,#3062,.F.);
#1844=ORIENTED_EDGE('',*,*,#3076,.T.);
#1845=ORIENTED_EDGE('',*,*,#3197,.T.);
#1846=ORIENTED_EDGE('',*,*,#3155,.F.);
#1847=ORIENTED_EDGE('',*,*,#3066,.F.);
#1848=ORIENTED_EDGE('',*,*,#3198,.F.);
#1849=ORIENTED_EDGE('',*,*,#3199,.T.);
#1850=ORIENTED_EDGE('',*,*,#3070,.T.);
#1851=ORIENTED_EDGE('',*,*,#3200,.F.);
#1852=ORIENTED_EDGE('',*,*,#3201,.T.);
#1853=ORIENTED_EDGE('',*,*,#3202,.T.);
#1854=ORIENTED_EDGE('',*,*,#3203,.F.);
#1855=ORIENTED_EDGE('',*,*,#3204,.T.);
#1856=ORIENTED_EDGE('',*,*,#3205,.T.);
#1857=ORIENTED_EDGE('',*,*,#3206,.T.);
#1858=ORIENTED_EDGE('',*,*,#3207,.T.);
#1859=ORIENTED_EDGE('',*,*,#3208,.F.);
#1860=ORIENTED_EDGE('',*,*,#3209,.F.);
#1861=ORIENTED_EDGE('',*,*,#3210,.T.);
#1862=ORIENTED_EDGE('',*,*,#3211,.T.);
#1863=ORIENTED_EDGE('',*,*,#3121,.F.);
#1864=ORIENTED_EDGE('',*,*,#3057,.F.);
#1865=ORIENTED_EDGE('',*,*,#3212,.F.);
#1866=ORIENTED_EDGE('',*,*,#3213,.F.);
#1867=ORIENTED_EDGE('',*,*,#3214,.F.);
#1868=ORIENTED_EDGE('',*,*,#3215,.F.);
#1869=ORIENTED_EDGE('',*,*,#3216,.T.);
#1870=ORIENTED_EDGE('',*,*,#3217,.T.);
#1871=ORIENTED_EDGE('',*,*,#3218,.F.);
#1872=ORIENTED_EDGE('',*,*,#3219,.T.);
#1873=ORIENTED_EDGE('',*,*,#3220,.T.);
#1874=ORIENTED_EDGE('',*,*,#3198,.T.);
#1875=ORIENTED_EDGE('',*,*,#3127,.F.);
#1876=ORIENTED_EDGE('',*,*,#3174,.F.);
#1877=ORIENTED_EDGE('',*,*,#3177,.F.);
#1878=ORIENTED_EDGE('',*,*,#3179,.F.);
#1879=ORIENTED_EDGE('',*,*,#3069,.F.);
#1880=ORIENTED_EDGE('',*,*,#3184,.T.);
#1881=ORIENTED_EDGE('',*,*,#3221,.T.);
#1882=ORIENTED_EDGE('',*,*,#3222,.T.);
#1883=ORIENTED_EDGE('',*,*,#3223,.T.);
#1884=ORIENTED_EDGE('',*,*,#3224,.T.);
#1885=ORIENTED_EDGE('',*,*,#3225,.T.);
#1886=ORIENTED_EDGE('',*,*,#3226,.T.);
#1887=ORIENTED_EDGE('',*,*,#3227,.T.);
#1888=ORIENTED_EDGE('',*,*,#3228,.F.);
#1889=ORIENTED_EDGE('',*,*,#3229,.F.);
#1890=ORIENTED_EDGE('',*,*,#3230,.F.);
#1891=ORIENTED_EDGE('',*,*,#3231,.T.);
#1892=ORIENTED_EDGE('',*,*,#3232,.T.);
#1893=ORIENTED_EDGE('',*,*,#3233,.F.);
#1894=ORIENTED_EDGE('',*,*,#3067,.F.);
#1895=ORIENTED_EDGE('',*,*,#3234,.F.);
#1896=ORIENTED_EDGE('',*,*,#3235,.T.);
#1897=ORIENTED_EDGE('',*,*,#3236,.T.);
#1898=ORIENTED_EDGE('',*,*,#3237,.F.);
#1899=ORIENTED_EDGE('',*,*,#3238,.F.);
#1900=ORIENTED_EDGE('',*,*,#3239,.T.);
#1901=ORIENTED_EDGE('',*,*,#3240,.T.);
#1902=ORIENTED_EDGE('',*,*,#3241,.T.);
#1903=ORIENTED_EDGE('',*,*,#3242,.F.);
#1904=ORIENTED_EDGE('',*,*,#3243,.F.);
#1905=ORIENTED_EDGE('',*,*,#3244,.T.);
#1906=ORIENTED_EDGE('',*,*,#3245,.T.);
#1907=ORIENTED_EDGE('',*,*,#3102,.T.);
#1908=ORIENTED_EDGE('',*,*,#3246,.T.);
#1909=ORIENTED_EDGE('',*,*,#3150,.F.);
#1910=ORIENTED_EDGE('',*,*,#3247,.F.);
#1911=ORIENTED_EDGE('',*,*,#3224,.F.);
#1912=ORIENTED_EDGE('',*,*,#3248,.T.);
#1913=ORIENTED_EDGE('',*,*,#3137,.T.);
#1914=ORIENTED_EDGE('',*,*,#3249,.F.);
#1915=ORIENTED_EDGE('',*,*,#3250,.F.);
#1916=ORIENTED_EDGE('',*,*,#3071,.F.);
#1917=ORIENTED_EDGE('',*,*,#3199,.F.);
#1918=ORIENTED_EDGE('',*,*,#3220,.F.);
#1919=ORIENTED_EDGE('',*,*,#3251,.T.);
#1920=ORIENTED_EDGE('',*,*,#3252,.T.);
#1921=ORIENTED_EDGE('',*,*,#3253,.T.);
#1922=ORIENTED_EDGE('',*,*,#3254,.T.);
#1923=ORIENTED_EDGE('',*,*,#3255,.T.);
#1924=ORIENTED_EDGE('',*,*,#3256,.F.);
#1925=ORIENTED_EDGE('',*,*,#3257,.F.);
#1926=ORIENTED_EDGE('',*,*,#3156,.F.);
#1927=ORIENTED_EDGE('',*,*,#3197,.F.);
#1928=ORIENTED_EDGE('',*,*,#3082,.T.);
#1929=ORIENTED_EDGE('',*,*,#3258,.F.);
#1930=ORIENTED_EDGE('',*,*,#3259,.F.);
#1931=ORIENTED_EDGE('',*,*,#3260,.T.);
#1932=ORIENTED_EDGE('',*,*,#3261,.T.);
#1933=ORIENTED_EDGE('',*,*,#3214,.T.);
#1934=ORIENTED_EDGE('',*,*,#3262,.T.);
#1935=ORIENTED_EDGE('',*,*,#3263,.T.);
#1936=ORIENTED_EDGE('',*,*,#3264,.T.);
#1937=ORIENTED_EDGE('',*,*,#3265,.T.);
#1938=ORIENTED_EDGE('',*,*,#3266,.T.);
#1939=ORIENTED_EDGE('',*,*,#3267,.F.);
#1940=ORIENTED_EDGE('',*,*,#3268,.F.);
#1941=ORIENTED_EDGE('',*,*,#3162,.T.);
#1942=ORIENTED_EDGE('',*,*,#3269,.T.);
#1943=ORIENTED_EDGE('',*,*,#3270,.F.);
#1944=ORIENTED_EDGE('',*,*,#3271,.T.);
#1945=ORIENTED_EDGE('',*,*,#3272,.T.);
#1946=ORIENTED_EDGE('',*,*,#3273,.F.);
#1947=ORIENTED_EDGE('',*,*,#3274,.T.);
#1948=ORIENTED_EDGE('',*,*,#3275,.T.);
#1949=ORIENTED_EDGE('',*,*,#3276,.F.);
#1950=ORIENTED_EDGE('',*,*,#3277,.T.);
#1951=ORIENTED_EDGE('',*,*,#3254,.F.);
#1952=ORIENTED_EDGE('',*,*,#3278,.T.);
#1953=ORIENTED_EDGE('',*,*,#3279,.F.);
#1954=ORIENTED_EDGE('',*,*,#3280,.T.);
#1955=ORIENTED_EDGE('',*,*,#3256,.T.);
#1956=ORIENTED_EDGE('',*,*,#3281,.T.);
#1957=ORIENTED_EDGE('',*,*,#3282,.F.);
#1958=ORIENTED_EDGE('',*,*,#3283,.T.);
#1959=ORIENTED_EDGE('',*,*,#3157,.T.);
#1960=ORIENTED_EDGE('',*,*,#3257,.T.);
#1961=ORIENTED_EDGE('',*,*,#3283,.F.);
#1962=ORIENTED_EDGE('',*,*,#3284,.F.);
#1963=ORIENTED_EDGE('',*,*,#3285,.T.);
#1964=ORIENTED_EDGE('',*,*,#3286,.T.);
#1965=ORIENTED_EDGE('',*,*,#3252,.F.);
#1966=ORIENTED_EDGE('',*,*,#3287,.F.);
#1967=ORIENTED_EDGE('',*,*,#3251,.F.);
#1968=ORIENTED_EDGE('',*,*,#3219,.F.);
#1969=ORIENTED_EDGE('',*,*,#3288,.T.);
#1970=ORIENTED_EDGE('',*,*,#3287,.T.);
#1971=ORIENTED_EDGE('',*,*,#3289,.F.);
#1972=ORIENTED_EDGE('',*,*,#3290,.T.);
#1973=ORIENTED_EDGE('',*,*,#3265,.F.);
#1974=ORIENTED_EDGE('',*,*,#3291,.T.);
#1975=ORIENTED_EDGE('',*,*,#3292,.T.);
#1976=ORIENTED_EDGE('',*,*,#3293,.T.);
#1977=ORIENTED_EDGE('',*,*,#3158,.T.);
#1978=ORIENTED_EDGE('',*,*,#3284,.T.);
#1979=ORIENTED_EDGE('',*,*,#3282,.T.);
#1980=ORIENTED_EDGE('',*,*,#3294,.T.);
#1981=ORIENTED_EDGE('',*,*,#3279,.T.);
#1982=ORIENTED_EDGE('',*,*,#3295,.T.);
#1983=ORIENTED_EDGE('',*,*,#3285,.F.);
#1984=ORIENTED_EDGE('',*,*,#3288,.F.);
#1985=ORIENTED_EDGE('',*,*,#3218,.T.);
#1986=ORIENTED_EDGE('',*,*,#3296,.T.);
#1987=ORIENTED_EDGE('',*,*,#3297,.F.);
#1988=ORIENTED_EDGE('',*,*,#3298,.T.);
#1989=ORIENTED_EDGE('',*,*,#3263,.F.);
#1990=ORIENTED_EDGE('',*,*,#3299,.T.);
#1991=ORIENTED_EDGE('',*,*,#3300,.F.);
#1992=ORIENTED_EDGE('',*,*,#3299,.F.);
#1993=ORIENTED_EDGE('',*,*,#3262,.F.);
#1994=ORIENTED_EDGE('',*,*,#3213,.T.);
#1995=ORIENTED_EDGE('',*,*,#3267,.T.);
#1996=ORIENTED_EDGE('',*,*,#3301,.T.);
#1997=ORIENTED_EDGE('',*,*,#3302,.T.);
#1998=ORIENTED_EDGE('',*,*,#3303,.F.);
#1999=ORIENTED_EDGE('',*,*,#3303,.T.);
#2000=ORIENTED_EDGE('',*,*,#3304,.T.);
#2001=ORIENTED_EDGE('',*,*,#3163,.F.);
#2002=ORIENTED_EDGE('',*,*,#3268,.T.);
#2003=ORIENTED_EDGE('',*,*,#3305,.F.);
#2004=ORIENTED_EDGE('',*,*,#3306,.F.);
#2005=ORIENTED_EDGE('',*,*,#3307,.F.);
#2006=ORIENTED_EDGE('',*,*,#3078,.T.);
#2007=ORIENTED_EDGE('',*,*,#3056,.T.);
#2008=ORIENTED_EDGE('',*,*,#3164,.T.);
#2009=ORIENTED_EDGE('',*,*,#3304,.F.);
#2010=ORIENTED_EDGE('',*,*,#3302,.F.);
#2011=ORIENTED_EDGE('',*,*,#3308,.T.);
#2012=ORIENTED_EDGE('',*,*,#3289,.T.);
#2013=ORIENTED_EDGE('',*,*,#3309,.T.);
#2014=ORIENTED_EDGE('',*,*,#3297,.T.);
#2015=ORIENTED_EDGE('',*,*,#3300,.T.);
#2016=ORIENTED_EDGE('',*,*,#3212,.T.);
#2017=ORIENTED_EDGE('',*,*,#3060,.T.);
#2018=ORIENTED_EDGE('',*,*,#3075,.F.);
#2019=ORIENTED_EDGE('',*,*,#3310,.F.);
#2020=ORIENTED_EDGE('',*,*,#3311,.T.);
#2021=ORIENTED_EDGE('',*,*,#3312,.F.);
#2022=ORIENTED_EDGE('',*,*,#3313,.F.);
#2023=ORIENTED_EDGE('',*,*,#3314,.T.);
#2024=ORIENTED_EDGE('',*,*,#3315,.T.);
#2025=ORIENTED_EDGE('',*,*,#3316,.F.);
#2026=ORIENTED_EDGE('',*,*,#3317,.T.);
#2027=ORIENTED_EDGE('',*,*,#3318,.F.);
#2028=ORIENTED_EDGE('',*,*,#3319,.F.);
#2029=ORIENTED_EDGE('',*,*,#3320,.T.);
#2030=ORIENTED_EDGE('',*,*,#3321,.T.);
#2031=ORIENTED_EDGE('',*,*,#3276,.T.);
#2032=ORIENTED_EDGE('',*,*,#3322,.T.);
#2033=ORIENTED_EDGE('',*,*,#3146,.T.);
#2034=ORIENTED_EDGE('',*,*,#3323,.F.);
#2035=ORIENTED_EDGE('',*,*,#3106,.F.);
#2036=ORIENTED_EDGE('',*,*,#3324,.T.);
#2037=ORIENTED_EDGE('',*,*,#3325,.T.);
#2038=ORIENTED_EDGE('',*,*,#3326,.T.);
#2039=ORIENTED_EDGE('',*,*,#3323,.T.);
#2040=ORIENTED_EDGE('',*,*,#3145,.T.);
#2041=ORIENTED_EDGE('',*,*,#3327,.F.);
#2042=ORIENTED_EDGE('',*,*,#3107,.F.);
#2043=ORIENTED_EDGE('',*,*,#3328,.F.);
#2044=ORIENTED_EDGE('',*,*,#3108,.F.);
#2045=ORIENTED_EDGE('',*,*,#3327,.T.);
#2046=ORIENTED_EDGE('',*,*,#3144,.T.);
#2047=ORIENTED_EDGE('',*,*,#3148,.F.);
#2048=ORIENTED_EDGE('',*,*,#3329,.T.);
#2049=ORIENTED_EDGE('',*,*,#3274,.F.);
#2050=ORIENTED_EDGE('',*,*,#3330,.F.);
#2051=ORIENTED_EDGE('',*,*,#3331,.T.);
#2052=ORIENTED_EDGE('',*,*,#3332,.T.);
#2053=ORIENTED_EDGE('',*,*,#3104,.T.);
#2054=ORIENTED_EDGE('',*,*,#3333,.T.);
#2055=ORIENTED_EDGE('',*,*,#3103,.T.);
#2056=ORIENTED_EDGE('',*,*,#3247,.T.);
#2057=ORIENTED_EDGE('',*,*,#3149,.F.);
#2058=ORIENTED_EDGE('',*,*,#3333,.F.);
#2059=ORIENTED_EDGE('',*,*,#3334,.F.);
#2060=ORIENTED_EDGE('',*,*,#3230,.T.);
#2061=ORIENTED_EDGE('',*,*,#3335,.T.);
#2062=ORIENTED_EDGE('',*,*,#3131,.F.);
#2063=ORIENTED_EDGE('',*,*,#3335,.F.);
#2064=ORIENTED_EDGE('',*,*,#3229,.T.);
#2065=ORIENTED_EDGE('',*,*,#3336,.T.);
#2066=ORIENTED_EDGE('',*,*,#3132,.F.);
#2067=ORIENTED_EDGE('',*,*,#3228,.T.);
#2068=ORIENTED_EDGE('',*,*,#3337,.T.);
#2069=ORIENTED_EDGE('',*,*,#3270,.T.);
#2070=ORIENTED_EDGE('',*,*,#3338,.F.);
#2071=ORIENTED_EDGE('',*,*,#3339,.F.);
#2072=ORIENTED_EDGE('',*,*,#3340,.T.);
#2073=ORIENTED_EDGE('',*,*,#3133,.F.);
#2074=ORIENTED_EDGE('',*,*,#3336,.F.);
#2075=ORIENTED_EDGE('',*,*,#3136,.T.);
#2076=ORIENTED_EDGE('',*,*,#3341,.F.);
#2077=ORIENTED_EDGE('',*,*,#3225,.F.);
#2078=ORIENTED_EDGE('',*,*,#3249,.T.);
#2079=ORIENTED_EDGE('',*,*,#3272,.F.);
#2080=ORIENTED_EDGE('',*,*,#3342,.T.);
#2081=ORIENTED_EDGE('',*,*,#3226,.F.);
#2082=ORIENTED_EDGE('',*,*,#3341,.T.);
#2083=ORIENTED_EDGE('',*,*,#3135,.T.);
#2084=ORIENTED_EDGE('',*,*,#3343,.T.);
#2085=ORIENTED_EDGE('',*,*,#3344,.F.);
#2086=ORIENTED_EDGE('',*,*,#3345,.T.);
#2087=ORIENTED_EDGE('',*,*,#3264,.F.);
#2088=ORIENTED_EDGE('',*,*,#3298,.F.);
#2089=ORIENTED_EDGE('',*,*,#3309,.F.);
#2090=ORIENTED_EDGE('',*,*,#3291,.F.);
#2091=ORIENTED_EDGE('',*,*,#3294,.F.);
#2092=ORIENTED_EDGE('',*,*,#3281,.F.);
#2093=ORIENTED_EDGE('',*,*,#3255,.F.);
#2094=ORIENTED_EDGE('',*,*,#3280,.F.);
#2095=ORIENTED_EDGE('',*,*,#3295,.F.);
#2096=ORIENTED_EDGE('',*,*,#3278,.F.);
#2097=ORIENTED_EDGE('',*,*,#3253,.F.);
#2098=ORIENTED_EDGE('',*,*,#3286,.F.);
#2099=ORIENTED_EDGE('',*,*,#3266,.F.);
#2100=ORIENTED_EDGE('',*,*,#3290,.F.);
#2101=ORIENTED_EDGE('',*,*,#3308,.F.);
#2102=ORIENTED_EDGE('',*,*,#3301,.F.);
#2103=ORIENTED_EDGE('',*,*,#3296,.F.);
#2104=ORIENTED_EDGE('',*,*,#3217,.F.);
#2105=ORIENTED_EDGE('',*,*,#3346,.T.);
#2106=ORIENTED_EDGE('',*,*,#3072,.T.);
#2107=ORIENTED_EDGE('',*,*,#3250,.T.);
#2108=ORIENTED_EDGE('',*,*,#3347,.T.);
#2109=ORIENTED_EDGE('',*,*,#3292,.F.);
#2110=ORIENTED_EDGE('',*,*,#3347,.F.);
#2111=ORIENTED_EDGE('',*,*,#3259,.T.);
#2112=ORIENTED_EDGE('',*,*,#3348,.T.);
#2113=ORIENTED_EDGE('',*,*,#3293,.F.);
#2114=ORIENTED_EDGE('',*,*,#3348,.F.);
#2115=ORIENTED_EDGE('',*,*,#3258,.T.);
#2116=ORIENTED_EDGE('',*,*,#3081,.T.);
#2117=ORIENTED_EDGE('',*,*,#3349,.T.);
#2118=ORIENTED_EDGE('',*,*,#3159,.T.);
#2119=ORIENTED_EDGE('',*,*,#3269,.F.);
#2120=ORIENTED_EDGE('',*,*,#3161,.F.);
#2121=ORIENTED_EDGE('',*,*,#3350,.T.);
#2122=ORIENTED_EDGE('',*,*,#3079,.T.);
#2123=ORIENTED_EDGE('',*,*,#3307,.T.);
#2124=ORIENTED_EDGE('',*,*,#3351,.T.);
#2125=ORIENTED_EDGE('',*,*,#3260,.F.);
#2126=ORIENTED_EDGE('',*,*,#3351,.F.);
#2127=ORIENTED_EDGE('',*,*,#3306,.T.);
#2128=ORIENTED_EDGE('',*,*,#3352,.T.);
#2129=ORIENTED_EDGE('',*,*,#3261,.F.);
#2130=ORIENTED_EDGE('',*,*,#3352,.F.);
#2131=ORIENTED_EDGE('',*,*,#3305,.T.);
#2132=ORIENTED_EDGE('',*,*,#3074,.T.);
#2133=ORIENTED_EDGE('',*,*,#3353,.T.);
#2134=ORIENTED_EDGE('',*,*,#3215,.T.);
#2135=ORIENTED_EDGE('',*,*,#3346,.F.);
#2136=ORIENTED_EDGE('',*,*,#3216,.F.);
#2137=ORIENTED_EDGE('',*,*,#3353,.F.);
#2138=ORIENTED_EDGE('',*,*,#3073,.F.);
#2139=ORIENTED_EDGE('',*,*,#3350,.F.);
#2140=ORIENTED_EDGE('',*,*,#3160,.F.);
#2141=ORIENTED_EDGE('',*,*,#3349,.F.);
#2142=ORIENTED_EDGE('',*,*,#3080,.F.);
#2143=ORIENTED_EDGE('',*,*,#3242,.T.);
#2144=ORIENTED_EDGE('',*,*,#3354,.T.);
#2145=ORIENTED_EDGE('',*,*,#3191,.T.);
#2146=ORIENTED_EDGE('',*,*,#3355,.T.);
#2147=ORIENTED_EDGE('',*,*,#3356,.T.);
#2148=ORIENTED_EDGE('',*,*,#3357,.T.);
#2149=ORIENTED_EDGE('',*,*,#3358,.T.);
#2150=ORIENTED_EDGE('',*,*,#3359,.T.);
#2151=ORIENTED_EDGE('',*,*,#3208,.T.);
#2152=ORIENTED_EDGE('',*,*,#3360,.T.);
#2153=ORIENTED_EDGE('',*,*,#3316,.T.);
#2154=ORIENTED_EDGE('',*,*,#3361,.T.);
#2155=ORIENTED_EDGE('',*,*,#3362,.T.);
#2156=ORIENTED_EDGE('',*,*,#3363,.T.);
#2157=ORIENTED_EDGE('',*,*,#3364,.T.);
#2158=ORIENTED_EDGE('',*,*,#3365,.T.);
#2159=ORIENTED_EDGE('',*,*,#3187,.T.);
#2160=ORIENTED_EDGE('',*,*,#3366,.T.);
#2161=ORIENTED_EDGE('',*,*,#3234,.T.);
#2162=ORIENTED_EDGE('',*,*,#3367,.F.);
#2163=ORIENTED_EDGE('',*,*,#3368,.F.);
#2164=ORIENTED_EDGE('',*,*,#3369,.F.);
#2165=ORIENTED_EDGE('',*,*,#3370,.F.);
#2166=ORIENTED_EDGE('',*,*,#3371,.F.);
#2167=ORIENTED_EDGE('',*,*,#3312,.T.);
#2168=ORIENTED_EDGE('',*,*,#3372,.T.);
#2169=ORIENTED_EDGE('',*,*,#3200,.T.);
#2170=ORIENTED_EDGE('',*,*,#3373,.T.);
#2171=ORIENTED_EDGE('',*,*,#3374,.T.);
#2172=ORIENTED_EDGE('',*,*,#3375,.T.);
#2173=ORIENTED_EDGE('',*,*,#3376,.T.);
#2174=ORIENTED_EDGE('',*,*,#3377,.T.);
#2175=ORIENTED_EDGE('',*,*,#3111,.F.);
#2176=ORIENTED_EDGE('',*,*,#3378,.T.);
#2177=ORIENTED_EDGE('',*,*,#3310,.T.);
#2178=ORIENTED_EDGE('',*,*,#3379,.T.);
#2179=ORIENTED_EDGE('',*,*,#3141,.T.);
#2180=ORIENTED_EDGE('',*,*,#3064,.F.);
#2181=ORIENTED_EDGE('',*,*,#3236,.F.);
#2182=ORIENTED_EDGE('',*,*,#3380,.T.);
#2183=ORIENTED_EDGE('',*,*,#3099,.T.);
#2184=ORIENTED_EDGE('',*,*,#3182,.T.);
#2185=ORIENTED_EDGE('',*,*,#3153,.F.);
#2186=ORIENTED_EDGE('',*,*,#3381,.F.);
#2187=ORIENTED_EDGE('',*,*,#3101,.T.);
#2188=ORIENTED_EDGE('',*,*,#3382,.T.);
#2189=ORIENTED_EDGE('',*,*,#3185,.T.);
#2190=ORIENTED_EDGE('',*,*,#3383,.F.);
#2191=ORIENTED_EDGE('',*,*,#3151,.F.);
#2192=ORIENTED_EDGE('',*,*,#3246,.F.);
#2193=ORIENTED_EDGE('',*,*,#3202,.F.);
#2194=ORIENTED_EDGE('',*,*,#3384,.T.);
#2195=ORIENTED_EDGE('',*,*,#3109,.T.);
#2196=ORIENTED_EDGE('',*,*,#3328,.T.);
#2197=ORIENTED_EDGE('',*,*,#3143,.F.);
#2198=ORIENTED_EDGE('',*,*,#3385,.F.);
#2199=ORIENTED_EDGE('',*,*,#3318,.T.);
#2200=ORIENTED_EDGE('',*,*,#3386,.T.);
#2201=ORIENTED_EDGE('',*,*,#3128,.F.);
#2202=ORIENTED_EDGE('',*,*,#3068,.F.);
#2203=ORIENTED_EDGE('',*,*,#3233,.T.);
#2204=ORIENTED_EDGE('',*,*,#3387,.T.);
#2205=ORIENTED_EDGE('',*,*,#3140,.T.);
#2206=ORIENTED_EDGE('',*,*,#3388,.T.);
#2207=ORIENTED_EDGE('',*,*,#3240,.F.);
#2208=ORIENTED_EDGE('',*,*,#3389,.F.);
#2209=ORIENTED_EDGE('',*,*,#3221,.F.);
#2210=ORIENTED_EDGE('',*,*,#3183,.T.);
#2211=ORIENTED_EDGE('',*,*,#3193,.T.);
#2212=ORIENTED_EDGE('',*,*,#3390,.T.);
#2213=ORIENTED_EDGE('',*,*,#3138,.T.);
#2214=ORIENTED_EDGE('',*,*,#3248,.F.);
#2215=ORIENTED_EDGE('',*,*,#3223,.F.);
#2216=ORIENTED_EDGE('',*,*,#3391,.F.);
#2217=ORIENTED_EDGE('',*,*,#3130,.T.);
#2218=ORIENTED_EDGE('',*,*,#3392,.T.);
#2219=ORIENTED_EDGE('',*,*,#3206,.F.);
#2220=ORIENTED_EDGE('',*,*,#3393,.F.);
#2221=ORIENTED_EDGE('',*,*,#3231,.F.);
#2222=ORIENTED_EDGE('',*,*,#3334,.T.);
#2223=ORIENTED_EDGE('',*,*,#3394,.T.);
#2224=ORIENTED_EDGE('',*,*,#3395,.T.);
#2225=ORIENTED_EDGE('',*,*,#3396,.T.);
#2226=ORIENTED_EDGE('',*,*,#3397,.T.);
#2227=ORIENTED_EDGE('',*,*,#3398,.T.);
#2228=ORIENTED_EDGE('',*,*,#3089,.T.);
#2229=ORIENTED_EDGE('',*,*,#3052,.T.);
#2230=ORIENTED_EDGE('',*,*,#3086,.T.);
#2231=ORIENTED_EDGE('',*,*,#3088,.F.);
#2232=ORIENTED_EDGE('',*,*,#3167,.F.);
#2233=ORIENTED_EDGE('',*,*,#3399,.F.);
#2234=ORIENTED_EDGE('',*,*,#3090,.T.);
#2235=ORIENTED_EDGE('',*,*,#3398,.F.);
#2236=ORIENTED_EDGE('',*,*,#3400,.F.);
#2237=ORIENTED_EDGE('',*,*,#3092,.F.);
#2238=ORIENTED_EDGE('',*,*,#3050,.F.);
#2239=ORIENTED_EDGE('',*,*,#3399,.T.);
#2240=ORIENTED_EDGE('',*,*,#3166,.F.);
#2241=ORIENTED_EDGE('',*,*,#3401,.F.);
#2242=ORIENTED_EDGE('',*,*,#3400,.T.);
#2243=ORIENTED_EDGE('',*,*,#3397,.F.);
#2244=ORIENTED_EDGE('',*,*,#3402,.F.);
#2245=ORIENTED_EDGE('',*,*,#3093,.F.);
#2246=ORIENTED_EDGE('',*,*,#3083,.F.);
#2247=ORIENTED_EDGE('',*,*,#3401,.T.);
#2248=ORIENTED_EDGE('',*,*,#3165,.F.);
#2249=ORIENTED_EDGE('',*,*,#3402,.T.);
#2250=ORIENTED_EDGE('',*,*,#3396,.F.);
#2251=ORIENTED_EDGE('',*,*,#3403,.F.);
#2252=ORIENTED_EDGE('',*,*,#3094,.F.);
#2253=ORIENTED_EDGE('',*,*,#3085,.T.);
#2254=ORIENTED_EDGE('',*,*,#3096,.F.);
#2255=ORIENTED_EDGE('',*,*,#3404,.F.);
#2256=ORIENTED_EDGE('',*,*,#3394,.F.);
#2257=ORIENTED_EDGE('',*,*,#3403,.T.);
#2258=ORIENTED_EDGE('',*,*,#3395,.F.);
#2259=ORIENTED_EDGE('',*,*,#3404,.T.);
#2260=ORIENTED_EDGE('',*,*,#3095,.F.);
#2261=ORIENTED_EDGE('',*,*,#3344,.T.);
#2262=ORIENTED_EDGE('',*,*,#3405,.T.);
#2263=ORIENTED_EDGE('',*,*,#3339,.T.);
#2264=ORIENTED_EDGE('',*,*,#3406,.T.);
#2265=ORIENTED_EDGE('',*,*,#3273,.T.);
#2266=ORIENTED_EDGE('',*,*,#3345,.F.);
#2267=ORIENTED_EDGE('',*,*,#3406,.F.);
#2268=ORIENTED_EDGE('',*,*,#3338,.T.);
#2269=ORIENTED_EDGE('',*,*,#3325,.F.);
#2270=ORIENTED_EDGE('',*,*,#3407,.T.);
#2271=ORIENTED_EDGE('',*,*,#3331,.F.);
#2272=ORIENTED_EDGE('',*,*,#3408,.F.);
#2273=ORIENTED_EDGE('',*,*,#3277,.F.);
#2274=ORIENTED_EDGE('',*,*,#3326,.F.);
#2275=ORIENTED_EDGE('',*,*,#3408,.T.);
#2276=ORIENTED_EDGE('',*,*,#3330,.T.);
#2277=ORIENTED_EDGE('',*,*,#3337,.F.);
#2278=ORIENTED_EDGE('',*,*,#3227,.F.);
#2279=ORIENTED_EDGE('',*,*,#3342,.F.);
#2280=ORIENTED_EDGE('',*,*,#3271,.F.);
#2281=ORIENTED_EDGE('',*,*,#3329,.F.);
#2282=ORIENTED_EDGE('',*,*,#3147,.F.);
#2283=ORIENTED_EDGE('',*,*,#3322,.F.);
#2284=ORIENTED_EDGE('',*,*,#3275,.F.);
#2285=ORIENTED_EDGE('',*,*,#3343,.F.);
#2286=ORIENTED_EDGE('',*,*,#3134,.F.);
#2287=ORIENTED_EDGE('',*,*,#3340,.F.);
#2288=ORIENTED_EDGE('',*,*,#3405,.F.);
#2289=ORIENTED_EDGE('',*,*,#3332,.F.);
#2290=ORIENTED_EDGE('',*,*,#3407,.F.);
#2291=ORIENTED_EDGE('',*,*,#3324,.F.);
#2292=ORIENTED_EDGE('',*,*,#3105,.F.);
#2293=ORIENTED_EDGE('',*,*,#3409,.F.);
#2294=ORIENTED_EDGE('',*,*,#3383,.T.);
#2295=ORIENTED_EDGE('',*,*,#3190,.F.);
#2296=ORIENTED_EDGE('',*,*,#3237,.T.);
#2297=ORIENTED_EDGE('',*,*,#3381,.T.);
#2298=ORIENTED_EDGE('',*,*,#3410,.F.);
#2299=ORIENTED_EDGE('',*,*,#3411,.T.);
#2300=ORIENTED_EDGE('',*,*,#3238,.T.);
#2301=ORIENTED_EDGE('',*,*,#3410,.T.);
#2302=ORIENTED_EDGE('',*,*,#3152,.T.);
#2303=ORIENTED_EDGE('',*,*,#3409,.T.);
#2304=ORIENTED_EDGE('',*,*,#3189,.T.);
#2305=ORIENTED_EDGE('',*,*,#3412,.T.);
#2306=ORIENTED_EDGE('',*,*,#3413,.T.);
#2307=ORIENTED_EDGE('',*,*,#3414,.T.);
#2308=ORIENTED_EDGE('',*,*,#3415,.T.);
#2309=ORIENTED_EDGE('',*,*,#3367,.T.);
#2310=ORIENTED_EDGE('',*,*,#3239,.F.);
#2311=ORIENTED_EDGE('',*,*,#3411,.F.);
#2312=ORIENTED_EDGE('',*,*,#3416,.T.);
#2313=ORIENTED_EDGE('',*,*,#3371,.T.);
#2314=ORIENTED_EDGE('',*,*,#3417,.F.);
#2315=ORIENTED_EDGE('',*,*,#3412,.F.);
#2316=ORIENTED_EDGE('',*,*,#3188,.T.);
#2317=ORIENTED_EDGE('',*,*,#3370,.T.);
#2318=ORIENTED_EDGE('',*,*,#3418,.F.);
#2319=ORIENTED_EDGE('',*,*,#3413,.F.);
#2320=ORIENTED_EDGE('',*,*,#3417,.T.);
#2321=ORIENTED_EDGE('',*,*,#3369,.T.);
#2322=ORIENTED_EDGE('',*,*,#3419,.F.);
#2323=ORIENTED_EDGE('',*,*,#3414,.F.);
#2324=ORIENTED_EDGE('',*,*,#3418,.T.);
#2325=ORIENTED_EDGE('',*,*,#3368,.T.);
#2326=ORIENTED_EDGE('',*,*,#3416,.F.);
#2327=ORIENTED_EDGE('',*,*,#3415,.F.);
#2328=ORIENTED_EDGE('',*,*,#3419,.T.);
#2329=ORIENTED_EDGE('',*,*,#3379,.F.);
#2330=ORIENTED_EDGE('',*,*,#3315,.F.);
#2331=ORIENTED_EDGE('',*,*,#3420,.T.);
#2332=ORIENTED_EDGE('',*,*,#3421,.F.);
#2333=ORIENTED_EDGE('',*,*,#3422,.F.);
#2334=ORIENTED_EDGE('',*,*,#3423,.F.);
#2335=ORIENTED_EDGE('',*,*,#3424,.F.);
#2336=ORIENTED_EDGE('',*,*,#3204,.F.);
#2337=ORIENTED_EDGE('',*,*,#3425,.F.);
#2338=ORIENTED_EDGE('',*,*,#3142,.F.);
#2339=ORIENTED_EDGE('',*,*,#3420,.F.);
#2340=ORIENTED_EDGE('',*,*,#3314,.F.);
#2341=ORIENTED_EDGE('',*,*,#3426,.F.);
#2342=ORIENTED_EDGE('',*,*,#3376,.F.);
#2343=ORIENTED_EDGE('',*,*,#3427,.F.);
#2344=ORIENTED_EDGE('',*,*,#3421,.T.);
#2345=ORIENTED_EDGE('',*,*,#3428,.T.);
#2346=ORIENTED_EDGE('',*,*,#3377,.F.);
#2347=ORIENTED_EDGE('',*,*,#3428,.F.);
#2348=ORIENTED_EDGE('',*,*,#3426,.T.);
#2349=ORIENTED_EDGE('',*,*,#3313,.T.);
#2350=ORIENTED_EDGE('',*,*,#3203,.T.);
#2351=ORIENTED_EDGE('',*,*,#3385,.T.);
#2352=ORIENTED_EDGE('',*,*,#3425,.T.);
#2353=ORIENTED_EDGE('',*,*,#3373,.F.);
#2354=ORIENTED_EDGE('',*,*,#3205,.F.);
#2355=ORIENTED_EDGE('',*,*,#3424,.T.);
#2356=ORIENTED_EDGE('',*,*,#3429,.T.);
#2357=ORIENTED_EDGE('',*,*,#3374,.F.);
#2358=ORIENTED_EDGE('',*,*,#3429,.F.);
#2359=ORIENTED_EDGE('',*,*,#3423,.T.);
#2360=ORIENTED_EDGE('',*,*,#3430,.T.);
#2361=ORIENTED_EDGE('',*,*,#3375,.F.);
#2362=ORIENTED_EDGE('',*,*,#3430,.F.);
#2363=ORIENTED_EDGE('',*,*,#3422,.T.);
#2364=ORIENTED_EDGE('',*,*,#3427,.T.);
#2365=ORIENTED_EDGE('',*,*,#3387,.F.);
#2366=ORIENTED_EDGE('',*,*,#3431,.T.);
#2367=ORIENTED_EDGE('',*,*,#3319,.T.);
#2368=ORIENTED_EDGE('',*,*,#3432,.F.);
#2369=ORIENTED_EDGE('',*,*,#3433,.F.);
#2370=ORIENTED_EDGE('',*,*,#3320,.F.);
#2371=ORIENTED_EDGE('',*,*,#3431,.F.);
#2372=ORIENTED_EDGE('',*,*,#3232,.F.);
#2373=ORIENTED_EDGE('',*,*,#3434,.F.);
#2374=ORIENTED_EDGE('',*,*,#3210,.F.);
#2375=ORIENTED_EDGE('',*,*,#3435,.F.);
#2376=ORIENTED_EDGE('',*,*,#3436,.F.);
#2377=ORIENTED_EDGE('',*,*,#3437,.F.);
#2378=ORIENTED_EDGE('',*,*,#3363,.F.);
#2379=ORIENTED_EDGE('',*,*,#3438,.F.);
#2380=ORIENTED_EDGE('',*,*,#3437,.T.);
#2381=ORIENTED_EDGE('',*,*,#3439,.T.);
#2382=ORIENTED_EDGE('',*,*,#3364,.F.);
#2383=ORIENTED_EDGE('',*,*,#3439,.F.);
#2384=ORIENTED_EDGE('',*,*,#3436,.T.);
#2385=ORIENTED_EDGE('',*,*,#3440,.T.);
#2386=ORIENTED_EDGE('',*,*,#3365,.F.);
#2387=ORIENTED_EDGE('',*,*,#3440,.F.);
#2388=ORIENTED_EDGE('',*,*,#3435,.T.);
#2389=ORIENTED_EDGE('',*,*,#3209,.T.);
#2390=ORIENTED_EDGE('',*,*,#3434,.T.);
#2391=ORIENTED_EDGE('',*,*,#3393,.T.);
#2392=ORIENTED_EDGE('',*,*,#3211,.F.);
#2393=ORIENTED_EDGE('',*,*,#3361,.F.);
#2394=ORIENTED_EDGE('',*,*,#3321,.F.);
#2395=ORIENTED_EDGE('',*,*,#3433,.T.);
#2396=ORIENTED_EDGE('',*,*,#3441,.T.);
#2397=ORIENTED_EDGE('',*,*,#3362,.F.);
#2398=ORIENTED_EDGE('',*,*,#3441,.F.);
#2399=ORIENTED_EDGE('',*,*,#3432,.T.);
#2400=ORIENTED_EDGE('',*,*,#3438,.T.);
#2401=ORIENTED_EDGE('',*,*,#3442,.T.);
#2402=ORIENTED_EDGE('',*,*,#3389,.T.);
#2403=ORIENTED_EDGE('',*,*,#3245,.F.);
#2404=ORIENTED_EDGE('',*,*,#3443,.F.);
#2405=ORIENTED_EDGE('',*,*,#3444,.F.);
#2406=ORIENTED_EDGE('',*,*,#3445,.F.);
#2407=ORIENTED_EDGE('',*,*,#3446,.F.);
#2408=ORIENTED_EDGE('',*,*,#3195,.F.);
#2409=ORIENTED_EDGE('',*,*,#3447,.F.);
#2410=ORIENTED_EDGE('',*,*,#3222,.F.);
#2411=ORIENTED_EDGE('',*,*,#3442,.F.);
#2412=ORIENTED_EDGE('',*,*,#3244,.F.);
#2413=ORIENTED_EDGE('',*,*,#3448,.F.);
#2414=ORIENTED_EDGE('',*,*,#3358,.F.);
#2415=ORIENTED_EDGE('',*,*,#3449,.F.);
#2416=ORIENTED_EDGE('',*,*,#3443,.T.);
#2417=ORIENTED_EDGE('',*,*,#3450,.T.);
#2418=ORIENTED_EDGE('',*,*,#3359,.F.);
#2419=ORIENTED_EDGE('',*,*,#3450,.F.);
#2420=ORIENTED_EDGE('',*,*,#3448,.T.);
#2421=ORIENTED_EDGE('',*,*,#3243,.T.);
#2422=ORIENTED_EDGE('',*,*,#3194,.T.);
#2423=ORIENTED_EDGE('',*,*,#3391,.T.);
#2424=ORIENTED_EDGE('',*,*,#3447,.T.);
#2425=ORIENTED_EDGE('',*,*,#3355,.F.);
#2426=ORIENTED_EDGE('',*,*,#3196,.F.);
#2427=ORIENTED_EDGE('',*,*,#3446,.T.);
#2428=ORIENTED_EDGE('',*,*,#3451,.T.);
#2429=ORIENTED_EDGE('',*,*,#3356,.F.);
#2430=ORIENTED_EDGE('',*,*,#3451,.F.);
#2431=ORIENTED_EDGE('',*,*,#3445,.T.);
#2432=ORIENTED_EDGE('',*,*,#3452,.T.);
#2433=ORIENTED_EDGE('',*,*,#3357,.F.);
#2434=ORIENTED_EDGE('',*,*,#3452,.F.);
#2435=ORIENTED_EDGE('',*,*,#3444,.T.);
#2436=ORIENTED_EDGE('',*,*,#3449,.T.);
#2437=ORIENTED_EDGE('',*,*,#3378,.F.);
#2438=ORIENTED_EDGE('',*,*,#3110,.F.);
#2439=ORIENTED_EDGE('',*,*,#3384,.F.);
#2440=ORIENTED_EDGE('',*,*,#3201,.F.);
#2441=ORIENTED_EDGE('',*,*,#3372,.F.);
#2442=ORIENTED_EDGE('',*,*,#3311,.F.);
#2443=ORIENTED_EDGE('',*,*,#3192,.F.);
#2444=ORIENTED_EDGE('',*,*,#3354,.F.);
#2445=ORIENTED_EDGE('',*,*,#3241,.F.);
#2446=ORIENTED_EDGE('',*,*,#3388,.F.);
#2447=ORIENTED_EDGE('',*,*,#3139,.F.);
#2448=ORIENTED_EDGE('',*,*,#3390,.F.);
#2449=ORIENTED_EDGE('',*,*,#3392,.F.);
#2450=ORIENTED_EDGE('',*,*,#3129,.F.);
#2451=ORIENTED_EDGE('',*,*,#3386,.F.);
#2452=ORIENTED_EDGE('',*,*,#3317,.F.);
#2453=ORIENTED_EDGE('',*,*,#3360,.F.);
#2454=ORIENTED_EDGE('',*,*,#3207,.F.);
#2455=ORIENTED_EDGE('',*,*,#3235,.F.);
#2456=ORIENTED_EDGE('',*,*,#3366,.F.);
#2457=ORIENTED_EDGE('',*,*,#3186,.F.);
#2458=ORIENTED_EDGE('',*,*,#3382,.F.);
#2459=ORIENTED_EDGE('',*,*,#3100,.F.);
#2460=ORIENTED_EDGE('',*,*,#3380,.F.);
#2461=EDGE_CURVE('',#3453,#3454,#4099,.F.);
#2462=EDGE_CURVE('',#3454,#3455,#4100,.T.);
#2463=EDGE_CURVE('',#3455,#3456,#4101,.T.);
#2464=EDGE_CURVE('',#3456,#3453,#4102,.T.);
#2465=EDGE_CURVE('',#3454,#3457,#4103,.F.);
#2466=EDGE_CURVE('',#3454,#3458,#131,.F.);
#2467=EDGE_CURVE('',#3459,#3458,#4104,.T.);
#2468=EDGE_CURVE('',#3457,#3459,#132,.T.);
#2469=EDGE_CURVE('',#3460,#3461,#4105,.T.);
#2470=EDGE_CURVE('',#3460,#3458,#4106,.T.);
#2471=EDGE_CURVE('',#3458,#3462,#4107,.T.);
#2472=EDGE_CURVE('',#3462,#3461,#4108,.T.);
#2473=EDGE_CURVE('',#3463,#3464,#4109,.T.);
#2474=EDGE_CURVE('',#3463,#3460,#133,.T.);
#2475=EDGE_CURVE('',#3461,#3464,#134,.T.);
#2476=EDGE_CURVE('',#3465,#3466,#4110,.T.);
#2477=EDGE_CURVE('',#3465,#3463,#4111,.T.);
#2478=EDGE_CURVE('',#3464,#3466,#4112,.T.);
#2479=EDGE_CURVE('',#3467,#3468,#4113,.T.);
#2480=EDGE_CURVE('',#3467,#3465,#135,.T.);
#2481=EDGE_CURVE('',#3466,#3468,#136,.T.);
#2482=EDGE_CURVE('',#3469,#3470,#4114,.F.);
#2483=EDGE_CURVE('',#3470,#3467,#4115,.T.);
#2484=EDGE_CURVE('',#3468,#3469,#4116,.T.);
#2485=EDGE_CURVE('',#3470,#3471,#4117,.F.);
#2486=EDGE_CURVE('',#3470,#3472,#137,.F.);
#2487=EDGE_CURVE('',#3473,#3472,#4118,.T.);
#2488=EDGE_CURVE('',#3471,#3473,#138,.T.);
#2489=EDGE_CURVE('',#3474,#3475,#4119,.T.);
#2490=EDGE_CURVE('',#3474,#3472,#4120,.T.);
#2491=EDGE_CURVE('',#3472,#3476,#4121,.T.);
#2492=EDGE_CURVE('',#3476,#3475,#4122,.T.);
#2493=EDGE_CURVE('',#3477,#3478,#4123,.T.);
#2494=EDGE_CURVE('',#3477,#3474,#4124,.T.);
#2495=EDGE_CURVE('',#3475,#3478,#4125,.T.);
#2496=EDGE_CURVE('',#3479,#3480,#4126,.F.);
#2497=EDGE_CURVE('',#3480,#3477,#4127,.T.);
#2498=EDGE_CURVE('',#3478,#3479,#4128,.T.);
#2499=EDGE_CURVE('',#3480,#3481,#4129,.F.);
#2500=EDGE_CURVE('',#3480,#3482,#139,.F.);
#2501=EDGE_CURVE('',#3483,#3482,#4130,.T.);
#2502=EDGE_CURVE('',#3481,#3483,#140,.T.);
#2503=EDGE_CURVE('',#3484,#3485,#4131,.T.);
#2504=EDGE_CURVE('',#3484,#3482,#4132,.T.);
#2505=EDGE_CURVE('',#3482,#3486,#4133,.T.);
#2506=EDGE_CURVE('',#3486,#3485,#4134,.T.);
#2507=EDGE_CURVE('',#3487,#3488,#4135,.T.);
#2508=EDGE_CURVE('',#3487,#3484,#141,.T.);
#2509=EDGE_CURVE('',#3485,#3488,#142,.T.);
#2510=EDGE_CURVE('',#3489,#3490,#4136,.T.);
#2511=EDGE_CURVE('',#3489,#3487,#4137,.T.);
#2512=EDGE_CURVE('',#3488,#3490,#4138,.T.);
#2513=EDGE_CURVE('',#3491,#3492,#4139,.T.);
#2514=EDGE_CURVE('',#3491,#3489,#143,.T.);
#2515=EDGE_CURVE('',#3490,#3492,#144,.T.);
#2516=EDGE_CURVE('',#3493,#3494,#4140,.F.);
#2517=EDGE_CURVE('',#3494,#3491,#4141,.T.);
#2518=EDGE_CURVE('',#3492,#3493,#4142,.T.);
#2519=EDGE_CURVE('',#3494,#3495,#4143,.F.);
#2520=EDGE_CURVE('',#3494,#3496,#145,.F.);
#2521=EDGE_CURVE('',#3497,#3496,#4144,.T.);
#2522=EDGE_CURVE('',#3495,#3497,#146,.T.);
#2523=EDGE_CURVE('',#3498,#3499,#4145,.T.);
#2524=EDGE_CURVE('',#3498,#3496,#4146,.T.);
#2525=EDGE_CURVE('',#3496,#3500,#4147,.T.);
#2526=EDGE_CURVE('',#3500,#3499,#4148,.T.);
#2527=EDGE_CURVE('',#3455,#3498,#4149,.T.);
#2528=EDGE_CURVE('',#3499,#3456,#4150,.T.);
#2529=EDGE_CURVE('',#3501,#3502,#4151,.F.);
#2530=EDGE_CURVE('',#3503,#3501,#147,.T.);
#2531=EDGE_CURVE('',#3504,#3503,#4152,.T.);
#2532=EDGE_CURVE('',#3504,#3502,#148,.T.);
#2533=EDGE_CURVE('',#3505,#3506,#4153,.F.);
#2534=EDGE_CURVE('',#3507,#3505,#149,.T.);
#2535=EDGE_CURVE('',#3508,#3507,#4154,.T.);
#2536=EDGE_CURVE('',#3508,#3506,#150,.T.);
#2537=EDGE_CURVE('',#3506,#3509,#42,.T.);
#2538=EDGE_CURVE('',#3510,#3508,#43,.T.);
#2539=EDGE_CURVE('',#3511,#3510,#44,.T.);
#2540=EDGE_CURVE('',#3512,#3511,#151,.T.);
#2541=EDGE_CURVE('',#3513,#3512,#45,.T.);
#2542=EDGE_CURVE('',#3514,#3513,#46,.T.);
#2543=EDGE_CURVE('',#3515,#3514,#152,.T.);
#2544=EDGE_CURVE('',#3516,#3515,#47,.T.);
#2545=EDGE_CURVE('',#3517,#3516,#48,.T.);
#2546=EDGE_CURVE('',#3518,#3517,#153,.T.);
#2547=EDGE_CURVE('',#3519,#3518,#49,.T.);
#2548=EDGE_CURVE('',#3520,#3519,#50,.T.);
#2549=EDGE_CURVE('',#3521,#3520,#154,.T.);
#2550=EDGE_CURVE('',#3522,#3521,#51,.T.);
#2551=EDGE_CURVE('',#3523,#3522,#52,.T.);
#2552=EDGE_CURVE('',#3524,#3523,#155,.T.);
#2553=EDGE_CURVE('',#3525,#3524,#53,.T.);
#2554=EDGE_CURVE('',#3526,#3525,#54,.T.);
#2555=EDGE_CURVE('',#3527,#3526,#156,.T.);
#2556=EDGE_CURVE('',#3528,#3527,#55,.T.);
#2557=EDGE_CURVE('',#3529,#3528,#56,.T.);
#2558=EDGE_CURVE('',#3530,#3529,#157,.T.);
#2559=EDGE_CURVE('',#3531,#3530,#57,.T.);
#2560=EDGE_CURVE('',#3532,#3531,#58,.T.);
#2561=EDGE_CURVE('',#3533,#3532,#158,.T.);
#2562=EDGE_CURVE('',#3534,#3533,#59,.T.);
#2563=EDGE_CURVE('',#3534,#3509,#159,.T.);
#2564=EDGE_CURVE('',#3502,#3535,#60,.T.);
#2565=EDGE_CURVE('',#3536,#3504,#61,.T.);
#2566=EDGE_CURVE('',#3537,#3536,#62,.T.);
#2567=EDGE_CURVE('',#3538,#3537,#160,.T.);
#2568=EDGE_CURVE('',#3539,#3538,#63,.T.);
#2569=EDGE_CURVE('',#3540,#3539,#64,.T.);
#2570=EDGE_CURVE('',#3541,#3540,#161,.T.);
#2571=EDGE_CURVE('',#3542,#3541,#65,.T.);
#2572=EDGE_CURVE('',#3543,#3542,#66,.T.);
#2573=EDGE_CURVE('',#3544,#3543,#162,.T.);
#2574=EDGE_CURVE('',#3545,#3544,#67,.T.);
#2575=EDGE_CURVE('',#3546,#3545,#68,.T.);
#2576=EDGE_CURVE('',#3547,#3546,#163,.T.);
#2577=EDGE_CURVE('',#3548,#3547,#69,.T.);
#2578=EDGE_CURVE('',#3549,#3548,#70,.T.);
#2579=EDGE_CURVE('',#3550,#3549,#164,.T.);
#2580=EDGE_CURVE('',#3551,#3550,#71,.T.);
#2581=EDGE_CURVE('',#3552,#3551,#72,.T.);
#2582=EDGE_CURVE('',#3553,#3552,#165,.T.);
#2583=EDGE_CURVE('',#3554,#3553,#73,.T.);
#2584=EDGE_CURVE('',#3555,#3554,#74,.T.);
#2585=EDGE_CURVE('',#3556,#3555,#166,.T.);
#2586=EDGE_CURVE('',#3557,#3556,#75,.T.);
#2587=EDGE_CURVE('',#3558,#3557,#76,.T.);
#2588=EDGE_CURVE('',#3559,#3558,#167,.T.);
#2589=EDGE_CURVE('',#3560,#3559,#77,.T.);
#2590=EDGE_CURVE('',#3560,#3535,#168,.T.);
#2591=EDGE_CURVE('',#3561,#3562,#78,.T.);
#2592=EDGE_CURVE('',#3561,#3563,#169,.T.);
#2593=EDGE_CURVE('',#3564,#3563,#79,.T.);
#2594=EDGE_CURVE('',#3565,#3564,#80,.T.);
#2595=EDGE_CURVE('',#3565,#3566,#170,.T.);
#2596=EDGE_CURVE('',#3567,#3566,#81,.T.);
#2597=EDGE_CURVE('',#3568,#3567,#82,.T.);
#2598=EDGE_CURVE('',#3568,#3569,#171,.T.);
#2599=EDGE_CURVE('',#3570,#3569,#83,.T.);
#2600=EDGE_CURVE('',#3571,#3570,#84,.T.);
#2601=EDGE_CURVE('',#3571,#3572,#172,.T.);
#2602=EDGE_CURVE('',#3573,#3572,#85,.T.);
#2603=EDGE_CURVE('',#3574,#3573,#86,.T.);
#2604=EDGE_CURVE('',#3574,#3575,#173,.T.);
#2605=EDGE_CURVE('',#3576,#3575,#87,.T.);
#2606=EDGE_CURVE('',#3577,#3576,#88,.T.);
#2607=EDGE_CURVE('',#3577,#3578,#174,.T.);
#2608=EDGE_CURVE('',#3579,#3578,#89,.T.);
#2609=EDGE_CURVE('',#3580,#3579,#90,.T.);
#2610=EDGE_CURVE('',#3580,#3581,#175,.T.);
#2611=EDGE_CURVE('',#3582,#3581,#91,.T.);
#2612=EDGE_CURVE('',#3583,#3582,#92,.T.);
#2613=EDGE_CURVE('',#3583,#3584,#176,.T.);
#2614=EDGE_CURVE('',#3585,#3584,#93,.T.);
#2615=EDGE_CURVE('',#3507,#3585,#94,.T.);
#2616=EDGE_CURVE('',#3586,#3505,#95,.T.);
#2617=EDGE_CURVE('',#3562,#3586,#177,.T.);
#2618=EDGE_CURVE('',#3587,#3588,#96,.T.);
#2619=EDGE_CURVE('',#3587,#3589,#178,.T.);
#2620=EDGE_CURVE('',#3590,#3589,#97,.T.);
#2621=EDGE_CURVE('',#3591,#3590,#98,.T.);
#2622=EDGE_CURVE('',#3591,#3592,#179,.T.);
#2623=EDGE_CURVE('',#3593,#3592,#99,.T.);
#2624=EDGE_CURVE('',#3594,#3593,#100,.T.);
#2625=EDGE_CURVE('',#3594,#3595,#180,.T.);
#2626=EDGE_CURVE('',#3596,#3595,#101,.T.);
#2627=EDGE_CURVE('',#3597,#3596,#102,.T.);
#2628=EDGE_CURVE('',#3597,#3598,#181,.T.);
#2629=EDGE_CURVE('',#3599,#3598,#103,.T.);
#2630=EDGE_CURVE('',#3600,#3599,#104,.T.);
#2631=EDGE_CURVE('',#3600,#3601,#182,.T.);
#2632=EDGE_CURVE('',#3602,#3601,#105,.T.);
#2633=EDGE_CURVE('',#3603,#3602,#106,.T.);
#2634=EDGE_CURVE('',#3603,#3604,#183,.T.);
#2635=EDGE_CURVE('',#3605,#3604,#107,.T.);
#2636=EDGE_CURVE('',#3606,#3605,#108,.T.);
#2637=EDGE_CURVE('',#3606,#3607,#184,.T.);
#2638=EDGE_CURVE('',#3608,#3607,#109,.T.);
#2639=EDGE_CURVE('',#3609,#3608,#110,.T.);
#2640=EDGE_CURVE('',#3609,#3610,#185,.T.);
#2641=EDGE_CURVE('',#3611,#3610,#111,.T.);
#2642=EDGE_CURVE('',#3503,#3611,#112,.T.);
#2643=EDGE_CURVE('',#3612,#3501,#113,.T.);
#2644=EDGE_CURVE('',#3588,#3612,#186,.T.);
#2645=EDGE_CURVE('',#3533,#3561,#4155,.T.);
#2646=EDGE_CURVE('',#3563,#3532,#4156,.F.);
#2647=EDGE_CURVE('',#3559,#3587,#4157,.T.);
#2648=EDGE_CURVE('',#3589,#3558,#4158,.F.);
#2649=EDGE_CURVE('',#3562,#3586,#4159,.T.);
#2650=EDGE_CURVE('',#3588,#3612,#4160,.T.);
#2651=EDGE_CURVE('',#3572,#3523,#4161,.F.);
#2652=EDGE_CURVE('',#3524,#3571,#4162,.T.);
#2653=EDGE_CURVE('',#3525,#3570,#4163,.T.);
#2654=EDGE_CURVE('',#3569,#3526,#4164,.F.);
#2655=EDGE_CURVE('',#3566,#3529,#4165,.F.);
#2656=EDGE_CURVE('',#3530,#3565,#4166,.T.);
#2657=EDGE_CURVE('',#3531,#3564,#4167,.T.);
#2658=EDGE_CURVE('',#3536,#3611,#4168,.T.);
#2659=EDGE_CURVE('',#3610,#3537,#4169,.F.);
#2660=EDGE_CURVE('',#3607,#3540,#4170,.F.);
#2661=EDGE_CURVE('',#3541,#3606,#4171,.T.);
#2662=EDGE_CURVE('',#3542,#3605,#4172,.T.);
#2663=EDGE_CURVE('',#3604,#3543,#4173,.F.);
#2664=EDGE_CURVE('',#3598,#3549,#4174,.F.);
#2665=EDGE_CURVE('',#3550,#3597,#4175,.T.);
#2666=EDGE_CURVE('',#3551,#3596,#4176,.T.);
#2667=EDGE_CURVE('',#3595,#3552,#4177,.F.);
#2668=EDGE_CURVE('',#3592,#3555,#4178,.F.);
#2669=EDGE_CURVE('',#3556,#3591,#4179,.T.);
#2670=EDGE_CURVE('',#3557,#3590,#4180,.T.);
#2671=EDGE_CURVE('',#3510,#3585,#4181,.T.);
#2672=EDGE_CURVE('',#3584,#3511,#4182,.F.);
#2673=EDGE_CURVE('',#3512,#3583,#4183,.T.);
#2674=EDGE_CURVE('',#3581,#3514,#4184,.F.);
#2675=EDGE_CURVE('',#3515,#3580,#4185,.T.);
#2676=EDGE_CURVE('',#3516,#3579,#4186,.T.);
#2677=EDGE_CURVE('',#3578,#3517,#4187,.F.);
#2678=EDGE_CURVE('',#3575,#3520,#4188,.F.);
#2679=EDGE_CURVE('',#3521,#3574,#4189,.T.);
#2680=EDGE_CURVE('',#3522,#3573,#4190,.T.);
#2681=EDGE_CURVE('',#3527,#3568,#4191,.T.);
#2682=EDGE_CURVE('',#3528,#3567,#4192,.T.);
#2683=EDGE_CURVE('',#3538,#3609,#4193,.T.);
#2684=EDGE_CURVE('',#3539,#3608,#4194,.T.);
#2685=EDGE_CURVE('',#3544,#3603,#4195,.T.);
#2686=EDGE_CURVE('',#3545,#3602,#4196,.T.);
#2687=EDGE_CURVE('',#3601,#3546,#4197,.F.);
#2688=EDGE_CURVE('',#3547,#3600,#4198,.T.);
#2689=EDGE_CURVE('',#3548,#3599,#4199,.T.);
#2690=EDGE_CURVE('',#3553,#3594,#4200,.T.);
#2691=EDGE_CURVE('',#3554,#3593,#4201,.T.);
#2692=EDGE_CURVE('',#3513,#3582,#4202,.T.);
#2693=EDGE_CURVE('',#3518,#3577,#4203,.T.);
#2694=EDGE_CURVE('',#3613,#3613,#187,.T.);
#2695=EDGE_CURVE('',#3614,#3614,#188,.T.);
#2696=EDGE_CURVE('',#3615,#3615,#189,.T.);
#2697=EDGE_CURVE('',#3616,#3616,#190,.T.);
#2698=EDGE_CURVE('',#3617,#3617,#191,.T.);
#2699=EDGE_CURVE('',#3618,#3618,#192,.T.);
#2700=EDGE_CURVE('',#3619,#3619,#193,.T.);
#2701=EDGE_CURVE('',#3620,#3620,#194,.T.);
#2702=EDGE_CURVE('',#3509,#3560,#195,.T.);
#2703=EDGE_CURVE('',#3535,#3534,#196,.T.);
#2704=EDGE_CURVE('',#3621,#3622,#4204,.T.);
#2705=EDGE_CURVE('',#3621,#3623,#4205,.T.);
#2706=EDGE_CURVE('',#3624,#3623,#4206,.T.);
#2707=EDGE_CURVE('',#3622,#3624,#4207,.T.);
#2708=EDGE_CURVE('',#3625,#3621,#4208,.T.);
#2709=EDGE_CURVE('',#3625,#3626,#4209,.T.);
#2710=EDGE_CURVE('',#3623,#3626,#4210,.T.);
#2711=EDGE_CURVE('',#3627,#3625,#4211,.T.);
#2712=EDGE_CURVE('',#3627,#3628,#4212,.T.);
#2713=EDGE_CURVE('',#3626,#3628,#4213,.T.);
#2714=EDGE_CURVE('',#3629,#3627,#197,.T.);
#2715=EDGE_CURVE('',#3629,#3630,#4214,.T.);
#2716=EDGE_CURVE('',#3628,#3630,#198,.T.);
#2717=EDGE_CURVE('',#3631,#3629,#4215,.T.);
#2718=EDGE_CURVE('',#3631,#3632,#4216,.T.);
#2719=EDGE_CURVE('',#3630,#3632,#4217,.T.);
#2720=EDGE_CURVE('',#3633,#3631,#4218,.T.);
#2721=EDGE_CURVE('',#3633,#3634,#4219,.T.);
#2722=EDGE_CURVE('',#3632,#3634,#4220,.T.);
#2723=EDGE_CURVE('',#3635,#3633,#4221,.T.);
#2724=EDGE_CURVE('',#3635,#3636,#4222,.T.);
#2725=EDGE_CURVE('',#3634,#3636,#4223,.T.);
#2726=EDGE_CURVE('',#3622,#3635,#199,.T.);
#2727=EDGE_CURVE('',#3636,#3624,#200,.T.);
#2728=EDGE_CURVE('',#3637,#3638,#201,.T.);
#2729=EDGE_CURVE('',#3639,#3637,#4224,.F.);
#2730=EDGE_CURVE('',#3640,#3639,#202,.T.);
#2731=EDGE_CURVE('',#3638,#3640,#4225,.T.);
#2732=EDGE_CURVE('',#3641,#3637,#4226,.T.);
#2733=EDGE_CURVE('',#3641,#3642,#4227,.T.);
#2734=EDGE_CURVE('',#3642,#3639,#4228,.T.);
#2735=EDGE_CURVE('',#3643,#3641,#203,.T.);
#2736=EDGE_CURVE('',#3644,#3643,#4229,.F.);
#2737=EDGE_CURVE('',#3642,#3644,#204,.T.);
#2738=EDGE_CURVE('',#3645,#3646,#205,.T.);
#2739=EDGE_CURVE('',#3647,#3645,#4230,.F.);
#2740=EDGE_CURVE('',#3648,#3647,#206,.T.);
#2741=EDGE_CURVE('',#3646,#3648,#4231,.T.);
#2742=EDGE_CURVE('',#3649,#3645,#4232,.T.);
#2743=EDGE_CURVE('',#3649,#3650,#4233,.T.);
#2744=EDGE_CURVE('',#3650,#3647,#4234,.T.);
#2745=EDGE_CURVE('',#3651,#3649,#207,.T.);
#2746=EDGE_CURVE('',#3652,#3651,#4235,.F.);
#2747=EDGE_CURVE('',#3650,#3652,#208,.T.);
#2748=EDGE_CURVE('',#3653,#3654,#209,.T.);
#2749=EDGE_CURVE('',#3655,#3653,#4236,.F.);
#2750=EDGE_CURVE('',#3656,#3655,#210,.T.);
#2751=EDGE_CURVE('',#3654,#3656,#4237,.T.);
#2752=EDGE_CURVE('',#3657,#3653,#4238,.T.);
#2753=EDGE_CURVE('',#3657,#3658,#4239,.T.);
#2754=EDGE_CURVE('',#3658,#3655,#4240,.T.);
#2755=EDGE_CURVE('',#3659,#3657,#211,.T.);
#2756=EDGE_CURVE('',#3660,#3659,#4241,.F.);
#2757=EDGE_CURVE('',#3658,#3660,#212,.T.);
#2758=EDGE_CURVE('',#3661,#3662,#213,.F.);
#2759=EDGE_CURVE('',#3663,#3661,#4242,.F.);
#2760=EDGE_CURVE('',#3664,#3663,#214,.F.);
#2761=EDGE_CURVE('',#3662,#3664,#4243,.T.);
#2762=EDGE_CURVE('',#3661,#3665,#4244,.T.);
#2763=EDGE_CURVE('',#3665,#3666,#4245,.T.);
#2764=EDGE_CURVE('',#3663,#3666,#4246,.T.);
#2765=EDGE_CURVE('',#3667,#3665,#215,.F.);
#2766=EDGE_CURVE('',#3668,#3667,#4247,.F.);
#2767=EDGE_CURVE('',#3666,#3668,#216,.F.);
#2768=EDGE_CURVE('',#3669,#3670,#217,.F.);
#2769=EDGE_CURVE('',#3671,#3669,#4248,.F.);
#2770=EDGE_CURVE('',#3672,#3671,#218,.F.);
#2771=EDGE_CURVE('',#3670,#3672,#4249,.T.);
#2772=EDGE_CURVE('',#3669,#3673,#4250,.T.);
#2773=EDGE_CURVE('',#3673,#3674,#4251,.T.);
#2774=EDGE_CURVE('',#3671,#3674,#4252,.T.);
#2775=EDGE_CURVE('',#3675,#3673,#219,.F.);
#2776=EDGE_CURVE('',#3676,#3675,#4253,.F.);
#2777=EDGE_CURVE('',#3674,#3676,#220,.F.);
#2778=EDGE_CURVE('',#3677,#3644,#4254,.T.);
#2779=EDGE_CURVE('',#3643,#3678,#4255,.T.);
#2780=EDGE_CURVE('',#3678,#3677,#4256,.T.);
#2781=EDGE_CURVE('',#3677,#3679,#4257,.T.);
#2782=EDGE_CURVE('',#3679,#3640,#4258,.T.);
#2783=EDGE_CURVE('',#3638,#3680,#4259,.T.);
#2784=EDGE_CURVE('',#3680,#3679,#4260,.T.);
#2785=EDGE_CURVE('',#3680,#3681,#4261,.T.);
#2786=EDGE_CURVE('',#3681,#3682,#4262,.F.);
#2787=EDGE_CURVE('',#3683,#3682,#4263,.T.);
#2788=EDGE_CURVE('',#3683,#3684,#4264,.T.);
#2789=EDGE_CURVE('',#3678,#3684,#4265,.T.);
#2790=EDGE_CURVE('',#3685,#3652,#4266,.T.);
#2791=EDGE_CURVE('',#3651,#3686,#4267,.T.);
#2792=EDGE_CURVE('',#3686,#3685,#4268,.T.);
#2793=EDGE_CURVE('',#3685,#3687,#4269,.T.);
#2794=EDGE_CURVE('',#3687,#3648,#4270,.T.);
#2795=EDGE_CURVE('',#3646,#3688,#4271,.T.);
#2796=EDGE_CURVE('',#3688,#3687,#4272,.T.);
#2797=EDGE_CURVE('',#3688,#3689,#4273,.T.);
#2798=EDGE_CURVE('',#3689,#3690,#4274,.F.);
#2799=EDGE_CURVE('',#3691,#3690,#4275,.T.);
#2800=EDGE_CURVE('',#3691,#3692,#4276,.T.);
#2801=EDGE_CURVE('',#3686,#3692,#4277,.T.);
#2802=EDGE_CURVE('',#3693,#3660,#4278,.T.);
#2803=EDGE_CURVE('',#3659,#3694,#4279,.T.);
#2804=EDGE_CURVE('',#3694,#3693,#4280,.T.);
#2805=EDGE_CURVE('',#3693,#3695,#4281,.T.);
#2806=EDGE_CURVE('',#3695,#3656,#4282,.T.);
#2807=EDGE_CURVE('',#3654,#3696,#4283,.T.);
#2808=EDGE_CURVE('',#3696,#3695,#4284,.T.);
#2809=EDGE_CURVE('',#3696,#3697,#4285,.T.);
#2810=EDGE_CURVE('',#3697,#3698,#4286,.F.);
#2811=EDGE_CURVE('',#3699,#3698,#4287,.T.);
#2812=EDGE_CURVE('',#3699,#3700,#4288,.T.);
#2813=EDGE_CURVE('',#3694,#3700,#4289,.T.);
#2814=EDGE_CURVE('',#3701,#3662,#4290,.T.);
#2815=EDGE_CURVE('',#3664,#3702,#4291,.T.);
#2816=EDGE_CURVE('',#3701,#3702,#4292,.T.);
#2817=EDGE_CURVE('',#3668,#3703,#4293,.T.);
#2818=EDGE_CURVE('',#3702,#3703,#4294,.T.);
#2819=EDGE_CURVE('',#3704,#3667,#4295,.T.);
#2820=EDGE_CURVE('',#3704,#3703,#4296,.T.);
#2821=EDGE_CURVE('',#3705,#3701,#4297,.T.);
#2822=EDGE_CURVE('',#3705,#3706,#4298,.F.);
#2823=EDGE_CURVE('',#3706,#3707,#4299,.T.);
#2824=EDGE_CURVE('',#3707,#3708,#4300,.T.);
#2825=EDGE_CURVE('',#3708,#3704,#4301,.T.);
#2826=EDGE_CURVE('',#3709,#3670,#4302,.T.);
#2827=EDGE_CURVE('',#3672,#3710,#4303,.T.);
#2828=EDGE_CURVE('',#3709,#3710,#4304,.T.);
#2829=EDGE_CURVE('',#3676,#3711,#4305,.T.);
#2830=EDGE_CURVE('',#3710,#3711,#4306,.T.);
#2831=EDGE_CURVE('',#3712,#3675,#4307,.T.);
#2832=EDGE_CURVE('',#3712,#3711,#4308,.T.);
#2833=EDGE_CURVE('',#3713,#3709,#4309,.T.);
#2834=EDGE_CURVE('',#3713,#3714,#4310,.F.);
#2835=EDGE_CURVE('',#3714,#3715,#4311,.T.);
#2836=EDGE_CURVE('',#3715,#3716,#4312,.T.);
#2837=EDGE_CURVE('',#3716,#3712,#4313,.T.);
#2838=EDGE_CURVE('',#3717,#3717,#221,.T.);
#2839=EDGE_CURVE('',#3718,#3718,#222,.T.);
#2840=EDGE_CURVE('',#3719,#3683,#32,.T.);
#2841=EDGE_CURVE('',#3720,#3719,#4314,.F.);
#2842=EDGE_CURVE('',#3684,#3720,#223,.F.);
#2843=EDGE_CURVE('',#3720,#3721,#4315,.T.);
#2844=EDGE_CURVE('',#3721,#3677,#4316,.T.);
#2845=EDGE_CURVE('',#3722,#3723,#4317,.T.);
#2846=EDGE_CURVE('',#3679,#3722,#4318,.T.);
#2847=EDGE_CURVE('',#3721,#3724,#4319,.T.);
#2848=EDGE_CURVE('',#3724,#3723,#4320,.T.);
#2849=EDGE_CURVE('',#3725,#3722,#4321,.T.);
#2850=EDGE_CURVE('',#3725,#3681,#224,.T.);
#2851=EDGE_CURVE('',#3682,#3726,#33,.T.);
#2852=EDGE_CURVE('',#3726,#3725,#4322,.T.);
#2853=EDGE_CURVE('',#3727,#3726,#4323,.T.);
#2854=EDGE_CURVE('',#3728,#3727,#4324,.T.);
#2855=EDGE_CURVE('',#3728,#3719,#4325,.T.);
#2856=EDGE_CURVE('',#3729,#3691,#34,.T.);
#2857=EDGE_CURVE('',#3730,#3729,#4326,.F.);
#2858=EDGE_CURVE('',#3692,#3730,#225,.F.);
#2859=EDGE_CURVE('',#3730,#3731,#4327,.T.);
#2860=EDGE_CURVE('',#3731,#3685,#4328,.T.);
#2861=EDGE_CURVE('',#3732,#3733,#4329,.T.);
#2862=EDGE_CURVE('',#3687,#3732,#4330,.T.);
#2863=EDGE_CURVE('',#3731,#3734,#4331,.T.);
#2864=EDGE_CURVE('',#3734,#3733,#4332,.T.);
#2865=EDGE_CURVE('',#3735,#3732,#4333,.T.);
#2866=EDGE_CURVE('',#3735,#3689,#226,.T.);
#2867=EDGE_CURVE('',#3690,#3736,#35,.T.);
#2868=EDGE_CURVE('',#3736,#3735,#4334,.T.);
#2869=EDGE_CURVE('',#3737,#3736,#4335,.T.);
#2870=EDGE_CURVE('',#3738,#3737,#4336,.T.);
#2871=EDGE_CURVE('',#3738,#3729,#4337,.T.);
#2872=EDGE_CURVE('',#3739,#3699,#36,.T.);
#2873=EDGE_CURVE('',#3740,#3739,#4338,.F.);
#2874=EDGE_CURVE('',#3700,#3740,#227,.F.);
#2875=EDGE_CURVE('',#3740,#3741,#4339,.T.);
#2876=EDGE_CURVE('',#3741,#3693,#4340,.T.);
#2877=EDGE_CURVE('',#3742,#3743,#4341,.T.);
#2878=EDGE_CURVE('',#3695,#3742,#4342,.T.);
#2879=EDGE_CURVE('',#3741,#3744,#4343,.T.);
#2880=EDGE_CURVE('',#3744,#3743,#4344,.T.);
#2881=EDGE_CURVE('',#3745,#3742,#4345,.T.);
#2882=EDGE_CURVE('',#3745,#3697,#228,.T.);
#2883=EDGE_CURVE('',#3698,#3746,#37,.T.);
#2884=EDGE_CURVE('',#3746,#3745,#4346,.T.);
#2885=EDGE_CURVE('',#3747,#3746,#4347,.T.);
#2886=EDGE_CURVE('',#3748,#3747,#4348,.T.);
#2887=EDGE_CURVE('',#3748,#3739,#4349,.T.);
#2888=EDGE_CURVE('',#3749,#3750,#4350,.T.);
#2889=EDGE_CURVE('',#3749,#3705,#229,.T.);
#2890=EDGE_CURVE('',#3750,#3702,#4351,.T.);
#2891=EDGE_CURVE('',#3706,#3751,#38,.F.);
#2892=EDGE_CURVE('',#3751,#3749,#4352,.T.);
#2893=EDGE_CURVE('',#3752,#3753,#4353,.T.);
#2894=EDGE_CURVE('',#3754,#3753,#4354,.T.);
#2895=EDGE_CURVE('',#3750,#3754,#4355,.T.);
#2896=EDGE_CURVE('',#3703,#3752,#4356,.T.);
#2897=EDGE_CURVE('',#3755,#3751,#4357,.T.);
#2898=EDGE_CURVE('',#3755,#3756,#4358,.T.);
#2899=EDGE_CURVE('',#3756,#3757,#4359,.T.);
#2900=EDGE_CURVE('',#3757,#3707,#39,.F.);
#2901=EDGE_CURVE('',#3758,#3757,#4360,.F.);
#2902=EDGE_CURVE('',#3708,#3758,#230,.F.);
#2903=EDGE_CURVE('',#3758,#3752,#4361,.T.);
#2904=EDGE_CURVE('',#3759,#3760,#4362,.T.);
#2905=EDGE_CURVE('',#3759,#3713,#231,.T.);
#2906=EDGE_CURVE('',#3760,#3710,#4363,.T.);
#2907=EDGE_CURVE('',#3714,#3761,#40,.F.);
#2908=EDGE_CURVE('',#3761,#3759,#4364,.T.);
#2909=EDGE_CURVE('',#3762,#3763,#4365,.T.);
#2910=EDGE_CURVE('',#3764,#3763,#4366,.T.);
#2911=EDGE_CURVE('',#3760,#3764,#4367,.T.);
#2912=EDGE_CURVE('',#3711,#3762,#4368,.T.);
#2913=EDGE_CURVE('',#3765,#3761,#4369,.T.);
#2914=EDGE_CURVE('',#3765,#3766,#4370,.T.);
#2915=EDGE_CURVE('',#3766,#3767,#4371,.T.);
#2916=EDGE_CURVE('',#3767,#3715,#41,.F.);
#2917=EDGE_CURVE('',#3768,#3767,#4372,.F.);
#2918=EDGE_CURVE('',#3716,#3768,#232,.F.);
#2919=EDGE_CURVE('',#3768,#3762,#4373,.T.);
#2920=EDGE_CURVE('',#3769,#3770,#4374,.T.);
#2921=EDGE_CURVE('',#3769,#3771,#4375,.F.);
#2922=EDGE_CURVE('',#3771,#3772,#4376,.T.);
#2923=EDGE_CURVE('',#3772,#3770,#4377,.T.);
#2924=EDGE_CURVE('',#3773,#3774,#4378,.T.);
#2925=EDGE_CURVE('',#3773,#3775,#4379,.F.);
#2926=EDGE_CURVE('',#3775,#3776,#4380,.T.);
#2927=EDGE_CURVE('',#3776,#3774,#4381,.T.);
#2928=EDGE_CURVE('',#3777,#3778,#4382,.T.);
#2929=EDGE_CURVE('',#3778,#3779,#4383,.T.);
#2930=EDGE_CURVE('',#3780,#3779,#4384,.T.);
#2931=EDGE_CURVE('',#3777,#3780,#4385,.T.);
#2932=EDGE_CURVE('',#3781,#3782,#4386,.T.);
#2933=EDGE_CURVE('',#3781,#3783,#4387,.F.);
#2934=EDGE_CURVE('',#3783,#3784,#4388,.T.);
#2935=EDGE_CURVE('',#3784,#3782,#4389,.T.);
#2936=EDGE_CURVE('',#3785,#3786,#4390,.T.);
#2937=EDGE_CURVE('',#3785,#3787,#4391,.F.);
#2938=EDGE_CURVE('',#3787,#3788,#4392,.T.);
#2939=EDGE_CURVE('',#3788,#3786,#4393,.T.);
#2940=EDGE_CURVE('',#3789,#3790,#4394,.T.);
#2941=EDGE_CURVE('',#3790,#3791,#4395,.T.);
#2942=EDGE_CURVE('',#3792,#3791,#4396,.T.);
#2943=EDGE_CURVE('',#3789,#3792,#4397,.T.);
#2944=EDGE_CURVE('',#3793,#3793,#233,.T.);
#2945=EDGE_CURVE('',#3794,#3794,#234,.T.);
#2946=EDGE_CURVE('',#3795,#3796,#4398,.T.);
#2947=EDGE_CURVE('',#3795,#3728,#4399,.T.);
#2948=EDGE_CURVE('',#3796,#3727,#4400,.T.);
#2949=EDGE_CURVE('',#3795,#3797,#4401,.T.);
#2950=EDGE_CURVE('',#3724,#3797,#4402,.T.);
#2951=EDGE_CURVE('',#3798,#3797,#4403,.T.);
#2952=EDGE_CURVE('',#3723,#3798,#4404,.T.);
#2953=EDGE_CURVE('',#3796,#3798,#4405,.T.);
#2954=EDGE_CURVE('',#3799,#3738,#4406,.T.);
#2955=EDGE_CURVE('',#3799,#3800,#4407,.T.);
#2956=EDGE_CURVE('',#3734,#3800,#4408,.T.);
#2957=EDGE_CURVE('',#3801,#3800,#4409,.T.);
#2958=EDGE_CURVE('',#3733,#3801,#4410,.T.);
#2959=EDGE_CURVE('',#3802,#3801,#4411,.T.);
#2960=EDGE_CURVE('',#3802,#3737,#4412,.T.);
#2961=EDGE_CURVE('',#3799,#3802,#4413,.T.);
#2962=EDGE_CURVE('',#3803,#3748,#4414,.T.);
#2963=EDGE_CURVE('',#3803,#3804,#4415,.T.);
#2964=EDGE_CURVE('',#3744,#3804,#4416,.T.);
#2965=EDGE_CURVE('',#3805,#3804,#4417,.T.);
#2966=EDGE_CURVE('',#3743,#3805,#4418,.T.);
#2967=EDGE_CURVE('',#3806,#3805,#4419,.T.);
#2968=EDGE_CURVE('',#3806,#3747,#4420,.T.);
#2969=EDGE_CURVE('',#3803,#3806,#4421,.T.);
#2970=EDGE_CURVE('',#3807,#3780,#4422,.T.);
#2971=EDGE_CURVE('',#3808,#3807,#4423,.T.);
#2972=EDGE_CURVE('',#3808,#3777,#4424,.T.);
#2973=EDGE_CURVE('',#3809,#3808,#4425,.T.);
#2974=EDGE_CURVE('',#3810,#3809,#4426,.T.);
#2975=EDGE_CURVE('',#3811,#3810,#4427,.T.);
#2976=EDGE_CURVE('',#3772,#3811,#4428,.T.);
#2977=EDGE_CURVE('',#3771,#3776,#235,.T.);
#2978=EDGE_CURVE('',#3775,#3778,#236,.T.);
#2979=EDGE_CURVE('',#3770,#3812,#4429,.T.);
#2980=EDGE_CURVE('',#3811,#3812,#4430,.T.);
#2981=EDGE_CURVE('',#3753,#3813,#4431,.T.);
#2982=EDGE_CURVE('',#3813,#3814,#4432,.T.);
#2983=EDGE_CURVE('',#3754,#3814,#4433,.T.);
#2984=EDGE_CURVE('',#3815,#3814,#4434,.T.);
#2985=EDGE_CURVE('',#3815,#3755,#4435,.T.);
#2986=EDGE_CURVE('',#3815,#3816,#4436,.T.);
#2987=EDGE_CURVE('',#3816,#3756,#4437,.T.);
#2988=EDGE_CURVE('',#3816,#3813,#4438,.T.);
#2989=EDGE_CURVE('',#3763,#3817,#4439,.T.);
#2990=EDGE_CURVE('',#3817,#3818,#4440,.T.);
#2991=EDGE_CURVE('',#3764,#3818,#4441,.T.);
#2992=EDGE_CURVE('',#3819,#3818,#4442,.T.);
#2993=EDGE_CURVE('',#3819,#3765,#4443,.T.);
#2994=EDGE_CURVE('',#3819,#3820,#4444,.T.);
#2995=EDGE_CURVE('',#3820,#3766,#4445,.T.);
#2996=EDGE_CURVE('',#3820,#3817,#4446,.T.);
#2997=EDGE_CURVE('',#3821,#3792,#4447,.T.);
#2998=EDGE_CURVE('',#3822,#3821,#4448,.T.);
#2999=EDGE_CURVE('',#3822,#3789,#4449,.T.);
#3000=EDGE_CURVE('',#3823,#3822,#4450,.T.);
#3001=EDGE_CURVE('',#3824,#3823,#4451,.T.);
#3002=EDGE_CURVE('',#3825,#3824,#4452,.T.);
#3003=EDGE_CURVE('',#3784,#3825,#4453,.T.);
#3004=EDGE_CURVE('',#3783,#3788,#237,.T.);
#3005=EDGE_CURVE('',#3787,#3790,#238,.T.);
#3006=EDGE_CURVE('',#3782,#3826,#4454,.T.);
#3007=EDGE_CURVE('',#3825,#3826,#4455,.T.);
#3008=EDGE_CURVE('',#3779,#3773,#239,.T.);
#3009=EDGE_CURVE('',#3774,#3769,#240,.T.);
#3010=EDGE_CURVE('',#3812,#3481,#4456,.T.);
#3011=EDGE_CURVE('',#3483,#3827,#4457,.T.);
#3012=EDGE_CURVE('',#3827,#3828,#241,.T.);
#3013=EDGE_CURVE('',#3828,#3829,#4458,.T.);
#3014=EDGE_CURVE('',#3829,#3830,#242,.T.);
#3015=EDGE_CURVE('',#3830,#3495,#4459,.T.);
#3016=EDGE_CURVE('',#3497,#3821,#4460,.T.);
#3017=EDGE_CURVE('',#3791,#3785,#243,.T.);
#3018=EDGE_CURVE('',#3786,#3781,#244,.T.);
#3019=EDGE_CURVE('',#3826,#3457,#4461,.T.);
#3020=EDGE_CURVE('',#3459,#3831,#4462,.T.);
#3021=EDGE_CURVE('',#3831,#3832,#245,.T.);
#3022=EDGE_CURVE('',#3832,#3833,#4463,.T.);
#3023=EDGE_CURVE('',#3833,#3834,#246,.T.);
#3024=EDGE_CURVE('',#3834,#3471,#4464,.T.);
#3025=EDGE_CURVE('',#3473,#3807,#4465,.T.);
#3026=EDGE_CURVE('',#3831,#3460,#4466,.T.);
#3027=EDGE_CURVE('',#3832,#3463,#4467,.T.);
#3028=EDGE_CURVE('',#3833,#3465,#4468,.T.);
#3029=EDGE_CURVE('',#3834,#3467,#4469,.T.);
#3030=EDGE_CURVE('',#3809,#3474,#4470,.T.);
#3031=EDGE_CURVE('',#3810,#3477,#4471,.T.);
#3032=EDGE_CURVE('',#3827,#3484,#4472,.T.);
#3033=EDGE_CURVE('',#3828,#3487,#4473,.T.);
#3034=EDGE_CURVE('',#3829,#3489,#4474,.T.);
#3035=EDGE_CURVE('',#3830,#3491,#4475,.T.);
#3036=EDGE_CURVE('',#3823,#3498,#4476,.T.);
#3037=EDGE_CURVE('',#3824,#3455,#4477,.T.);
#3038=EDGE_CURVE('',#3486,#3479,#247,.F.);
#3039=EDGE_CURVE('',#3476,#3469,#248,.F.);
#3040=EDGE_CURVE('',#3462,#3453,#249,.F.);
#3041=EDGE_CURVE('',#3500,#3493,#250,.F.);
#3042=EDGE_CURVE('',#3519,#3576,#4478,.T.);
#3043=EDGE_CURVE('',#3509,#3534,#4479,.T.);
#3044=EDGE_CURVE('',#3560,#3535,#4480,.T.);
#3045=EDGE_CURVE('',#3835,#3836,#251,.T.);
#3046=EDGE_CURVE('',#3836,#3837,#4481,.F.);
#3047=EDGE_CURVE('',#3838,#3837,#252,.T.);
#3048=EDGE_CURVE('',#3838,#3835,#4482,.F.);
#3049=EDGE_CURVE('',#3839,#3840,#253,.T.);
#3050=EDGE_CURVE('',#3840,#3841,#4483,.T.);
#3051=EDGE_CURVE('',#3842,#3841,#254,.T.);
#3052=EDGE_CURVE('',#3839,#3842,#4484,.F.);
#3053=EDGE_CURVE('',#3843,#3844,#4485,.T.);
#3054=EDGE_CURVE('',#3843,#3845,#4486,.T.);
#3055=EDGE_CURVE('',#3845,#3846,#4487,.T.);
#3056=EDGE_CURVE('',#3844,#3846,#4488,.T.);
#3057=EDGE_CURVE('',#3847,#3848,#4489,.T.);
#3058=EDGE_CURVE('',#3848,#3849,#4490,.T.);
#3059=EDGE_CURVE('',#3850,#3849,#4491,.T.);
#3060=EDGE_CURVE('',#3847,#3850,#4492,.T.);
#3061=EDGE_CURVE('',#3851,#3852,#4493,.T.);
#3062=EDGE_CURVE('',#3852,#3853,#4494,.T.);
#3063=EDGE_CURVE('',#3854,#3853,#4495,.T.);
#3064=EDGE_CURVE('',#3854,#3851,#4496,.T.);
#3065=EDGE_CURVE('',#3855,#3856,#4497,.T.);
#3066=EDGE_CURVE('',#3855,#3857,#4498,.T.);
#3067=EDGE_CURVE('',#3857,#3858,#4499,.T.);
#3068=EDGE_CURVE('',#3858,#3856,#4500,.T.);
#3069=EDGE_CURVE('',#3849,#3857,#4501,.T.);
#3070=EDGE_CURVE('',#3859,#3857,#4502,.T.);
#3071=EDGE_CURVE('',#3859,#3860,#4503,.T.);
#3072=EDGE_CURVE('',#3861,#3860,#4504,.T.);
#3073=EDGE_CURVE('',#3861,#3862,#4505,.T.);
#3074=EDGE_CURVE('',#3863,#3862,#4506,.T.);
#3075=EDGE_CURVE('',#3863,#3850,#4507,.T.);
#3076=EDGE_CURVE('',#3852,#3864,#4508,.T.);
#3077=EDGE_CURVE('',#3852,#3843,#4509,.T.);
#3078=EDGE_CURVE('',#3865,#3844,#4510,.T.);
#3079=EDGE_CURVE('',#3866,#3865,#4511,.T.);
#3080=EDGE_CURVE('',#3866,#3867,#4512,.T.);
#3081=EDGE_CURVE('',#3868,#3867,#4513,.T.);
#3082=EDGE_CURVE('',#3864,#3868,#4514,.T.);
#3083=EDGE_CURVE('',#3841,#3869,#114,.T.);
#3084=EDGE_CURVE('',#3870,#3869,#255,.T.);
#3085=EDGE_CURVE('',#3871,#3870,#256,.T.);
#3086=EDGE_CURVE('',#3842,#3871,#257,.F.);
#3087=EDGE_CURVE('',#3872,#3873,#258,.T.);
#3088=EDGE_CURVE('',#3872,#3840,#115,.T.);
#3089=EDGE_CURVE('',#3874,#3839,#259,.F.);
#3090=EDGE_CURVE('',#3873,#3874,#260,.T.);
#3091=EDGE_CURVE('',#3853,#3872,#4515,.T.);
#3092=EDGE_CURVE('',#3873,#3875,#4516,.F.);
#3093=EDGE_CURVE('',#3875,#3876,#261,.T.);
#3094=EDGE_CURVE('',#3876,#3877,#4517,.F.);
#3095=EDGE_CURVE('',#3877,#3878,#262,.T.);
#3096=EDGE_CURVE('',#3878,#3870,#4518,.F.);
#3097=EDGE_CURVE('',#3869,#3845,#4519,.T.);
#3098=EDGE_CURVE('',#3879,#3845,#4520,.T.);
#3099=EDGE_CURVE('',#3880,#3879,#263,.T.);
#3100=EDGE_CURVE('',#3880,#3881,#4521,.T.);
#3101=EDGE_CURVE('',#3882,#3881,#264,.T.);
#3102=EDGE_CURVE('',#3883,#3882,#4522,.T.);
#3103=EDGE_CURVE('',#3884,#3883,#4523,.T.);
#3104=EDGE_CURVE('',#3885,#3884,#4524,.T.);
#3105=EDGE_CURVE('',#3885,#3886,#4525,.T.);
#3106=EDGE_CURVE('',#3886,#3887,#4526,.T.);
#3107=EDGE_CURVE('',#3887,#3888,#4527,.T.);
#3108=EDGE_CURVE('',#3888,#3889,#4528,.T.);
#3109=EDGE_CURVE('',#3890,#3889,#265,.T.);
#3110=EDGE_CURVE('',#3890,#3891,#4529,.F.);
#3111=EDGE_CURVE('',#3891,#3854,#266,.F.);
#3112=EDGE_CURVE('',#3837,#3892,#116,.T.);
#3113=EDGE_CURVE('',#3892,#3893,#267,.T.);
#3114=EDGE_CURVE('',#3893,#3894,#268,.T.);
#3115=EDGE_CURVE('',#3894,#3838,#269,.F.);
#3116=EDGE_CURVE('',#3895,#3896,#270,.T.);
#3117=EDGE_CURVE('',#3896,#3836,#117,.T.);
#3118=EDGE_CURVE('',#3835,#3897,#271,.F.);
#3119=EDGE_CURVE('',#3897,#3895,#272,.T.);
#3120=EDGE_CURVE('',#3848,#3898,#4530,.T.);
#3121=EDGE_CURVE('',#3848,#3896,#4531,.T.);
#3122=EDGE_CURVE('',#3899,#3895,#4532,.F.);
#3123=EDGE_CURVE('',#3900,#3899,#273,.T.);
#3124=EDGE_CURVE('',#3901,#3900,#4533,.F.);
#3125=EDGE_CURVE('',#3902,#3901,#274,.T.);
#3126=EDGE_CURVE('',#3893,#3902,#4534,.F.);
#3127=EDGE_CURVE('',#3892,#3855,#4535,.T.);
#3128=EDGE_CURVE('',#3856,#3903,#275,.F.);
#3129=EDGE_CURVE('',#3903,#3904,#4536,.F.);
#3130=EDGE_CURVE('',#3905,#3904,#276,.T.);
#3131=EDGE_CURVE('',#3905,#3906,#4537,.T.);
#3132=EDGE_CURVE('',#3906,#3907,#4538,.T.);
#3133=EDGE_CURVE('',#3907,#3908,#4539,.T.);
#3134=EDGE_CURVE('',#3908,#3909,#4540,.F.);
#3135=EDGE_CURVE('',#3910,#3909,#4541,.T.);
#3136=EDGE_CURVE('',#3911,#3910,#4542,.T.);
#3137=EDGE_CURVE('',#3912,#3911,#4543,.T.);
#3138=EDGE_CURVE('',#3913,#3912,#277,.T.);
#3139=EDGE_CURVE('',#3913,#3914,#4544,.T.);
#3140=EDGE_CURVE('',#3898,#3914,#278,.T.);
#3141=EDGE_CURVE('',#3915,#3851,#279,.F.);
#3142=EDGE_CURVE('',#3915,#3916,#4545,.T.);
#3143=EDGE_CURVE('',#3916,#3917,#280,.T.);
#3144=EDGE_CURVE('',#3918,#3917,#4546,.T.);
#3145=EDGE_CURVE('',#3919,#3918,#4547,.T.);
#3146=EDGE_CURVE('',#3920,#3919,#4548,.T.);
#3147=EDGE_CURVE('',#3920,#3921,#4549,.F.);
#3148=EDGE_CURVE('',#3921,#3922,#4550,.T.);
#3149=EDGE_CURVE('',#3922,#3923,#4551,.T.);
#3150=EDGE_CURVE('',#3923,#3924,#4552,.T.);
#3151=EDGE_CURVE('',#3924,#3925,#281,.T.);
#3152=EDGE_CURVE('',#3926,#3925,#4553,.T.);
#3153=EDGE_CURVE('',#3926,#3927,#282,.T.);
#3154=EDGE_CURVE('',#3927,#3843,#4554,.T.);
#3155=EDGE_CURVE('',#3853,#3928,#4555,.T.);
#3156=EDGE_CURVE('',#3928,#3929,#4556,.T.);
#3157=EDGE_CURVE('',#3930,#3929,#4557,.T.);
#3158=EDGE_CURVE('',#3931,#3930,#4558,.T.);
#3159=EDGE_CURVE('',#3932,#3931,#4559,.T.);
#3160=EDGE_CURVE('',#3932,#3933,#4560,.T.);
#3161=EDGE_CURVE('',#3933,#3934,#4561,.T.);
#3162=EDGE_CURVE('',#3935,#3934,#4562,.T.);
#3163=EDGE_CURVE('',#3935,#3936,#4563,.T.);
#3164=EDGE_CURVE('',#3846,#3936,#4564,.T.);
#3165=EDGE_CURVE('',#3869,#3937,#283,.T.);
#3166=EDGE_CURVE('',#3937,#3938,#4565,.F.);
#3167=EDGE_CURVE('',#3938,#3872,#284,.T.);
#3168=EDGE_CURVE('',#3897,#3939,#4566,.F.);
#3169=EDGE_CURVE('',#3940,#3894,#4567,.F.);
#3170=EDGE_CURVE('',#3941,#3940,#285,.F.);
#3171=EDGE_CURVE('',#3942,#3941,#4568,.F.);
#3172=EDGE_CURVE('',#3939,#3942,#286,.F.);
#3173=EDGE_CURVE('',#3837,#3943,#287,.T.);
#3174=EDGE_CURVE('',#3943,#3892,#288,.T.);
#3175=EDGE_CURVE('',#3902,#3940,#289,.T.);
#3176=EDGE_CURVE('',#3836,#3944,#290,.T.);
#3177=EDGE_CURVE('',#3944,#3943,#4569,.F.);
#3178=EDGE_CURVE('',#3901,#3941,#291,.T.);
#3179=EDGE_CURVE('',#3896,#3944,#292,.T.);
#3180=EDGE_CURVE('',#3900,#3942,#293,.T.);
#3181=EDGE_CURVE('',#3939,#3899,#294,.T.);
#3182=EDGE_CURVE('',#3879,#3927,#4570,.T.);
#3183=EDGE_CURVE('',#3945,#3898,#4571,.T.);
#3184=EDGE_CURVE('',#3849,#3945,#4572,.T.);
#3185=EDGE_CURVE('',#3946,#3947,#4573,.T.);
#3186=EDGE_CURVE('',#3946,#3948,#295,.F.);
#3187=EDGE_CURVE('',#3949,#3948,#4574,.T.);
#3188=EDGE_CURVE('',#3950,#3949,#4575,.T.);
#3189=EDGE_CURVE('',#3951,#3950,#4576,.T.);
#3190=EDGE_CURVE('',#3951,#3947,#4577,.T.);
#3191=EDGE_CURVE('',#3952,#3953,#4578,.T.);
#3192=EDGE_CURVE('',#3952,#3954,#296,.F.);
#3193=EDGE_CURVE('',#3955,#3954,#4579,.T.);
#3194=EDGE_CURVE('',#3956,#3955,#4580,.T.);
#3195=EDGE_CURVE('',#3956,#3957,#4581,.T.);
#3196=EDGE_CURVE('',#3957,#3953,#4582,.T.);
#3197=EDGE_CURVE('',#3864,#3928,#4583,.T.);
#3198=EDGE_CURVE('',#3958,#3855,#4584,.T.);
#3199=EDGE_CURVE('',#3958,#3859,#4585,.T.);
#3200=EDGE_CURVE('',#3959,#3960,#4586,.T.);
#3201=EDGE_CURVE('',#3959,#3961,#297,.T.);
#3202=EDGE_CURVE('',#3961,#3962,#4587,.T.);
#3203=EDGE_CURVE('',#3963,#3962,#4588,.T.);
#3204=EDGE_CURVE('',#3963,#3964,#4589,.T.);
#3205=EDGE_CURVE('',#3964,#3960,#4590,.T.);
#3206=EDGE_CURVE('',#3965,#3966,#4591,.T.);
#3207=EDGE_CURVE('',#3966,#3967,#298,.T.);
#3208=EDGE_CURVE('',#3968,#3967,#4592,.T.);
#3209=EDGE_CURVE('',#3969,#3968,#4593,.T.);
#3210=EDGE_CURVE('',#3969,#3970,#4594,.T.);
#3211=EDGE_CURVE('',#3970,#3965,#4595,.T.);
#3212=EDGE_CURVE('',#3971,#3847,#4596,.T.);
#3213=EDGE_CURVE('',#3972,#3971,#4597,.T.);
#3214=EDGE_CURVE('',#3973,#3972,#4598,.T.);
#3215=EDGE_CURVE('',#3974,#3973,#4599,.T.);
#3216=EDGE_CURVE('',#3974,#3975,#4600,.T.);
#3217=EDGE_CURVE('',#3975,#3976,#4601,.T.);
#3218=EDGE_CURVE('',#3977,#3976,#4602,.T.);
#3219=EDGE_CURVE('',#3977,#3978,#4603,.T.);
#3220=EDGE_CURVE('',#3978,#3958,#4604,.T.);
#3221=EDGE_CURVE('',#3945,#3979,#299,.T.);
#3222=EDGE_CURVE('',#3979,#3980,#4605,.T.);
#3223=EDGE_CURVE('',#3980,#3981,#300,.T.);
#3224=EDGE_CURVE('',#3981,#3982,#4606,.T.);
#3225=EDGE_CURVE('',#3982,#3983,#4607,.T.);
#3226=EDGE_CURVE('',#3983,#3984,#4608,.T.);
#3227=EDGE_CURVE('',#3984,#3985,#4609,.F.);
#3228=EDGE_CURVE('',#3986,#3985,#4610,.T.);
#3229=EDGE_CURVE('',#3987,#3986,#4611,.T.);
#3230=EDGE_CURVE('',#3988,#3987,#4612,.T.);
#3231=EDGE_CURVE('',#3988,#3989,#301,.T.);
#3232=EDGE_CURVE('',#3989,#3990,#4613,.T.);
#3233=EDGE_CURVE('',#3858,#3990,#302,.F.);
#3234=EDGE_CURVE('',#3991,#3992,#4614,.T.);
#3235=EDGE_CURVE('',#3991,#3993,#303,.F.);
#3236=EDGE_CURVE('',#3993,#3994,#4615,.T.);
#3237=EDGE_CURVE('',#3995,#3994,#4616,.T.);
#3238=EDGE_CURVE('',#3996,#3995,#4617,.T.);
#3239=EDGE_CURVE('',#3996,#3992,#4618,.T.);
#3240=EDGE_CURVE('',#3997,#3998,#4619,.T.);
#3241=EDGE_CURVE('',#3998,#3999,#304,.F.);
#3242=EDGE_CURVE('',#4000,#3999,#4620,.T.);
#3243=EDGE_CURVE('',#4001,#4000,#4621,.T.);
#3244=EDGE_CURVE('',#4001,#4002,#4622,.T.);
#3245=EDGE_CURVE('',#4002,#3997,#4623,.T.);
#3246=EDGE_CURVE('',#3882,#3924,#4624,.T.);
#3247=EDGE_CURVE('',#3883,#3923,#4625,.T.);
#3248=EDGE_CURVE('',#3981,#3912,#4626,.T.);
#3249=EDGE_CURVE('',#3982,#3911,#4627,.T.);
#3250=EDGE_CURVE('',#3860,#4003,#4628,.T.);
#3251=EDGE_CURVE('',#3978,#4004,#4629,.T.);
#3252=EDGE_CURVE('',#4004,#4005,#4630,.T.);
#3253=EDGE_CURVE('',#4005,#4006,#305,.F.);
#3254=EDGE_CURVE('',#4006,#4007,#4631,.T.);
#3255=EDGE_CURVE('',#4007,#4008,#306,.F.);
#3256=EDGE_CURVE('',#4009,#4008,#4632,.T.);
#3257=EDGE_CURVE('',#3929,#4009,#4633,.T.);
#3258=EDGE_CURVE('',#4010,#3868,#4634,.T.);
#3259=EDGE_CURVE('',#4003,#4010,#307,.F.);
#3260=EDGE_CURVE('',#4011,#4012,#308,.T.);
#3261=EDGE_CURVE('',#4012,#3973,#4635,.T.);
#3262=EDGE_CURVE('',#3972,#4013,#4636,.T.);
#3263=EDGE_CURVE('',#4013,#4014,#4637,.T.);
#3264=EDGE_CURVE('',#4014,#4015,#309,.T.);
#3265=EDGE_CURVE('',#4015,#4016,#4638,.T.);
#3266=EDGE_CURVE('',#4016,#4017,#310,.T.);
#3267=EDGE_CURVE('',#4018,#4017,#4639,.T.);
#3268=EDGE_CURVE('',#3935,#4018,#4640,.T.);
#3269=EDGE_CURVE('',#3934,#4011,#4641,.T.);
#3270=EDGE_CURVE('',#4019,#4020,#4642,.T.);
#3271=EDGE_CURVE('',#4019,#4021,#4643,.T.);
#3272=EDGE_CURVE('',#4021,#4022,#4644,.T.);
#3273=EDGE_CURVE('',#4020,#4022,#4645,.T.);
#3274=EDGE_CURVE('',#4023,#4024,#4646,.T.);
#3275=EDGE_CURVE('',#4024,#4025,#4647,.T.);
#3276=EDGE_CURVE('',#4026,#4025,#4648,.T.);
#3277=EDGE_CURVE('',#4026,#4023,#4649,.T.);
#3278=EDGE_CURVE('',#4006,#4027,#4650,.F.);
#3279=EDGE_CURVE('',#4028,#4027,#4651,.T.);
#3280=EDGE_CURVE('',#4028,#4007,#4652,.T.);
#3281=EDGE_CURVE('',#4008,#4029,#4653,.F.);
#3282=EDGE_CURVE('',#4030,#4029,#4654,.T.);
#3283=EDGE_CURVE('',#4030,#4009,#4655,.T.);
#3284=EDGE_CURVE('',#3930,#4030,#4656,.T.);
#3285=EDGE_CURVE('',#4031,#4032,#4657,.T.);
#3286=EDGE_CURVE('',#4032,#4005,#4658,.T.);
#3287=EDGE_CURVE('',#4031,#4004,#4659,.T.);
#3288=EDGE_CURVE('',#3977,#4031,#4660,.T.);
#3289=EDGE_CURVE('',#4033,#4034,#4661,.T.);
#3290=EDGE_CURVE('',#4033,#4016,#4662,.F.);
#3291=EDGE_CURVE('',#4015,#4034,#4663,.T.);
#3292=EDGE_CURVE('',#4035,#4036,#311,.T.);
#3293=EDGE_CURVE('',#4036,#3931,#4664,.T.);
#3294=EDGE_CURVE('',#4029,#4028,#312,.T.);
#3295=EDGE_CURVE('',#4027,#4032,#313,.T.);
#3296=EDGE_CURVE('',#3976,#4035,#4665,.T.);
#3297=EDGE_CURVE('',#4037,#4038,#4666,.T.);
#3298=EDGE_CURVE('',#4037,#4014,#4667,.F.);
#3299=EDGE_CURVE('',#4013,#4038,#4668,.T.);
#3300=EDGE_CURVE('',#4038,#3971,#4669,.T.);
#3301=EDGE_CURVE('',#4017,#4039,#4670,.T.);
#3302=EDGE_CURVE('',#4039,#4040,#4671,.T.);
#3303=EDGE_CURVE('',#4018,#4040,#4672,.T.);
#3304=EDGE_CURVE('',#4040,#3936,#4673,.T.);
#3305=EDGE_CURVE('',#4041,#3863,#4674,.T.);
#3306=EDGE_CURVE('',#4042,#4041,#314,.F.);
#3307=EDGE_CURVE('',#3865,#4042,#4675,.T.);
#3308=EDGE_CURVE('',#4039,#4033,#315,.F.);
#3309=EDGE_CURVE('',#4034,#4037,#316,.F.);
#3310=EDGE_CURVE('',#4043,#4044,#4676,.T.);
#3311=EDGE_CURVE('',#4043,#4045,#317,.T.);
#3312=EDGE_CURVE('',#4046,#4045,#4677,.T.);
#3313=EDGE_CURVE('',#4047,#4046,#4678,.T.);
#3314=EDGE_CURVE('',#4047,#4048,#4679,.T.);
#3315=EDGE_CURVE('',#4048,#4044,#4680,.T.);
#3316=EDGE_CURVE('',#4049,#4050,#4681,.T.);
#3317=EDGE_CURVE('',#4049,#4051,#318,.T.);
#3318=EDGE_CURVE('',#4052,#4051,#4682,.T.);
#3319=EDGE_CURVE('',#4053,#4052,#4683,.T.);
#3320=EDGE_CURVE('',#4053,#4054,#4684,.T.);
#3321=EDGE_CURVE('',#4054,#4050,#4685,.T.);
#3322=EDGE_CURVE('',#4025,#3920,#319,.T.);
#3323=EDGE_CURVE('',#3887,#3919,#4686,.T.);
#3324=EDGE_CURVE('',#3886,#4055,#320,.F.);
#3325=EDGE_CURVE('',#4055,#4056,#4687,.T.);
#3326=EDGE_CURVE('',#4056,#4026,#4688,.T.);
#3327=EDGE_CURVE('',#3888,#3918,#4689,.T.);
#3328=EDGE_CURVE('',#3889,#3917,#4690,.T.);
#3329=EDGE_CURVE('',#3921,#4024,#321,.F.);
#3330=EDGE_CURVE('',#4057,#4023,#4691,.T.);
#3331=EDGE_CURVE('',#4057,#4058,#4692,.T.);
#3332=EDGE_CURVE('',#4058,#3885,#322,.T.);
#3333=EDGE_CURVE('',#3884,#3922,#4693,.T.);
#3334=EDGE_CURVE('',#3988,#3905,#4694,.T.);
#3335=EDGE_CURVE('',#3987,#3906,#4695,.T.);
#3336=EDGE_CURVE('',#3986,#3907,#4696,.T.);
#3337=EDGE_CURVE('',#3985,#4019,#323,.T.);
#3338=EDGE_CURVE('',#4059,#4020,#4697,.T.);
#3339=EDGE_CURVE('',#4060,#4059,#4698,.T.);
#3340=EDGE_CURVE('',#4060,#3908,#324,.F.);
#3341=EDGE_CURVE('',#3983,#3910,#4699,.T.);
#3342=EDGE_CURVE('',#4021,#3984,#325,.F.);
#3343=EDGE_CURVE('',#3909,#4061,#326,.T.);
#3344=EDGE_CURVE('',#4062,#4061,#4700,.T.);
#3345=EDGE_CURVE('',#4062,#4022,#4701,.T.);
#3346=EDGE_CURVE('',#3975,#3861,#4702,.T.);
#3347=EDGE_CURVE('',#4003,#4035,#4703,.T.);
#3348=EDGE_CURVE('',#4010,#4036,#4704,.T.);
#3349=EDGE_CURVE('',#3867,#3932,#4705,.T.);
#3350=EDGE_CURVE('',#3933,#3866,#4706,.T.);
#3351=EDGE_CURVE('',#4042,#4011,#4707,.T.);
#3352=EDGE_CURVE('',#4041,#4012,#4708,.T.);
#3353=EDGE_CURVE('',#3862,#3974,#4709,.T.);
#3354=EDGE_CURVE('',#3999,#3952,#4710,.F.);
#3355=EDGE_CURVE('',#3953,#4063,#327,.T.);
#3356=EDGE_CURVE('',#4063,#4064,#4711,.T.);
#3357=EDGE_CURVE('',#4064,#4065,#328,.T.);
#3358=EDGE_CURVE('',#4065,#4066,#4712,.T.);
#3359=EDGE_CURVE('',#4066,#4000,#329,.T.);
#3360=EDGE_CURVE('',#3967,#4049,#4713,.T.);
#3361=EDGE_CURVE('',#4050,#4067,#330,.T.);
#3362=EDGE_CURVE('',#4067,#4068,#4714,.T.);
#3363=EDGE_CURVE('',#4068,#4069,#331,.T.);
#3364=EDGE_CURVE('',#4069,#4070,#4715,.T.);
#3365=EDGE_CURVE('',#4070,#3968,#332,.T.);
#3366=EDGE_CURVE('',#3948,#3991,#4716,.F.);
#3367=EDGE_CURVE('',#4071,#3992,#333,.T.);
#3368=EDGE_CURVE('',#4072,#4071,#4717,.T.);
#3369=EDGE_CURVE('',#4073,#4072,#334,.T.);
#3370=EDGE_CURVE('',#4074,#4073,#4718,.T.);
#3371=EDGE_CURVE('',#3949,#4074,#335,.T.);
#3372=EDGE_CURVE('',#4045,#3959,#4719,.T.);
#3373=EDGE_CURVE('',#3960,#4075,#336,.T.);
#3374=EDGE_CURVE('',#4075,#4076,#4720,.T.);
#3375=EDGE_CURVE('',#4076,#4077,#337,.T.);
#3376=EDGE_CURVE('',#4077,#4078,#4721,.T.);
#3377=EDGE_CURVE('',#4078,#4046,#338,.T.);
#3378=EDGE_CURVE('',#3891,#4043,#118,.T.);
#3379=EDGE_CURVE('',#4044,#3915,#339,.F.);
#3380=EDGE_CURVE('',#3993,#3880,#119,.T.);
#3381=EDGE_CURVE('',#3994,#3926,#340,.T.);
#3382=EDGE_CURVE('',#3881,#3946,#120,.T.);
#3383=EDGE_CURVE('',#3925,#3947,#341,.T.);
#3384=EDGE_CURVE('',#3961,#3890,#121,.T.);
#3385=EDGE_CURVE('',#3962,#3916,#342,.T.);
#3386=EDGE_CURVE('',#4051,#3903,#122,.T.);
#3387=EDGE_CURVE('',#3990,#4052,#343,.F.);
#3388=EDGE_CURVE('',#3914,#3998,#123,.T.);
#3389=EDGE_CURVE('',#3979,#3997,#344,.T.);
#3390=EDGE_CURVE('',#3954,#3913,#124,.T.);
#3391=EDGE_CURVE('',#3955,#3980,#345,.T.);
#3392=EDGE_CURVE('',#3904,#3966,#125,.T.);
#3393=EDGE_CURVE('',#3989,#3965,#346,.T.);
#3394=EDGE_CURVE('',#3871,#4079,#4722,.F.);
#3395=EDGE_CURVE('',#4079,#4080,#347,.F.);
#3396=EDGE_CURVE('',#4080,#4081,#4723,.F.);
#3397=EDGE_CURVE('',#4081,#4082,#348,.F.);
#3398=EDGE_CURVE('',#4082,#3874,#4724,.F.);
#3399=EDGE_CURVE('',#3840,#3938,#349,.T.);
#3400=EDGE_CURVE('',#3875,#4082,#350,.T.);
#3401=EDGE_CURVE('',#3841,#3937,#351,.T.);
#3402=EDGE_CURVE('',#3876,#4081,#352,.T.);
#3403=EDGE_CURVE('',#3877,#4080,#353,.T.);
#3404=EDGE_CURVE('',#4079,#3878,#354,.T.);
#3405=EDGE_CURVE('',#4061,#4060,#4725,.T.);
#3406=EDGE_CURVE('',#4059,#4062,#4726,.T.);
#3407=EDGE_CURVE('',#4055,#4058,#4727,.F.);
#3408=EDGE_CURVE('',#4056,#4057,#4728,.T.);
#3409=EDGE_CURVE('',#3925,#3951,#4729,.T.);
#3410=EDGE_CURVE('',#3995,#3926,#4730,.T.);
#3411=EDGE_CURVE('',#4083,#3996,#355,.T.);
#3412=EDGE_CURVE('',#3950,#4084,#356,.T.);
#3413=EDGE_CURVE('',#4084,#4085,#4731,.T.);
#3414=EDGE_CURVE('',#4085,#4086,#357,.T.);
#3415=EDGE_CURVE('',#4086,#4083,#4732,.T.);
#3416=EDGE_CURVE('',#4083,#4071,#4733,.T.);
#3417=EDGE_CURVE('',#4084,#4074,#4734,.T.);
#3418=EDGE_CURVE('',#4085,#4073,#4735,.T.);
#3419=EDGE_CURVE('',#4086,#4072,#4736,.T.);
#3420=EDGE_CURVE('',#4048,#3915,#4737,.T.);
#3421=EDGE_CURVE('',#4087,#4088,#4738,.T.);
#3422=EDGE_CURVE('',#4089,#4087,#358,.T.);
#3423=EDGE_CURVE('',#4090,#4089,#4739,.T.);
#3424=EDGE_CURVE('',#3964,#4090,#359,.T.);
#3425=EDGE_CURVE('',#3916,#3963,#4740,.T.);
#3426=EDGE_CURVE('',#4088,#4047,#360,.T.);
#3427=EDGE_CURVE('',#4087,#4077,#4741,.T.);
#3428=EDGE_CURVE('',#4088,#4078,#4742,.T.);
#3429=EDGE_CURVE('',#4090,#4075,#4743,.T.);
#3430=EDGE_CURVE('',#4089,#4076,#4744,.T.);
#3431=EDGE_CURVE('',#3990,#4053,#4745,.T.);
#3432=EDGE_CURVE('',#4091,#4092,#4746,.T.);
#3433=EDGE_CURVE('',#4054,#4091,#361,.T.);
#3434=EDGE_CURVE('',#3970,#3989,#4747,.T.);
#3435=EDGE_CURVE('',#4093,#3969,#362,.T.);
#3436=EDGE_CURVE('',#4094,#4093,#4748,.T.);
#3437=EDGE_CURVE('',#4092,#4094,#363,.T.);
#3438=EDGE_CURVE('',#4092,#4068,#4749,.T.);
#3439=EDGE_CURVE('',#4094,#4069,#4750,.T.);
#3440=EDGE_CURVE('',#4093,#4070,#4751,.T.);
#3441=EDGE_CURVE('',#4091,#4067,#4752,.T.);
#3442=EDGE_CURVE('',#4002,#3979,#4753,.T.);
#3443=EDGE_CURVE('',#4095,#4096,#4754,.T.);
#3444=EDGE_CURVE('',#4097,#4095,#364,.T.);
#3445=EDGE_CURVE('',#4098,#4097,#4755,.T.);
#3446=EDGE_CURVE('',#3957,#4098,#365,.T.);
#3447=EDGE_CURVE('',#3980,#3956,#4756,.T.);
#3448=EDGE_CURVE('',#4096,#4001,#366,.T.);
#3449=EDGE_CURVE('',#4095,#4065,#4757,.T.);
#3450=EDGE_CURVE('',#4096,#4066,#4758,.T.);
#3451=EDGE_CURVE('',#4098,#4063,#4759,.T.);
#3452=EDGE_CURVE('',#4097,#4064,#4760,.T.);
#3453=VERTEX_POINT('',#10886);
#3454=VERTEX_POINT('',#10887);
#3455=VERTEX_POINT('',#10889);
#3456=VERTEX_POINT('',#10891);
#3457=VERTEX_POINT('',#10895);
#3458=VERTEX_POINT('',#10897);
#3459=VERTEX_POINT('',#10899);
#3460=VERTEX_POINT('',#10903);
#3461=VERTEX_POINT('',#10904);
#3462=VERTEX_POINT('',#10907);
#3463=VERTEX_POINT('',#10911);
#3464=VERTEX_POINT('',#10912);
#3465=VERTEX_POINT('',#10917);
#3466=VERTEX_POINT('',#10918);
#3467=VERTEX_POINT('',#10923);
#3468=VERTEX_POINT('',#10924);
#3469=VERTEX_POINT('',#10929);
#3470=VERTEX_POINT('',#10930);
#3471=VERTEX_POINT('',#10935);
#3472=VERTEX_POINT('',#10937);
#3473=VERTEX_POINT('',#10939);
#3474=VERTEX_POINT('',#10943);
#3475=VERTEX_POINT('',#10944);
#3476=VERTEX_POINT('',#10947);
#3477=VERTEX_POINT('',#10951);
#3478=VERTEX_POINT('',#10952);
#3479=VERTEX_POINT('',#10957);
#3480=VERTEX_POINT('',#10958);
#3481=VERTEX_POINT('',#10963);
#3482=VERTEX_POINT('',#10965);
#3483=VERTEX_POINT('',#10967);
#3484=VERTEX_POINT('',#10971);
#3485=VERTEX_POINT('',#10972);
#3486=VERTEX_POINT('',#10975);
#3487=VERTEX_POINT('',#10979);
#3488=VERTEX_POINT('',#10980);
#3489=VERTEX_POINT('',#10985);
#3490=VERTEX_POINT('',#10986);
#3491=VERTEX_POINT('',#10991);
#3492=VERTEX_POINT('',#10992);
#3493=VERTEX_POINT('',#10997);
#3494=VERTEX_POINT('',#10998);
#3495=VERTEX_POINT('',#11003);
#3496=VERTEX_POINT('',#11005);
#3497=VERTEX_POINT('',#11007);
#3498=VERTEX_POINT('',#11011);
#3499=VERTEX_POINT('',#11012);
#3500=VERTEX_POINT('',#11015);
#3501=VERTEX_POINT('',#11022);
#3502=VERTEX_POINT('',#11023);
#3503=VERTEX_POINT('',#11025);
#3504=VERTEX_POINT('',#11027);
#3505=VERTEX_POINT('',#11031);
#3506=VERTEX_POINT('',#11032);
#3507=VERTEX_POINT('',#11034);
#3508=VERTEX_POINT('',#11036);
#3509=VERTEX_POINT('',#11043);
#3510=VERTEX_POINT('',#11048);
#3511=VERTEX_POINT('',#11053);
#3512=VERTEX_POINT('',#11055);
#3513=VERTEX_POINT('',#11060);
#3514=VERTEX_POINT('',#11065);
#3515=VERTEX_POINT('',#11067);
#3516=VERTEX_POINT('',#11072);
#3517=VERTEX_POINT('',#11077);
#3518=VERTEX_POINT('',#11079);
#3519=VERTEX_POINT('',#11084);
#3520=VERTEX_POINT('',#11089);
#3521=VERTEX_POINT('',#11091);
#3522=VERTEX_POINT('',#11096);
#3523=VERTEX_POINT('',#11101);
#3524=VERTEX_POINT('',#11103);
#3525=VERTEX_POINT('',#11108);
#3526=VERTEX_POINT('',#11113);
#3527=VERTEX_POINT('',#11115);
#3528=VERTEX_POINT('',#11120);
#3529=VERTEX_POINT('',#11125);
#3530=VERTEX_POINT('',#11127);
#3531=VERTEX_POINT('',#11132);
#3532=VERTEX_POINT('',#11137);
#3533=VERTEX_POINT('',#11139);
#3534=VERTEX_POINT('',#11144);
#3535=VERTEX_POINT('',#11151);
#3536=VERTEX_POINT('',#11156);
#3537=VERTEX_POINT('',#11161);
#3538=VERTEX_POINT('',#11163);
#3539=VERTEX_POINT('',#11168);
#3540=VERTEX_POINT('',#11173);
#3541=VERTEX_POINT('',#11175);
#3542=VERTEX_POINT('',#11180);
#3543=VERTEX_POINT('',#11185);
#3544=VERTEX_POINT('',#11187);
#3545=VERTEX_POINT('',#11192);
#3546=VERTEX_POINT('',#11197);
#3547=VERTEX_POINT('',#11199);
#3548=VERTEX_POINT('',#11204);
#3549=VERTEX_POINT('',#11209);
#3550=VERTEX_POINT('',#11211);
#3551=VERTEX_POINT('',#11216);
#3552=VERTEX_POINT('',#11221);
#3553=VERTEX_POINT('',#11223);
#3554=VERTEX_POINT('',#11228);
#3555=VERTEX_POINT('',#11233);
#3556=VERTEX_POINT('',#11235);
#3557=VERTEX_POINT('',#11240);
#3558=VERTEX_POINT('',#11245);
#3559=VERTEX_POINT('',#11247);
#3560=VERTEX_POINT('',#11252);
#3561=VERTEX_POINT('',#11259);
#3562=VERTEX_POINT('',#11260);
#3563=VERTEX_POINT('',#11262);
#3564=VERTEX_POINT('',#11267);
#3565=VERTEX_POINT('',#11272);
#3566=VERTEX_POINT('',#11274);
#3567=VERTEX_POINT('',#11279);
#3568=VERTEX_POINT('',#11284);
#3569=VERTEX_POINT('',#11286);
#3570=VERTEX_POINT('',#11291);
#3571=VERTEX_POINT('',#11296);
#3572=VERTEX_POINT('',#11298);
#3573=VERTEX_POINT('',#11303);
#3574=VERTEX_POINT('',#11308);
#3575=VERTEX_POINT('',#11310);
#3576=VERTEX_POINT('',#11315);
#3577=VERTEX_POINT('',#11320);
#3578=VERTEX_POINT('',#11322);
#3579=VERTEX_POINT('',#11327);
#3580=VERTEX_POINT('',#11332);
#3581=VERTEX_POINT('',#11334);
#3582=VERTEX_POINT('',#11339);
#3583=VERTEX_POINT('',#11344);
#3584=VERTEX_POINT('',#11346);
#3585=VERTEX_POINT('',#11351);
#3586=VERTEX_POINT('',#11360);
#3587=VERTEX_POINT('',#11367);
#3588=VERTEX_POINT('',#11368);
#3589=VERTEX_POINT('',#11370);
#3590=VERTEX_POINT('',#11375);
#3591=VERTEX_POINT('',#11380);
#3592=VERTEX_POINT('',#11382);
#3593=VERTEX_POINT('',#11387);
#3594=VERTEX_POINT('',#11392);
#3595=VERTEX_POINT('',#11394);
#3596=VERTEX_POINT('',#11399);
#3597=VERTEX_POINT('',#11404);
#3598=VERTEX_POINT('',#11406);
#3599=VERTEX_POINT('',#11411);
#3600=VERTEX_POINT('',#11416);
#3601=VERTEX_POINT('',#11418);
#3602=VERTEX_POINT('',#11423);
#3603=VERTEX_POINT('',#11428);
#3604=VERTEX_POINT('',#11430);
#3605=VERTEX_POINT('',#11435);
#3606=VERTEX_POINT('',#11440);
#3607=VERTEX_POINT('',#11442);
#3608=VERTEX_POINT('',#11447);
#3609=VERTEX_POINT('',#11452);
#3610=VERTEX_POINT('',#11454);
#3611=VERTEX_POINT('',#11459);
#3612=VERTEX_POINT('',#11468);
#3613=VERTEX_POINT('',#11569);
#3614=VERTEX_POINT('',#11571);
#3615=VERTEX_POINT('',#11574);
#3616=VERTEX_POINT('',#11577);
#3617=VERTEX_POINT('',#11580);
#3618=VERTEX_POINT('',#11583);
#3619=VERTEX_POINT('',#11586);
#3620=VERTEX_POINT('',#11589);
#3621=VERTEX_POINT('',#11595);
#3622=VERTEX_POINT('',#11596);
#3623=VERTEX_POINT('',#11598);
#3624=VERTEX_POINT('',#11600);
#3625=VERTEX_POINT('',#11604);
#3626=VERTEX_POINT('',#11606);
#3627=VERTEX_POINT('',#11610);
#3628=VERTEX_POINT('',#11612);
#3629=VERTEX_POINT('',#11616);
#3630=VERTEX_POINT('',#11618);
#3631=VERTEX_POINT('',#11622);
#3632=VERTEX_POINT('',#11624);
#3633=VERTEX_POINT('',#11628);
#3634=VERTEX_POINT('',#11630);
#3635=VERTEX_POINT('',#11634);
#3636=VERTEX_POINT('',#11636);
#3637=VERTEX_POINT('',#11644);
#3638=VERTEX_POINT('',#11645);
#3639=VERTEX_POINT('',#11647);
#3640=VERTEX_POINT('',#11649);
#3641=VERTEX_POINT('',#11653);
#3642=VERTEX_POINT('',#11655);
#3643=VERTEX_POINT('',#11659);
#3644=VERTEX_POINT('',#11661);
#3645=VERTEX_POINT('',#11665);
#3646=VERTEX_POINT('',#11666);
#3647=VERTEX_POINT('',#11668);
#3648=VERTEX_POINT('',#11670);
#3649=VERTEX_POINT('',#11674);
#3650=VERTEX_POINT('',#11676);
#3651=VERTEX_POINT('',#11680);
#3652=VERTEX_POINT('',#11682);
#3653=VERTEX_POINT('',#11686);
#3654=VERTEX_POINT('',#11687);
#3655=VERTEX_POINT('',#11689);
#3656=VERTEX_POINT('',#11691);
#3657=VERTEX_POINT('',#11695);
#3658=VERTEX_POINT('',#11697);
#3659=VERTEX_POINT('',#11701);
#3660=VERTEX_POINT('',#11703);
#3661=VERTEX_POINT('',#11707);
#3662=VERTEX_POINT('',#11708);
#3663=VERTEX_POINT('',#11710);
#3664=VERTEX_POINT('',#11712);
#3665=VERTEX_POINT('',#11716);
#3666=VERTEX_POINT('',#11718);
#3667=VERTEX_POINT('',#11722);
#3668=VERTEX_POINT('',#11724);
#3669=VERTEX_POINT('',#11728);
#3670=VERTEX_POINT('',#11729);
#3671=VERTEX_POINT('',#11731);
#3672=VERTEX_POINT('',#11733);
#3673=VERTEX_POINT('',#11737);
#3674=VERTEX_POINT('',#11739);
#3675=VERTEX_POINT('',#11743);
#3676=VERTEX_POINT('',#11745);
#3677=VERTEX_POINT('',#11749);
#3678=VERTEX_POINT('',#11751);
#3679=VERTEX_POINT('',#11755);
#3680=VERTEX_POINT('',#11759);
#3681=VERTEX_POINT('',#11763);
#3682=VERTEX_POINT('',#11765);
#3683=VERTEX_POINT('',#11767);
#3684=VERTEX_POINT('',#11769);
#3685=VERTEX_POINT('',#11773);
#3686=VERTEX_POINT('',#11775);
#3687=VERTEX_POINT('',#11779);
#3688=VERTEX_POINT('',#11783);
#3689=VERTEX_POINT('',#11787);
#3690=VERTEX_POINT('',#11789);
#3691=VERTEX_POINT('',#11791);
#3692=VERTEX_POINT('',#11793);
#3693=VERTEX_POINT('',#11797);
#3694=VERTEX_POINT('',#11799);
#3695=VERTEX_POINT('',#11803);
#3696=VERTEX_POINT('',#11807);
#3697=VERTEX_POINT('',#11811);
#3698=VERTEX_POINT('',#11813);
#3699=VERTEX_POINT('',#11815);
#3700=VERTEX_POINT('',#11817);
#3701=VERTEX_POINT('',#11821);
#3702=VERTEX_POINT('',#11823);
#3703=VERTEX_POINT('',#11827);
#3704=VERTEX_POINT('',#11831);
#3705=VERTEX_POINT('',#11835);
#3706=VERTEX_POINT('',#11837);
#3707=VERTEX_POINT('',#11839);
#3708=VERTEX_POINT('',#11841);
#3709=VERTEX_POINT('',#11845);
#3710=VERTEX_POINT('',#11847);
#3711=VERTEX_POINT('',#11851);
#3712=VERTEX_POINT('',#11855);
#3713=VERTEX_POINT('',#11859);
#3714=VERTEX_POINT('',#11861);
#3715=VERTEX_POINT('',#11863);
#3716=VERTEX_POINT('',#11865);
#3717=VERTEX_POINT('',#11869);
#3718=VERTEX_POINT('',#11872);
#3719=VERTEX_POINT('',#11875);
#3720=VERTEX_POINT('',#11877);
#3721=VERTEX_POINT('',#11881);
#3722=VERTEX_POINT('',#11885);
#3723=VERTEX_POINT('',#11886);
#3724=VERTEX_POINT('',#11889);
#3725=VERTEX_POINT('',#11893);
#3726=VERTEX_POINT('',#11897);
#3727=VERTEX_POINT('',#11901);
#3728=VERTEX_POINT('',#11903);
#3729=VERTEX_POINT('',#11907);
#3730=VERTEX_POINT('',#11909);
#3731=VERTEX_POINT('',#11913);
#3732=VERTEX_POINT('',#11917);
#3733=VERTEX_POINT('',#11918);
#3734=VERTEX_POINT('',#11921);
#3735=VERTEX_POINT('',#11925);
#3736=VERTEX_POINT('',#11929);
#3737=VERTEX_POINT('',#11933);
#3738=VERTEX_POINT('',#11935);
#3739=VERTEX_POINT('',#11939);
#3740=VERTEX_POINT('',#11941);
#3741=VERTEX_POINT('',#11945);
#3742=VERTEX_POINT('',#11949);
#3743=VERTEX_POINT('',#11950);
#3744=VERTEX_POINT('',#11953);
#3745=VERTEX_POINT('',#11957);
#3746=VERTEX_POINT('',#11961);
#3747=VERTEX_POINT('',#11965);
#3748=VERTEX_POINT('',#11967);
#3749=VERTEX_POINT('',#11971);
#3750=VERTEX_POINT('',#11972);
#3751=VERTEX_POINT('',#11977);
#3752=VERTEX_POINT('',#11981);
#3753=VERTEX_POINT('',#11982);
#3754=VERTEX_POINT('',#11984);
#3755=VERTEX_POINT('',#11989);
#3756=VERTEX_POINT('',#11991);
#3757=VERTEX_POINT('',#11993);
#3758=VERTEX_POINT('',#11997);
#3759=VERTEX_POINT('',#12003);
#3760=VERTEX_POINT('',#12004);
#3761=VERTEX_POINT('',#12009);
#3762=VERTEX_POINT('',#12013);
#3763=VERTEX_POINT('',#12014);
#3764=VERTEX_POINT('',#12016);
#3765=VERTEX_POINT('',#12021);
#3766=VERTEX_POINT('',#12023);
#3767=VERTEX_POINT('',#12025);
#3768=VERTEX_POINT('',#12029);
#3769=VERTEX_POINT('',#12035);
#3770=VERTEX_POINT('',#12036);
#3771=VERTEX_POINT('',#12038);
#3772=VERTEX_POINT('',#12040);
#3773=VERTEX_POINT('',#12044);
#3774=VERTEX_POINT('',#12045);
#3775=VERTEX_POINT('',#12047);
#3776=VERTEX_POINT('',#12049);
#3777=VERTEX_POINT('',#12053);
#3778=VERTEX_POINT('',#12054);
#3779=VERTEX_POINT('',#12056);
#3780=VERTEX_POINT('',#12058);
#3781=VERTEX_POINT('',#12062);
#3782=VERTEX_POINT('',#12063);
#3783=VERTEX_POINT('',#12065);
#3784=VERTEX_POINT('',#12067);
#3785=VERTEX_POINT('',#12071);
#3786=VERTEX_POINT('',#12072);
#3787=VERTEX_POINT('',#12074);
#3788=VERTEX_POINT('',#12076);
#3789=VERTEX_POINT('',#12080);
#3790=VERTEX_POINT('',#12081);
#3791=VERTEX_POINT('',#12083);
#3792=VERTEX_POINT('',#12085);
#3793=VERTEX_POINT('',#12089);
#3794=VERTEX_POINT('',#12092);
#3795=VERTEX_POINT('',#12095);
#3796=VERTEX_POINT('',#12096);
#3797=VERTEX_POINT('',#12101);
#3798=VERTEX_POINT('',#12105);
#3799=VERTEX_POINT('',#12111);
#3800=VERTEX_POINT('',#12113);
#3801=VERTEX_POINT('',#12117);
#3802=VERTEX_POINT('',#12121);
#3803=VERTEX_POINT('',#12127);
#3804=VERTEX_POINT('',#12129);
#3805=VERTEX_POINT('',#12133);
#3806=VERTEX_POINT('',#12137);
#3807=VERTEX_POINT('',#12143);
#3808=VERTEX_POINT('',#12145);
#3809=VERTEX_POINT('',#12149);
#3810=VERTEX_POINT('',#12151);
#3811=VERTEX_POINT('',#12153);
#3812=VERTEX_POINT('',#12159);
#3813=VERTEX_POINT('',#12163);
#3814=VERTEX_POINT('',#12165);
#3815=VERTEX_POINT('',#12169);
#3816=VERTEX_POINT('',#12173);
#3817=VERTEX_POINT('',#12179);
#3818=VERTEX_POINT('',#12181);
#3819=VERTEX_POINT('',#12185);
#3820=VERTEX_POINT('',#12189);
#3821=VERTEX_POINT('',#12195);
#3822=VERTEX_POINT('',#12197);
#3823=VERTEX_POINT('',#12201);
#3824=VERTEX_POINT('',#12203);
#3825=VERTEX_POINT('',#12205);
#3826=VERTEX_POINT('',#12211);
#3827=VERTEX_POINT('',#12218);
#3828=VERTEX_POINT('',#12220);
#3829=VERTEX_POINT('',#12222);
#3830=VERTEX_POINT('',#12224);
#3831=VERTEX_POINT('',#12231);
#3832=VERTEX_POINT('',#12233);
#3833=VERTEX_POINT('',#12235);
#3834=VERTEX_POINT('',#12237);
#3835=VERTEX_POINT('',#12291);
#3836=VERTEX_POINT('',#12292);
#3837=VERTEX_POINT('',#12294);
#3838=VERTEX_POINT('',#12296);
#3839=VERTEX_POINT('',#12300);
#3840=VERTEX_POINT('',#12301);
#3841=VERTEX_POINT('',#12303);
#3842=VERTEX_POINT('',#12305);
#3843=VERTEX_POINT('',#12309);
#3844=VERTEX_POINT('',#12310);
#3845=VERTEX_POINT('',#12312);
#3846=VERTEX_POINT('',#12314);
#3847=VERTEX_POINT('',#12318);
#3848=VERTEX_POINT('',#12319);
#3849=VERTEX_POINT('',#12321);
#3850=VERTEX_POINT('',#12323);
#3851=VERTEX_POINT('',#12327);
#3852=VERTEX_POINT('',#12328);
#3853=VERTEX_POINT('',#12330);
#3854=VERTEX_POINT('',#12332);
#3855=VERTEX_POINT('',#12336);
#3856=VERTEX_POINT('',#12337);
#3857=VERTEX_POINT('',#12339);
#3858=VERTEX_POINT('',#12341);
#3859=VERTEX_POINT('',#12346);
#3860=VERTEX_POINT('',#12348);
#3861=VERTEX_POINT('',#12350);
#3862=VERTEX_POINT('',#12352);
#3863=VERTEX_POINT('',#12354);
#3864=VERTEX_POINT('',#12358);
#3865=VERTEX_POINT('',#12361);
#3866=VERTEX_POINT('',#12363);
#3867=VERTEX_POINT('',#12365);
#3868=VERTEX_POINT('',#12367);
#3869=VERTEX_POINT('',#12375);
#3870=VERTEX_POINT('',#12377);
#3871=VERTEX_POINT('',#12379);
#3872=VERTEX_POINT('',#12383);
#3873=VERTEX_POINT('',#12384);
#3874=VERTEX_POINT('',#12391);
#3875=VERTEX_POINT('',#12396);
#3876=VERTEX_POINT('',#12398);
#3877=VERTEX_POINT('',#12400);
#3878=VERTEX_POINT('',#12402);
#3879=VERTEX_POINT('',#12406);
#3880=VERTEX_POINT('',#12408);
#3881=VERTEX_POINT('',#12410);
#3882=VERTEX_POINT('',#12412);
#3883=VERTEX_POINT('',#12414);
#3884=VERTEX_POINT('',#12416);
#3885=VERTEX_POINT('',#12418);
#3886=VERTEX_POINT('',#12420);
#3887=VERTEX_POINT('',#12422);
#3888=VERTEX_POINT('',#12424);
#3889=VERTEX_POINT('',#12426);
#3890=VERTEX_POINT('',#12428);
#3891=VERTEX_POINT('',#12430);
#3892=VERTEX_POINT('',#12438);
#3893=VERTEX_POINT('',#12440);
#3894=VERTEX_POINT('',#12442);
#3895=VERTEX_POINT('',#12446);
#3896=VERTEX_POINT('',#12447);
#3897=VERTEX_POINT('',#12454);
#3898=VERTEX_POINT('',#12458);
#3899=VERTEX_POINT('',#12461);
#3900=VERTEX_POINT('',#12463);
#3901=VERTEX_POINT('',#12465);
#3902=VERTEX_POINT('',#12467);
#3903=VERTEX_POINT('',#12471);
#3904=VERTEX_POINT('',#12473);
#3905=VERTEX_POINT('',#12475);
#3906=VERTEX_POINT('',#12477);
#3907=VERTEX_POINT('',#12479);
#3908=VERTEX_POINT('',#12481);
#3909=VERTEX_POINT('',#12483);
#3910=VERTEX_POINT('',#12485);
#3911=VERTEX_POINT('',#12487);
#3912=VERTEX_POINT('',#12489);
#3913=VERTEX_POINT('',#12491);
#3914=VERTEX_POINT('',#12493);
#3915=VERTEX_POINT('',#12497);
#3916=VERTEX_POINT('',#12499);
#3917=VERTEX_POINT('',#12501);
#3918=VERTEX_POINT('',#12503);
#3919=VERTEX_POINT('',#12505);
#3920=VERTEX_POINT('',#12507);
#3921=VERTEX_POINT('',#12509);
#3922=VERTEX_POINT('',#12511);
#3923=VERTEX_POINT('',#12513);
#3924=VERTEX_POINT('',#12515);
#3925=VERTEX_POINT('',#12517);
#3926=VERTEX_POINT('',#12519);
#3927=VERTEX_POINT('',#12521);
#3928=VERTEX_POINT('',#12525);
#3929=VERTEX_POINT('',#12527);
#3930=VERTEX_POINT('',#12529);
#3931=VERTEX_POINT('',#12531);
#3932=VERTEX_POINT('',#12533);
#3933=VERTEX_POINT('',#12535);
#3934=VERTEX_POINT('',#12537);
#3935=VERTEX_POINT('',#12539);
#3936=VERTEX_POINT('',#12541);
#3937=VERTEX_POINT('',#12544);
#3938=VERTEX_POINT('',#12546);
#3939=VERTEX_POINT('',#12550);
#3940=VERTEX_POINT('',#12552);
#3941=VERTEX_POINT('',#12554);
#3942=VERTEX_POINT('',#12556);
#3943=VERTEX_POINT('',#12560);
#3944=VERTEX_POINT('',#12566);
#3945=VERTEX_POINT('',#12581);
#3946=VERTEX_POINT('',#12585);
#3947=VERTEX_POINT('',#12586);
#3948=VERTEX_POINT('',#12588);
#3949=VERTEX_POINT('',#12590);
#3950=VERTEX_POINT('',#12592);
#3951=VERTEX_POINT('',#12594);
#3952=VERTEX_POINT('',#12598);
#3953=VERTEX_POINT('',#12599);
#3954=VERTEX_POINT('',#12601);
#3955=VERTEX_POINT('',#12603);
#3956=VERTEX_POINT('',#12605);
#3957=VERTEX_POINT('',#12607);
#3958=VERTEX_POINT('',#12613);
#3959=VERTEX_POINT('',#12617);
#3960=VERTEX_POINT('',#12618);
#3961=VERTEX_POINT('',#12620);
#3962=VERTEX_POINT('',#12622);
#3963=VERTEX_POINT('',#12624);
#3964=VERTEX_POINT('',#12626);
#3965=VERTEX_POINT('',#12630);
#3966=VERTEX_POINT('',#12631);
#3967=VERTEX_POINT('',#12633);
#3968=VERTEX_POINT('',#12635);
#3969=VERTEX_POINT('',#12637);
#3970=VERTEX_POINT('',#12639);
#3971=VERTEX_POINT('',#12643);
#3972=VERTEX_POINT('',#12645);
#3973=VERTEX_POINT('',#12647);
#3974=VERTEX_POINT('',#12649);
#3975=VERTEX_POINT('',#12651);
#3976=VERTEX_POINT('',#12653);
#3977=VERTEX_POINT('',#12655);
#3978=VERTEX_POINT('',#12657);
#3979=VERTEX_POINT('',#12661);
#3980=VERTEX_POINT('',#12663);
#3981=VERTEX_POINT('',#12665);
#3982=VERTEX_POINT('',#12667);
#3983=VERTEX_POINT('',#12669);
#3984=VERTEX_POINT('',#12671);
#3985=VERTEX_POINT('',#12673);
#3986=VERTEX_POINT('',#12675);
#3987=VERTEX_POINT('',#12677);
#3988=VERTEX_POINT('',#12679);
#3989=VERTEX_POINT('',#12681);
#3990=VERTEX_POINT('',#12683);
#3991=VERTEX_POINT('',#12687);
#3992=VERTEX_POINT('',#12688);
#3993=VERTEX_POINT('',#12690);
#3994=VERTEX_POINT('',#12692);
#3995=VERTEX_POINT('',#12694);
#3996=VERTEX_POINT('',#12696);
#3997=VERTEX_POINT('',#12700);
#3998=VERTEX_POINT('',#12701);
#3999=VERTEX_POINT('',#12703);
#4000=VERTEX_POINT('',#12705);
#4001=VERTEX_POINT('',#12707);
#4002=VERTEX_POINT('',#12709);
#4003=VERTEX_POINT('',#12719);
#4004=VERTEX_POINT('',#12721);
#4005=VERTEX_POINT('',#12723);
#4006=VERTEX_POINT('',#12725);
#4007=VERTEX_POINT('',#12727);
#4008=VERTEX_POINT('',#12729);
#4009=VERTEX_POINT('',#12731);
#4010=VERTEX_POINT('',#12734);
#4011=VERTEX_POINT('',#12738);
#4012=VERTEX_POINT('',#12739);
#4013=VERTEX_POINT('',#12742);
#4014=VERTEX_POINT('',#12744);
#4015=VERTEX_POINT('',#12746);
#4016=VERTEX_POINT('',#12748);
#4017=VERTEX_POINT('',#12750);
#4018=VERTEX_POINT('',#12752);
#4019=VERTEX_POINT('',#12757);
#4020=VERTEX_POINT('',#12758);
#4021=VERTEX_POINT('',#12760);
#4022=VERTEX_POINT('',#12762);
#4023=VERTEX_POINT('',#12766);
#4024=VERTEX_POINT('',#12767);
#4025=VERTEX_POINT('',#12769);
#4026=VERTEX_POINT('',#12771);
#4027=VERTEX_POINT('',#12775);
#4028=VERTEX_POINT('',#12777);
#4029=VERTEX_POINT('',#12781);
#4030=VERTEX_POINT('',#12783);
#4031=VERTEX_POINT('',#12789);
#4032=VERTEX_POINT('',#12790);
#4033=VERTEX_POINT('',#12797);
#4034=VERTEX_POINT('',#12798);
#4035=VERTEX_POINT('',#12803);
#4036=VERTEX_POINT('',#12804);
#4037=VERTEX_POINT('',#12811);
#4038=VERTEX_POINT('',#12812);
#4039=VERTEX_POINT('',#12819);
#4040=VERTEX_POINT('',#12821);
#4041=VERTEX_POINT('',#12827);
#4042=VERTEX_POINT('',#12829);
#4043=VERTEX_POINT('',#12835);
#4044=VERTEX_POINT('',#12836);
#4045=VERTEX_POINT('',#12838);
#4046=VERTEX_POINT('',#12840);
#4047=VERTEX_POINT('',#12842);
#4048=VERTEX_POINT('',#12844);
#4049=VERTEX_POINT('',#12848);
#4050=VERTEX_POINT('',#12849);
#4051=VERTEX_POINT('',#12851);
#4052=VERTEX_POINT('',#12853);
#4053=VERTEX_POINT('',#12855);
#4054=VERTEX_POINT('',#12857);
#4055=VERTEX_POINT('',#12863);
#4056=VERTEX_POINT('',#12865);
#4057=VERTEX_POINT('',#12874);
#4058=VERTEX_POINT('',#12876);
#4059=VERTEX_POINT('',#12888);
#4060=VERTEX_POINT('',#12890);
#4061=VERTEX_POINT('',#12897);
#4062=VERTEX_POINT('',#12899);
#4063=VERTEX_POINT('',#12924);
#4064=VERTEX_POINT('',#12926);
#4065=VERTEX_POINT('',#12928);
#4066=VERTEX_POINT('',#12930);
#4067=VERTEX_POINT('',#12935);
#4068=VERTEX_POINT('',#12937);
#4069=VERTEX_POINT('',#12939);
#4070=VERTEX_POINT('',#12941);
#4071=VERTEX_POINT('',#12946);
#4072=VERTEX_POINT('',#12948);
#4073=VERTEX_POINT('',#12950);
#4074=VERTEX_POINT('',#12952);
#4075=VERTEX_POINT('',#12957);
#4076=VERTEX_POINT('',#12959);
#4077=VERTEX_POINT('',#12961);
#4078=VERTEX_POINT('',#12963);
#4079=VERTEX_POINT('',#13015);
#4080=VERTEX_POINT('',#13017);
#4081=VERTEX_POINT('',#13019);
#4082=VERTEX_POINT('',#13021);
#4083=VERTEX_POINT('',#13055);
#4084=VERTEX_POINT('',#13057);
#4085=VERTEX_POINT('',#13059);
#4086=VERTEX_POINT('',#13061);
#4087=VERTEX_POINT('',#13076);
#4088=VERTEX_POINT('',#13077);
#4089=VERTEX_POINT('',#13079);
#4090=VERTEX_POINT('',#13081);
#4091=VERTEX_POINT('',#13099);
#4092=VERTEX_POINT('',#13100);
#4093=VERTEX_POINT('',#13104);
#4094=VERTEX_POINT('',#13106);
#4095=VERTEX_POINT('',#13122);
#4096=VERTEX_POINT('',#13123);
#4097=VERTEX_POINT('',#13125);
#4098=VERTEX_POINT('',#13127);
#4099=LINE('',#10885,#4761);
#4100=LINE('',#10888,#4762);
#4101=LINE('',#10890,#4763);
#4102=LINE('',#10892,#4764);
#4103=LINE('',#10894,#4765);
#4104=LINE('',#10898,#4766);
#4105=LINE('',#10902,#4767);
#4106=LINE('',#10905,#4768);
#4107=LINE('',#10906,#4769);
#4108=LINE('',#10908,#4770);
#4109=LINE('',#10910,#4771);
#4110=LINE('',#10916,#4772);
#4111=LINE('',#10919,#4773);
#4112=LINE('',#10920,#4774);
#4113=LINE('',#10922,#4775);
#4114=LINE('',#10928,#4776);
#4115=LINE('',#10931,#4777);
#4116=LINE('',#10932,#4778);
#4117=LINE('',#10934,#4779);
#4118=LINE('',#10938,#4780);
#4119=LINE('',#10942,#4781);
#4120=LINE('',#10945,#4782);
#4121=LINE('',#10946,#4783);
#4122=LINE('',#10948,#4784);
#4123=LINE('',#10950,#4785);
#4124=LINE('',#10953,#4786);
#4125=LINE('',#10954,#4787);
#4126=LINE('',#10956,#4788);
#4127=LINE('',#10959,#4789);
#4128=LINE('',#10960,#4790);
#4129=LINE('',#10962,#4791);
#4130=LINE('',#10966,#4792);
#4131=LINE('',#10970,#4793);
#4132=LINE('',#10973,#4794);
#4133=LINE('',#10974,#4795);
#4134=LINE('',#10976,#4796);
#4135=LINE('',#10978,#4797);
#4136=LINE('',#10984,#4798);
#4137=LINE('',#10987,#4799);
#4138=LINE('',#10988,#4800);
#4139=LINE('',#10990,#4801);
#4140=LINE('',#10996,#4802);
#4141=LINE('',#10999,#4803);
#4142=LINE('',#11000,#4804);
#4143=LINE('',#11002,#4805);
#4144=LINE('',#11006,#4806);
#4145=LINE('',#11010,#4807);
#4146=LINE('',#11013,#4808);
#4147=LINE('',#11014,#4809);
#4148=LINE('',#11016,#4810);
#4149=LINE('',#11018,#4811);
#4150=LINE('',#11019,#4812);
#4151=LINE('',#11021,#4813);
#4152=LINE('',#11026,#4814);
#4153=LINE('',#11030,#4815);
#4154=LINE('',#11035,#4816);
#4155=LINE('',#11471,#4817);
#4156=LINE('',#11472,#4818);
#4157=LINE('',#11474,#4819);
#4158=LINE('',#11475,#4820);
#4159=LINE('',#11477,#4821);
#4160=LINE('',#11479,#4822);
#4161=LINE('',#11481,#4823);
#4162=LINE('',#11482,#4824);
#4163=LINE('',#11484,#4825);
#4164=LINE('',#11485,#4826);
#4165=LINE('',#11488,#4827);
#4166=LINE('',#11489,#4828);
#4167=LINE('',#11491,#4829);
#4168=LINE('',#11494,#4830);
#4169=LINE('',#11495,#4831);
#4170=LINE('',#11498,#4832);
#4171=LINE('',#11499,#4833);
#4172=LINE('',#11501,#4834);
#4173=LINE('',#11502,#4835);
#4174=LINE('',#11505,#4836);
#4175=LINE('',#11506,#4837);
#4176=LINE('',#11508,#4838);
#4177=LINE('',#11509,#4839);
#4178=LINE('',#11512,#4840);
#4179=LINE('',#11513,#4841);
#4180=LINE('',#11515,#4842);
#4181=LINE('',#11518,#4843);
#4182=LINE('',#11519,#4844);
#4183=LINE('',#11522,#4845);
#4184=LINE('',#11524,#4846);
#4185=LINE('',#11525,#4847);
#4186=LINE('',#11527,#4848);
#4187=LINE('',#11528,#4849);
#4188=LINE('',#11531,#4850);
#4189=LINE('',#11532,#4851);
#4190=LINE('',#11534,#4852);
#4191=LINE('',#11537,#4853);
#4192=LINE('',#11539,#4854);
#4193=LINE('',#11542,#4855);
#4194=LINE('',#11544,#4856);
#4195=LINE('',#11547,#4857);
#4196=LINE('',#11549,#4858);
#4197=LINE('',#11550,#4859);
#4198=LINE('',#11553,#4860);
#4199=LINE('',#11555,#4861);
#4200=LINE('',#11558,#4862);
#4201=LINE('',#11560,#4863);
#4202=LINE('',#11563,#4864);
#4203=LINE('',#11566,#4865);
#4204=LINE('',#11594,#4866);
#4205=LINE('',#11597,#4867);
#4206=LINE('',#11599,#4868);
#4207=LINE('',#11601,#4869);
#4208=LINE('',#11603,#4870);
#4209=LINE('',#11605,#4871);
#4210=LINE('',#11607,#4872);
#4211=LINE('',#11609,#4873);
#4212=LINE('',#11611,#4874);
#4213=LINE('',#11613,#4875);
#4214=LINE('',#11617,#4876);
#4215=LINE('',#11621,#4877);
#4216=LINE('',#11623,#4878);
#4217=LINE('',#11625,#4879);
#4218=LINE('',#11627,#4880);
#4219=LINE('',#11629,#4881);
#4220=LINE('',#11631,#4882);
#4221=LINE('',#11633,#4883);
#4222=LINE('',#11635,#4884);
#4223=LINE('',#11637,#4885);
#4224=LINE('',#11646,#4886);
#4225=LINE('',#11650,#4887);
#4226=LINE('',#11652,#4888);
#4227=LINE('',#11654,#4889);
#4228=LINE('',#11656,#4890);
#4229=LINE('',#11660,#4891);
#4230=LINE('',#11667,#4892);
#4231=LINE('',#11671,#4893);
#4232=LINE('',#11673,#4894);
#4233=LINE('',#11675,#4895);
#4234=LINE('',#11677,#4896);
#4235=LINE('',#11681,#4897);
#4236=LINE('',#11688,#4898);
#4237=LINE('',#11692,#4899);
#4238=LINE('',#11694,#4900);
#4239=LINE('',#11696,#4901);
#4240=LINE('',#11698,#4902);
#4241=LINE('',#11702,#4903);
#4242=LINE('',#11709,#4904);
#4243=LINE('',#11713,#4905);
#4244=LINE('',#11715,#4906);
#4245=LINE('',#11717,#4907);
#4246=LINE('',#11719,#4908);
#4247=LINE('',#11723,#4909);
#4248=LINE('',#11730,#4910);
#4249=LINE('',#11734,#4911);
#4250=LINE('',#11736,#4912);
#4251=LINE('',#11738,#4913);
#4252=LINE('',#11740,#4914);
#4253=LINE('',#11744,#4915);
#4254=LINE('',#11748,#4916);
#4255=LINE('',#11750,#4917);
#4256=LINE('',#11752,#4918);
#4257=LINE('',#11754,#4919);
#4258=LINE('',#11756,#4920);
#4259=LINE('',#11758,#4921);
#4260=LINE('',#11760,#4922);
#4261=LINE('',#11762,#4923);
#4262=LINE('',#11764,#4924);
#4263=LINE('',#11766,#4925);
#4264=LINE('',#11768,#4926);
#4265=LINE('',#11770,#4927);
#4266=LINE('',#11772,#4928);
#4267=LINE('',#11774,#4929);
#4268=LINE('',#11776,#4930);
#4269=LINE('',#11778,#4931);
#4270=LINE('',#11780,#4932);
#4271=LINE('',#11782,#4933);
#4272=LINE('',#11784,#4934);
#4273=LINE('',#11786,#4935);
#4274=LINE('',#11788,#4936);
#4275=LINE('',#11790,#4937);
#4276=LINE('',#11792,#4938);
#4277=LINE('',#11794,#4939);
#4278=LINE('',#11796,#4940);
#4279=LINE('',#11798,#4941);
#4280=LINE('',#11800,#4942);
#4281=LINE('',#11802,#4943);
#4282=LINE('',#11804,#4944);
#4283=LINE('',#11806,#4945);
#4284=LINE('',#11808,#4946);
#4285=LINE('',#11810,#4947);
#4286=LINE('',#11812,#4948);
#4287=LINE('',#11814,#4949);
#4288=LINE('',#11816,#4950);
#4289=LINE('',#11818,#4951);
#4290=LINE('',#11820,#4952);
#4291=LINE('',#11822,#4953);
#4292=LINE('',#11824,#4954);
#4293=LINE('',#11826,#4955);
#4294=LINE('',#11828,#4956);
#4295=LINE('',#11830,#4957);
#4296=LINE('',#11832,#4958);
#4297=LINE('',#11834,#4959);
#4298=LINE('',#11836,#4960);
#4299=LINE('',#11838,#4961);
#4300=LINE('',#11840,#4962);
#4301=LINE('',#11842,#4963);
#4302=LINE('',#11844,#4964);
#4303=LINE('',#11846,#4965);
#4304=LINE('',#11848,#4966);
#4305=LINE('',#11850,#4967);
#4306=LINE('',#11852,#4968);
#4307=LINE('',#11854,#4969);
#4308=LINE('',#11856,#4970);
#4309=LINE('',#11858,#4971);
#4310=LINE('',#11860,#4972);
#4311=LINE('',#11862,#4973);
#4312=LINE('',#11864,#4974);
#4313=LINE('',#11866,#4975);
#4314=LINE('',#11876,#4976);
#4315=LINE('',#11880,#4977);
#4316=LINE('',#11882,#4978);
#4317=LINE('',#11884,#4979);
#4318=LINE('',#11887,#4980);
#4319=LINE('',#11888,#4981);
#4320=LINE('',#11890,#4982);
#4321=LINE('',#11892,#4983);
#4322=LINE('',#11898,#4984);
#4323=LINE('',#11900,#4985);
#4324=LINE('',#11902,#4986);
#4325=LINE('',#11904,#4987);
#4326=LINE('',#11908,#4988);
#4327=LINE('',#11912,#4989);
#4328=LINE('',#11914,#4990);
#4329=LINE('',#11916,#4991);
#4330=LINE('',#11919,#4992);
#4331=LINE('',#11920,#4993);
#4332=LINE('',#11922,#4994);
#4333=LINE('',#11924,#4995);
#4334=LINE('',#11930,#4996);
#4335=LINE('',#11932,#4997);
#4336=LINE('',#11934,#4998);
#4337=LINE('',#11936,#4999);
#4338=LINE('',#11940,#5000);
#4339=LINE('',#11944,#5001);
#4340=LINE('',#11946,#5002);
#4341=LINE('',#11948,#5003);
#4342=LINE('',#11951,#5004);
#4343=LINE('',#11952,#5005);
#4344=LINE('',#11954,#5006);
#4345=LINE('',#11956,#5007);
#4346=LINE('',#11962,#5008);
#4347=LINE('',#11964,#5009);
#4348=LINE('',#11966,#5010);
#4349=LINE('',#11968,#5011);
#4350=LINE('',#11970,#5012);
#4351=LINE('',#11974,#5013);
#4352=LINE('',#11978,#5014);
#4353=LINE('',#11980,#5015);
#4354=LINE('',#11983,#5016);
#4355=LINE('',#11985,#5017);
#4356=LINE('',#11986,#5018);
#4357=LINE('',#11988,#5019);
#4358=LINE('',#11990,#5020);
#4359=LINE('',#11992,#5021);
#4360=LINE('',#11996,#5022);
#4361=LINE('',#12000,#5023);
#4362=LINE('',#12002,#5024);
#4363=LINE('',#12006,#5025);
#4364=LINE('',#12010,#5026);
#4365=LINE('',#12012,#5027);
#4366=LINE('',#12015,#5028);
#4367=LINE('',#12017,#5029);
#4368=LINE('',#12018,#5030);
#4369=LINE('',#12020,#5031);
#4370=LINE('',#12022,#5032);
#4371=LINE('',#12024,#5033);
#4372=LINE('',#12028,#5034);
#4373=LINE('',#12032,#5035);
#4374=LINE('',#12034,#5036);
#4375=LINE('',#12037,#5037);
#4376=LINE('',#12039,#5038);
#4377=LINE('',#12041,#5039);
#4378=LINE('',#12043,#5040);
#4379=LINE('',#12046,#5041);
#4380=LINE('',#12048,#5042);
#4381=LINE('',#12050,#5043);
#4382=LINE('',#12052,#5044);
#4383=LINE('',#12055,#5045);
#4384=LINE('',#12057,#5046);
#4385=LINE('',#12059,#5047);
#4386=LINE('',#12061,#5048);
#4387=LINE('',#12064,#5049);
#4388=LINE('',#12066,#5050);
#4389=LINE('',#12068,#5051);
#4390=LINE('',#12070,#5052);
#4391=LINE('',#12073,#5053);
#4392=LINE('',#12075,#5054);
#4393=LINE('',#12077,#5055);
#4394=LINE('',#12079,#5056);
#4395=LINE('',#12082,#5057);
#4396=LINE('',#12084,#5058);
#4397=LINE('',#12086,#5059);
#4398=LINE('',#12094,#5060);
#4399=LINE('',#12097,#5061);
#4400=LINE('',#12098,#5062);
#4401=LINE('',#12100,#5063);
#4402=LINE('',#12102,#5064);
#4403=LINE('',#12104,#5065);
#4404=LINE('',#12106,#5066);
#4405=LINE('',#12108,#5067);
#4406=LINE('',#12110,#5068);
#4407=LINE('',#12112,#5069);
#4408=LINE('',#12114,#5070);
#4409=LINE('',#12116,#5071);
#4410=LINE('',#12118,#5072);
#4411=LINE('',#12120,#5073);
#4412=LINE('',#12122,#5074);
#4413=LINE('',#12124,#5075);
#4414=LINE('',#12126,#5076);
#4415=LINE('',#12128,#5077);
#4416=LINE('',#12130,#5078);
#4417=LINE('',#12132,#5079);
#4418=LINE('',#12134,#5080);
#4419=LINE('',#12136,#5081);
#4420=LINE('',#12138,#5082);
#4421=LINE('',#12140,#5083);
#4422=LINE('',#12142,#5084);
#4423=LINE('',#12144,#5085);
#4424=LINE('',#12146,#5086);
#4425=LINE('',#12148,#5087);
#4426=LINE('',#12150,#5088);
#4427=LINE('',#12152,#5089);
#4428=LINE('',#12154,#5090);
#4429=LINE('',#12158,#5091);
#4430=LINE('',#12160,#5092);
#4431=LINE('',#12162,#5093);
#4432=LINE('',#12164,#5094);
#4433=LINE('',#12166,#5095);
#4434=LINE('',#12168,#5096);
#4435=LINE('',#12170,#5097);
#4436=LINE('',#12172,#5098);
#4437=LINE('',#12174,#5099);
#4438=LINE('',#12176,#5100);
#4439=LINE('',#12178,#5101);
#4440=LINE('',#12180,#5102);
#4441=LINE('',#12182,#5103);
#4442=LINE('',#12184,#5104);
#4443=LINE('',#12186,#5105);
#4444=LINE('',#12188,#5106);
#4445=LINE('',#12190,#5107);
#4446=LINE('',#12192,#5108);
#4447=LINE('',#12194,#5109);
#4448=LINE('',#12196,#5110);
#4449=LINE('',#12198,#5111);
#4450=LINE('',#12200,#5112);
#4451=LINE('',#12202,#5113);
#4452=LINE('',#12204,#5114);
#4453=LINE('',#12206,#5115);
#4454=LINE('',#12210,#5116);
#4455=LINE('',#12212,#5117);
#4456=LINE('',#12216,#5118);
#4457=LINE('',#12217,#5119);
#4458=LINE('',#12221,#5120);
#4459=LINE('',#12225,#5121);
#4460=LINE('',#12226,#5122);
#4461=LINE('',#12229,#5123);
#4462=LINE('',#12230,#5124);
#4463=LINE('',#12234,#5125);
#4464=LINE('',#12238,#5126);
#4465=LINE('',#12239,#5127);
#4466=LINE('',#12241,#5128);
#4467=LINE('',#12243,#5129);
#4468=LINE('',#12245,#5130);
#4469=LINE('',#12247,#5131);
#4470=LINE('',#12250,#5132);
#4471=LINE('',#12252,#5133);
#4472=LINE('',#12255,#5134);
#4473=LINE('',#12257,#5135);
#4474=LINE('',#12259,#5136);
#4475=LINE('',#12261,#5137);
#4476=LINE('',#12264,#5138);
#4477=LINE('',#12266,#5139);
#4478=LINE('',#12274,#5140);
#4479=LINE('',#12277,#5141);
#4480=LINE('',#12279,#5142);
#4481=LINE('',#12293,#5143);
#4482=LINE('',#12297,#5144);
#4483=LINE('',#12302,#5145);
#4484=LINE('',#12306,#5146);
#4485=LINE('',#12308,#5147);
#4486=LINE('',#12311,#5148);
#4487=LINE('',#12313,#5149);
#4488=LINE('',#12315,#5150);
#4489=LINE('',#12317,#5151);
#4490=LINE('',#12320,#5152);
#4491=LINE('',#12322,#5153);
#4492=LINE('',#12324,#5154);
#4493=LINE('',#12326,#5155);
#4494=LINE('',#12329,#5156);
#4495=LINE('',#12331,#5157);
#4496=LINE('',#12333,#5158);
#4497=LINE('',#12335,#5159);
#4498=LINE('',#12338,#5160);
#4499=LINE('',#12340,#5161);
#4500=LINE('',#12342,#5162);
#4501=LINE('',#12344,#5163);
#4502=LINE('',#12345,#5164);
#4503=LINE('',#12347,#5165);
#4504=LINE('',#12349,#5166);
#4505=LINE('',#12351,#5167);
#4506=LINE('',#12353,#5168);
#4507=LINE('',#12355,#5169);
#4508=LINE('',#12357,#5170);
#4509=LINE('',#12359,#5171);
#4510=LINE('',#12360,#5172);
#4511=LINE('',#12362,#5173);
#4512=LINE('',#12364,#5174);
#4513=LINE('',#12366,#5175);
#4514=LINE('',#12368,#5176);
#4515=LINE('',#12394,#5177);
#4516=LINE('',#12395,#5178);
#4517=LINE('',#12399,#5179);
#4518=LINE('',#12403,#5180);
#4519=LINE('',#12404,#5181);
#4520=LINE('',#12405,#5182);
#4521=LINE('',#12409,#5183);
#4522=LINE('',#12413,#5184);
#4523=LINE('',#12415,#5185);
#4524=LINE('',#12417,#5186);
#4525=LINE('',#12419,#5187);
#4526=LINE('',#12421,#5188);
#4527=LINE('',#12423,#5189);
#4528=LINE('',#12425,#5190);
#4529=LINE('',#12429,#5191);
#4530=LINE('',#12457,#5192);
#4531=LINE('',#12459,#5193);
#4532=LINE('',#12460,#5194);
#4533=LINE('',#12464,#5195);
#4534=LINE('',#12468,#5196);
#4535=LINE('',#12469,#5197);
#4536=LINE('',#12472,#5198);
#4537=LINE('',#12476,#5199);
#4538=LINE('',#12478,#5200);
#4539=LINE('',#12480,#5201);
#4540=LINE('',#12482,#5202);
#4541=LINE('',#12484,#5203);
#4542=LINE('',#12486,#5204);
#4543=LINE('',#12488,#5205);
#4544=LINE('',#12492,#5206);
#4545=LINE('',#12498,#5207);
#4546=LINE('',#12502,#5208);
#4547=LINE('',#12504,#5209);
#4548=LINE('',#12506,#5210);
#4549=LINE('',#12508,#5211);
#4550=LINE('',#12510,#5212);
#4551=LINE('',#12512,#5213);
#4552=LINE('',#12514,#5214);
#4553=LINE('',#12518,#5215);
#4554=LINE('',#12522,#5216);
#4555=LINE('',#12524,#5217);
#4556=LINE('',#12526,#5218);
#4557=LINE('',#12528,#5219);
#4558=LINE('',#12530,#5220);
#4559=LINE('',#12532,#5221);
#4560=LINE('',#12534,#5222);
#4561=LINE('',#12536,#5223);
#4562=LINE('',#12538,#5224);
#4563=LINE('',#12540,#5225);
#4564=LINE('',#12542,#5226);
#4565=LINE('',#12545,#5227);
#4566=LINE('',#12549,#5228);
#4567=LINE('',#12551,#5229);
#4568=LINE('',#12555,#5230);
#4569=LINE('',#12567,#5231);
#4570=LINE('',#12578,#5232);
#4571=LINE('',#12580,#5233);
#4572=LINE('',#12582,#5234);
#4573=LINE('',#12584,#5235);
#4574=LINE('',#12589,#5236);
#4575=LINE('',#12591,#5237);
#4576=LINE('',#12593,#5238);
#4577=LINE('',#12595,#5239);
#4578=LINE('',#12597,#5240);
#4579=LINE('',#12602,#5241);
#4580=LINE('',#12604,#5242);
#4581=LINE('',#12606,#5243);
#4582=LINE('',#12608,#5244);
#4583=LINE('',#12610,#5245);
#4584=LINE('',#12612,#5246);
#4585=LINE('',#12614,#5247);
#4586=LINE('',#12616,#5248);
#4587=LINE('',#12621,#5249);
#4588=LINE('',#12623,#5250);
#4589=LINE('',#12625,#5251);
#4590=LINE('',#12627,#5252);
#4591=LINE('',#12629,#5253);
#4592=LINE('',#12634,#5254);
#4593=LINE('',#12636,#5255);
#4594=LINE('',#12638,#5256);
#4595=LINE('',#12640,#5257);
#4596=LINE('',#12642,#5258);
#4597=LINE('',#12644,#5259);
#4598=LINE('',#12646,#5260);
#4599=LINE('',#12648,#5261);
#4600=LINE('',#12650,#5262);
#4601=LINE('',#12652,#5263);
#4602=LINE('',#12654,#5264);
#4603=LINE('',#12656,#5265);
#4604=LINE('',#12658,#5266);
#4605=LINE('',#12662,#5267);
#4606=LINE('',#12666,#5268);
#4607=LINE('',#12668,#5269);
#4608=LINE('',#12670,#5270);
#4609=LINE('',#12672,#5271);
#4610=LINE('',#12674,#5272);
#4611=LINE('',#12676,#5273);
#4612=LINE('',#12678,#5274);
#4613=LINE('',#12682,#5275);
#4614=LINE('',#12686,#5276);
#4615=LINE('',#12691,#5277);
#4616=LINE('',#12693,#5278);
#4617=LINE('',#12695,#5279);
#4618=LINE('',#12697,#5280);
#4619=LINE('',#12699,#5281);
#4620=LINE('',#12704,#5282);
#4621=LINE('',#12706,#5283);
#4622=LINE('',#12708,#5284);
#4623=LINE('',#12710,#5285);
#4624=LINE('',#12712,#5286);
#4625=LINE('',#12713,#5287);
#4626=LINE('',#12715,#5288);
#4627=LINE('',#12716,#5289);
#4628=LINE('',#12718,#5290);
#4629=LINE('',#12720,#5291);
#4630=LINE('',#12722,#5292);
#4631=LINE('',#12726,#5293);
#4632=LINE('',#12730,#5294);
#4633=LINE('',#12732,#5295);
#4634=LINE('',#12733,#5296);
#4635=LINE('',#12740,#5297);
#4636=LINE('',#12741,#5298);
#4637=LINE('',#12743,#5299);
#4638=LINE('',#12747,#5300);
#4639=LINE('',#12751,#5301);
#4640=LINE('',#12753,#5302);
#4641=LINE('',#12754,#5303);
#4642=LINE('',#12756,#5304);
#4643=LINE('',#12759,#5305);
#4644=LINE('',#12761,#5306);
#4645=LINE('',#12763,#5307);
#4646=LINE('',#12765,#5308);
#4647=LINE('',#12768,#5309);
#4648=LINE('',#12770,#5310);
#4649=LINE('',#12772,#5311);
#4650=LINE('',#12774,#5312);
#4651=LINE('',#12776,#5313);
#4652=LINE('',#12778,#5314);
#4653=LINE('',#12780,#5315);
#4654=LINE('',#12782,#5316);
#4655=LINE('',#12784,#5317);
#4656=LINE('',#12786,#5318);
#4657=LINE('',#12788,#5319);
#4658=LINE('',#12791,#5320);
#4659=LINE('',#12792,#5321);
#4660=LINE('',#12794,#5322);
#4661=LINE('',#12796,#5323);
#4662=LINE('',#12799,#5324);
#4663=LINE('',#12800,#5325);
#4664=LINE('',#12805,#5326);
#4665=LINE('',#12808,#5327);
#4666=LINE('',#12810,#5328);
#4667=LINE('',#12813,#5329);
#4668=LINE('',#12814,#5330);
#4669=LINE('',#12816,#5331);
#4670=LINE('',#12818,#5332);
#4671=LINE('',#12820,#5333);
#4672=LINE('',#12822,#5334);
#4673=LINE('',#12824,#5335);
#4674=LINE('',#12826,#5336);
#4675=LINE('',#12830,#5337);
#4676=LINE('',#12834,#5338);
#4677=LINE('',#12839,#5339);
#4678=LINE('',#12841,#5340);
#4679=LINE('',#12843,#5341);
#4680=LINE('',#12845,#5342);
#4681=LINE('',#12847,#5343);
#4682=LINE('',#12852,#5344);
#4683=LINE('',#12854,#5345);
#4684=LINE('',#12856,#5346);
#4685=LINE('',#12858,#5347);
#4686=LINE('',#12861,#5348);
#4687=LINE('',#12864,#5349);
#4688=LINE('',#12866,#5350);
#4689=LINE('',#12868,#5351);
#4690=LINE('',#12870,#5352);
#4691=LINE('',#12873,#5353);
#4692=LINE('',#12875,#5354);
#4693=LINE('',#12878,#5355);
#4694=LINE('',#12881,#5356);
#4695=LINE('',#12882,#5357);
#4696=LINE('',#12884,#5358);
#4697=LINE('',#12887,#5359);
#4698=LINE('',#12889,#5360);
#4699=LINE('',#12893,#5361);
#4700=LINE('',#12898,#5362);
#4701=LINE('',#12900,#5363);
#4702=LINE('',#12906,#5364);
#4703=LINE('',#12907,#5365);
#4704=LINE('',#12909,#5366);
#4705=LINE('',#12911,#5367);
#4706=LINE('',#12913,#5368);
#4707=LINE('',#12914,#5369);
#4708=LINE('',#12916,#5370);
#4709=LINE('',#12918,#5371);
#4710=LINE('',#12922,#5372);
#4711=LINE('',#12925,#5373);
#4712=LINE('',#12929,#5374);
#4713=LINE('',#12933,#5375);
#4714=LINE('',#12936,#5376);
#4715=LINE('',#12940,#5377);
#4716=LINE('',#12944,#5378);
#4717=LINE('',#12947,#5379);
#4718=LINE('',#12951,#5380);
#4719=LINE('',#12955,#5381);
#4720=LINE('',#12958,#5382);
#4721=LINE('',#12962,#5383);
#4722=LINE('',#13014,#5384);
#4723=LINE('',#13018,#5385);
#4724=LINE('',#13022,#5386);
#4725=LINE('',#13038,#5387);
#4726=LINE('',#13039,#5388);
#4727=LINE('',#13042,#5389);
#4728=LINE('',#13043,#5390);
#4729=LINE('',#13050,#5391);
#4730=LINE('',#13052,#5392);
#4731=LINE('',#13058,#5393);
#4732=LINE('',#13062,#5394);
#4733=LINE('',#13064,#5395);
#4734=LINE('',#13066,#5396);
#4735=LINE('',#13068,#5397);
#4736=LINE('',#13070,#5398);
#4737=LINE('',#13073,#5399);
#4738=LINE('',#13075,#5400);
#4739=LINE('',#13080,#5401);
#4740=LINE('',#13083,#5402);
#4741=LINE('',#13086,#5403);
#4742=LINE('',#13087,#5404);
#4743=LINE('',#13091,#5405);
#4744=LINE('',#13093,#5406);
#4745=LINE('',#13096,#5407);
#4746=LINE('',#13098,#5408);
#4747=LINE('',#13102,#5409);
#4748=LINE('',#13105,#5410);
#4749=LINE('',#13109,#5411);
#4750=LINE('',#13110,#5412);
#4751=LINE('',#13112,#5413);
#4752=LINE('',#13116,#5414);
#4753=LINE('',#13119,#5415);
#4754=LINE('',#13121,#5416);
#4755=LINE('',#13126,#5417);
#4756=LINE('',#13129,#5418);
#4757=LINE('',#13132,#5419);
#4758=LINE('',#13133,#5420);
#4759=LINE('',#13137,#5421);
#4760=LINE('',#13139,#5422);
#4761=VECTOR('',#8997,1000.);
#4762=VECTOR('',#8998,1000.);
#4763=VECTOR('',#8999,1000.);
#4764=VECTOR('',#9000,1000.);
#4765=VECTOR('',#9003,1000.);
#4766=VECTOR('',#9006,1000.);
#4767=VECTOR('',#9011,1000.);
#4768=VECTOR('',#9012,1000.);
#4769=VECTOR('',#9013,1000.);
#4770=VECTOR('',#9014,1000.);
#4771=VECTOR('',#9017,1000.);
#4772=VECTOR('',#9024,1000.);
#4773=VECTOR('',#9025,1000.);
#4774=VECTOR('',#9026,1000.);
#4775=VECTOR('',#9029,1000.);
#4776=VECTOR('',#9036,1000.);
#4777=VECTOR('',#9037,1000.);
#4778=VECTOR('',#9038,1000.);
#4779=VECTOR('',#9041,1000.);
#4780=VECTOR('',#9044,1000.);
#4781=VECTOR('',#9049,1000.);
#4782=VECTOR('',#9050,1000.);
#4783=VECTOR('',#9051,1000.);
#4784=VECTOR('',#9052,1000.);
#4785=VECTOR('',#9055,1000.);
#4786=VECTOR('',#9056,1000.);
#4787=VECTOR('',#9057,1000.);
#4788=VECTOR('',#9060,1000.);
#4789=VECTOR('',#9061,1000.);
#4790=VECTOR('',#9062,1000.);
#4791=VECTOR('',#9065,1000.);
#4792=VECTOR('',#9068,1000.);
#4793=VECTOR('',#9073,1000.);
#4794=VECTOR('',#9074,1000.);
#4795=VECTOR('',#9075,1000.);
#4796=VECTOR('',#9076,1000.);
#4797=VECTOR('',#9079,1000.);
#4798=VECTOR('',#9086,1000.);
#4799=VECTOR('',#9087,1000.);
#4800=VECTOR('',#9088,1000.);
#4801=VECTOR('',#9091,1000.);
#4802=VECTOR('',#9098,1000.);
#4803=VECTOR('',#9099,1000.);
#4804=VECTOR('',#9100,1000.);
#4805=VECTOR('',#9103,1000.);
#4806=VECTOR('',#9106,1000.);
#4807=VECTOR('',#9111,1000.);
#4808=VECTOR('',#9112,1000.);
#4809=VECTOR('',#9113,1000.);
#4810=VECTOR('',#9114,1000.);
#4811=VECTOR('',#9117,1000.);
#4812=VECTOR('',#9118,1000.);
#4813=VECTOR('',#9121,1000.);
#4814=VECTOR('',#9124,1000.);
#4815=VECTOR('',#9129,1000.);
#4816=VECTOR('',#9132,1000.);
#4817=VECTOR('',#9217,1000.);
#4818=VECTOR('',#9218,1000.);
#4819=VECTOR('',#9221,1000.);
#4820=VECTOR('',#9222,1000.);
#4821=VECTOR('',#9225,1000.);
#4822=VECTOR('',#9228,1000.);
#4823=VECTOR('',#9231,1000.);
#4824=VECTOR('',#9232,1000.);
#4825=VECTOR('',#9235,1000.);
#4826=VECTOR('',#9236,1000.);
#4827=VECTOR('',#9241,1000.);
#4828=VECTOR('',#9242,1000.);
#4829=VECTOR('',#9245,1000.);
#4830=VECTOR('',#9250,1000.);
#4831=VECTOR('',#9251,1000.);
#4832=VECTOR('',#9256,1000.);
#4833=VECTOR('',#9257,1000.);
#4834=VECTOR('',#9260,1000.);
#4835=VECTOR('',#9261,1000.);
#4836=VECTOR('',#9266,1000.);
#4837=VECTOR('',#9267,1000.);
#4838=VECTOR('',#9270,1000.);
#4839=VECTOR('',#9271,1000.);
#4840=VECTOR('',#9276,1000.);
#4841=VECTOR('',#9277,1000.);
#4842=VECTOR('',#9280,1000.);
#4843=VECTOR('',#9285,1000.);
#4844=VECTOR('',#9286,1000.);
#4845=VECTOR('',#9291,1000.);
#4846=VECTOR('',#9294,1000.);
#4847=VECTOR('',#9295,1000.);
#4848=VECTOR('',#9298,1000.);
#4849=VECTOR('',#9299,1000.);
#4850=VECTOR('',#9304,1000.);
#4851=VECTOR('',#9305,1000.);
#4852=VECTOR('',#9308,1000.);
#4853=VECTOR('',#9313,1000.);
#4854=VECTOR('',#9316,1000.);
#4855=VECTOR('',#9321,1000.);
#4856=VECTOR('',#9324,1000.);
#4857=VECTOR('',#9329,1000.);
#4858=VECTOR('',#9332,1000.);
#4859=VECTOR('',#9333,1000.);
#4860=VECTOR('',#9338,1000.);
#4861=VECTOR('',#9341,1000.);
#4862=VECTOR('',#9346,1000.);
#4863=VECTOR('',#9349,1000.);
#4864=VECTOR('',#9354,1000.);
#4865=VECTOR('',#9359,1000.);
#4866=VECTOR('',#9398,1000.);
#4867=VECTOR('',#9399,1000.);
#4868=VECTOR('',#9400,1000.);
#4869=VECTOR('',#9401,1000.);
#4870=VECTOR('',#9404,1000.);
#4871=VECTOR('',#9405,1000.);
#4872=VECTOR('',#9406,1000.);
#4873=VECTOR('',#9409,1000.);
#4874=VECTOR('',#9410,1000.);
#4875=VECTOR('',#9411,1000.);
#4876=VECTOR('',#9416,1000.);
#4877=VECTOR('',#9421,1000.);
#4878=VECTOR('',#9422,1000.);
#4879=VECTOR('',#9423,1000.);
#4880=VECTOR('',#9426,1000.);
#4881=VECTOR('',#9427,1000.);
#4882=VECTOR('',#9428,1000.);
#4883=VECTOR('',#9431,1000.);
#4884=VECTOR('',#9432,1000.);
#4885=VECTOR('',#9433,1000.);
#4886=VECTOR('',#9446,1000.);
#4887=VECTOR('',#9449,1000.);
#4888=VECTOR('',#9452,1000.);
#4889=VECTOR('',#9453,1000.);
#4890=VECTOR('',#9454,1000.);
#4891=VECTOR('',#9459,1000.);
#4892=VECTOR('',#9466,1000.);
#4893=VECTOR('',#9469,1000.);
#4894=VECTOR('',#9472,1000.);
#4895=VECTOR('',#9473,1000.);
#4896=VECTOR('',#9474,1000.);
#4897=VECTOR('',#9479,1000.);
#4898=VECTOR('',#9486,1000.);
#4899=VECTOR('',#9489,1000.);
#4900=VECTOR('',#9492,1000.);
#4901=VECTOR('',#9493,1000.);
#4902=VECTOR('',#9494,1000.);
#4903=VECTOR('',#9499,1000.);
#4904=VECTOR('',#9506,1000.);
#4905=VECTOR('',#9509,1000.);
#4906=VECTOR('',#9512,1000.);
#4907=VECTOR('',#9513,1000.);
#4908=VECTOR('',#9514,1000.);
#4909=VECTOR('',#9519,1000.);
#4910=VECTOR('',#9526,1000.);
#4911=VECTOR('',#9529,1000.);
#4912=VECTOR('',#9532,1000.);
#4913=VECTOR('',#9533,1000.);
#4914=VECTOR('',#9534,1000.);
#4915=VECTOR('',#9539,1000.);
#4916=VECTOR('',#9544,1000.);
#4917=VECTOR('',#9545,1000.);
#4918=VECTOR('',#9546,1000.);
#4919=VECTOR('',#9549,1000.);
#4920=VECTOR('',#9550,1000.);
#4921=VECTOR('',#9553,1000.);
#4922=VECTOR('',#9554,1000.);
#4923=VECTOR('',#9557,1000.);
#4924=VECTOR('',#9558,1000.);
#4925=VECTOR('',#9559,1000.);
#4926=VECTOR('',#9560,1000.);
#4927=VECTOR('',#9561,1000.);
#4928=VECTOR('',#9564,1000.);
#4929=VECTOR('',#9565,1000.);
#4930=VECTOR('',#9566,1000.);
#4931=VECTOR('',#9569,1000.);
#4932=VECTOR('',#9570,1000.);
#4933=VECTOR('',#9573,1000.);
#4934=VECTOR('',#9574,1000.);
#4935=VECTOR('',#9577,1000.);
#4936=VECTOR('',#9578,1000.);
#4937=VECTOR('',#9579,1000.);
#4938=VECTOR('',#9580,1000.);
#4939=VECTOR('',#9581,1000.);
#4940=VECTOR('',#9584,1000.);
#4941=VECTOR('',#9585,1000.);
#4942=VECTOR('',#9586,1000.);
#4943=VECTOR('',#9589,1000.);
#4944=VECTOR('',#9590,1000.);
#4945=VECTOR('',#9593,1000.);
#4946=VECTOR('',#9594,1000.);
#4947=VECTOR('',#9597,1000.);
#4948=VECTOR('',#9598,1000.);
#4949=VECTOR('',#9599,1000.);
#4950=VECTOR('',#9600,1000.);
#4951=VECTOR('',#9601,1000.);
#4952=VECTOR('',#9604,1000.);
#4953=VECTOR('',#9605,1000.);
#4954=VECTOR('',#9606,1000.);
#4955=VECTOR('',#9609,1000.);
#4956=VECTOR('',#9610,1000.);
#4957=VECTOR('',#9613,1000.);
#4958=VECTOR('',#9614,1000.);
#4959=VECTOR('',#9617,1000.);
#4960=VECTOR('',#9618,1000.);
#4961=VECTOR('',#9619,1000.);
#4962=VECTOR('',#9620,1000.);
#4963=VECTOR('',#9621,1000.);
#4964=VECTOR('',#9624,1000.);
#4965=VECTOR('',#9625,1000.);
#4966=VECTOR('',#9626,1000.);
#4967=VECTOR('',#9629,1000.);
#4968=VECTOR('',#9630,1000.);
#4969=VECTOR('',#9633,1000.);
#4970=VECTOR('',#9634,1000.);
#4971=VECTOR('',#9637,1000.);
#4972=VECTOR('',#9638,1000.);
#4973=VECTOR('',#9639,1000.);
#4974=VECTOR('',#9640,1000.);
#4975=VECTOR('',#9641,1000.);
#4976=VECTOR('',#9654,1000.);
#4977=VECTOR('',#9659,1000.);
#4978=VECTOR('',#9660,1000.);
#4979=VECTOR('',#9663,1000.);
#4980=VECTOR('',#9664,1000.);
#4981=VECTOR('',#9665,1000.);
#4982=VECTOR('',#9666,1000.);
#4983=VECTOR('',#9669,1000.);
#4984=VECTOR('',#9676,1000.);
#4985=VECTOR('',#9679,1000.);
#4986=VECTOR('',#9680,1000.);
#4987=VECTOR('',#9681,1000.);
#4988=VECTOR('',#9686,1000.);
#4989=VECTOR('',#9691,1000.);
#4990=VECTOR('',#9692,1000.);
#4991=VECTOR('',#9695,1000.);
#4992=VECTOR('',#9696,1000.);
#4993=VECTOR('',#9697,1000.);
#4994=VECTOR('',#9698,1000.);
#4995=VECTOR('',#9701,1000.);
#4996=VECTOR('',#9708,1000.);
#4997=VECTOR('',#9711,1000.);
#4998=VECTOR('',#9712,1000.);
#4999=VECTOR('',#9713,1000.);
#5000=VECTOR('',#9718,1000.);
#5001=VECTOR('',#9723,1000.);
#5002=VECTOR('',#9724,1000.);
#5003=VECTOR('',#9727,1000.);
#5004=VECTOR('',#9728,1000.);
#5005=VECTOR('',#9729,1000.);
#5006=VECTOR('',#9730,1000.);
#5007=VECTOR('',#9733,1000.);
#5008=VECTOR('',#9740,1000.);
#5009=VECTOR('',#9743,1000.);
#5010=VECTOR('',#9744,1000.);
#5011=VECTOR('',#9745,1000.);
#5012=VECTOR('',#9748,1000.);
#5013=VECTOR('',#9751,1000.);
#5014=VECTOR('',#9756,1000.);
#5015=VECTOR('',#9759,1000.);
#5016=VECTOR('',#9760,1000.);
#5017=VECTOR('',#9761,1000.);
#5018=VECTOR('',#9762,1000.);
#5019=VECTOR('',#9765,1000.);
#5020=VECTOR('',#9766,1000.);
#5021=VECTOR('',#9767,1000.);
#5022=VECTOR('',#9772,1000.);
#5023=VECTOR('',#9777,1000.);
#5024=VECTOR('',#9780,1000.);
#5025=VECTOR('',#9783,1000.);
#5026=VECTOR('',#9788,1000.);
#5027=VECTOR('',#9791,1000.);
#5028=VECTOR('',#9792,1000.);
#5029=VECTOR('',#9793,1000.);
#5030=VECTOR('',#9794,1000.);
#5031=VECTOR('',#9797,1000.);
#5032=VECTOR('',#9798,1000.);
#5033=VECTOR('',#9799,1000.);
#5034=VECTOR('',#9804,1000.);
#5035=VECTOR('',#9809,1000.);
#5036=VECTOR('',#9812,1000.);
#5037=VECTOR('',#9813,1000.);
#5038=VECTOR('',#9814,1000.);
#5039=VECTOR('',#9815,1000.);
#5040=VECTOR('',#9818,1000.);
#5041=VECTOR('',#9819,1000.);
#5042=VECTOR('',#9820,1000.);
#5043=VECTOR('',#9821,1000.);
#5044=VECTOR('',#9824,1000.);
#5045=VECTOR('',#9825,1000.);
#5046=VECTOR('',#9826,1000.);
#5047=VECTOR('',#9827,1000.);
#5048=VECTOR('',#9830,1000.);
#5049=VECTOR('',#9831,1000.);
#5050=VECTOR('',#9832,1000.);
#5051=VECTOR('',#9833,1000.);
#5052=VECTOR('',#9836,1000.);
#5053=VECTOR('',#9837,1000.);
#5054=VECTOR('',#9838,1000.);
#5055=VECTOR('',#9839,1000.);
#5056=VECTOR('',#9842,1000.);
#5057=VECTOR('',#9843,1000.);
#5058=VECTOR('',#9844,1000.);
#5059=VECTOR('',#9845,1000.);
#5060=VECTOR('',#9856,1000.);
#5061=VECTOR('',#9857,1000.);
#5062=VECTOR('',#9858,1000.);
#5063=VECTOR('',#9861,1000.);
#5064=VECTOR('',#9862,1000.);
#5065=VECTOR('',#9865,1000.);
#5066=VECTOR('',#9866,1000.);
#5067=VECTOR('',#9869,1000.);
#5068=VECTOR('',#9872,1000.);
#5069=VECTOR('',#9873,1000.);
#5070=VECTOR('',#9874,1000.);
#5071=VECTOR('',#9877,1000.);
#5072=VECTOR('',#9878,1000.);
#5073=VECTOR('',#9881,1000.);
#5074=VECTOR('',#9882,1000.);
#5075=VECTOR('',#9885,1000.);
#5076=VECTOR('',#9888,1000.);
#5077=VECTOR('',#9889,1000.);
#5078=VECTOR('',#9890,1000.);
#5079=VECTOR('',#9893,1000.);
#5080=VECTOR('',#9894,1000.);
#5081=VECTOR('',#9897,1000.);
#5082=VECTOR('',#9898,1000.);
#5083=VECTOR('',#9901,1000.);
#5084=VECTOR('',#9904,1000.);
#5085=VECTOR('',#9905,1000.);
#5086=VECTOR('',#9906,1000.);
#5087=VECTOR('',#9909,1000.);
#5088=VECTOR('',#9910,1000.);
#5089=VECTOR('',#9911,1000.);
#5090=VECTOR('',#9912,1000.);
#5091=VECTOR('',#9919,1000.);
#5092=VECTOR('',#9920,1000.);
#5093=VECTOR('',#9923,1000.);
#5094=VECTOR('',#9924,1000.);
#5095=VECTOR('',#9925,1000.);
#5096=VECTOR('',#9928,1000.);
#5097=VECTOR('',#9929,1000.);
#5098=VECTOR('',#9932,1000.);
#5099=VECTOR('',#9933,1000.);
#5100=VECTOR('',#9936,1000.);
#5101=VECTOR('',#9939,1000.);
#5102=VECTOR('',#9940,1000.);
#5103=VECTOR('',#9941,1000.);
#5104=VECTOR('',#9944,1000.);
#5105=VECTOR('',#9945,1000.);
#5106=VECTOR('',#9948,1000.);
#5107=VECTOR('',#9949,1000.);
#5108=VECTOR('',#9952,1000.);
#5109=VECTOR('',#9955,1000.);
#5110=VECTOR('',#9956,1000.);
#5111=VECTOR('',#9957,1000.);
#5112=VECTOR('',#9960,1000.);
#5113=VECTOR('',#9961,1000.);
#5114=VECTOR('',#9962,1000.);
#5115=VECTOR('',#9963,1000.);
#5116=VECTOR('',#9970,1000.);
#5117=VECTOR('',#9971,1000.);
#5118=VECTOR('',#9978,1000.);
#5119=VECTOR('',#9979,1000.);
#5120=VECTOR('',#9982,1000.);
#5121=VECTOR('',#9985,1000.);
#5122=VECTOR('',#9986,1000.);
#5123=VECTOR('',#9991,1000.);
#5124=VECTOR('',#9992,1000.);
#5125=VECTOR('',#9995,1000.);
#5126=VECTOR('',#9998,1000.);
#5127=VECTOR('',#9999,1000.);
#5128=VECTOR('',#10002,1000.);
#5129=VECTOR('',#10005,1000.);
#5130=VECTOR('',#10008,1000.);
#5131=VECTOR('',#10011,1000.);
#5132=VECTOR('',#10016,1000.);
#5133=VECTOR('',#10019,1000.);
#5134=VECTOR('',#10024,1000.);
#5135=VECTOR('',#10027,1000.);
#5136=VECTOR('',#10030,1000.);
#5137=VECTOR('',#10033,1000.);
#5138=VECTOR('',#10038,1000.);
#5139=VECTOR('',#10041,1000.);
#5140=VECTOR('',#10056,1000.);
#5141=VECTOR('',#10061,1000.);
#5142=VECTOR('',#10064,1000.);
#5143=VECTOR('',#10087,1000.);
#5144=VECTOR('',#10090,1000.);
#5145=VECTOR('',#10095,1000.);
#5146=VECTOR('',#10098,1000.);
#5147=VECTOR('',#10101,1000.);
#5148=VECTOR('',#10102,1000.);
#5149=VECTOR('',#10103,1000.);
#5150=VECTOR('',#10104,1000.);
#5151=VECTOR('',#10107,1000.);
#5152=VECTOR('',#10108,1000.);
#5153=VECTOR('',#10109,1000.);
#5154=VECTOR('',#10110,1000.);
#5155=VECTOR('',#10113,1000.);
#5156=VECTOR('',#10114,1000.);
#5157=VECTOR('',#10115,1000.);
#5158=VECTOR('',#10116,1000.);
#5159=VECTOR('',#10119,1000.);
#5160=VECTOR('',#10120,1000.);
#5161=VECTOR('',#10121,1000.);
#5162=VECTOR('',#10122,1000.);
#5163=VECTOR('',#10125,1000.);
#5164=VECTOR('',#10126,1000.);
#5165=VECTOR('',#10127,1000.);
#5166=VECTOR('',#10128,1000.);
#5167=VECTOR('',#10129,1000.);
#5168=VECTOR('',#10130,1000.);
#5169=VECTOR('',#10131,1000.);
#5170=VECTOR('',#10134,1000.);
#5171=VECTOR('',#10135,1000.);
#5172=VECTOR('',#10136,1000.);
#5173=VECTOR('',#10137,1000.);
#5174=VECTOR('',#10138,1000.);
#5175=VECTOR('',#10139,1000.);
#5176=VECTOR('',#10140,1000.);
#5177=VECTOR('',#10159,1000.);
#5178=VECTOR('',#10160,1000.);
#5179=VECTOR('',#10163,1000.);
#5180=VECTOR('',#10166,1000.);
#5181=VECTOR('',#10167,1000.);
#5182=VECTOR('',#10168,1000.);
#5183=VECTOR('',#10171,1000.);
#5184=VECTOR('',#10174,1000.);
#5185=VECTOR('',#10175,1000.);
#5186=VECTOR('',#10176,1000.);
#5187=VECTOR('',#10177,1000.);
#5188=VECTOR('',#10178,1000.);
#5189=VECTOR('',#10179,1000.);
#5190=VECTOR('',#10180,1000.);
#5191=VECTOR('',#10183,1000.);
#5192=VECTOR('',#10204,1000.);
#5193=VECTOR('',#10205,1000.);
#5194=VECTOR('',#10206,1000.);
#5195=VECTOR('',#10209,1000.);
#5196=VECTOR('',#10212,1000.);
#5197=VECTOR('',#10213,1000.);
#5198=VECTOR('',#10216,1000.);
#5199=VECTOR('',#10219,1000.);
#5200=VECTOR('',#10220,1000.);
#5201=VECTOR('',#10221,1000.);
#5202=VECTOR('',#10222,1000.);
#5203=VECTOR('',#10223,1000.);
#5204=VECTOR('',#10224,1000.);
#5205=VECTOR('',#10225,1000.);
#5206=VECTOR('',#10228,1000.);
#5207=VECTOR('',#10235,1000.);
#5208=VECTOR('',#10238,1000.);
#5209=VECTOR('',#10239,1000.);
#5210=VECTOR('',#10240,1000.);
#5211=VECTOR('',#10241,1000.);
#5212=VECTOR('',#10242,1000.);
#5213=VECTOR('',#10243,1000.);
#5214=VECTOR('',#10244,1000.);
#5215=VECTOR('',#10247,1000.);
#5216=VECTOR('',#10250,1000.);
#5217=VECTOR('',#10253,1000.);
#5218=VECTOR('',#10254,1000.);
#5219=VECTOR('',#10255,1000.);
#5220=VECTOR('',#10256,1000.);
#5221=VECTOR('',#10257,1000.);
#5222=VECTOR('',#10258,1000.);
#5223=VECTOR('',#10259,1000.);
#5224=VECTOR('',#10260,1000.);
#5225=VECTOR('',#10261,1000.);
#5226=VECTOR('',#10262,1000.);
#5227=VECTOR('',#10265,1000.);
#5228=VECTOR('',#10270,1000.);
#5229=VECTOR('',#10271,1000.);
#5230=VECTOR('',#10274,1000.);
#5231=VECTOR('',#10291,1000.);
#5232=VECTOR('',#10312,1000.);
#5233=VECTOR('',#10315,1000.);
#5234=VECTOR('',#10316,1000.);
#5235=VECTOR('',#10319,1000.);
#5236=VECTOR('',#10322,1000.);
#5237=VECTOR('',#10323,1000.);
#5238=VECTOR('',#10324,1000.);
#5239=VECTOR('',#10325,1000.);
#5240=VECTOR('',#10328,1000.);
#5241=VECTOR('',#10331,1000.);
#5242=VECTOR('',#10332,1000.);
#5243=VECTOR('',#10333,1000.);
#5244=VECTOR('',#10334,1000.);
#5245=VECTOR('',#10337,1000.);
#5246=VECTOR('',#10340,1000.);
#5247=VECTOR('',#10341,1000.);
#5248=VECTOR('',#10344,1000.);
#5249=VECTOR('',#10347,1000.);
#5250=VECTOR('',#10348,1000.);
#5251=VECTOR('',#10349,1000.);
#5252=VECTOR('',#10350,1000.);
#5253=VECTOR('',#10353,1000.);
#5254=VECTOR('',#10356,1000.);
#5255=VECTOR('',#10357,1000.);
#5256=VECTOR('',#10358,1000.);
#5257=VECTOR('',#10359,1000.);
#5258=VECTOR('',#10362,1000.);
#5259=VECTOR('',#10363,1000.);
#5260=VECTOR('',#10364,1000.);
#5261=VECTOR('',#10365,1000.);
#5262=VECTOR('',#10366,1000.);
#5263=VECTOR('',#10367,1000.);
#5264=VECTOR('',#10368,1000.);
#5265=VECTOR('',#10369,1000.);
#5266=VECTOR('',#10370,1000.);
#5267=VECTOR('',#10375,1000.);
#5268=VECTOR('',#10378,1000.);
#5269=VECTOR('',#10379,1000.);
#5270=VECTOR('',#10380,1000.);
#5271=VECTOR('',#10381,1000.);
#5272=VECTOR('',#10382,1000.);
#5273=VECTOR('',#10383,1000.);
#5274=VECTOR('',#10384,1000.);
#5275=VECTOR('',#10387,1000.);
#5276=VECTOR('',#10392,1000.);
#5277=VECTOR('',#10395,1000.);
#5278=VECTOR('',#10396,1000.);
#5279=VECTOR('',#10397,1000.);
#5280=VECTOR('',#10398,1000.);
#5281=VECTOR('',#10401,1000.);
#5282=VECTOR('',#10404,1000.);
#5283=VECTOR('',#10405,1000.);
#5284=VECTOR('',#10406,1000.);
#5285=VECTOR('',#10407,1000.);
#5286=VECTOR('',#10410,1000.);
#5287=VECTOR('',#10411,1000.);
#5288=VECTOR('',#10414,1000.);
#5289=VECTOR('',#10415,1000.);
#5290=VECTOR('',#10418,1000.);
#5291=VECTOR('',#10419,1000.);
#5292=VECTOR('',#10420,1000.);
#5293=VECTOR('',#10423,1000.);
#5294=VECTOR('',#10426,1000.);
#5295=VECTOR('',#10427,1000.);
#5296=VECTOR('',#10428,1000.);
#5297=VECTOR('',#10435,1000.);
#5298=VECTOR('',#10436,1000.);
#5299=VECTOR('',#10437,1000.);
#5300=VECTOR('',#10440,1000.);
#5301=VECTOR('',#10443,1000.);
#5302=VECTOR('',#10444,1000.);
#5303=VECTOR('',#10445,1000.);
#5304=VECTOR('',#10448,1000.);
#5305=VECTOR('',#10449,1000.);
#5306=VECTOR('',#10450,1000.);
#5307=VECTOR('',#10451,1000.);
#5308=VECTOR('',#10454,1000.);
#5309=VECTOR('',#10455,1000.);
#5310=VECTOR('',#10456,1000.);
#5311=VECTOR('',#10457,1000.);
#5312=VECTOR('',#10460,1000.);
#5313=VECTOR('',#10461,1000.);
#5314=VECTOR('',#10462,1000.);
#5315=VECTOR('',#10465,1000.);
#5316=VECTOR('',#10466,1000.);
#5317=VECTOR('',#10467,1000.);
#5318=VECTOR('',#10470,1000.);
#5319=VECTOR('',#10473,1000.);
#5320=VECTOR('',#10474,1000.);
#5321=VECTOR('',#10475,1000.);
#5322=VECTOR('',#10478,1000.);
#5323=VECTOR('',#10481,1000.);
#5324=VECTOR('',#10482,1000.);
#5325=VECTOR('',#10483,1000.);
#5326=VECTOR('',#10488,1000.);
#5327=VECTOR('',#10493,1000.);
#5328=VECTOR('',#10496,1000.);
#5329=VECTOR('',#10497,1000.);
#5330=VECTOR('',#10498,1000.);
#5331=VECTOR('',#10501,1000.);
#5332=VECTOR('',#10504,1000.);
#5333=VECTOR('',#10505,1000.);
#5334=VECTOR('',#10506,1000.);
#5335=VECTOR('',#10509,1000.);
#5336=VECTOR('',#10512,1000.);
#5337=VECTOR('',#10515,1000.);
#5338=VECTOR('',#10522,1000.);
#5339=VECTOR('',#10525,1000.);
#5340=VECTOR('',#10526,1000.);
#5341=VECTOR('',#10527,1000.);
#5342=VECTOR('',#10528,1000.);
#5343=VECTOR('',#10531,1000.);
#5344=VECTOR('',#10534,1000.);
#5345=VECTOR('',#10535,1000.);
#5346=VECTOR('',#10536,1000.);
#5347=VECTOR('',#10537,1000.);
#5348=VECTOR('',#10542,1000.);
#5349=VECTOR('',#10545,1000.);
#5350=VECTOR('',#10546,1000.);
#5351=VECTOR('',#10549,1000.);
#5352=VECTOR('',#10552,1000.);
#5353=VECTOR('',#10557,1000.);
#5354=VECTOR('',#10558,1000.);
#5355=VECTOR('',#10561,1000.);
#5356=VECTOR('',#10566,1000.);
#5357=VECTOR('',#10567,1000.);
#5358=VECTOR('',#10570,1000.);
#5359=VECTOR('',#10575,1000.);
#5360=VECTOR('',#10576,1000.);
#5361=VECTOR('',#10581,1000.);
#5362=VECTOR('',#10588,1000.);
#5363=VECTOR('',#10589,1000.);
#5364=VECTOR('',#10600,1000.);
#5365=VECTOR('',#10601,1000.);
#5366=VECTOR('',#10604,1000.);
#5367=VECTOR('',#10607,1000.);
#5368=VECTOR('',#10610,1000.);
#5369=VECTOR('',#10611,1000.);
#5370=VECTOR('',#10614,1000.);
#5371=VECTOR('',#10617,1000.);
#5372=VECTOR('',#10624,1000.);
#5373=VECTOR('',#10627,1000.);
#5374=VECTOR('',#10630,1000.);
#5375=VECTOR('',#10635,1000.);
#5376=VECTOR('',#10638,1000.);
#5377=VECTOR('',#10641,1000.);
#5378=VECTOR('',#10646,1000.);
#5379=VECTOR('',#10649,1000.);
#5380=VECTOR('',#10652,1000.);
#5381=VECTOR('',#10657,1000.);
#5382=VECTOR('',#10660,1000.);
#5383=VECTOR('',#10663,1000.);
#5384=VECTOR('',#10700,1000.);
#5385=VECTOR('',#10703,1000.);
#5386=VECTOR('',#10706,1000.);
#5387=VECTOR('',#10737,1000.);
#5388=VECTOR('',#10738,1000.);
#5389=VECTOR('',#10743,1000.);
#5390=VECTOR('',#10744,1000.);
#5391=VECTOR('',#10757,1000.);
#5392=VECTOR('',#10760,1000.);
#5393=VECTOR('',#10767,1000.);
#5394=VECTOR('',#10770,1000.);
#5395=VECTOR('',#10773,1000.);
#5396=VECTOR('',#10776,1000.);
#5397=VECTOR('',#10779,1000.);
#5398=VECTOR('',#10782,1000.);
#5399=VECTOR('',#10787,1000.);
#5400=VECTOR('',#10790,1000.);
#5401=VECTOR('',#10793,1000.);
#5402=VECTOR('',#10796,1000.);
#5403=VECTOR('',#10801,1000.);
#5404=VECTOR('',#10802,1000.);
#5405=VECTOR('',#10809,1000.);
#5406=VECTOR('',#10812,1000.);
#5407=VECTOR('',#10817,1000.);
#5408=VECTOR('',#10820,1000.);
#5409=VECTOR('',#10823,1000.);
#5410=VECTOR('',#10826,1000.);
#5411=VECTOR('',#10831,1000.);
#5412=VECTOR('',#10832,1000.);
#5413=VECTOR('',#10835,1000.);
#5414=VECTOR('',#10842,1000.);
#5415=VECTOR('',#10847,1000.);
#5416=VECTOR('',#10850,1000.);
#5417=VECTOR('',#10853,1000.);
#5418=VECTOR('',#10856,1000.);
#5419=VECTOR('',#10861,1000.);
#5420=VECTOR('',#10862,1000.);
#5421=VECTOR('',#10869,1000.);
#5422=VECTOR('',#10872,1000.);
#5423=EDGE_LOOP('',(#477,#478,#479,#480));
#5424=EDGE_LOOP('',(#481,#482,#483,#484));
#5425=EDGE_LOOP('',(#485,#486,#487,#488));
#5426=EDGE_LOOP('',(#489,#490,#491,#492));
#5427=EDGE_LOOP('',(#493,#494,#495,#496));
#5428=EDGE_LOOP('',(#497,#498,#499,#500));
#5429=EDGE_LOOP('',(#501,#502,#503,#504));
#5430=EDGE_LOOP('',(#505,#506,#507,#508));
#5431=EDGE_LOOP('',(#509,#510,#511,#512));
#5432=EDGE_LOOP('',(#513,#514,#515,#516));
#5433=EDGE_LOOP('',(#517,#518,#519,#520));
#5434=EDGE_LOOP('',(#521,#522,#523,#524));
#5435=EDGE_LOOP('',(#525,#526,#527,#528));
#5436=EDGE_LOOP('',(#529,#530,#531,#532));
#5437=EDGE_LOOP('',(#533,#534,#535,#536));
#5438=EDGE_LOOP('',(#537,#538,#539,#540));
#5439=EDGE_LOOP('',(#541,#542,#543,#544));
#5440=EDGE_LOOP('',(#545,#546,#547,#548));
#5441=EDGE_LOOP('',(#549,#550,#551,#552));
#5442=EDGE_LOOP('',(#553,#554,#555,#556));
#5443=EDGE_LOOP('',(#557,#558,#559,#560));
#5444=EDGE_LOOP('',(#561,#562,#563,#564));
#5445=EDGE_LOOP('',(#565,#566,#567,#568,#569,#570,#571,#572,#573,#574,#575,
#576,#577,#578,#579,#580,#581,#582,#583,#584,#585,#586,#587,#588,#589,#590,
#591,#592));
#5446=EDGE_LOOP('',(#593,#594,#595,#596,#597,#598,#599,#600,#601,#602,#603,
#604,#605,#606,#607,#608,#609,#610,#611,#612,#613,#614,#615,#616,#617,#618,
#619,#620));
#5447=EDGE_LOOP('',(#621,#622,#623,#624,#625,#626,#627,#628,#629,#630,#631,
#632,#633,#634,#635,#636,#637,#638,#639,#640,#641,#642,#643,#644,#645,#646,
#647,#648));
#5448=EDGE_LOOP('',(#649,#650,#651,#652,#653,#654,#655,#656,#657,#658,#659,
#660,#661,#662,#663,#664,#665,#666,#667,#668,#669,#670,#671,#672,#673,#674,
#675,#676));
#5449=EDGE_LOOP('',(#677,#678,#679,#680));
#5450=EDGE_LOOP('',(#681,#682,#683,#684));
#5451=EDGE_LOOP('',(#685,#686));
#5452=EDGE_LOOP('',(#687,#688));
#5453=EDGE_LOOP('',(#689,#690,#691,#692));
#5454=EDGE_LOOP('',(#693,#694,#695,#696));
#5455=EDGE_LOOP('',(#697,#698,#699,#700));
#5456=EDGE_LOOP('',(#701,#702,#703,#704));
#5457=EDGE_LOOP('',(#705,#706,#707,#708));
#5458=EDGE_LOOP('',(#709,#710,#711,#712));
#5459=EDGE_LOOP('',(#713,#714,#715,#716));
#5460=EDGE_LOOP('',(#717,#718,#719,#720));
#5461=EDGE_LOOP('',(#721,#722,#723,#724));
#5462=EDGE_LOOP('',(#725,#726,#727,#728));
#5463=EDGE_LOOP('',(#729,#730,#731,#732));
#5464=EDGE_LOOP('',(#733,#734,#735,#736));
#5465=EDGE_LOOP('',(#737,#738,#739,#740));
#5466=EDGE_LOOP('',(#741,#742,#743,#744));
#5467=EDGE_LOOP('',(#745,#746,#747,#748));
#5468=EDGE_LOOP('',(#749,#750,#751,#752));
#5469=EDGE_LOOP('',(#753,#754,#755,#756));
#5470=EDGE_LOOP('',(#757,#758,#759,#760));
#5471=EDGE_LOOP('',(#761,#762,#763,#764));
#5472=EDGE_LOOP('',(#765,#766,#767,#768));
#5473=EDGE_LOOP('',(#769,#770,#771,#772));
#5474=EDGE_LOOP('',(#773,#774,#775,#776));
#5475=EDGE_LOOP('',(#777,#778,#779,#780));
#5476=EDGE_LOOP('',(#781,#782,#783,#784));
#5477=EDGE_LOOP('',(#785,#786,#787,#788));
#5478=EDGE_LOOP('',(#789,#790,#791,#792));
#5479=EDGE_LOOP('',(#793,#794,#795,#796));
#5480=EDGE_LOOP('',(#797,#798,#799,#800));
#5481=EDGE_LOOP('',(#801,#802,#803,#804));
#5482=EDGE_LOOP('',(#805,#806,#807,#808));
#5483=EDGE_LOOP('',(#809,#810,#811,#812));
#5484=EDGE_LOOP('',(#813,#814,#815,#816));
#5485=EDGE_LOOP('',(#817,#818,#819,#820));
#5486=EDGE_LOOP('',(#821,#822,#823,#824));
#5487=EDGE_LOOP('',(#825,#826,#827,#828));
#5488=EDGE_LOOP('',(#829,#830,#831,#832));
#5489=EDGE_LOOP('',(#833,#834,#835,#836));
#5490=EDGE_LOOP('',(#837,#838,#839,#840));
#5491=EDGE_LOOP('',(#841,#842,#843,#844));
#5492=EDGE_LOOP('',(#845,#846,#847,#848));
#5493=EDGE_LOOP('',(#849,#850,#851,#852));
#5494=EDGE_LOOP('',(#853,#854,#855,#856));
#5495=EDGE_LOOP('',(#857,#858,#859,#860));
#5496=EDGE_LOOP('',(#861,#862,#863,#864));
#5497=EDGE_LOOP('',(#865));
#5498=EDGE_LOOP('',(#866));
#5499=EDGE_LOOP('',(#867));
#5500=EDGE_LOOP('',(#868));
#5501=EDGE_LOOP('',(#869));
#5502=EDGE_LOOP('',(#870));
#5503=EDGE_LOOP('',(#871));
#5504=EDGE_LOOP('',(#872));
#5505=EDGE_LOOP('',(#873));
#5506=EDGE_LOOP('',(#874));
#5507=EDGE_LOOP('',(#875));
#5508=EDGE_LOOP('',(#876));
#5509=EDGE_LOOP('',(#877));
#5510=EDGE_LOOP('',(#878));
#5511=EDGE_LOOP('',(#879,#880,#881,#882));
#5512=EDGE_LOOP('',(#883));
#5513=EDGE_LOOP('',(#884,#885,#886,#887));
#5514=EDGE_LOOP('',(#888,#889,#890,#891));
#5515=EDGE_LOOP('',(#892,#893,#894,#895));
#5516=EDGE_LOOP('',(#896,#897,#898,#899));
#5517=EDGE_LOOP('',(#900,#901,#902,#903));
#5518=EDGE_LOOP('',(#904,#905,#906,#907));
#5519=EDGE_LOOP('',(#908,#909,#910,#911));
#5520=EDGE_LOOP('',(#912,#913,#914,#915));
#5521=EDGE_LOOP('',(#916));
#5522=EDGE_LOOP('',(#917,#918,#919,#920,#921,#922,#923,#924));
#5523=EDGE_LOOP('',(#925,#926,#927,#928));
#5524=EDGE_LOOP('',(#929,#930,#931,#932));
#5525=EDGE_LOOP('',(#933,#934,#935,#936));
#5526=EDGE_LOOP('',(#937,#938,#939,#940));
#5527=EDGE_LOOP('',(#941,#942,#943,#944));
#5528=EDGE_LOOP('',(#945,#946,#947,#948));
#5529=EDGE_LOOP('',(#949,#950,#951,#952));
#5530=EDGE_LOOP('',(#953,#954,#955,#956));
#5531=EDGE_LOOP('',(#957,#958,#959,#960));
#5532=EDGE_LOOP('',(#961,#962,#963,#964));
#5533=EDGE_LOOP('',(#965,#966,#967,#968));
#5534=EDGE_LOOP('',(#969,#970,#971,#972));
#5535=EDGE_LOOP('',(#973,#974,#975,#976));
#5536=EDGE_LOOP('',(#977,#978,#979,#980));
#5537=EDGE_LOOP('',(#981,#982,#983,#984));
#5538=EDGE_LOOP('',(#985,#986,#987,#988));
#5539=EDGE_LOOP('',(#989,#990,#991,#992,#993,#994));
#5540=EDGE_LOOP('',(#995,#996,#997,#998));
#5541=EDGE_LOOP('',(#999,#1000,#1001,#1002,#1003,#1004,#1005,#1006,#1007,
#1008));
#5542=EDGE_LOOP('',(#1009,#1010,#1011,#1012));
#5543=EDGE_LOOP('',(#1013,#1014,#1015,#1016,#1017,#1018));
#5544=EDGE_LOOP('',(#1019,#1020,#1021,#1022));
#5545=EDGE_LOOP('',(#1023,#1024,#1025,#1026,#1027,#1028,#1029,#1030,#1031,
#1032));
#5546=EDGE_LOOP('',(#1033,#1034,#1035,#1036));
#5547=EDGE_LOOP('',(#1037,#1038,#1039,#1040,#1041,#1042));
#5548=EDGE_LOOP('',(#1043,#1044,#1045,#1046));
#5549=EDGE_LOOP('',(#1047,#1048,#1049,#1050,#1051,#1052,#1053,#1054,#1055,
#1056));
#5550=EDGE_LOOP('',(#1057,#1058,#1059,#1060));
#5551=EDGE_LOOP('',(#1061,#1062,#1063,#1064,#1065,#1066));
#5552=EDGE_LOOP('',(#1067,#1068,#1069,#1070));
#5553=EDGE_LOOP('',(#1071,#1072,#1073,#1074,#1075,#1076,#1077,#1078,#1079,
#1080));
#5554=EDGE_LOOP('',(#1081,#1082,#1083,#1084));
#5555=EDGE_LOOP('',(#1085,#1086,#1087,#1088,#1089,#1090));
#5556=EDGE_LOOP('',(#1091,#1092,#1093,#1094));
#5557=EDGE_LOOP('',(#1095,#1096,#1097,#1098,#1099,#1100,#1101,#1102,#1103,
#1104));
#5558=EDGE_LOOP('',(#1105));
#5559=EDGE_LOOP('',(#1106));
#5560=EDGE_LOOP('',(#1107,#1108,#1109,#1110));
#5561=EDGE_LOOP('',(#1111,#1112,#1113,#1114,#1115));
#5562=EDGE_LOOP('',(#1116,#1117,#1118,#1119,#1120,#1121));
#5563=EDGE_LOOP('',(#1122,#1123,#1124,#1125,#1126));
#5564=EDGE_LOOP('',(#1127,#1128,#1129,#1130));
#5565=EDGE_LOOP('',(#1131,#1132,#1133,#1134,#1135,#1136));
#5566=EDGE_LOOP('',(#1137,#1138,#1139,#1140));
#5567=EDGE_LOOP('',(#1141,#1142,#1143,#1144,#1145));
#5568=EDGE_LOOP('',(#1146,#1147,#1148,#1149,#1150,#1151));
#5569=EDGE_LOOP('',(#1152,#1153,#1154,#1155,#1156));
#5570=EDGE_LOOP('',(#1157,#1158,#1159,#1160));
#5571=EDGE_LOOP('',(#1161,#1162,#1163,#1164,#1165,#1166));
#5572=EDGE_LOOP('',(#1167,#1168,#1169,#1170));
#5573=EDGE_LOOP('',(#1171,#1172,#1173,#1174,#1175));
#5574=EDGE_LOOP('',(#1176,#1177,#1178,#1179,#1180,#1181));
#5575=EDGE_LOOP('',(#1182,#1183,#1184,#1185,#1186));
#5576=EDGE_LOOP('',(#1187,#1188,#1189,#1190));
#5577=EDGE_LOOP('',(#1191,#1192,#1193,#1194,#1195,#1196));
#5578=EDGE_LOOP('',(#1197,#1198,#1199,#1200,#1201));
#5579=EDGE_LOOP('',(#1202,#1203,#1204,#1205));
#5580=EDGE_LOOP('',(#1206,#1207,#1208,#1209,#1210,#1211));
#5581=EDGE_LOOP('',(#1212,#1213,#1214,#1215,#1216,#1217));
#5582=EDGE_LOOP('',(#1218,#1219,#1220,#1221));
#5583=EDGE_LOOP('',(#1222,#1223,#1224,#1225,#1226));
#5584=EDGE_LOOP('',(#1227,#1228,#1229,#1230,#1231));
#5585=EDGE_LOOP('',(#1232,#1233,#1234,#1235));
#5586=EDGE_LOOP('',(#1236,#1237,#1238,#1239,#1240,#1241));
#5587=EDGE_LOOP('',(#1242,#1243,#1244,#1245,#1246,#1247));
#5588=EDGE_LOOP('',(#1248,#1249,#1250,#1251));
#5589=EDGE_LOOP('',(#1252,#1253,#1254,#1255,#1256));
#5590=EDGE_LOOP('',(#1257,#1258,#1259,#1260));
#5591=EDGE_LOOP('',(#1261,#1262,#1263,#1264));
#5592=EDGE_LOOP('',(#1265,#1266,#1267,#1268));
#5593=EDGE_LOOP('',(#1269,#1270,#1271,#1272));
#5594=EDGE_LOOP('',(#1273,#1274,#1275,#1276));
#5595=EDGE_LOOP('',(#1277,#1278,#1279,#1280));
#5596=EDGE_LOOP('',(#1281));
#5597=EDGE_LOOP('',(#1282));
#5598=EDGE_LOOP('',(#1283));
#5599=EDGE_LOOP('',(#1284));
#5600=EDGE_LOOP('',(#1285,#1286,#1287,#1288));
#5601=EDGE_LOOP('',(#1289,#1290,#1291,#1292,#1293,#1294,#1295));
#5602=EDGE_LOOP('',(#1296,#1297,#1298,#1299));
#5603=EDGE_LOOP('',(#1300,#1301,#1302,#1303,#1304,#1305,#1306));
#5604=EDGE_LOOP('',(#1307,#1308,#1309,#1310,#1311,#1312,#1313));
#5605=EDGE_LOOP('',(#1314,#1315,#1316,#1317));
#5606=EDGE_LOOP('',(#1318,#1319,#1320,#1321,#1322,#1323,#1324));
#5607=EDGE_LOOP('',(#1325,#1326,#1327,#1328));
#5608=EDGE_LOOP('',(#1329,#1330,#1331,#1332,#1333,#1334,#1335));
#5609=EDGE_LOOP('',(#1336,#1337,#1338,#1339));
#5610=EDGE_LOOP('',(#1340,#1341,#1342,#1343,#1344,#1345,#1346));
#5611=EDGE_LOOP('',(#1347,#1348,#1349,#1350));
#5612=EDGE_LOOP('',(#1351,#1352,#1353,#1354));
#5613=EDGE_LOOP('',(#1355,#1356,#1357,#1358,#1359,#1360,#1361,#1362,#1363,
#1364));
#5614=EDGE_LOOP('',(#1365,#1366,#1367,#1368));
#5615=EDGE_LOOP('',(#1369,#1370,#1371,#1372));
#5616=EDGE_LOOP('',(#1373,#1374,#1375,#1376,#1377,#1378,#1379));
#5617=EDGE_LOOP('',(#1380,#1381,#1382,#1383));
#5618=EDGE_LOOP('',(#1384,#1385,#1386,#1387,#1388,#1389,#1390));
#5619=EDGE_LOOP('',(#1391,#1392,#1393,#1394));
#5620=EDGE_LOOP('',(#1395,#1396,#1397,#1398,#1399,#1400,#1401));
#5621=EDGE_LOOP('',(#1402,#1403,#1404,#1405));
#5622=EDGE_LOOP('',(#1406,#1407,#1408,#1409,#1410,#1411,#1412));
#5623=EDGE_LOOP('',(#1413,#1414,#1415,#1416));
#5624=EDGE_LOOP('',(#1417,#1418,#1419,#1420,#1421,#1422,#1423,#1424,#1425,
#1426));
#5625=EDGE_LOOP('',(#1427,#1428,#1429,#1430));
#5626=EDGE_LOOP('',(#1431));
#5627=EDGE_LOOP('',(#1432));
#5628=EDGE_LOOP('',(#1433,#1434,#1435,#1436,#1437,#1438,#1439,#1440,#1441,
#1442,#1443,#1444,#1445,#1446,#1447,#1448,#1449,#1450,#1451,#1452,#1453,
#1454,#1455,#1456,#1457,#1458,#1459,#1460,#1461,#1462,#1463,#1464));
#5629=EDGE_LOOP('',(#1465,#1466,#1467,#1468));
#5630=EDGE_LOOP('',(#1469,#1470,#1471,#1472));
#5631=EDGE_LOOP('',(#1473,#1474,#1475,#1476));
#5632=EDGE_LOOP('',(#1477,#1478,#1479,#1480));
#5633=EDGE_LOOP('',(#1481,#1482,#1483,#1484));
#5634=EDGE_LOOP('',(#1485,#1486,#1487,#1488));
#5635=EDGE_LOOP('',(#1489,#1490,#1491,#1492));
#5636=EDGE_LOOP('',(#1493,#1494,#1495,#1496));
#5637=EDGE_LOOP('',(#1497,#1498,#1499,#1500,#1501,#1502));
#5638=EDGE_LOOP('',(#1503,#1504,#1505,#1506));
#5639=EDGE_LOOP('',(#1507,#1508,#1509,#1510,#1511,#1512));
#5640=EDGE_LOOP('',(#1513,#1514,#1515,#1516));
#5641=EDGE_LOOP('',(#1517,#1518,#1519,#1520));
#5642=EDGE_LOOP('',(#1521,#1522,#1523,#1524));
#5643=EDGE_LOOP('',(#1525,#1526,#1527,#1528));
#5644=EDGE_LOOP('',(#1529,#1530,#1531,#1532));
#5645=EDGE_LOOP('',(#1533,#1534,#1535,#1536));
#5646=EDGE_LOOP('',(#1537,#1538,#1539,#1540));
#5647=EDGE_LOOP('',(#1541,#1542,#1543,#1544,#1545,#1546));
#5648=EDGE_LOOP('',(#1547,#1548,#1549,#1550));
#5649=EDGE_LOOP('',(#1551,#1552,#1553,#1554,#1555,#1556));
#5650=EDGE_LOOP('',(#1557,#1558,#1559,#1560,#1561,#1562,#1563,#1564));
#5651=EDGE_LOOP('',(#1565,#1566,#1567,#1568,#1569,#1570,#1571,#1572,#1573,
#1574,#1575,#1576,#1577,#1578,#1579,#1580,#1581,#1582,#1583,#1584));
#5652=EDGE_LOOP('',(#1585,#1586,#1587,#1588));
#5653=EDGE_LOOP('',(#1589,#1590,#1591,#1592));
#5654=EDGE_LOOP('',(#1593,#1594,#1595,#1596,#1597,#1598,#1599,#1600));
#5655=EDGE_LOOP('',(#1601,#1602,#1603,#1604,#1605,#1606,#1607,#1608));
#5656=EDGE_LOOP('',(#1609,#1610,#1611,#1612));
#5657=EDGE_LOOP('',(#1613,#1614,#1615,#1616));
#5658=EDGE_LOOP('',(#1617,#1618,#1619,#1620));
#5659=EDGE_LOOP('',(#1621,#1622,#1623,#1624));
#5660=EDGE_LOOP('',(#1625,#1626,#1627,#1628));
#5661=EDGE_LOOP('',(#1629,#1630,#1631,#1632));
#5662=EDGE_LOOP('',(#1633,#1634,#1635,#1636));
#5663=EDGE_LOOP('',(#1637,#1638,#1639,#1640));
#5664=EDGE_LOOP('',(#1641,#1642,#1643,#1644));
#5665=EDGE_LOOP('',(#1645,#1646,#1647,#1648));
#5666=EDGE_LOOP('',(#1649,#1650,#1651,#1652));
#5667=EDGE_LOOP('',(#1653,#1654,#1655,#1656));
#5668=EDGE_LOOP('',(#1657,#1658,#1659,#1660));
#5669=EDGE_LOOP('',(#1661,#1662,#1663,#1664));
#5670=EDGE_LOOP('',(#1665,#1666,#1667,#1668));
#5671=EDGE_LOOP('',(#1669,#1670,#1671,#1672,#1673,#1674,#1675,#1676));
#5672=EDGE_LOOP('',(#1677,#1678,#1679,#1680,#1681,#1682,#1683,#1684));
#5673=EDGE_LOOP('',(#1685,#1686,#1687,#1688,#1689));
#5674=EDGE_LOOP('',(#1690,#1691,#1692,#1693,#1694));
#5675=EDGE_LOOP('',(#1695,#1696,#1697,#1698,#1699,#1700,#1701,#1702,#1703,
#1704,#1705,#1706,#1707,#1708,#1709,#1710,#1711,#1712,#1713,#1714,#1715,
#1716,#1717,#1718));
#5676=EDGE_LOOP('',(#1719,#1720,#1721,#1722,#1723));
#5677=EDGE_LOOP('',(#1724,#1725,#1726,#1727,#1728));
#5678=EDGE_LOOP('',(#1729,#1730,#1731,#1732,#1733,#1734,#1735,#1736,#1737,
#1738,#1739,#1740,#1741,#1742,#1743,#1744,#1745,#1746,#1747,#1748,#1749,
#1750,#1751,#1752));
#5679=EDGE_LOOP('',(#1753,#1754,#1755,#1756,#1757,#1758,#1759,#1760,#1761,
#1762,#1763,#1764,#1765,#1766,#1767,#1768));
#5680=EDGE_LOOP('',(#1769,#1770,#1771,#1772,#1773,#1774,#1775,#1776,#1777,
#1778,#1779,#1780,#1781,#1782,#1783,#1784));
#5681=EDGE_LOOP('',(#1785,#1786,#1787,#1788,#1789,#1790,#1791,#1792));
#5682=EDGE_LOOP('',(#1793,#1794,#1795));
#5683=EDGE_LOOP('',(#1796,#1797,#1798,#1799));
#5684=EDGE_LOOP('',(#1800,#1801,#1802,#1803));
#5685=EDGE_LOOP('',(#1804,#1805,#1806,#1807));
#5686=EDGE_LOOP('',(#1808,#1809,#1810));
#5687=EDGE_LOOP('',(#1811,#1812,#1813,#1814));
#5688=EDGE_LOOP('',(#1815,#1816,#1817,#1818));
#5689=EDGE_LOOP('',(#1819,#1820,#1821,#1822));
#5690=EDGE_LOOP('',(#1823,#1824,#1825,#1826));
#5691=EDGE_LOOP('',(#1827,#1828,#1829,#1830));
#5692=EDGE_LOOP('',(#1831,#1832,#1833,#1834,#1835,#1836));
#5693=EDGE_LOOP('',(#1837,#1838,#1839,#1840,#1841,#1842));
#5694=EDGE_LOOP('',(#1843,#1844,#1845,#1846));
#5695=EDGE_LOOP('',(#1847,#1848,#1849,#1850));
#5696=EDGE_LOOP('',(#1851,#1852,#1853,#1854,#1855,#1856));
#5697=EDGE_LOOP('',(#1857,#1858,#1859,#1860,#1861,#1862));
#5698=EDGE_LOOP('',(#1863,#1864,#1865,#1866,#1867,#1868,#1869,#1870,#1871,
#1872,#1873,#1874,#1875,#1876,#1877,#1878));
#5699=EDGE_LOOP('',(#1879,#1880,#1881,#1882,#1883,#1884,#1885,#1886,#1887,
#1888,#1889,#1890,#1891,#1892,#1893,#1894));
#5700=EDGE_LOOP('',(#1895,#1896,#1897,#1898,#1899,#1900));
#5701=EDGE_LOOP('',(#1901,#1902,#1903,#1904,#1905,#1906));
#5702=EDGE_LOOP('',(#1907,#1908,#1909,#1910));
#5703=EDGE_LOOP('',(#1911,#1912,#1913,#1914));
#5704=EDGE_LOOP('',(#1915,#1916,#1917,#1918,#1919,#1920,#1921,#1922,#1923,
#1924,#1925,#1926,#1927,#1928,#1929,#1930));
#5705=EDGE_LOOP('',(#1931,#1932,#1933,#1934,#1935,#1936,#1937,#1938,#1939,
#1940,#1941,#1942));
#5706=EDGE_LOOP('',(#1943,#1944,#1945,#1946));
#5707=EDGE_LOOP('',(#1947,#1948,#1949,#1950));
#5708=EDGE_LOOP('',(#1951,#1952,#1953,#1954));
#5709=EDGE_LOOP('',(#1955,#1956,#1957,#1958));
#5710=EDGE_LOOP('',(#1959,#1960,#1961,#1962));
#5711=EDGE_LOOP('',(#1963,#1964,#1965,#1966));
#5712=EDGE_LOOP('',(#1967,#1968,#1969,#1970));
#5713=EDGE_LOOP('',(#1971,#1972,#1973,#1974));
#5714=EDGE_LOOP('',(#1975,#1976,#1977,#1978,#1979,#1980,#1981,#1982,#1983,
#1984,#1985,#1986));
#5715=EDGE_LOOP('',(#1987,#1988,#1989,#1990));
#5716=EDGE_LOOP('',(#1991,#1992,#1993,#1994));
#5717=EDGE_LOOP('',(#1995,#1996,#1997,#1998));
#5718=EDGE_LOOP('',(#1999,#2000,#2001,#2002));
#5719=EDGE_LOOP('',(#2003,#2004,#2005,#2006,#2007,#2008,#2009,#2010,#2011,
#2012,#2013,#2014,#2015,#2016,#2017,#2018));
#5720=EDGE_LOOP('',(#2019,#2020,#2021,#2022,#2023,#2024));
#5721=EDGE_LOOP('',(#2025,#2026,#2027,#2028,#2029,#2030));
#5722=EDGE_LOOP('',(#2031,#2032,#2033,#2034,#2035,#2036,#2037,#2038));
#5723=EDGE_LOOP('',(#2039,#2040,#2041,#2042));
#5724=EDGE_LOOP('',(#2043,#2044,#2045,#2046));
#5725=EDGE_LOOP('',(#2047,#2048,#2049,#2050,#2051,#2052,#2053,#2054));
#5726=EDGE_LOOP('',(#2055,#2056,#2057,#2058));
#5727=EDGE_LOOP('',(#2059,#2060,#2061,#2062));
#5728=EDGE_LOOP('',(#2063,#2064,#2065,#2066));
#5729=EDGE_LOOP('',(#2067,#2068,#2069,#2070,#2071,#2072,#2073,#2074));
#5730=EDGE_LOOP('',(#2075,#2076,#2077,#2078));
#5731=EDGE_LOOP('',(#2079,#2080,#2081,#2082,#2083,#2084,#2085,#2086));
#5732=EDGE_LOOP('',(#2087,#2088,#2089,#2090));
#5733=EDGE_LOOP('',(#2091,#2092,#2093,#2094));
#5734=EDGE_LOOP('',(#2095,#2096,#2097,#2098));
#5735=EDGE_LOOP('',(#2099,#2100,#2101,#2102));
#5736=EDGE_LOOP('',(#2103,#2104,#2105,#2106,#2107,#2108));
#5737=EDGE_LOOP('',(#2109,#2110,#2111,#2112));
#5738=EDGE_LOOP('',(#2113,#2114,#2115,#2116,#2117,#2118));
#5739=EDGE_LOOP('',(#2119,#2120,#2121,#2122,#2123,#2124));
#5740=EDGE_LOOP('',(#2125,#2126,#2127,#2128));
#5741=EDGE_LOOP('',(#2129,#2130,#2131,#2132,#2133,#2134));
#5742=EDGE_LOOP('',(#2135,#2136,#2137,#2138));
#5743=EDGE_LOOP('',(#2139,#2140,#2141,#2142));
#5744=EDGE_LOOP('',(#2143,#2144,#2145,#2146,#2147,#2148,#2149,#2150));
#5745=EDGE_LOOP('',(#2151,#2152,#2153,#2154,#2155,#2156,#2157,#2158));
#5746=EDGE_LOOP('',(#2159,#2160,#2161,#2162,#2163,#2164,#2165,#2166));
#5747=EDGE_LOOP('',(#2167,#2168,#2169,#2170,#2171,#2172,#2173,#2174));
#5748=EDGE_LOOP('',(#2175,#2176,#2177,#2178,#2179,#2180));
#5749=EDGE_LOOP('',(#2181,#2182,#2183,#2184,#2185,#2186));
#5750=EDGE_LOOP('',(#2187,#2188,#2189,#2190,#2191,#2192));
#5751=EDGE_LOOP('',(#2193,#2194,#2195,#2196,#2197,#2198));
#5752=EDGE_LOOP('',(#2199,#2200,#2201,#2202,#2203,#2204));
#5753=EDGE_LOOP('',(#2205,#2206,#2207,#2208,#2209,#2210));
#5754=EDGE_LOOP('',(#2211,#2212,#2213,#2214,#2215,#2216));
#5755=EDGE_LOOP('',(#2217,#2218,#2219,#2220,#2221,#2222));
#5756=EDGE_LOOP('',(#2223,#2224,#2225,#2226,#2227,#2228,#2229,#2230));
#5757=EDGE_LOOP('',(#2231,#2232,#2233));
#5758=EDGE_LOOP('',(#2234,#2235,#2236,#2237));
#5759=EDGE_LOOP('',(#2238,#2239,#2240,#2241));
#5760=EDGE_LOOP('',(#2242,#2243,#2244,#2245));
#5761=EDGE_LOOP('',(#2246,#2247,#2248));
#5762=EDGE_LOOP('',(#2249,#2250,#2251,#2252));
#5763=EDGE_LOOP('',(#2253,#2254,#2255,#2256));
#5764=EDGE_LOOP('',(#2257,#2258,#2259,#2260));
#5765=EDGE_LOOP('',(#2261,#2262,#2263,#2264));
#5766=EDGE_LOOP('',(#2265,#2266,#2267,#2268));
#5767=EDGE_LOOP('',(#2269,#2270,#2271,#2272));
#5768=EDGE_LOOP('',(#2273,#2274,#2275,#2276));
#5769=EDGE_LOOP('',(#2277,#2278,#2279,#2280));
#5770=EDGE_LOOP('',(#2281,#2282,#2283,#2284));
#5771=EDGE_LOOP('',(#2285,#2286,#2287,#2288));
#5772=EDGE_LOOP('',(#2289,#2290,#2291,#2292));
#5773=EDGE_LOOP('',(#2293,#2294,#2295));
#5774=EDGE_LOOP('',(#2296,#2297,#2298));
#5775=EDGE_LOOP('',(#2299,#2300,#2301,#2302,#2303,#2304,#2305,#2306,#2307,
#2308));
#5776=EDGE_LOOP('',(#2309,#2310,#2311,#2312));
#5777=EDGE_LOOP('',(#2313,#2314,#2315,#2316));
#5778=EDGE_LOOP('',(#2317,#2318,#2319,#2320));
#5779=EDGE_LOOP('',(#2321,#2322,#2323,#2324));
#5780=EDGE_LOOP('',(#2325,#2326,#2327,#2328));
#5781=EDGE_LOOP('',(#2329,#2330,#2331));
#5782=EDGE_LOOP('',(#2332,#2333,#2334,#2335,#2336,#2337,#2338,#2339,#2340,
#2341));
#5783=EDGE_LOOP('',(#2342,#2343,#2344,#2345));
#5784=EDGE_LOOP('',(#2346,#2347,#2348,#2349));
#5785=EDGE_LOOP('',(#2350,#2351,#2352));
#5786=EDGE_LOOP('',(#2353,#2354,#2355,#2356));
#5787=EDGE_LOOP('',(#2357,#2358,#2359,#2360));
#5788=EDGE_LOOP('',(#2361,#2362,#2363,#2364));
#5789=EDGE_LOOP('',(#2365,#2366,#2367));
#5790=EDGE_LOOP('',(#2368,#2369,#2370,#2371,#2372,#2373,#2374,#2375,#2376,
#2377));
#5791=EDGE_LOOP('',(#2378,#2379,#2380,#2381));
#5792=EDGE_LOOP('',(#2382,#2383,#2384,#2385));
#5793=EDGE_LOOP('',(#2386,#2387,#2388,#2389));
#5794=EDGE_LOOP('',(#2390,#2391,#2392));
#5795=EDGE_LOOP('',(#2393,#2394,#2395,#2396));
#5796=EDGE_LOOP('',(#2397,#2398,#2399,#2400));
#5797=EDGE_LOOP('',(#2401,#2402,#2403));
#5798=EDGE_LOOP('',(#2404,#2405,#2406,#2407,#2408,#2409,#2410,#2411,#2412,
#2413));
#5799=EDGE_LOOP('',(#2414,#2415,#2416,#2417));
#5800=EDGE_LOOP('',(#2418,#2419,#2420,#2421));
#5801=EDGE_LOOP('',(#2422,#2423,#2424));
#5802=EDGE_LOOP('',(#2425,#2426,#2427,#2428));
#5803=EDGE_LOOP('',(#2429,#2430,#2431,#2432));
#5804=EDGE_LOOP('',(#2433,#2434,#2435,#2436));
#5805=EDGE_LOOP('',(#2437,#2438,#2439,#2440,#2441,#2442));
#5806=EDGE_LOOP('',(#2443,#2444,#2445,#2446,#2447,#2448));
#5807=EDGE_LOOP('',(#2449,#2450,#2451,#2452,#2453,#2454));
#5808=EDGE_LOOP('',(#2455,#2456,#2457,#2458,#2459,#2460));
#5809=FACE_BOUND('',#5423,.T.);
#5810=FACE_BOUND('',#5424,.T.);
#5811=FACE_BOUND('',#5425,.T.);
#5812=FACE_BOUND('',#5426,.T.);
#5813=FACE_BOUND('',#5427,.T.);
#5814=FACE_BOUND('',#5428,.T.);
#5815=FACE_BOUND('',#5429,.T.);
#5816=FACE_BOUND('',#5430,.T.);
#5817=FACE_BOUND('',#5431,.T.);
#5818=FACE_BOUND('',#5432,.T.);
#5819=FACE_BOUND('',#5433,.T.);
#5820=FACE_BOUND('',#5434,.T.);
#5821=FACE_BOUND('',#5435,.T.);
#5822=FACE_BOUND('',#5436,.T.);
#5823=FACE_BOUND('',#5437,.T.);
#5824=FACE_BOUND('',#5438,.T.);
#5825=FACE_BOUND('',#5439,.T.);
#5826=FACE_BOUND('',#5440,.T.);
#5827=FACE_BOUND('',#5441,.T.);
#5828=FACE_BOUND('',#5442,.T.);
#5829=FACE_BOUND('',#5443,.T.);
#5830=FACE_BOUND('',#5444,.T.);
#5831=FACE_BOUND('',#5445,.T.);
#5832=FACE_BOUND('',#5446,.T.);
#5833=FACE_BOUND('',#5447,.T.);
#5834=FACE_BOUND('',#5448,.T.);
#5835=FACE_BOUND('',#5449,.T.);
#5836=FACE_BOUND('',#5450,.T.);
#5837=FACE_BOUND('',#5451,.T.);
#5838=FACE_BOUND('',#5452,.T.);
#5839=FACE_BOUND('',#5453,.T.);
#5840=FACE_BOUND('',#5454,.T.);
#5841=FACE_BOUND('',#5455,.T.);
#5842=FACE_BOUND('',#5456,.T.);
#5843=FACE_BOUND('',#5457,.T.);
#5844=FACE_BOUND('',#5458,.T.);
#5845=FACE_BOUND('',#5459,.T.);
#5846=FACE_BOUND('',#5460,.T.);
#5847=FACE_BOUND('',#5461,.T.);
#5848=FACE_BOUND('',#5462,.T.);
#5849=FACE_BOUND('',#5463,.T.);
#5850=FACE_BOUND('',#5464,.T.);
#5851=FACE_BOUND('',#5465,.T.);
#5852=FACE_BOUND('',#5466,.T.);
#5853=FACE_BOUND('',#5467,.T.);
#5854=FACE_BOUND('',#5468,.T.);
#5855=FACE_BOUND('',#5469,.T.);
#5856=FACE_BOUND('',#5470,.T.);
#5857=FACE_BOUND('',#5471,.T.);
#5858=FACE_BOUND('',#5472,.T.);
#5859=FACE_BOUND('',#5473,.T.);
#5860=FACE_BOUND('',#5474,.T.);
#5861=FACE_BOUND('',#5475,.T.);
#5862=FACE_BOUND('',#5476,.T.);
#5863=FACE_BOUND('',#5477,.T.);
#5864=FACE_BOUND('',#5478,.T.);
#5865=FACE_BOUND('',#5479,.T.);
#5866=FACE_BOUND('',#5480,.T.);
#5867=FACE_BOUND('',#5481,.T.);
#5868=FACE_BOUND('',#5482,.T.);
#5869=FACE_BOUND('',#5483,.T.);
#5870=FACE_BOUND('',#5484,.T.);
#5871=FACE_BOUND('',#5485,.T.);
#5872=FACE_BOUND('',#5486,.T.);
#5873=FACE_BOUND('',#5487,.T.);
#5874=FACE_BOUND('',#5488,.T.);
#5875=FACE_BOUND('',#5489,.T.);
#5876=FACE_BOUND('',#5490,.T.);
#5877=FACE_BOUND('',#5491,.T.);
#5878=FACE_BOUND('',#5492,.T.);
#5879=FACE_BOUND('',#5493,.T.);
#5880=FACE_BOUND('',#5494,.T.);
#5881=FACE_BOUND('',#5495,.T.);
#5882=FACE_BOUND('',#5496,.T.);
#5883=FACE_BOUND('',#5497,.T.);
#5884=FACE_BOUND('',#5498,.T.);
#5885=FACE_BOUND('',#5499,.T.);
#5886=FACE_BOUND('',#5500,.T.);
#5887=FACE_BOUND('',#5501,.T.);
#5888=FACE_BOUND('',#5502,.T.);
#5889=FACE_BOUND('',#5503,.T.);
#5890=FACE_BOUND('',#5504,.T.);
#5891=FACE_BOUND('',#5505,.T.);
#5892=FACE_BOUND('',#5506,.T.);
#5893=FACE_BOUND('',#5507,.T.);
#5894=FACE_BOUND('',#5508,.T.);
#5895=FACE_BOUND('',#5509,.T.);
#5896=FACE_BOUND('',#5510,.T.);
#5897=FACE_BOUND('',#5511,.T.);
#5898=FACE_BOUND('',#5512,.T.);
#5899=FACE_BOUND('',#5513,.T.);
#5900=FACE_BOUND('',#5514,.T.);
#5901=FACE_BOUND('',#5515,.T.);
#5902=FACE_BOUND('',#5516,.T.);
#5903=FACE_BOUND('',#5517,.T.);
#5904=FACE_BOUND('',#5518,.T.);
#5905=FACE_BOUND('',#5519,.T.);
#5906=FACE_BOUND('',#5520,.T.);
#5907=FACE_BOUND('',#5521,.T.);
#5908=FACE_BOUND('',#5522,.T.);
#5909=FACE_BOUND('',#5523,.T.);
#5910=FACE_BOUND('',#5524,.T.);
#5911=FACE_BOUND('',#5525,.T.);
#5912=FACE_BOUND('',#5526,.T.);
#5913=FACE_BOUND('',#5527,.T.);
#5914=FACE_BOUND('',#5528,.T.);
#5915=FACE_BOUND('',#5529,.T.);
#5916=FACE_BOUND('',#5530,.T.);
#5917=FACE_BOUND('',#5531,.T.);
#5918=FACE_BOUND('',#5532,.T.);
#5919=FACE_BOUND('',#5533,.T.);
#5920=FACE_BOUND('',#5534,.T.);
#5921=FACE_BOUND('',#5535,.T.);
#5922=FACE_BOUND('',#5536,.T.);
#5923=FACE_BOUND('',#5537,.T.);
#5924=FACE_BOUND('',#5538,.T.);
#5925=FACE_BOUND('',#5539,.T.);
#5926=FACE_BOUND('',#5540,.T.);
#5927=FACE_BOUND('',#5541,.T.);
#5928=FACE_BOUND('',#5542,.T.);
#5929=FACE_BOUND('',#5543,.T.);
#5930=FACE_BOUND('',#5544,.T.);
#5931=FACE_BOUND('',#5545,.T.);
#5932=FACE_BOUND('',#5546,.T.);
#5933=FACE_BOUND('',#5547,.T.);
#5934=FACE_BOUND('',#5548,.T.);
#5935=FACE_BOUND('',#5549,.T.);
#5936=FACE_BOUND('',#5550,.T.);
#5937=FACE_BOUND('',#5551,.T.);
#5938=FACE_BOUND('',#5552,.T.);
#5939=FACE_BOUND('',#5553,.T.);
#5940=FACE_BOUND('',#5554,.T.);
#5941=FACE_BOUND('',#5555,.T.);
#5942=FACE_BOUND('',#5556,.T.);
#5943=FACE_BOUND('',#5557,.T.);
#5944=FACE_BOUND('',#5558,.T.);
#5945=FACE_BOUND('',#5559,.T.);
#5946=FACE_BOUND('',#5560,.T.);
#5947=FACE_BOUND('',#5561,.T.);
#5948=FACE_BOUND('',#5562,.T.);
#5949=FACE_BOUND('',#5563,.T.);
#5950=FACE_BOUND('',#5564,.T.);
#5951=FACE_BOUND('',#5565,.T.);
#5952=FACE_BOUND('',#5566,.T.);
#5953=FACE_BOUND('',#5567,.T.);
#5954=FACE_BOUND('',#5568,.T.);
#5955=FACE_BOUND('',#5569,.T.);
#5956=FACE_BOUND('',#5570,.T.);
#5957=FACE_BOUND('',#5571,.T.);
#5958=FACE_BOUND('',#5572,.T.);
#5959=FACE_BOUND('',#5573,.T.);
#5960=FACE_BOUND('',#5574,.T.);
#5961=FACE_BOUND('',#5575,.T.);
#5962=FACE_BOUND('',#5576,.T.);
#5963=FACE_BOUND('',#5577,.T.);
#5964=FACE_BOUND('',#5578,.T.);
#5965=FACE_BOUND('',#5579,.T.);
#5966=FACE_BOUND('',#5580,.T.);
#5967=FACE_BOUND('',#5581,.T.);
#5968=FACE_BOUND('',#5582,.T.);
#5969=FACE_BOUND('',#5583,.T.);
#5970=FACE_BOUND('',#5584,.T.);
#5971=FACE_BOUND('',#5585,.T.);
#5972=FACE_BOUND('',#5586,.T.);
#5973=FACE_BOUND('',#5587,.T.);
#5974=FACE_BOUND('',#5588,.T.);
#5975=FACE_BOUND('',#5589,.T.);
#5976=FACE_BOUND('',#5590,.T.);
#5977=FACE_BOUND('',#5591,.T.);
#5978=FACE_BOUND('',#5592,.T.);
#5979=FACE_BOUND('',#5593,.T.);
#5980=FACE_BOUND('',#5594,.T.);
#5981=FACE_BOUND('',#5595,.T.);
#5982=FACE_BOUND('',#5596,.T.);
#5983=FACE_BOUND('',#5597,.T.);
#5984=FACE_BOUND('',#5598,.T.);
#5985=FACE_BOUND('',#5599,.T.);
#5986=FACE_BOUND('',#5600,.T.);
#5987=FACE_BOUND('',#5601,.T.);
#5988=FACE_BOUND('',#5602,.T.);
#5989=FACE_BOUND('',#5603,.T.);
#5990=FACE_BOUND('',#5604,.T.);
#5991=FACE_BOUND('',#5605,.T.);
#5992=FACE_BOUND('',#5606,.T.);
#5993=FACE_BOUND('',#5607,.T.);
#5994=FACE_BOUND('',#5608,.T.);
#5995=FACE_BOUND('',#5609,.T.);
#5996=FACE_BOUND('',#5610,.T.);
#5997=FACE_BOUND('',#5611,.T.);
#5998=FACE_BOUND('',#5612,.T.);
#5999=FACE_BOUND('',#5613,.T.);
#6000=FACE_BOUND('',#5614,.T.);
#6001=FACE_BOUND('',#5615,.T.);
#6002=FACE_BOUND('',#5616,.T.);
#6003=FACE_BOUND('',#5617,.T.);
#6004=FACE_BOUND('',#5618,.T.);
#6005=FACE_BOUND('',#5619,.T.);
#6006=FACE_BOUND('',#5620,.T.);
#6007=FACE_BOUND('',#5621,.T.);
#6008=FACE_BOUND('',#5622,.T.);
#6009=FACE_BOUND('',#5623,.T.);
#6010=FACE_BOUND('',#5624,.T.);
#6011=FACE_BOUND('',#5625,.T.);
#6012=FACE_BOUND('',#5626,.T.);
#6013=FACE_BOUND('',#5627,.T.);
#6014=FACE_BOUND('',#5628,.T.);
#6015=FACE_BOUND('',#5629,.T.);
#6016=FACE_BOUND('',#5630,.T.);
#6017=FACE_BOUND('',#5631,.T.);
#6018=FACE_BOUND('',#5632,.T.);
#6019=FACE_BOUND('',#5633,.T.);
#6020=FACE_BOUND('',#5634,.T.);
#6021=FACE_BOUND('',#5635,.T.);
#6022=FACE_BOUND('',#5636,.T.);
#6023=FACE_BOUND('',#5637,.T.);
#6024=FACE_BOUND('',#5638,.T.);
#6025=FACE_BOUND('',#5639,.T.);
#6026=FACE_BOUND('',#5640,.T.);
#6027=FACE_BOUND('',#5641,.T.);
#6028=FACE_BOUND('',#5642,.T.);
#6029=FACE_BOUND('',#5643,.T.);
#6030=FACE_BOUND('',#5644,.T.);
#6031=FACE_BOUND('',#5645,.T.);
#6032=FACE_BOUND('',#5646,.T.);
#6033=FACE_BOUND('',#5647,.T.);
#6034=FACE_BOUND('',#5648,.T.);
#6035=FACE_BOUND('',#5649,.T.);
#6036=FACE_BOUND('',#5650,.T.);
#6037=FACE_BOUND('',#5651,.T.);
#6038=FACE_BOUND('',#5652,.T.);
#6039=FACE_BOUND('',#5653,.T.);
#6040=FACE_BOUND('',#5654,.T.);
#6041=FACE_BOUND('',#5655,.T.);
#6042=FACE_BOUND('',#5656,.T.);
#6043=FACE_BOUND('',#5657,.T.);
#6044=FACE_BOUND('',#5658,.T.);
#6045=FACE_BOUND('',#5659,.T.);
#6046=FACE_BOUND('',#5660,.T.);
#6047=FACE_BOUND('',#5661,.T.);
#6048=FACE_BOUND('',#5662,.T.);
#6049=FACE_BOUND('',#5663,.T.);
#6050=FACE_BOUND('',#5664,.T.);
#6051=FACE_BOUND('',#5665,.T.);
#6052=FACE_BOUND('',#5666,.T.);
#6053=FACE_BOUND('',#5667,.T.);
#6054=FACE_BOUND('',#5668,.T.);
#6055=FACE_BOUND('',#5669,.T.);
#6056=FACE_BOUND('',#5670,.T.);
#6057=FACE_BOUND('',#5671,.T.);
#6058=FACE_BOUND('',#5672,.T.);
#6059=FACE_BOUND('',#5673,.T.);
#6060=FACE_BOUND('',#5674,.T.);
#6061=FACE_BOUND('',#5675,.T.);
#6062=FACE_BOUND('',#5676,.T.);
#6063=FACE_BOUND('',#5677,.T.);
#6064=FACE_BOUND('',#5678,.T.);
#6065=FACE_BOUND('',#5679,.T.);
#6066=FACE_BOUND('',#5680,.T.);
#6067=FACE_BOUND('',#5681,.T.);
#6068=FACE_BOUND('',#5682,.T.);
#6069=FACE_BOUND('',#5683,.T.);
#6070=FACE_BOUND('',#5684,.T.);
#6071=FACE_BOUND('',#5685,.T.);
#6072=FACE_BOUND('',#5686,.T.);
#6073=FACE_BOUND('',#5687,.T.);
#6074=FACE_BOUND('',#5688,.T.);
#6075=FACE_BOUND('',#5689,.T.);
#6076=FACE_BOUND('',#5690,.T.);
#6077=FACE_BOUND('',#5691,.T.);
#6078=FACE_BOUND('',#5692,.T.);
#6079=FACE_BOUND('',#5693,.T.);
#6080=FACE_BOUND('',#5694,.T.);
#6081=FACE_BOUND('',#5695,.T.);
#6082=FACE_BOUND('',#5696,.T.);
#6083=FACE_BOUND('',#5697,.T.);
#6084=FACE_BOUND('',#5698,.T.);
#6085=FACE_BOUND('',#5699,.T.);
#6086=FACE_BOUND('',#5700,.T.);
#6087=FACE_BOUND('',#5701,.T.);
#6088=FACE_BOUND('',#5702,.T.);
#6089=FACE_BOUND('',#5703,.T.);
#6090=FACE_BOUND('',#5704,.T.);
#6091=FACE_BOUND('',#5705,.T.);
#6092=FACE_BOUND('',#5706,.T.);
#6093=FACE_BOUND('',#5707,.T.);
#6094=FACE_BOUND('',#5708,.T.);
#6095=FACE_BOUND('',#5709,.T.);
#6096=FACE_BOUND('',#5710,.T.);
#6097=FACE_BOUND('',#5711,.T.);
#6098=FACE_BOUND('',#5712,.T.);
#6099=FACE_BOUND('',#5713,.T.);
#6100=FACE_BOUND('',#5714,.T.);
#6101=FACE_BOUND('',#5715,.T.);
#6102=FACE_BOUND('',#5716,.T.);
#6103=FACE_BOUND('',#5717,.T.);
#6104=FACE_BOUND('',#5718,.T.);
#6105=FACE_BOUND('',#5719,.T.);
#6106=FACE_BOUND('',#5720,.T.);
#6107=FACE_BOUND('',#5721,.T.);
#6108=FACE_BOUND('',#5722,.T.);
#6109=FACE_BOUND('',#5723,.T.);
#6110=FACE_BOUND('',#5724,.T.);
#6111=FACE_BOUND('',#5725,.T.);
#6112=FACE_BOUND('',#5726,.T.);
#6113=FACE_BOUND('',#5727,.T.);
#6114=FACE_BOUND('',#5728,.T.);
#6115=FACE_BOUND('',#5729,.T.);
#6116=FACE_BOUND('',#5730,.T.);
#6117=FACE_BOUND('',#5731,.T.);
#6118=FACE_BOUND('',#5732,.T.);
#6119=FACE_BOUND('',#5733,.T.);
#6120=FACE_BOUND('',#5734,.T.);
#6121=FACE_BOUND('',#5735,.T.);
#6122=FACE_BOUND('',#5736,.T.);
#6123=FACE_BOUND('',#5737,.T.);
#6124=FACE_BOUND('',#5738,.T.);
#6125=FACE_BOUND('',#5739,.T.);
#6126=FACE_BOUND('',#5740,.T.);
#6127=FACE_BOUND('',#5741,.T.);
#6128=FACE_BOUND('',#5742,.T.);
#6129=FACE_BOUND('',#5743,.T.);
#6130=FACE_BOUND('',#5744,.T.);
#6131=FACE_BOUND('',#5745,.T.);
#6132=FACE_BOUND('',#5746,.T.);
#6133=FACE_BOUND('',#5747,.T.);
#6134=FACE_BOUND('',#5748,.T.);
#6135=FACE_BOUND('',#5749,.T.);
#6136=FACE_BOUND('',#5750,.T.);
#6137=FACE_BOUND('',#5751,.T.);
#6138=FACE_BOUND('',#5752,.T.);
#6139=FACE_BOUND('',#5753,.T.);
#6140=FACE_BOUND('',#5754,.T.);
#6141=FACE_BOUND('',#5755,.T.);
#6142=FACE_BOUND('',#5756,.T.);
#6143=FACE_BOUND('',#5757,.T.);
#6144=FACE_BOUND('',#5758,.T.);
#6145=FACE_BOUND('',#5759,.T.);
#6146=FACE_BOUND('',#5760,.T.);
#6147=FACE_BOUND('',#5761,.T.);
#6148=FACE_BOUND('',#5762,.T.);
#6149=FACE_BOUND('',#5763,.T.);
#6150=FACE_BOUND('',#5764,.T.);
#6151=FACE_BOUND('',#5765,.T.);
#6152=FACE_BOUND('',#5766,.T.);
#6153=FACE_BOUND('',#5767,.T.);
#6154=FACE_BOUND('',#5768,.T.);
#6155=FACE_BOUND('',#5769,.T.);
#6156=FACE_BOUND('',#5770,.T.);
#6157=FACE_BOUND('',#5771,.T.);
#6158=FACE_BOUND('',#5772,.T.);
#6159=FACE_BOUND('',#5773,.T.);
#6160=FACE_BOUND('',#5774,.T.);
#6161=FACE_BOUND('',#5775,.T.);
#6162=FACE_BOUND('',#5776,.T.);
#6163=FACE_BOUND('',#5777,.T.);
#6164=FACE_BOUND('',#5778,.T.);
#6165=FACE_BOUND('',#5779,.T.);
#6166=FACE_BOUND('',#5780,.T.);
#6167=FACE_BOUND('',#5781,.T.);
#6168=FACE_BOUND('',#5782,.T.);
#6169=FACE_BOUND('',#5783,.T.);
#6170=FACE_BOUND('',#5784,.T.);
#6171=FACE_BOUND('',#5785,.T.);
#6172=FACE_BOUND('',#5786,.T.);
#6173=FACE_BOUND('',#5787,.T.);
#6174=FACE_BOUND('',#5788,.T.);
#6175=FACE_BOUND('',#5789,.T.);
#6176=FACE_BOUND('',#5790,.T.);
#6177=FACE_BOUND('',#5791,.T.);
#6178=FACE_BOUND('',#5792,.T.);
#6179=FACE_BOUND('',#5793,.T.);
#6180=FACE_BOUND('',#5794,.T.);
#6181=FACE_BOUND('',#5795,.T.);
#6182=FACE_BOUND('',#5796,.T.);
#6183=FACE_BOUND('',#5797,.T.);
#6184=FACE_BOUND('',#5798,.T.);
#6185=FACE_BOUND('',#5799,.T.);
#6186=FACE_BOUND('',#5800,.T.);
#6187=FACE_BOUND('',#5801,.T.);
#6188=FACE_BOUND('',#5802,.T.);
#6189=FACE_BOUND('',#5803,.T.);
#6190=FACE_BOUND('',#5804,.T.);
#6191=FACE_BOUND('',#5805,.T.);
#6192=FACE_BOUND('',#5806,.T.);
#6193=FACE_BOUND('',#5807,.T.);
#6194=FACE_BOUND('',#5808,.T.);
#6195=PLANE('',#8380);
#6196=PLANE('',#8384);
#6197=PLANE('',#8388);
#6198=PLANE('',#8392);
#6199=PLANE('',#8396);
#6200=PLANE('',#8397);
#6201=PLANE('',#8398);
#6202=PLANE('',#8402);
#6203=PLANE('',#8406);
#6204=PLANE('',#8410);
#6205=PLANE('',#8414);
#6206=PLANE('',#8415);
#6207=PLANE('',#8464);
#6208=PLANE('',#8465);
#6209=PLANE('',#8467);
#6210=PLANE('',#8468);
#6211=PLANE('',#8470);
#6212=PLANE('',#8471);
#6213=PLANE('',#8472);
#6214=PLANE('',#8473);
#6215=PLANE('',#8475);
#6216=PLANE('',#8476);
#6217=PLANE('',#8478);
#6218=PLANE('',#8479);
#6219=PLANE('',#8481);
#6220=PLANE('',#8482);
#6221=PLANE('',#8483);
#6222=PLANE('',#8484);
#6223=PLANE('',#8487);
#6224=PLANE('',#8488);
#6225=PLANE('',#8490);
#6226=PLANE('',#8491);
#6227=PLANE('',#8493);
#6228=PLANE('',#8494);
#6229=PLANE('',#8496);
#6230=PLANE('',#8497);
#6231=PLANE('',#8499);
#6232=PLANE('',#8500);
#6233=PLANE('',#8502);
#6234=PLANE('',#8503);
#6235=PLANE('',#8505);
#6236=PLANE('',#8506);
#6237=PLANE('',#8507);
#6238=PLANE('',#8508);
#6239=PLANE('',#8515);
#6240=PLANE('',#8519);
#6241=PLANE('',#8523);
#6242=PLANE('',#8528);
#6243=PLANE('',#8529);
#6244=PLANE('',#8530);
#6245=PLANE('',#8534);
#6246=PLANE('',#8535);
#6247=PLANE('',#8536);
#6248=PLANE('',#8540);
#6249=PLANE('',#8544);
#6250=PLANE('',#8551);
#6251=PLANE('',#8558);
#6252=PLANE('',#8565);
#6253=PLANE('',#8572);
#6254=PLANE('',#8576);
#6255=PLANE('',#8577);
#6256=PLANE('',#8578);
#6257=PLANE('',#8579);
#6258=PLANE('',#8580);
#6259=PLANE('',#8581);
#6260=PLANE('',#8582);
#6261=PLANE('',#8583);
#6262=PLANE('',#8584);
#6263=PLANE('',#8585);
#6264=PLANE('',#8586);
#6265=PLANE('',#8587);
#6266=PLANE('',#8588);
#6267=PLANE('',#8589);
#6268=PLANE('',#8590);
#6269=PLANE('',#8591);
#6270=PLANE('',#8592);
#6271=PLANE('',#8593);
#6272=PLANE('',#8594);
#6273=PLANE('',#8595);
#6274=PLANE('',#8596);
#6275=PLANE('',#8598);
#6276=PLANE('',#8603);
#6277=PLANE('',#8604);
#6278=PLANE('',#8605);
#6279=PLANE('',#8609);
#6280=PLANE('',#8613);
#6281=PLANE('',#8614);
#6282=PLANE('',#8615);
#6283=PLANE('',#8619);
#6284=PLANE('',#8623);
#6285=PLANE('',#8624);
#6286=PLANE('',#8625);
#6287=PLANE('',#8629);
#6288=PLANE('',#8630);
#6289=PLANE('',#8634);
#6290=PLANE('',#8635);
#6291=PLANE('',#8639);
#6292=PLANE('',#8640);
#6293=PLANE('',#8644);
#6294=PLANE('',#8645);
#6295=PLANE('',#8649);
#6296=PLANE('',#8650);
#6297=PLANE('',#8651);
#6298=PLANE('',#8652);
#6299=PLANE('',#8653);
#6300=PLANE('',#8654);
#6301=PLANE('',#8655);
#6302=PLANE('',#8660);
#6303=PLANE('',#8661);
#6304=PLANE('',#8662);
#6305=PLANE('',#8663);
#6306=PLANE('',#8664);
#6307=PLANE('',#8665);
#6308=PLANE('',#8666);
#6309=PLANE('',#8667);
#6310=PLANE('',#8668);
#6311=PLANE('',#8669);
#6312=PLANE('',#8670);
#6313=PLANE('',#8671);
#6314=PLANE('',#8672);
#6315=PLANE('',#8673);
#6316=PLANE('',#8676);
#6317=PLANE('',#8677);
#6318=PLANE('',#8678);
#6319=PLANE('',#8679);
#6320=PLANE('',#8680);
#6321=PLANE('',#8681);
#6322=PLANE('',#8682);
#6323=PLANE('',#8683);
#6324=PLANE('',#8684);
#6325=PLANE('',#8685);
#6326=PLANE('',#8686);
#6327=PLANE('',#8689);
#6328=PLANE('',#8690);
#6329=PLANE('',#8699);
#6330=PLANE('',#8701);
#6331=PLANE('',#8703);
#6332=PLANE('',#8704);
#6333=PLANE('',#8705);
#6334=PLANE('',#8706);
#6335=PLANE('',#8707);
#6336=PLANE('',#8709);
#6337=PLANE('',#8711);
#6338=PLANE('',#8712);
#6339=PLANE('',#8713);
#6340=PLANE('',#8714);
#6341=PLANE('',#8715);
#6342=PLANE('',#8720);
#6343=PLANE('',#8721);
#6344=PLANE('',#8722);
#6345=PLANE('',#8723);
#6346=PLANE('',#8724);
#6347=PLANE('',#8739);
#6348=PLANE('',#8740);
#6349=PLANE('',#8741);
#6350=PLANE('',#8742);
#6351=PLANE('',#8743);
#6352=PLANE('',#8744);
#6353=PLANE('',#8753);
#6354=PLANE('',#8768);
#6355=PLANE('',#8775);
#6356=PLANE('',#8780);
#6357=PLANE('',#8783);
#6358=PLANE('',#8802);
#6359=PLANE('',#8803);
#6360=PLANE('',#8804);
#6361=PLANE('',#8806);
#6362=PLANE('',#8808);
#6363=PLANE('',#8809);
#6364=PLANE('',#8810);
#6365=PLANE('',#8812);
#6366=PLANE('',#8814);
#6367=PLANE('',#8815);
#6368=PLANE('',#8820);
#6369=PLANE('',#8822);
#6370=PLANE('',#8824);
#6371=PLANE('',#8825);
#6372=PLANE('',#8826);
#6373=PLANE('',#8830);
#6374=PLANE('',#8834);
#6375=PLANE('',#8835);
#6376=PLANE('',#8836);
#6377=PLANE('',#8837);
#6378=PLANE('',#8838);
#6379=PLANE('',#8839);
#6380=PLANE('',#8840);
#6381=PLANE('',#8841);
#6382=PLANE('',#8842);
#6383=PLANE('',#8846);
#6384=PLANE('',#8847);
#6385=PLANE('',#8848);
#6386=PLANE('',#8849);
#6387=PLANE('',#8850);
#6388=PLANE('',#8854);
#6389=PLANE('',#8856);
#6390=PLANE('',#8858);
#6391=PLANE('',#8861);
#6392=PLANE('',#8862);
#6393=PLANE('',#8863);
#6394=PLANE('',#8866);
#6395=PLANE('',#8867);
#6396=PLANE('',#8868);
#6397=PLANE('',#8869);
#6398=PLANE('',#8872);
#6399=PLANE('',#8873);
#6400=PLANE('',#8880);
#6401=PLANE('',#8882);
#6402=PLANE('',#8883);
#6403=PLANE('',#8885);
#6404=PLANE('',#8886);
#6405=PLANE('',#8887);
#6406=PLANE('',#8888);
#6407=PLANE('',#8892);
#6408=PLANE('',#8896);
#6409=PLANE('',#8900);
#6410=PLANE('',#8920);
#6411=PLANE('',#8937);
#6412=PLANE('',#8938);
#6413=PLANE('',#8939);
#6414=PLANE('',#8940);
#6415=PLANE('',#8945);
#6416=PLANE('',#8946);
#6417=PLANE('',#8947);
#6418=PLANE('',#8953);
#6419=PLANE('',#8955);
#6420=PLANE('',#8956);
#6421=PLANE('',#8957);
#6422=PLANE('',#8961);
#6423=PLANE('',#8963);
#6424=PLANE('',#8965);
#6425=PLANE('',#8967);
#6426=PLANE('',#8968);
#6427=PLANE('',#8973);
#6428=PLANE('',#8975);
#6429=PLANE('',#8977);
#6430=PLANE('',#8978);
#6431=PLANE('',#8979);
#6432=PLANE('',#8983);
#6433=PLANE('',#8985);
#6434=PLANE('',#8987);
#6435=STYLED_ITEM('',(#6659),#8006);
#6436=STYLED_ITEM('',(#6660),#8007);
#6437=STYLED_ITEM('',(#6661),#8008);
#6438=STYLED_ITEM('',(#6662),#8009);
#6439=STYLED_ITEM('',(#6663),#8010);
#6440=STYLED_ITEM('',(#6664),#8011);
#6441=STYLED_ITEM('',(#6665),#8012);
#6442=STYLED_ITEM('',(#6666),#8013);
#6443=STYLED_ITEM('',(#6667),#8014);
#6444=STYLED_ITEM('',(#6668),#8015);
#6445=STYLED_ITEM('',(#6669),#8016);
#6446=STYLED_ITEM('',(#6670),#8017);
#6447=STYLED_ITEM('',(#6671),#8018);
#6448=STYLED_ITEM('',(#6672),#8019);
#6449=STYLED_ITEM('',(#6673),#8020);
#6450=STYLED_ITEM('',(#6674),#8021);
#6451=STYLED_ITEM('',(#6675),#8022);
#6452=STYLED_ITEM('',(#6676),#8023);
#6453=STYLED_ITEM('',(#6677),#8024);
#6454=STYLED_ITEM('',(#6678),#8025);
#6455=STYLED_ITEM('',(#6679),#8026);
#6456=STYLED_ITEM('',(#6680),#8027);
#6457=STYLED_ITEM('',(#6681),#8028);
#6458=STYLED_ITEM('',(#6682),#8029);
#6459=STYLED_ITEM('',(#6683),#8030);
#6460=STYLED_ITEM('',(#6684),#8031);
#6461=STYLED_ITEM('',(#6685),#8032);
#6462=STYLED_ITEM('',(#6686),#8033);
#6463=STYLED_ITEM('',(#6687),#8034);
#6464=STYLED_ITEM('',(#6688),#8035);
#6465=STYLED_ITEM('',(#6689),#8036);
#6466=STYLED_ITEM('',(#6690),#8037);
#6467=STYLED_ITEM('',(#6691),#8038);
#6468=STYLED_ITEM('',(#6692),#8039);
#6469=STYLED_ITEM('',(#6693),#8040);
#6470=STYLED_ITEM('',(#6694),#8041);
#6471=STYLED_ITEM('',(#6695),#8042);
#6472=STYLED_ITEM('',(#6696),#8043);
#6473=STYLED_ITEM('',(#6697),#8044);
#6474=STYLED_ITEM('',(#6698),#8045);
#6475=STYLED_ITEM('',(#6699),#8046);
#6476=STYLED_ITEM('',(#6700),#8047);
#6477=STYLED_ITEM('',(#6701),#8048);
#6478=STYLED_ITEM('',(#6702),#8049);
#6479=STYLED_ITEM('',(#6703),#8050);
#6480=STYLED_ITEM('',(#6704),#8051);
#6481=STYLED_ITEM('',(#6705),#8052);
#6482=STYLED_ITEM('',(#6706),#8053);
#6483=STYLED_ITEM('',(#6707),#8054);
#6484=STYLED_ITEM('',(#6708),#8055);
#6485=STYLED_ITEM('',(#6709),#8056);
#6486=STYLED_ITEM('',(#6710),#8057);
#6487=STYLED_ITEM('',(#6711),#8058);
#6488=STYLED_ITEM('',(#6712),#8059);
#6489=STYLED_ITEM('',(#6713),#8060);
#6490=STYLED_ITEM('',(#6714),#8061);
#6491=STYLED_ITEM('',(#6715),#8062);
#6492=STYLED_ITEM('',(#6716),#8063);
#6493=STYLED_ITEM('',(#6717),#8064);
#6494=STYLED_ITEM('',(#6718),#8065);
#6495=STYLED_ITEM('',(#6719),#8066);
#6496=STYLED_ITEM('',(#6720),#8067);
#6497=STYLED_ITEM('',(#6721),#8068);
#6498=STYLED_ITEM('',(#6722),#8069);
#6499=STYLED_ITEM('',(#6723),#8070);
#6500=STYLED_ITEM('',(#6724),#8071);
#6501=STYLED_ITEM('',(#6725),#8072);
#6502=STYLED_ITEM('',(#6726),#8073);
#6503=STYLED_ITEM('',(#6727),#8074);
#6504=STYLED_ITEM('',(#6728),#8075);
#6505=STYLED_ITEM('',(#6729),#8076);
#6506=STYLED_ITEM('',(#6730),#8077);
#6507=STYLED_ITEM('',(#6731),#8078);
#6508=STYLED_ITEM('',(#6732),#8079);
#6509=STYLED_ITEM('',(#6733),#8080);
#6510=STYLED_ITEM('',(#6734),#8081);
#6511=STYLED_ITEM('',(#6735),#8082);
#6512=STYLED_ITEM('',(#6736),#8083);
#6513=STYLED_ITEM('',(#6737),#8084);
#6514=STYLED_ITEM('',(#6738),#8085);
#6515=STYLED_ITEM('',(#6739),#8086);
#6516=STYLED_ITEM('',(#6740),#8087);
#6517=STYLED_ITEM('',(#6741),#8088);
#6518=STYLED_ITEM('',(#6742),#8089);
#6519=STYLED_ITEM('',(#6743),#8090);
#6520=STYLED_ITEM('',(#6744),#8091);
#6521=STYLED_ITEM('',(#6745),#8092);
#6522=STYLED_ITEM('',(#6746),#8093);
#6523=STYLED_ITEM('',(#6747),#8094);
#6524=STYLED_ITEM('',(#6748),#8095);
#6525=STYLED_ITEM('',(#6749),#8096);
#6526=STYLED_ITEM('',(#6750),#8097);
#6527=STYLED_ITEM('',(#6751),#8098);
#6528=STYLED_ITEM('',(#6752),#8099);
#6529=STYLED_ITEM('',(#6753),#8100);
#6530=STYLED_ITEM('',(#6754),#8101);
#6531=STYLED_ITEM('',(#6755),#8102);
#6532=STYLED_ITEM('',(#6756),#8103);
#6533=STYLED_ITEM('',(#6757),#8104);
#6534=STYLED_ITEM('',(#6758),#8105);
#6535=STYLED_ITEM('',(#6759),#8106);
#6536=STYLED_ITEM('',(#6760),#8107);
#6537=STYLED_ITEM('',(#6761),#8108);
#6538=STYLED_ITEM('',(#6762),#8109);
#6539=STYLED_ITEM('',(#6763),#8110);
#6540=STYLED_ITEM('',(#6764),#8111);
#6541=STYLED_ITEM('',(#6765),#8112);
#6542=STYLED_ITEM('',(#6766),#8113);
#6543=STYLED_ITEM('',(#6767),#8114);
#6544=STYLED_ITEM('',(#6768),#8115);
#6545=STYLED_ITEM('',(#6769),#8116);
#6546=STYLED_ITEM('',(#6770),#8117);
#6547=STYLED_ITEM('',(#6771),#8118);
#6548=STYLED_ITEM('',(#6772),#8119);
#6549=STYLED_ITEM('',(#6773),#8120);
#6550=STYLED_ITEM('',(#6774),#8121);
#6551=STYLED_ITEM('',(#6775),#8122);
#6552=STYLED_ITEM('',(#6776),#8123);
#6553=STYLED_ITEM('',(#6777),#8124);
#6554=STYLED_ITEM('',(#6778),#8125);
#6555=STYLED_ITEM('',(#6779),#8126);
#6556=STYLED_ITEM('',(#6780),#8127);
#6557=STYLED_ITEM('',(#6781),#8128);
#6558=STYLED_ITEM('',(#6782),#8129);
#6559=STYLED_ITEM('',(#6783),#8130);
#6560=STYLED_ITEM('',(#6784),#8131);
#6561=STYLED_ITEM('',(#6785),#8132);
#6562=STYLED_ITEM('',(#6786),#8133);
#6563=STYLED_ITEM('',(#6787),#8134);
#6564=STYLED_ITEM('',(#6788),#8135);
#6565=STYLED_ITEM('',(#6789),#8136);
#6566=STYLED_ITEM('',(#6790),#8137);
#6567=STYLED_ITEM('',(#6791),#8138);
#6568=STYLED_ITEM('',(#6792),#8139);
#6569=STYLED_ITEM('',(#6793),#8140);
#6570=STYLED_ITEM('',(#6794),#8141);
#6571=STYLED_ITEM('',(#6795),#8142);
#6572=STYLED_ITEM('',(#6796),#8143);
#6573=STYLED_ITEM('',(#6797),#8144);
#6574=STYLED_ITEM('',(#6798),#8145);
#6575=STYLED_ITEM('',(#6799),#8146);
#6576=STYLED_ITEM('',(#6800),#8147);
#6577=STYLED_ITEM('',(#6801),#8148);
#6578=STYLED_ITEM('',(#6802),#8149);
#6579=STYLED_ITEM('',(#6803),#8150);
#6580=STYLED_ITEM('',(#6804),#8151);
#6581=STYLED_ITEM('',(#6805),#8152);
#6582=STYLED_ITEM('',(#6806),#8153);
#6583=STYLED_ITEM('',(#6807),#8154);
#6584=STYLED_ITEM('',(#6808),#8155);
#6585=STYLED_ITEM('',(#6809),#8156);
#6586=STYLED_ITEM('',(#6810),#8157);
#6587=STYLED_ITEM('',(#6811),#8158);
#6588=STYLED_ITEM('',(#6812),#8159);
#6589=STYLED_ITEM('',(#6813),#8160);
#6590=STYLED_ITEM('',(#6814),#8161);
#6591=STYLED_ITEM('',(#6815),#8162);
#6592=STYLED_ITEM('',(#6816),#8163);
#6593=STYLED_ITEM('',(#6817),#8164);
#6594=STYLED_ITEM('',(#6818),#8165);
#6595=STYLED_ITEM('',(#6819),#8166);
#6596=STYLED_ITEM('',(#6820),#8167);
#6597=STYLED_ITEM('',(#6821),#8168);
#6598=STYLED_ITEM('',(#6822),#8169);
#6599=STYLED_ITEM('',(#6823),#8170);
#6600=STYLED_ITEM('',(#6824),#8171);
#6601=STYLED_ITEM('',(#6825),#8172);
#6602=STYLED_ITEM('',(#6826),#8173);
#6603=STYLED_ITEM('',(#6827),#8174);
#6604=STYLED_ITEM('',(#6828),#8175);
#6605=STYLED_ITEM('',(#6829),#8176);
#6606=STYLED_ITEM('',(#6830),#8177);
#6607=STYLED_ITEM('',(#6831),#8178);
#6608=STYLED_ITEM('',(#6832),#8179);
#6609=STYLED_ITEM('',(#6833),#8180);
#6610=STYLED_ITEM('',(#6834),#8181);
#6611=STYLED_ITEM('',(#6835),#8182);
#6612=STYLED_ITEM('',(#6836),#8183);
#6613=STYLED_ITEM('',(#6837),#8184);
#6614=STYLED_ITEM('',(#6838),#8185);
#6615=STYLED_ITEM('',(#6839),#8186);
#6616=STYLED_ITEM('',(#6840),#8187);
#6617=STYLED_ITEM('',(#6841),#8188);
#6618=STYLED_ITEM('',(#6842),#8189);
#6619=STYLED_ITEM('',(#6843),#8190);
#6620=STYLED_ITEM('',(#6844),#8191);
#6621=STYLED_ITEM('',(#6845),#8192);
#6622=STYLED_ITEM('',(#6846),#8193);
#6623=STYLED_ITEM('',(#6847),#8194);
#6624=STYLED_ITEM('',(#6848),#8195);
#6625=STYLED_ITEM('',(#6849),#8196);
#6626=STYLED_ITEM('',(#6850),#8197);
#6627=STYLED_ITEM('',(#6851),#8198);
#6628=STYLED_ITEM('',(#6852),#8199);
#6629=STYLED_ITEM('',(#6853),#8200);
#6630=STYLED_ITEM('',(#6854),#8201);
#6631=STYLED_ITEM('',(#6855),#8202);
#6632=STYLED_ITEM('',(#6856),#8203);
#6633=STYLED_ITEM('',(#6857),#8204);
#6634=STYLED_ITEM('',(#6858),#8205);
#6635=STYLED_ITEM('',(#6859),#8206);
#6636=STYLED_ITEM('',(#6860),#8207);
#6637=STYLED_ITEM('',(#6861),#8208);
#6638=STYLED_ITEM('',(#6862),#8209);
#6639=STYLED_ITEM('',(#6863),#8210);
#6640=STYLED_ITEM('',(#6864),#8211);
#6641=STYLED_ITEM('',(#6865),#8212);
#6642=STYLED_ITEM('',(#6866),#8213);
#6643=STYLED_ITEM('',(#6867),#8214);
#6644=STYLED_ITEM('',(#6868),#8215);
#6645=STYLED_ITEM('',(#6869),#8216);
#6646=STYLED_ITEM('',(#6870),#8217);
#6647=STYLED_ITEM('',(#6871),#8218);
#6648=STYLED_ITEM('',(#6872),#8219);
#6649=STYLED_ITEM('',(#6873),#8220);
#6650=STYLED_ITEM('',(#6874),#8221);
#6651=STYLED_ITEM('',(#6875),#8222);
#6652=STYLED_ITEM('',(#6876),#8223);
#6653=STYLED_ITEM('',(#6877),#8224);
#6654=STYLED_ITEM('',(#6878),#8225);
#6655=STYLED_ITEM('',(#6879),#8226);
#6656=STYLED_ITEM('',(#6880),#8227);
#6657=STYLED_ITEM('',(#6881),#8228);
#6658=STYLED_ITEM('',(#6882),#8376);
#6659=PRESENTATION_STYLE_ASSIGNMENT((#6883));
#6660=PRESENTATION_STYLE_ASSIGNMENT((#6884));
#6661=PRESENTATION_STYLE_ASSIGNMENT((#6885));
#6662=PRESENTATION_STYLE_ASSIGNMENT((#6886));
#6663=PRESENTATION_STYLE_ASSIGNMENT((#6887));
#6664=PRESENTATION_STYLE_ASSIGNMENT((#6888));
#6665=PRESENTATION_STYLE_ASSIGNMENT((#6889));
#6666=PRESENTATION_STYLE_ASSIGNMENT((#6890));
#6667=PRESENTATION_STYLE_ASSIGNMENT((#6891));
#6668=PRESENTATION_STYLE_ASSIGNMENT((#6892));
#6669=PRESENTATION_STYLE_ASSIGNMENT((#6893));
#6670=PRESENTATION_STYLE_ASSIGNMENT((#6894));
#6671=PRESENTATION_STYLE_ASSIGNMENT((#6895));
#6672=PRESENTATION_STYLE_ASSIGNMENT((#6896));
#6673=PRESENTATION_STYLE_ASSIGNMENT((#6897));
#6674=PRESENTATION_STYLE_ASSIGNMENT((#6898));
#6675=PRESENTATION_STYLE_ASSIGNMENT((#6899));
#6676=PRESENTATION_STYLE_ASSIGNMENT((#6900));
#6677=PRESENTATION_STYLE_ASSIGNMENT((#6901));
#6678=PRESENTATION_STYLE_ASSIGNMENT((#6902));
#6679=PRESENTATION_STYLE_ASSIGNMENT((#6903));
#6680=PRESENTATION_STYLE_ASSIGNMENT((#6904));
#6681=PRESENTATION_STYLE_ASSIGNMENT((#6905));
#6682=PRESENTATION_STYLE_ASSIGNMENT((#6906));
#6683=PRESENTATION_STYLE_ASSIGNMENT((#6907));
#6684=PRESENTATION_STYLE_ASSIGNMENT((#6908));
#6685=PRESENTATION_STYLE_ASSIGNMENT((#6909));
#6686=PRESENTATION_STYLE_ASSIGNMENT((#6910));
#6687=PRESENTATION_STYLE_ASSIGNMENT((#6911));
#6688=PRESENTATION_STYLE_ASSIGNMENT((#6912));
#6689=PRESENTATION_STYLE_ASSIGNMENT((#6913));
#6690=PRESENTATION_STYLE_ASSIGNMENT((#6914));
#6691=PRESENTATION_STYLE_ASSIGNMENT((#6915));
#6692=PRESENTATION_STYLE_ASSIGNMENT((#6916));
#6693=PRESENTATION_STYLE_ASSIGNMENT((#6917));
#6694=PRESENTATION_STYLE_ASSIGNMENT((#6918));
#6695=PRESENTATION_STYLE_ASSIGNMENT((#6919));
#6696=PRESENTATION_STYLE_ASSIGNMENT((#6920));
#6697=PRESENTATION_STYLE_ASSIGNMENT((#6921));
#6698=PRESENTATION_STYLE_ASSIGNMENT((#6922));
#6699=PRESENTATION_STYLE_ASSIGNMENT((#6923));
#6700=PRESENTATION_STYLE_ASSIGNMENT((#6924));
#6701=PRESENTATION_STYLE_ASSIGNMENT((#6925));
#6702=PRESENTATION_STYLE_ASSIGNMENT((#6926));
#6703=PRESENTATION_STYLE_ASSIGNMENT((#6927));
#6704=PRESENTATION_STYLE_ASSIGNMENT((#6928));
#6705=PRESENTATION_STYLE_ASSIGNMENT((#6929));
#6706=PRESENTATION_STYLE_ASSIGNMENT((#6930));
#6707=PRESENTATION_STYLE_ASSIGNMENT((#6931));
#6708=PRESENTATION_STYLE_ASSIGNMENT((#6932));
#6709=PRESENTATION_STYLE_ASSIGNMENT((#6933));
#6710=PRESENTATION_STYLE_ASSIGNMENT((#6934));
#6711=PRESENTATION_STYLE_ASSIGNMENT((#6935));
#6712=PRESENTATION_STYLE_ASSIGNMENT((#6936));
#6713=PRESENTATION_STYLE_ASSIGNMENT((#6937));
#6714=PRESENTATION_STYLE_ASSIGNMENT((#6938));
#6715=PRESENTATION_STYLE_ASSIGNMENT((#6939));
#6716=PRESENTATION_STYLE_ASSIGNMENT((#6940));
#6717=PRESENTATION_STYLE_ASSIGNMENT((#6941));
#6718=PRESENTATION_STYLE_ASSIGNMENT((#6942));
#6719=PRESENTATION_STYLE_ASSIGNMENT((#6943));
#6720=PRESENTATION_STYLE_ASSIGNMENT((#6944));
#6721=PRESENTATION_STYLE_ASSIGNMENT((#6945));
#6722=PRESENTATION_STYLE_ASSIGNMENT((#6946));
#6723=PRESENTATION_STYLE_ASSIGNMENT((#6947));
#6724=PRESENTATION_STYLE_ASSIGNMENT((#6948));
#6725=PRESENTATION_STYLE_ASSIGNMENT((#6949));
#6726=PRESENTATION_STYLE_ASSIGNMENT((#6950));
#6727=PRESENTATION_STYLE_ASSIGNMENT((#6951));
#6728=PRESENTATION_STYLE_ASSIGNMENT((#6952));
#6729=PRESENTATION_STYLE_ASSIGNMENT((#6953));
#6730=PRESENTATION_STYLE_ASSIGNMENT((#6954));
#6731=PRESENTATION_STYLE_ASSIGNMENT((#6955));
#6732=PRESENTATION_STYLE_ASSIGNMENT((#6956));
#6733=PRESENTATION_STYLE_ASSIGNMENT((#6957));
#6734=PRESENTATION_STYLE_ASSIGNMENT((#6958));
#6735=PRESENTATION_STYLE_ASSIGNMENT((#6959));
#6736=PRESENTATION_STYLE_ASSIGNMENT((#6960));
#6737=PRESENTATION_STYLE_ASSIGNMENT((#6961));
#6738=PRESENTATION_STYLE_ASSIGNMENT((#6962));
#6739=PRESENTATION_STYLE_ASSIGNMENT((#6963));
#6740=PRESENTATION_STYLE_ASSIGNMENT((#6964));
#6741=PRESENTATION_STYLE_ASSIGNMENT((#6965));
#6742=PRESENTATION_STYLE_ASSIGNMENT((#6966));
#6743=PRESENTATION_STYLE_ASSIGNMENT((#6967));
#6744=PRESENTATION_STYLE_ASSIGNMENT((#6968));
#6745=PRESENTATION_STYLE_ASSIGNMENT((#6969));
#6746=PRESENTATION_STYLE_ASSIGNMENT((#6970));
#6747=PRESENTATION_STYLE_ASSIGNMENT((#6971));
#6748=PRESENTATION_STYLE_ASSIGNMENT((#6972));
#6749=PRESENTATION_STYLE_ASSIGNMENT((#6973));
#6750=PRESENTATION_STYLE_ASSIGNMENT((#6974));
#6751=PRESENTATION_STYLE_ASSIGNMENT((#6975));
#6752=PRESENTATION_STYLE_ASSIGNMENT((#6976));
#6753=PRESENTATION_STYLE_ASSIGNMENT((#6977));
#6754=PRESENTATION_STYLE_ASSIGNMENT((#6978));
#6755=PRESENTATION_STYLE_ASSIGNMENT((#6979));
#6756=PRESENTATION_STYLE_ASSIGNMENT((#6980));
#6757=PRESENTATION_STYLE_ASSIGNMENT((#6981));
#6758=PRESENTATION_STYLE_ASSIGNMENT((#6982));
#6759=PRESENTATION_STYLE_ASSIGNMENT((#6983));
#6760=PRESENTATION_STYLE_ASSIGNMENT((#6984));
#6761=PRESENTATION_STYLE_ASSIGNMENT((#6985));
#6762=PRESENTATION_STYLE_ASSIGNMENT((#6986));
#6763=PRESENTATION_STYLE_ASSIGNMENT((#6987));
#6764=PRESENTATION_STYLE_ASSIGNMENT((#6988));
#6765=PRESENTATION_STYLE_ASSIGNMENT((#6989));
#6766=PRESENTATION_STYLE_ASSIGNMENT((#6990));
#6767=PRESENTATION_STYLE_ASSIGNMENT((#6991));
#6768=PRESENTATION_STYLE_ASSIGNMENT((#6992));
#6769=PRESENTATION_STYLE_ASSIGNMENT((#6993));
#6770=PRESENTATION_STYLE_ASSIGNMENT((#6994));
#6771=PRESENTATION_STYLE_ASSIGNMENT((#6995));
#6772=PRESENTATION_STYLE_ASSIGNMENT((#6996));
#6773=PRESENTATION_STYLE_ASSIGNMENT((#6997));
#6774=PRESENTATION_STYLE_ASSIGNMENT((#6998));
#6775=PRESENTATION_STYLE_ASSIGNMENT((#6999));
#6776=PRESENTATION_STYLE_ASSIGNMENT((#7000));
#6777=PRESENTATION_STYLE_ASSIGNMENT((#7001));
#6778=PRESENTATION_STYLE_ASSIGNMENT((#7002));
#6779=PRESENTATION_STYLE_ASSIGNMENT((#7003));
#6780=PRESENTATION_STYLE_ASSIGNMENT((#7004));
#6781=PRESENTATION_STYLE_ASSIGNMENT((#7005));
#6782=PRESENTATION_STYLE_ASSIGNMENT((#7006));
#6783=PRESENTATION_STYLE_ASSIGNMENT((#7007));
#6784=PRESENTATION_STYLE_ASSIGNMENT((#7008));
#6785=PRESENTATION_STYLE_ASSIGNMENT((#7009));
#6786=PRESENTATION_STYLE_ASSIGNMENT((#7010));
#6787=PRESENTATION_STYLE_ASSIGNMENT((#7011));
#6788=PRESENTATION_STYLE_ASSIGNMENT((#7012));
#6789=PRESENTATION_STYLE_ASSIGNMENT((#7013));
#6790=PRESENTATION_STYLE_ASSIGNMENT((#7014));
#6791=PRESENTATION_STYLE_ASSIGNMENT((#7015));
#6792=PRESENTATION_STYLE_ASSIGNMENT((#7016));
#6793=PRESENTATION_STYLE_ASSIGNMENT((#7017));
#6794=PRESENTATION_STYLE_ASSIGNMENT((#7018));
#6795=PRESENTATION_STYLE_ASSIGNMENT((#7019));
#6796=PRESENTATION_STYLE_ASSIGNMENT((#7020));
#6797=PRESENTATION_STYLE_ASSIGNMENT((#7021));
#6798=PRESENTATION_STYLE_ASSIGNMENT((#7022));
#6799=PRESENTATION_STYLE_ASSIGNMENT((#7023));
#6800=PRESENTATION_STYLE_ASSIGNMENT((#7024));
#6801=PRESENTATION_STYLE_ASSIGNMENT((#7025));
#6802=PRESENTATION_STYLE_ASSIGNMENT((#7026));
#6803=PRESENTATION_STYLE_ASSIGNMENT((#7027));
#6804=PRESENTATION_STYLE_ASSIGNMENT((#7028));
#6805=PRESENTATION_STYLE_ASSIGNMENT((#7029));
#6806=PRESENTATION_STYLE_ASSIGNMENT((#7030));
#6807=PRESENTATION_STYLE_ASSIGNMENT((#7031));
#6808=PRESENTATION_STYLE_ASSIGNMENT((#7032));
#6809=PRESENTATION_STYLE_ASSIGNMENT((#7033));
#6810=PRESENTATION_STYLE_ASSIGNMENT((#7034));
#6811=PRESENTATION_STYLE_ASSIGNMENT((#7035));
#6812=PRESENTATION_STYLE_ASSIGNMENT((#7036));
#6813=PRESENTATION_STYLE_ASSIGNMENT((#7037));
#6814=PRESENTATION_STYLE_ASSIGNMENT((#7038));
#6815=PRESENTATION_STYLE_ASSIGNMENT((#7039));
#6816=PRESENTATION_STYLE_ASSIGNMENT((#7040));
#6817=PRESENTATION_STYLE_ASSIGNMENT((#7041));
#6818=PRESENTATION_STYLE_ASSIGNMENT((#7042));
#6819=PRESENTATION_STYLE_ASSIGNMENT((#7043));
#6820=PRESENTATION_STYLE_ASSIGNMENT((#7044));
#6821=PRESENTATION_STYLE_ASSIGNMENT((#7045));
#6822=PRESENTATION_STYLE_ASSIGNMENT((#7046));
#6823=PRESENTATION_STYLE_ASSIGNMENT((#7047));
#6824=PRESENTATION_STYLE_ASSIGNMENT((#7048));
#6825=PRESENTATION_STYLE_ASSIGNMENT((#7049));
#6826=PRESENTATION_STYLE_ASSIGNMENT((#7050));
#6827=PRESENTATION_STYLE_ASSIGNMENT((#7051));
#6828=PRESENTATION_STYLE_ASSIGNMENT((#7052));
#6829=PRESENTATION_STYLE_ASSIGNMENT((#7053));
#6830=PRESENTATION_STYLE_ASSIGNMENT((#7054));
#6831=PRESENTATION_STYLE_ASSIGNMENT((#7055));
#6832=PRESENTATION_STYLE_ASSIGNMENT((#7056));
#6833=PRESENTATION_STYLE_ASSIGNMENT((#7057));
#6834=PRESENTATION_STYLE_ASSIGNMENT((#7058));
#6835=PRESENTATION_STYLE_ASSIGNMENT((#7059));
#6836=PRESENTATION_STYLE_ASSIGNMENT((#7060));
#6837=PRESENTATION_STYLE_ASSIGNMENT((#7061));
#6838=PRESENTATION_STYLE_ASSIGNMENT((#7062));
#6839=PRESENTATION_STYLE_ASSIGNMENT((#7063));
#6840=PRESENTATION_STYLE_ASSIGNMENT((#7064));
#6841=PRESENTATION_STYLE_ASSIGNMENT((#7065));
#6842=PRESENTATION_STYLE_ASSIGNMENT((#7066));
#6843=PRESENTATION_STYLE_ASSIGNMENT((#7067));
#6844=PRESENTATION_STYLE_ASSIGNMENT((#7068));
#6845=PRESENTATION_STYLE_ASSIGNMENT((#7069));
#6846=PRESENTATION_STYLE_ASSIGNMENT((#7070));
#6847=PRESENTATION_STYLE_ASSIGNMENT((#7071));
#6848=PRESENTATION_STYLE_ASSIGNMENT((#7072));
#6849=PRESENTATION_STYLE_ASSIGNMENT((#7073));
#6850=PRESENTATION_STYLE_ASSIGNMENT((#7074));
#6851=PRESENTATION_STYLE_ASSIGNMENT((#7075));
#6852=PRESENTATION_STYLE_ASSIGNMENT((#7076));
#6853=PRESENTATION_STYLE_ASSIGNMENT((#7077));
#6854=PRESENTATION_STYLE_ASSIGNMENT((#7078));
#6855=PRESENTATION_STYLE_ASSIGNMENT((#7079));
#6856=PRESENTATION_STYLE_ASSIGNMENT((#7080));
#6857=PRESENTATION_STYLE_ASSIGNMENT((#7081));
#6858=PRESENTATION_STYLE_ASSIGNMENT((#7082));
#6859=PRESENTATION_STYLE_ASSIGNMENT((#7083));
#6860=PRESENTATION_STYLE_ASSIGNMENT((#7084));
#6861=PRESENTATION_STYLE_ASSIGNMENT((#7085));
#6862=PRESENTATION_STYLE_ASSIGNMENT((#7086));
#6863=PRESENTATION_STYLE_ASSIGNMENT((#7087));
#6864=PRESENTATION_STYLE_ASSIGNMENT((#7088));
#6865=PRESENTATION_STYLE_ASSIGNMENT((#7089));
#6866=PRESENTATION_STYLE_ASSIGNMENT((#7090));
#6867=PRESENTATION_STYLE_ASSIGNMENT((#7091));
#6868=PRESENTATION_STYLE_ASSIGNMENT((#7092));
#6869=PRESENTATION_STYLE_ASSIGNMENT((#7093));
#6870=PRESENTATION_STYLE_ASSIGNMENT((#7094));
#6871=PRESENTATION_STYLE_ASSIGNMENT((#7095));
#6872=PRESENTATION_STYLE_ASSIGNMENT((#7096));
#6873=PRESENTATION_STYLE_ASSIGNMENT((#7097));
#6874=PRESENTATION_STYLE_ASSIGNMENT((#7098));
#6875=PRESENTATION_STYLE_ASSIGNMENT((#7099));
#6876=PRESENTATION_STYLE_ASSIGNMENT((#7100));
#6877=PRESENTATION_STYLE_ASSIGNMENT((#7101));
#6878=PRESENTATION_STYLE_ASSIGNMENT((#7102));
#6879=PRESENTATION_STYLE_ASSIGNMENT((#7103));
#6880=PRESENTATION_STYLE_ASSIGNMENT((#7104));
#6881=PRESENTATION_STYLE_ASSIGNMENT((#7105));
#6882=PRESENTATION_STYLE_ASSIGNMENT((#7106));
#6883=SURFACE_STYLE_USAGE(.BOTH.,#7107);
#6884=SURFACE_STYLE_USAGE(.BOTH.,#7108);
#6885=SURFACE_STYLE_USAGE(.BOTH.,#7109);
#6886=SURFACE_STYLE_USAGE(.BOTH.,#7110);
#6887=SURFACE_STYLE_USAGE(.BOTH.,#7111);
#6888=SURFACE_STYLE_USAGE(.BOTH.,#7112);
#6889=SURFACE_STYLE_USAGE(.BOTH.,#7113);
#6890=SURFACE_STYLE_USAGE(.BOTH.,#7114);
#6891=SURFACE_STYLE_USAGE(.BOTH.,#7115);
#6892=SURFACE_STYLE_USAGE(.BOTH.,#7116);
#6893=SURFACE_STYLE_USAGE(.BOTH.,#7117);
#6894=SURFACE_STYLE_USAGE(.BOTH.,#7118);
#6895=SURFACE_STYLE_USAGE(.BOTH.,#7119);
#6896=SURFACE_STYLE_USAGE(.BOTH.,#7120);
#6897=SURFACE_STYLE_USAGE(.BOTH.,#7121);
#6898=SURFACE_STYLE_USAGE(.BOTH.,#7122);
#6899=SURFACE_STYLE_USAGE(.BOTH.,#7123);
#6900=SURFACE_STYLE_USAGE(.BOTH.,#7124);
#6901=SURFACE_STYLE_USAGE(.BOTH.,#7125);
#6902=SURFACE_STYLE_USAGE(.BOTH.,#7126);
#6903=SURFACE_STYLE_USAGE(.BOTH.,#7127);
#6904=SURFACE_STYLE_USAGE(.BOTH.,#7128);
#6905=SURFACE_STYLE_USAGE(.BOTH.,#7129);
#6906=SURFACE_STYLE_USAGE(.BOTH.,#7130);
#6907=SURFACE_STYLE_USAGE(.BOTH.,#7131);
#6908=SURFACE_STYLE_USAGE(.BOTH.,#7132);
#6909=SURFACE_STYLE_USAGE(.BOTH.,#7133);
#6910=SURFACE_STYLE_USAGE(.BOTH.,#7134);
#6911=SURFACE_STYLE_USAGE(.BOTH.,#7135);
#6912=SURFACE_STYLE_USAGE(.BOTH.,#7136);
#6913=SURFACE_STYLE_USAGE(.BOTH.,#7137);
#6914=SURFACE_STYLE_USAGE(.BOTH.,#7138);
#6915=SURFACE_STYLE_USAGE(.BOTH.,#7139);
#6916=SURFACE_STYLE_USAGE(.BOTH.,#7140);
#6917=SURFACE_STYLE_USAGE(.BOTH.,#7141);
#6918=SURFACE_STYLE_USAGE(.BOTH.,#7142);
#6919=SURFACE_STYLE_USAGE(.BOTH.,#7143);
#6920=SURFACE_STYLE_USAGE(.BOTH.,#7144);
#6921=SURFACE_STYLE_USAGE(.BOTH.,#7145);
#6922=SURFACE_STYLE_USAGE(.BOTH.,#7146);
#6923=SURFACE_STYLE_USAGE(.BOTH.,#7147);
#6924=SURFACE_STYLE_USAGE(.BOTH.,#7148);
#6925=SURFACE_STYLE_USAGE(.BOTH.,#7149);
#6926=SURFACE_STYLE_USAGE(.BOTH.,#7150);
#6927=SURFACE_STYLE_USAGE(.BOTH.,#7151);
#6928=SURFACE_STYLE_USAGE(.BOTH.,#7152);
#6929=SURFACE_STYLE_USAGE(.BOTH.,#7153);
#6930=SURFACE_STYLE_USAGE(.BOTH.,#7154);
#6931=SURFACE_STYLE_USAGE(.BOTH.,#7155);
#6932=SURFACE_STYLE_USAGE(.BOTH.,#7156);
#6933=SURFACE_STYLE_USAGE(.BOTH.,#7157);
#6934=SURFACE_STYLE_USAGE(.BOTH.,#7158);
#6935=SURFACE_STYLE_USAGE(.BOTH.,#7159);
#6936=SURFACE_STYLE_USAGE(.BOTH.,#7160);
#6937=SURFACE_STYLE_USAGE(.BOTH.,#7161);
#6938=SURFACE_STYLE_USAGE(.BOTH.,#7162);
#6939=SURFACE_STYLE_USAGE(.BOTH.,#7163);
#6940=SURFACE_STYLE_USAGE(.BOTH.,#7164);
#6941=SURFACE_STYLE_USAGE(.BOTH.,#7165);
#6942=SURFACE_STYLE_USAGE(.BOTH.,#7166);
#6943=SURFACE_STYLE_USAGE(.BOTH.,#7167);
#6944=SURFACE_STYLE_USAGE(.BOTH.,#7168);
#6945=SURFACE_STYLE_USAGE(.BOTH.,#7169);
#6946=SURFACE_STYLE_USAGE(.BOTH.,#7170);
#6947=SURFACE_STYLE_USAGE(.BOTH.,#7171);
#6948=SURFACE_STYLE_USAGE(.BOTH.,#7172);
#6949=SURFACE_STYLE_USAGE(.BOTH.,#7173);
#6950=SURFACE_STYLE_USAGE(.BOTH.,#7174);
#6951=SURFACE_STYLE_USAGE(.BOTH.,#7175);
#6952=SURFACE_STYLE_USAGE(.BOTH.,#7176);
#6953=SURFACE_STYLE_USAGE(.BOTH.,#7177);
#6954=SURFACE_STYLE_USAGE(.BOTH.,#7178);
#6955=SURFACE_STYLE_USAGE(.BOTH.,#7179);
#6956=SURFACE_STYLE_USAGE(.BOTH.,#7180);
#6957=SURFACE_STYLE_USAGE(.BOTH.,#7181);
#6958=SURFACE_STYLE_USAGE(.BOTH.,#7182);
#6959=SURFACE_STYLE_USAGE(.BOTH.,#7183);
#6960=SURFACE_STYLE_USAGE(.BOTH.,#7184);
#6961=SURFACE_STYLE_USAGE(.BOTH.,#7185);
#6962=SURFACE_STYLE_USAGE(.BOTH.,#7186);
#6963=SURFACE_STYLE_USAGE(.BOTH.,#7187);
#6964=SURFACE_STYLE_USAGE(.BOTH.,#7188);
#6965=SURFACE_STYLE_USAGE(.BOTH.,#7189);
#6966=SURFACE_STYLE_USAGE(.BOTH.,#7190);
#6967=SURFACE_STYLE_USAGE(.BOTH.,#7191);
#6968=SURFACE_STYLE_USAGE(.BOTH.,#7192);
#6969=SURFACE_STYLE_USAGE(.BOTH.,#7193);
#6970=SURFACE_STYLE_USAGE(.BOTH.,#7194);
#6971=SURFACE_STYLE_USAGE(.BOTH.,#7195);
#6972=SURFACE_STYLE_USAGE(.BOTH.,#7196);
#6973=SURFACE_STYLE_USAGE(.BOTH.,#7197);
#6974=SURFACE_STYLE_USAGE(.BOTH.,#7198);
#6975=SURFACE_STYLE_USAGE(.BOTH.,#7199);
#6976=SURFACE_STYLE_USAGE(.BOTH.,#7200);
#6977=SURFACE_STYLE_USAGE(.BOTH.,#7201);
#6978=SURFACE_STYLE_USAGE(.BOTH.,#7202);
#6979=SURFACE_STYLE_USAGE(.BOTH.,#7203);
#6980=SURFACE_STYLE_USAGE(.BOTH.,#7204);
#6981=SURFACE_STYLE_USAGE(.BOTH.,#7205);
#6982=SURFACE_STYLE_USAGE(.BOTH.,#7206);
#6983=SURFACE_STYLE_USAGE(.BOTH.,#7207);
#6984=SURFACE_STYLE_USAGE(.BOTH.,#7208);
#6985=SURFACE_STYLE_USAGE(.BOTH.,#7209);
#6986=SURFACE_STYLE_USAGE(.BOTH.,#7210);
#6987=SURFACE_STYLE_USAGE(.BOTH.,#7211);
#6988=SURFACE_STYLE_USAGE(.BOTH.,#7212);
#6989=SURFACE_STYLE_USAGE(.BOTH.,#7213);
#6990=SURFACE_STYLE_USAGE(.BOTH.,#7214);
#6991=SURFACE_STYLE_USAGE(.BOTH.,#7215);
#6992=SURFACE_STYLE_USAGE(.BOTH.,#7216);
#6993=SURFACE_STYLE_USAGE(.BOTH.,#7217);
#6994=SURFACE_STYLE_USAGE(.BOTH.,#7218);
#6995=SURFACE_STYLE_USAGE(.BOTH.,#7219);
#6996=SURFACE_STYLE_USAGE(.BOTH.,#7220);
#6997=SURFACE_STYLE_USAGE(.BOTH.,#7221);
#6998=SURFACE_STYLE_USAGE(.BOTH.,#7222);
#6999=SURFACE_STYLE_USAGE(.BOTH.,#7223);
#7000=SURFACE_STYLE_USAGE(.BOTH.,#7224);
#7001=SURFACE_STYLE_USAGE(.BOTH.,#7225);
#7002=SURFACE_STYLE_USAGE(.BOTH.,#7226);
#7003=SURFACE_STYLE_USAGE(.BOTH.,#7227);
#7004=SURFACE_STYLE_USAGE(.BOTH.,#7228);
#7005=SURFACE_STYLE_USAGE(.BOTH.,#7229);
#7006=SURFACE_STYLE_USAGE(.BOTH.,#7230);
#7007=SURFACE_STYLE_USAGE(.BOTH.,#7231);
#7008=SURFACE_STYLE_USAGE(.BOTH.,#7232);
#7009=SURFACE_STYLE_USAGE(.BOTH.,#7233);
#7010=SURFACE_STYLE_USAGE(.BOTH.,#7234);
#7011=SURFACE_STYLE_USAGE(.BOTH.,#7235);
#7012=SURFACE_STYLE_USAGE(.BOTH.,#7236);
#7013=SURFACE_STYLE_USAGE(.BOTH.,#7237);
#7014=SURFACE_STYLE_USAGE(.BOTH.,#7238);
#7015=SURFACE_STYLE_USAGE(.BOTH.,#7239);
#7016=SURFACE_STYLE_USAGE(.BOTH.,#7240);
#7017=SURFACE_STYLE_USAGE(.BOTH.,#7241);
#7018=SURFACE_STYLE_USAGE(.BOTH.,#7242);
#7019=SURFACE_STYLE_USAGE(.BOTH.,#7243);
#7020=SURFACE_STYLE_USAGE(.BOTH.,#7244);
#7021=SURFACE_STYLE_USAGE(.BOTH.,#7245);
#7022=SURFACE_STYLE_USAGE(.BOTH.,#7246);
#7023=SURFACE_STYLE_USAGE(.BOTH.,#7247);
#7024=SURFACE_STYLE_USAGE(.BOTH.,#7248);
#7025=SURFACE_STYLE_USAGE(.BOTH.,#7249);
#7026=SURFACE_STYLE_USAGE(.BOTH.,#7250);
#7027=SURFACE_STYLE_USAGE(.BOTH.,#7251);
#7028=SURFACE_STYLE_USAGE(.BOTH.,#7252);
#7029=SURFACE_STYLE_USAGE(.BOTH.,#7253);
#7030=SURFACE_STYLE_USAGE(.BOTH.,#7254);
#7031=SURFACE_STYLE_USAGE(.BOTH.,#7255);
#7032=SURFACE_STYLE_USAGE(.BOTH.,#7256);
#7033=SURFACE_STYLE_USAGE(.BOTH.,#7257);
#7034=SURFACE_STYLE_USAGE(.BOTH.,#7258);
#7035=SURFACE_STYLE_USAGE(.BOTH.,#7259);
#7036=SURFACE_STYLE_USAGE(.BOTH.,#7260);
#7037=SURFACE_STYLE_USAGE(.BOTH.,#7261);
#7038=SURFACE_STYLE_USAGE(.BOTH.,#7262);
#7039=SURFACE_STYLE_USAGE(.BOTH.,#7263);
#7040=SURFACE_STYLE_USAGE(.BOTH.,#7264);
#7041=SURFACE_STYLE_USAGE(.BOTH.,#7265);
#7042=SURFACE_STYLE_USAGE(.BOTH.,#7266);
#7043=SURFACE_STYLE_USAGE(.BOTH.,#7267);
#7044=SURFACE_STYLE_USAGE(.BOTH.,#7268);
#7045=SURFACE_STYLE_USAGE(.BOTH.,#7269);
#7046=SURFACE_STYLE_USAGE(.BOTH.,#7270);
#7047=SURFACE_STYLE_USAGE(.BOTH.,#7271);
#7048=SURFACE_STYLE_USAGE(.BOTH.,#7272);
#7049=SURFACE_STYLE_USAGE(.BOTH.,#7273);
#7050=SURFACE_STYLE_USAGE(.BOTH.,#7274);
#7051=SURFACE_STYLE_USAGE(.BOTH.,#7275);
#7052=SURFACE_STYLE_USAGE(.BOTH.,#7276);
#7053=SURFACE_STYLE_USAGE(.BOTH.,#7277);
#7054=SURFACE_STYLE_USAGE(.BOTH.,#7278);
#7055=SURFACE_STYLE_USAGE(.BOTH.,#7279);
#7056=SURFACE_STYLE_USAGE(.BOTH.,#7280);
#7057=SURFACE_STYLE_USAGE(.BOTH.,#7281);
#7058=SURFACE_STYLE_USAGE(.BOTH.,#7282);
#7059=SURFACE_STYLE_USAGE(.BOTH.,#7283);
#7060=SURFACE_STYLE_USAGE(.BOTH.,#7284);
#7061=SURFACE_STYLE_USAGE(.BOTH.,#7285);
#7062=SURFACE_STYLE_USAGE(.BOTH.,#7286);
#7063=SURFACE_STYLE_USAGE(.BOTH.,#7287);
#7064=SURFACE_STYLE_USAGE(.BOTH.,#7288);
#7065=SURFACE_STYLE_USAGE(.BOTH.,#7289);
#7066=SURFACE_STYLE_USAGE(.BOTH.,#7290);
#7067=SURFACE_STYLE_USAGE(.BOTH.,#7291);
#7068=SURFACE_STYLE_USAGE(.BOTH.,#7292);
#7069=SURFACE_STYLE_USAGE(.BOTH.,#7293);
#7070=SURFACE_STYLE_USAGE(.BOTH.,#7294);
#7071=SURFACE_STYLE_USAGE(.BOTH.,#7295);
#7072=SURFACE_STYLE_USAGE(.BOTH.,#7296);
#7073=SURFACE_STYLE_USAGE(.BOTH.,#7297);
#7074=SURFACE_STYLE_USAGE(.BOTH.,#7298);
#7075=SURFACE_STYLE_USAGE(.BOTH.,#7299);
#7076=SURFACE_STYLE_USAGE(.BOTH.,#7300);
#7077=SURFACE_STYLE_USAGE(.BOTH.,#7301);
#7078=SURFACE_STYLE_USAGE(.BOTH.,#7302);
#7079=SURFACE_STYLE_USAGE(.BOTH.,#7303);
#7080=SURFACE_STYLE_USAGE(.BOTH.,#7304);
#7081=SURFACE_STYLE_USAGE(.BOTH.,#7305);
#7082=SURFACE_STYLE_USAGE(.BOTH.,#7306);
#7083=SURFACE_STYLE_USAGE(.BOTH.,#7307);
#7084=SURFACE_STYLE_USAGE(.BOTH.,#7308);
#7085=SURFACE_STYLE_USAGE(.BOTH.,#7309);
#7086=SURFACE_STYLE_USAGE(.BOTH.,#7310);
#7087=SURFACE_STYLE_USAGE(.BOTH.,#7311);
#7088=SURFACE_STYLE_USAGE(.BOTH.,#7312);
#7089=SURFACE_STYLE_USAGE(.BOTH.,#7313);
#7090=SURFACE_STYLE_USAGE(.BOTH.,#7314);
#7091=SURFACE_STYLE_USAGE(.BOTH.,#7315);
#7092=SURFACE_STYLE_USAGE(.BOTH.,#7316);
#7093=SURFACE_STYLE_USAGE(.BOTH.,#7317);
#7094=SURFACE_STYLE_USAGE(.BOTH.,#7318);
#7095=SURFACE_STYLE_USAGE(.BOTH.,#7319);
#7096=SURFACE_STYLE_USAGE(.BOTH.,#7320);
#7097=SURFACE_STYLE_USAGE(.BOTH.,#7321);
#7098=SURFACE_STYLE_USAGE(.BOTH.,#7322);
#7099=SURFACE_STYLE_USAGE(.BOTH.,#7323);
#7100=SURFACE_STYLE_USAGE(.BOTH.,#7324);
#7101=SURFACE_STYLE_USAGE(.BOTH.,#7325);
#7102=SURFACE_STYLE_USAGE(.BOTH.,#7326);
#7103=SURFACE_STYLE_USAGE(.BOTH.,#7327);
#7104=SURFACE_STYLE_USAGE(.BOTH.,#7328);
#7105=SURFACE_STYLE_USAGE(.BOTH.,#7329);
#7106=SURFACE_STYLE_USAGE(.BOTH.,#7330);
#7107=SURFACE_SIDE_STYLE('',(#7331));
#7108=SURFACE_SIDE_STYLE('',(#7332));
#7109=SURFACE_SIDE_STYLE('',(#7333));
#7110=SURFACE_SIDE_STYLE('',(#7334));
#7111=SURFACE_SIDE_STYLE('',(#7335));
#7112=SURFACE_SIDE_STYLE('',(#7336));
#7113=SURFACE_SIDE_STYLE('',(#7337));
#7114=SURFACE_SIDE_STYLE('',(#7338));
#7115=SURFACE_SIDE_STYLE('',(#7339));
#7116=SURFACE_SIDE_STYLE('',(#7340));
#7117=SURFACE_SIDE_STYLE('',(#7341));
#7118=SURFACE_SIDE_STYLE('',(#7342));
#7119=SURFACE_SIDE_STYLE('',(#7343));
#7120=SURFACE_SIDE_STYLE('',(#7344));
#7121=SURFACE_SIDE_STYLE('',(#7345));
#7122=SURFACE_SIDE_STYLE('',(#7346));
#7123=SURFACE_SIDE_STYLE('',(#7347));
#7124=SURFACE_SIDE_STYLE('',(#7348));
#7125=SURFACE_SIDE_STYLE('',(#7349));
#7126=SURFACE_SIDE_STYLE('',(#7350));
#7127=SURFACE_SIDE_STYLE('',(#7351));
#7128=SURFACE_SIDE_STYLE('',(#7352));
#7129=SURFACE_SIDE_STYLE('',(#7353));
#7130=SURFACE_SIDE_STYLE('',(#7354));
#7131=SURFACE_SIDE_STYLE('',(#7355));
#7132=SURFACE_SIDE_STYLE('',(#7356));
#7133=SURFACE_SIDE_STYLE('',(#7357));
#7134=SURFACE_SIDE_STYLE('',(#7358));
#7135=SURFACE_SIDE_STYLE('',(#7359));
#7136=SURFACE_SIDE_STYLE('',(#7360));
#7137=SURFACE_SIDE_STYLE('',(#7361));
#7138=SURFACE_SIDE_STYLE('',(#7362));
#7139=SURFACE_SIDE_STYLE('',(#7363));
#7140=SURFACE_SIDE_STYLE('',(#7364));
#7141=SURFACE_SIDE_STYLE('',(#7365));
#7142=SURFACE_SIDE_STYLE('',(#7366));
#7143=SURFACE_SIDE_STYLE('',(#7367));
#7144=SURFACE_SIDE_STYLE('',(#7368));
#7145=SURFACE_SIDE_STYLE('',(#7369));
#7146=SURFACE_SIDE_STYLE('',(#7370));
#7147=SURFACE_SIDE_STYLE('',(#7371));
#7148=SURFACE_SIDE_STYLE('',(#7372));
#7149=SURFACE_SIDE_STYLE('',(#7373));
#7150=SURFACE_SIDE_STYLE('',(#7374));
#7151=SURFACE_SIDE_STYLE('',(#7375));
#7152=SURFACE_SIDE_STYLE('',(#7376));
#7153=SURFACE_SIDE_STYLE('',(#7377));
#7154=SURFACE_SIDE_STYLE('',(#7378));
#7155=SURFACE_SIDE_STYLE('',(#7379));
#7156=SURFACE_SIDE_STYLE('',(#7380));
#7157=SURFACE_SIDE_STYLE('',(#7381));
#7158=SURFACE_SIDE_STYLE('',(#7382));
#7159=SURFACE_SIDE_STYLE('',(#7383));
#7160=SURFACE_SIDE_STYLE('',(#7384));
#7161=SURFACE_SIDE_STYLE('',(#7385));
#7162=SURFACE_SIDE_STYLE('',(#7386));
#7163=SURFACE_SIDE_STYLE('',(#7387));
#7164=SURFACE_SIDE_STYLE('',(#7388));
#7165=SURFACE_SIDE_STYLE('',(#7389));
#7166=SURFACE_SIDE_STYLE('',(#7390));
#7167=SURFACE_SIDE_STYLE('',(#7391));
#7168=SURFACE_SIDE_STYLE('',(#7392));
#7169=SURFACE_SIDE_STYLE('',(#7393));
#7170=SURFACE_SIDE_STYLE('',(#7394));
#7171=SURFACE_SIDE_STYLE('',(#7395));
#7172=SURFACE_SIDE_STYLE('',(#7396));
#7173=SURFACE_SIDE_STYLE('',(#7397));
#7174=SURFACE_SIDE_STYLE('',(#7398));
#7175=SURFACE_SIDE_STYLE('',(#7399));
#7176=SURFACE_SIDE_STYLE('',(#7400));
#7177=SURFACE_SIDE_STYLE('',(#7401));
#7178=SURFACE_SIDE_STYLE('',(#7402));
#7179=SURFACE_SIDE_STYLE('',(#7403));
#7180=SURFACE_SIDE_STYLE('',(#7404));
#7181=SURFACE_SIDE_STYLE('',(#7405));
#7182=SURFACE_SIDE_STYLE('',(#7406));
#7183=SURFACE_SIDE_STYLE('',(#7407));
#7184=SURFACE_SIDE_STYLE('',(#7408));
#7185=SURFACE_SIDE_STYLE('',(#7409));
#7186=SURFACE_SIDE_STYLE('',(#7410));
#7187=SURFACE_SIDE_STYLE('',(#7411));
#7188=SURFACE_SIDE_STYLE('',(#7412));
#7189=SURFACE_SIDE_STYLE('',(#7413));
#7190=SURFACE_SIDE_STYLE('',(#7414));
#7191=SURFACE_SIDE_STYLE('',(#7415));
#7192=SURFACE_SIDE_STYLE('',(#7416));
#7193=SURFACE_SIDE_STYLE('',(#7417));
#7194=SURFACE_SIDE_STYLE('',(#7418));
#7195=SURFACE_SIDE_STYLE('',(#7419));
#7196=SURFACE_SIDE_STYLE('',(#7420));
#7197=SURFACE_SIDE_STYLE('',(#7421));
#7198=SURFACE_SIDE_STYLE('',(#7422));
#7199=SURFACE_SIDE_STYLE('',(#7423));
#7200=SURFACE_SIDE_STYLE('',(#7424));
#7201=SURFACE_SIDE_STYLE('',(#7425));
#7202=SURFACE_SIDE_STYLE('',(#7426));
#7203=SURFACE_SIDE_STYLE('',(#7427));
#7204=SURFACE_SIDE_STYLE('',(#7428));
#7205=SURFACE_SIDE_STYLE('',(#7429));
#7206=SURFACE_SIDE_STYLE('',(#7430));
#7207=SURFACE_SIDE_STYLE('',(#7431));
#7208=SURFACE_SIDE_STYLE('',(#7432));
#7209=SURFACE_SIDE_STYLE('',(#7433));
#7210=SURFACE_SIDE_STYLE('',(#7434));
#7211=SURFACE_SIDE_STYLE('',(#7435));
#7212=SURFACE_SIDE_STYLE('',(#7436));
#7213=SURFACE_SIDE_STYLE('',(#7437));
#7214=SURFACE_SIDE_STYLE('',(#7438));
#7215=SURFACE_SIDE_STYLE('',(#7439));
#7216=SURFACE_SIDE_STYLE('',(#7440));
#7217=SURFACE_SIDE_STYLE('',(#7441));
#7218=SURFACE_SIDE_STYLE('',(#7442));
#7219=SURFACE_SIDE_STYLE('',(#7443));
#7220=SURFACE_SIDE_STYLE('',(#7444));
#7221=SURFACE_SIDE_STYLE('',(#7445));
#7222=SURFACE_SIDE_STYLE('',(#7446));
#7223=SURFACE_SIDE_STYLE('',(#7447));
#7224=SURFACE_SIDE_STYLE('',(#7448));
#7225=SURFACE_SIDE_STYLE('',(#7449));
#7226=SURFACE_SIDE_STYLE('',(#7450));
#7227=SURFACE_SIDE_STYLE('',(#7451));
#7228=SURFACE_SIDE_STYLE('',(#7452));
#7229=SURFACE_SIDE_STYLE('',(#7453));
#7230=SURFACE_SIDE_STYLE('',(#7454));
#7231=SURFACE_SIDE_STYLE('',(#7455));
#7232=SURFACE_SIDE_STYLE('',(#7456));
#7233=SURFACE_SIDE_STYLE('',(#7457));
#7234=SURFACE_SIDE_STYLE('',(#7458));
#7235=SURFACE_SIDE_STYLE('',(#7459));
#7236=SURFACE_SIDE_STYLE('',(#7460));
#7237=SURFACE_SIDE_STYLE('',(#7461));
#7238=SURFACE_SIDE_STYLE('',(#7462));
#7239=SURFACE_SIDE_STYLE('',(#7463));
#7240=SURFACE_SIDE_STYLE('',(#7464));
#7241=SURFACE_SIDE_STYLE('',(#7465));
#7242=SURFACE_SIDE_STYLE('',(#7466));
#7243=SURFACE_SIDE_STYLE('',(#7467));
#7244=SURFACE_SIDE_STYLE('',(#7468));
#7245=SURFACE_SIDE_STYLE('',(#7469));
#7246=SURFACE_SIDE_STYLE('',(#7470));
#7247=SURFACE_SIDE_STYLE('',(#7471));
#7248=SURFACE_SIDE_STYLE('',(#7472));
#7249=SURFACE_SIDE_STYLE('',(#7473));
#7250=SURFACE_SIDE_STYLE('',(#7474));
#7251=SURFACE_SIDE_STYLE('',(#7475));
#7252=SURFACE_SIDE_STYLE('',(#7476));
#7253=SURFACE_SIDE_STYLE('',(#7477));
#7254=SURFACE_SIDE_STYLE('',(#7478));
#7255=SURFACE_SIDE_STYLE('',(#7479));
#7256=SURFACE_SIDE_STYLE('',(#7480));
#7257=SURFACE_SIDE_STYLE('',(#7481));
#7258=SURFACE_SIDE_STYLE('',(#7482));
#7259=SURFACE_SIDE_STYLE('',(#7483));
#7260=SURFACE_SIDE_STYLE('',(#7484));
#7261=SURFACE_SIDE_STYLE('',(#7485));
#7262=SURFACE_SIDE_STYLE('',(#7486));
#7263=SURFACE_SIDE_STYLE('',(#7487));
#7264=SURFACE_SIDE_STYLE('',(#7488));
#7265=SURFACE_SIDE_STYLE('',(#7489));
#7266=SURFACE_SIDE_STYLE('',(#7490));
#7267=SURFACE_SIDE_STYLE('',(#7491));
#7268=SURFACE_SIDE_STYLE('',(#7492));
#7269=SURFACE_SIDE_STYLE('',(#7493));
#7270=SURFACE_SIDE_STYLE('',(#7494));
#7271=SURFACE_SIDE_STYLE('',(#7495));
#7272=SURFACE_SIDE_STYLE('',(#7496));
#7273=SURFACE_SIDE_STYLE('',(#7497));
#7274=SURFACE_SIDE_STYLE('',(#7498));
#7275=SURFACE_SIDE_STYLE('',(#7499));
#7276=SURFACE_SIDE_STYLE('',(#7500));
#7277=SURFACE_SIDE_STYLE('',(#7501));
#7278=SURFACE_SIDE_STYLE('',(#7502));
#7279=SURFACE_SIDE_STYLE('',(#7503));
#7280=SURFACE_SIDE_STYLE('',(#7504));
#7281=SURFACE_SIDE_STYLE('',(#7505));
#7282=SURFACE_SIDE_STYLE('',(#7506));
#7283=SURFACE_SIDE_STYLE('',(#7507));
#7284=SURFACE_SIDE_STYLE('',(#7508));
#7285=SURFACE_SIDE_STYLE('',(#7509));
#7286=SURFACE_SIDE_STYLE('',(#7510));
#7287=SURFACE_SIDE_STYLE('',(#7511));
#7288=SURFACE_SIDE_STYLE('',(#7512));
#7289=SURFACE_SIDE_STYLE('',(#7513));
#7290=SURFACE_SIDE_STYLE('',(#7514));
#7291=SURFACE_SIDE_STYLE('',(#7515));
#7292=SURFACE_SIDE_STYLE('',(#7516));
#7293=SURFACE_SIDE_STYLE('',(#7517));
#7294=SURFACE_SIDE_STYLE('',(#7518));
#7295=SURFACE_SIDE_STYLE('',(#7519));
#7296=SURFACE_SIDE_STYLE('',(#7520));
#7297=SURFACE_SIDE_STYLE('',(#7521));
#7298=SURFACE_SIDE_STYLE('',(#7522));
#7299=SURFACE_SIDE_STYLE('',(#7523));
#7300=SURFACE_SIDE_STYLE('',(#7524));
#7301=SURFACE_SIDE_STYLE('',(#7525));
#7302=SURFACE_SIDE_STYLE('',(#7526));
#7303=SURFACE_SIDE_STYLE('',(#7527));
#7304=SURFACE_SIDE_STYLE('',(#7528));
#7305=SURFACE_SIDE_STYLE('',(#7529));
#7306=SURFACE_SIDE_STYLE('',(#7530));
#7307=SURFACE_SIDE_STYLE('',(#7531));
#7308=SURFACE_SIDE_STYLE('',(#7532));
#7309=SURFACE_SIDE_STYLE('',(#7533));
#7310=SURFACE_SIDE_STYLE('',(#7534));
#7311=SURFACE_SIDE_STYLE('',(#7535));
#7312=SURFACE_SIDE_STYLE('',(#7536));
#7313=SURFACE_SIDE_STYLE('',(#7537));
#7314=SURFACE_SIDE_STYLE('',(#7538));
#7315=SURFACE_SIDE_STYLE('',(#7539));
#7316=SURFACE_SIDE_STYLE('',(#7540));
#7317=SURFACE_SIDE_STYLE('',(#7541));
#7318=SURFACE_SIDE_STYLE('',(#7542));
#7319=SURFACE_SIDE_STYLE('',(#7543));
#7320=SURFACE_SIDE_STYLE('',(#7544));
#7321=SURFACE_SIDE_STYLE('',(#7545));
#7322=SURFACE_SIDE_STYLE('',(#7546));
#7323=SURFACE_SIDE_STYLE('',(#7547));
#7324=SURFACE_SIDE_STYLE('',(#7548));
#7325=SURFACE_SIDE_STYLE('',(#7549));
#7326=SURFACE_SIDE_STYLE('',(#7550));
#7327=SURFACE_SIDE_STYLE('',(#7551));
#7328=SURFACE_SIDE_STYLE('',(#7552));
#7329=SURFACE_SIDE_STYLE('',(#7553));
#7330=SURFACE_SIDE_STYLE('',(#7554));
#7331=SURFACE_STYLE_FILL_AREA(#7555);
#7332=SURFACE_STYLE_FILL_AREA(#7556);
#7333=SURFACE_STYLE_FILL_AREA(#7557);
#7334=SURFACE_STYLE_FILL_AREA(#7558);
#7335=SURFACE_STYLE_FILL_AREA(#7559);
#7336=SURFACE_STYLE_FILL_AREA(#7560);
#7337=SURFACE_STYLE_FILL_AREA(#7561);
#7338=SURFACE_STYLE_FILL_AREA(#7562);
#7339=SURFACE_STYLE_FILL_AREA(#7563);
#7340=SURFACE_STYLE_FILL_AREA(#7564);
#7341=SURFACE_STYLE_FILL_AREA(#7565);
#7342=SURFACE_STYLE_FILL_AREA(#7566);
#7343=SURFACE_STYLE_FILL_AREA(#7567);
#7344=SURFACE_STYLE_FILL_AREA(#7568);
#7345=SURFACE_STYLE_FILL_AREA(#7569);
#7346=SURFACE_STYLE_FILL_AREA(#7570);
#7347=SURFACE_STYLE_FILL_AREA(#7571);
#7348=SURFACE_STYLE_FILL_AREA(#7572);
#7349=SURFACE_STYLE_FILL_AREA(#7573);
#7350=SURFACE_STYLE_FILL_AREA(#7574);
#7351=SURFACE_STYLE_FILL_AREA(#7575);
#7352=SURFACE_STYLE_FILL_AREA(#7576);
#7353=SURFACE_STYLE_FILL_AREA(#7577);
#7354=SURFACE_STYLE_FILL_AREA(#7578);
#7355=SURFACE_STYLE_FILL_AREA(#7579);
#7356=SURFACE_STYLE_FILL_AREA(#7580);
#7357=SURFACE_STYLE_FILL_AREA(#7581);
#7358=SURFACE_STYLE_FILL_AREA(#7582);
#7359=SURFACE_STYLE_FILL_AREA(#7583);
#7360=SURFACE_STYLE_FILL_AREA(#7584);
#7361=SURFACE_STYLE_FILL_AREA(#7585);
#7362=SURFACE_STYLE_FILL_AREA(#7586);
#7363=SURFACE_STYLE_FILL_AREA(#7587);
#7364=SURFACE_STYLE_FILL_AREA(#7588);
#7365=SURFACE_STYLE_FILL_AREA(#7589);
#7366=SURFACE_STYLE_FILL_AREA(#7590);
#7367=SURFACE_STYLE_FILL_AREA(#7591);
#7368=SURFACE_STYLE_FILL_AREA(#7592);
#7369=SURFACE_STYLE_FILL_AREA(#7593);
#7370=SURFACE_STYLE_FILL_AREA(#7594);
#7371=SURFACE_STYLE_FILL_AREA(#7595);
#7372=SURFACE_STYLE_FILL_AREA(#7596);
#7373=SURFACE_STYLE_FILL_AREA(#7597);
#7374=SURFACE_STYLE_FILL_AREA(#7598);
#7375=SURFACE_STYLE_FILL_AREA(#7599);
#7376=SURFACE_STYLE_FILL_AREA(#7600);
#7377=SURFACE_STYLE_FILL_AREA(#7601);
#7378=SURFACE_STYLE_FILL_AREA(#7602);
#7379=SURFACE_STYLE_FILL_AREA(#7603);
#7380=SURFACE_STYLE_FILL_AREA(#7604);
#7381=SURFACE_STYLE_FILL_AREA(#7605);
#7382=SURFACE_STYLE_FILL_AREA(#7606);
#7383=SURFACE_STYLE_FILL_AREA(#7607);
#7384=SURFACE_STYLE_FILL_AREA(#7608);
#7385=SURFACE_STYLE_FILL_AREA(#7609);
#7386=SURFACE_STYLE_FILL_AREA(#7610);
#7387=SURFACE_STYLE_FILL_AREA(#7611);
#7388=SURFACE_STYLE_FILL_AREA(#7612);
#7389=SURFACE_STYLE_FILL_AREA(#7613);
#7390=SURFACE_STYLE_FILL_AREA(#7614);
#7391=SURFACE_STYLE_FILL_AREA(#7615);
#7392=SURFACE_STYLE_FILL_AREA(#7616);
#7393=SURFACE_STYLE_FILL_AREA(#7617);
#7394=SURFACE_STYLE_FILL_AREA(#7618);
#7395=SURFACE_STYLE_FILL_AREA(#7619);
#7396=SURFACE_STYLE_FILL_AREA(#7620);
#7397=SURFACE_STYLE_FILL_AREA(#7621);
#7398=SURFACE_STYLE_FILL_AREA(#7622);
#7399=SURFACE_STYLE_FILL_AREA(#7623);
#7400=SURFACE_STYLE_FILL_AREA(#7624);
#7401=SURFACE_STYLE_FILL_AREA(#7625);
#7402=SURFACE_STYLE_FILL_AREA(#7626);
#7403=SURFACE_STYLE_FILL_AREA(#7627);
#7404=SURFACE_STYLE_FILL_AREA(#7628);
#7405=SURFACE_STYLE_FILL_AREA(#7629);
#7406=SURFACE_STYLE_FILL_AREA(#7630);
#7407=SURFACE_STYLE_FILL_AREA(#7631);
#7408=SURFACE_STYLE_FILL_AREA(#7632);
#7409=SURFACE_STYLE_FILL_AREA(#7633);
#7410=SURFACE_STYLE_FILL_AREA(#7634);
#7411=SURFACE_STYLE_FILL_AREA(#7635);
#7412=SURFACE_STYLE_FILL_AREA(#7636);
#7413=SURFACE_STYLE_FILL_AREA(#7637);
#7414=SURFACE_STYLE_FILL_AREA(#7638);
#7415=SURFACE_STYLE_FILL_AREA(#7639);
#7416=SURFACE_STYLE_FILL_AREA(#7640);
#7417=SURFACE_STYLE_FILL_AREA(#7641);
#7418=SURFACE_STYLE_FILL_AREA(#7642);
#7419=SURFACE_STYLE_FILL_AREA(#7643);
#7420=SURFACE_STYLE_FILL_AREA(#7644);
#7421=SURFACE_STYLE_FILL_AREA(#7645);
#7422=SURFACE_STYLE_FILL_AREA(#7646);
#7423=SURFACE_STYLE_FILL_AREA(#7647);
#7424=SURFACE_STYLE_FILL_AREA(#7648);
#7425=SURFACE_STYLE_FILL_AREA(#7649);
#7426=SURFACE_STYLE_FILL_AREA(#7650);
#7427=SURFACE_STYLE_FILL_AREA(#7651);
#7428=SURFACE_STYLE_FILL_AREA(#7652);
#7429=SURFACE_STYLE_FILL_AREA(#7653);
#7430=SURFACE_STYLE_FILL_AREA(#7654);
#7431=SURFACE_STYLE_FILL_AREA(#7655);
#7432=SURFACE_STYLE_FILL_AREA(#7656);
#7433=SURFACE_STYLE_FILL_AREA(#7657);
#7434=SURFACE_STYLE_FILL_AREA(#7658);
#7435=SURFACE_STYLE_FILL_AREA(#7659);
#7436=SURFACE_STYLE_FILL_AREA(#7660);
#7437=SURFACE_STYLE_FILL_AREA(#7661);
#7438=SURFACE_STYLE_FILL_AREA(#7662);
#7439=SURFACE_STYLE_FILL_AREA(#7663);
#7440=SURFACE_STYLE_FILL_AREA(#7664);
#7441=SURFACE_STYLE_FILL_AREA(#7665);
#7442=SURFACE_STYLE_FILL_AREA(#7666);
#7443=SURFACE_STYLE_FILL_AREA(#7667);
#7444=SURFACE_STYLE_FILL_AREA(#7668);
#7445=SURFACE_STYLE_FILL_AREA(#7669);
#7446=SURFACE_STYLE_FILL_AREA(#7670);
#7447=SURFACE_STYLE_FILL_AREA(#7671);
#7448=SURFACE_STYLE_FILL_AREA(#7672);
#7449=SURFACE_STYLE_FILL_AREA(#7673);
#7450=SURFACE_STYLE_FILL_AREA(#7674);
#7451=SURFACE_STYLE_FILL_AREA(#7675);
#7452=SURFACE_STYLE_FILL_AREA(#7676);
#7453=SURFACE_STYLE_FILL_AREA(#7677);
#7454=SURFACE_STYLE_FILL_AREA(#7678);
#7455=SURFACE_STYLE_FILL_AREA(#7679);
#7456=SURFACE_STYLE_FILL_AREA(#7680);
#7457=SURFACE_STYLE_FILL_AREA(#7681);
#7458=SURFACE_STYLE_FILL_AREA(#7682);
#7459=SURFACE_STYLE_FILL_AREA(#7683);
#7460=SURFACE_STYLE_FILL_AREA(#7684);
#7461=SURFACE_STYLE_FILL_AREA(#7685);
#7462=SURFACE_STYLE_FILL_AREA(#7686);
#7463=SURFACE_STYLE_FILL_AREA(#7687);
#7464=SURFACE_STYLE_FILL_AREA(#7688);
#7465=SURFACE_STYLE_FILL_AREA(#7689);
#7466=SURFACE_STYLE_FILL_AREA(#7690);
#7467=SURFACE_STYLE_FILL_AREA(#7691);
#7468=SURFACE_STYLE_FILL_AREA(#7692);
#7469=SURFACE_STYLE_FILL_AREA(#7693);
#7470=SURFACE_STYLE_FILL_AREA(#7694);
#7471=SURFACE_STYLE_FILL_AREA(#7695);
#7472=SURFACE_STYLE_FILL_AREA(#7696);
#7473=SURFACE_STYLE_FILL_AREA(#7697);
#7474=SURFACE_STYLE_FILL_AREA(#7698);
#7475=SURFACE_STYLE_FILL_AREA(#7699);
#7476=SURFACE_STYLE_FILL_AREA(#7700);
#7477=SURFACE_STYLE_FILL_AREA(#7701);
#7478=SURFACE_STYLE_FILL_AREA(#7702);
#7479=SURFACE_STYLE_FILL_AREA(#7703);
#7480=SURFACE_STYLE_FILL_AREA(#7704);
#7481=SURFACE_STYLE_FILL_AREA(#7705);
#7482=SURFACE_STYLE_FILL_AREA(#7706);
#7483=SURFACE_STYLE_FILL_AREA(#7707);
#7484=SURFACE_STYLE_FILL_AREA(#7708);
#7485=SURFACE_STYLE_FILL_AREA(#7709);
#7486=SURFACE_STYLE_FILL_AREA(#7710);
#7487=SURFACE_STYLE_FILL_AREA(#7711);
#7488=SURFACE_STYLE_FILL_AREA(#7712);
#7489=SURFACE_STYLE_FILL_AREA(#7713);
#7490=SURFACE_STYLE_FILL_AREA(#7714);
#7491=SURFACE_STYLE_FILL_AREA(#7715);
#7492=SURFACE_STYLE_FILL_AREA(#7716);
#7493=SURFACE_STYLE_FILL_AREA(#7717);
#7494=SURFACE_STYLE_FILL_AREA(#7718);
#7495=SURFACE_STYLE_FILL_AREA(#7719);
#7496=SURFACE_STYLE_FILL_AREA(#7720);
#7497=SURFACE_STYLE_FILL_AREA(#7721);
#7498=SURFACE_STYLE_FILL_AREA(#7722);
#7499=SURFACE_STYLE_FILL_AREA(#7723);
#7500=SURFACE_STYLE_FILL_AREA(#7724);
#7501=SURFACE_STYLE_FILL_AREA(#7725);
#7502=SURFACE_STYLE_FILL_AREA(#7726);
#7503=SURFACE_STYLE_FILL_AREA(#7727);
#7504=SURFACE_STYLE_FILL_AREA(#7728);
#7505=SURFACE_STYLE_FILL_AREA(#7729);
#7506=SURFACE_STYLE_FILL_AREA(#7730);
#7507=SURFACE_STYLE_FILL_AREA(#7731);
#7508=SURFACE_STYLE_FILL_AREA(#7732);
#7509=SURFACE_STYLE_FILL_AREA(#7733);
#7510=SURFACE_STYLE_FILL_AREA(#7734);
#7511=SURFACE_STYLE_FILL_AREA(#7735);
#7512=SURFACE_STYLE_FILL_AREA(#7736);
#7513=SURFACE_STYLE_FILL_AREA(#7737);
#7514=SURFACE_STYLE_FILL_AREA(#7738);
#7515=SURFACE_STYLE_FILL_AREA(#7739);
#7516=SURFACE_STYLE_FILL_AREA(#7740);
#7517=SURFACE_STYLE_FILL_AREA(#7741);
#7518=SURFACE_STYLE_FILL_AREA(#7742);
#7519=SURFACE_STYLE_FILL_AREA(#7743);
#7520=SURFACE_STYLE_FILL_AREA(#7744);
#7521=SURFACE_STYLE_FILL_AREA(#7745);
#7522=SURFACE_STYLE_FILL_AREA(#7746);
#7523=SURFACE_STYLE_FILL_AREA(#7747);
#7524=SURFACE_STYLE_FILL_AREA(#7748);
#7525=SURFACE_STYLE_FILL_AREA(#7749);
#7526=SURFACE_STYLE_FILL_AREA(#7750);
#7527=SURFACE_STYLE_FILL_AREA(#7751);
#7528=SURFACE_STYLE_FILL_AREA(#7752);
#7529=SURFACE_STYLE_FILL_AREA(#7753);
#7530=SURFACE_STYLE_FILL_AREA(#7754);
#7531=SURFACE_STYLE_FILL_AREA(#7755);
#7532=SURFACE_STYLE_FILL_AREA(#7756);
#7533=SURFACE_STYLE_FILL_AREA(#7757);
#7534=SURFACE_STYLE_FILL_AREA(#7758);
#7535=SURFACE_STYLE_FILL_AREA(#7759);
#7536=SURFACE_STYLE_FILL_AREA(#7760);
#7537=SURFACE_STYLE_FILL_AREA(#7761);
#7538=SURFACE_STYLE_FILL_AREA(#7762);
#7539=SURFACE_STYLE_FILL_AREA(#7763);
#7540=SURFACE_STYLE_FILL_AREA(#7764);
#7541=SURFACE_STYLE_FILL_AREA(#7765);
#7542=SURFACE_STYLE_FILL_AREA(#7766);
#7543=SURFACE_STYLE_FILL_AREA(#7767);
#7544=SURFACE_STYLE_FILL_AREA(#7768);
#7545=SURFACE_STYLE_FILL_AREA(#7769);
#7546=SURFACE_STYLE_FILL_AREA(#7770);
#7547=SURFACE_STYLE_FILL_AREA(#7771);
#7548=SURFACE_STYLE_FILL_AREA(#7772);
#7549=SURFACE_STYLE_FILL_AREA(#7773);
#7550=SURFACE_STYLE_FILL_AREA(#7774);
#7551=SURFACE_STYLE_FILL_AREA(#7775);
#7552=SURFACE_STYLE_FILL_AREA(#7776);
#7553=SURFACE_STYLE_FILL_AREA(#7777);
#7554=SURFACE_STYLE_FILL_AREA(#7778);
#7555=FILL_AREA_STYLE('',(#7779));
#7556=FILL_AREA_STYLE('',(#7780));
#7557=FILL_AREA_STYLE('',(#7781));
#7558=FILL_AREA_STYLE('',(#7782));
#7559=FILL_AREA_STYLE('',(#7783));
#7560=FILL_AREA_STYLE('',(#7784));
#7561=FILL_AREA_STYLE('',(#7785));
#7562=FILL_AREA_STYLE('',(#7786));
#7563=FILL_AREA_STYLE('',(#7787));
#7564=FILL_AREA_STYLE('',(#7788));
#7565=FILL_AREA_STYLE('',(#7789));
#7566=FILL_AREA_STYLE('',(#7790));
#7567=FILL_AREA_STYLE('',(#7791));
#7568=FILL_AREA_STYLE('',(#7792));
#7569=FILL_AREA_STYLE('',(#7793));
#7570=FILL_AREA_STYLE('',(#7794));
#7571=FILL_AREA_STYLE('',(#7795));
#7572=FILL_AREA_STYLE('',(#7796));
#7573=FILL_AREA_STYLE('',(#7797));
#7574=FILL_AREA_STYLE('',(#7798));
#7575=FILL_AREA_STYLE('',(#7799));
#7576=FILL_AREA_STYLE('',(#7800));
#7577=FILL_AREA_STYLE('',(#7801));
#7578=FILL_AREA_STYLE('',(#7802));
#7579=FILL_AREA_STYLE('',(#7803));
#7580=FILL_AREA_STYLE('',(#7804));
#7581=FILL_AREA_STYLE('',(#7805));
#7582=FILL_AREA_STYLE('',(#7806));
#7583=FILL_AREA_STYLE('',(#7807));
#7584=FILL_AREA_STYLE('',(#7808));
#7585=FILL_AREA_STYLE('',(#7809));
#7586=FILL_AREA_STYLE('',(#7810));
#7587=FILL_AREA_STYLE('',(#7811));
#7588=FILL_AREA_STYLE('',(#7812));
#7589=FILL_AREA_STYLE('',(#7813));
#7590=FILL_AREA_STYLE('',(#7814));
#7591=FILL_AREA_STYLE('',(#7815));
#7592=FILL_AREA_STYLE('',(#7816));
#7593=FILL_AREA_STYLE('',(#7817));
#7594=FILL_AREA_STYLE('',(#7818));
#7595=FILL_AREA_STYLE('',(#7819));
#7596=FILL_AREA_STYLE('',(#7820));
#7597=FILL_AREA_STYLE('',(#7821));
#7598=FILL_AREA_STYLE('',(#7822));
#7599=FILL_AREA_STYLE('',(#7823));
#7600=FILL_AREA_STYLE('',(#7824));
#7601=FILL_AREA_STYLE('',(#7825));
#7602=FILL_AREA_STYLE('',(#7826));
#7603=FILL_AREA_STYLE('',(#7827));
#7604=FILL_AREA_STYLE('',(#7828));
#7605=FILL_AREA_STYLE('',(#7829));
#7606=FILL_AREA_STYLE('',(#7830));
#7607=FILL_AREA_STYLE('',(#7831));
#7608=FILL_AREA_STYLE('',(#7832));
#7609=FILL_AREA_STYLE('',(#7833));
#7610=FILL_AREA_STYLE('',(#7834));
#7611=FILL_AREA_STYLE('',(#7835));
#7612=FILL_AREA_STYLE('',(#7836));
#7613=FILL_AREA_STYLE('',(#7837));
#7614=FILL_AREA_STYLE('',(#7838));
#7615=FILL_AREA_STYLE('',(#7839));
#7616=FILL_AREA_STYLE('',(#7840));
#7617=FILL_AREA_STYLE('',(#7841));
#7618=FILL_AREA_STYLE('',(#7842));
#7619=FILL_AREA_STYLE('',(#7843));
#7620=FILL_AREA_STYLE('',(#7844));
#7621=FILL_AREA_STYLE('',(#7845));
#7622=FILL_AREA_STYLE('',(#7846));
#7623=FILL_AREA_STYLE('',(#7847));
#7624=FILL_AREA_STYLE('',(#7848));
#7625=FILL_AREA_STYLE('',(#7849));
#7626=FILL_AREA_STYLE('',(#7850));
#7627=FILL_AREA_STYLE('',(#7851));
#7628=FILL_AREA_STYLE('',(#7852));
#7629=FILL_AREA_STYLE('',(#7853));
#7630=FILL_AREA_STYLE('',(#7854));
#7631=FILL_AREA_STYLE('',(#7855));
#7632=FILL_AREA_STYLE('',(#7856));
#7633=FILL_AREA_STYLE('',(#7857));
#7634=FILL_AREA_STYLE('',(#7858));
#7635=FILL_AREA_STYLE('',(#7859));
#7636=FILL_AREA_STYLE('',(#7860));
#7637=FILL_AREA_STYLE('',(#7861));
#7638=FILL_AREA_STYLE('',(#7862));
#7639=FILL_AREA_STYLE('',(#7863));
#7640=FILL_AREA_STYLE('',(#7864));
#7641=FILL_AREA_STYLE('',(#7865));
#7642=FILL_AREA_STYLE('',(#7866));
#7643=FILL_AREA_STYLE('',(#7867));
#7644=FILL_AREA_STYLE('',(#7868));
#7645=FILL_AREA_STYLE('',(#7869));
#7646=FILL_AREA_STYLE('',(#7870));
#7647=FILL_AREA_STYLE('',(#7871));
#7648=FILL_AREA_STYLE('',(#7872));
#7649=FILL_AREA_STYLE('',(#7873));
#7650=FILL_AREA_STYLE('',(#7874));
#7651=FILL_AREA_STYLE('',(#7875));
#7652=FILL_AREA_STYLE('',(#7876));
#7653=FILL_AREA_STYLE('',(#7877));
#7654=FILL_AREA_STYLE('',(#7878));
#7655=FILL_AREA_STYLE('',(#7879));
#7656=FILL_AREA_STYLE('',(#7880));
#7657=FILL_AREA_STYLE('',(#7881));
#7658=FILL_AREA_STYLE('',(#7882));
#7659=FILL_AREA_STYLE('',(#7883));
#7660=FILL_AREA_STYLE('',(#7884));
#7661=FILL_AREA_STYLE('',(#7885));
#7662=FILL_AREA_STYLE('',(#7886));
#7663=FILL_AREA_STYLE('',(#7887));
#7664=FILL_AREA_STYLE('',(#7888));
#7665=FILL_AREA_STYLE('',(#7889));
#7666=FILL_AREA_STYLE('',(#7890));
#7667=FILL_AREA_STYLE('',(#7891));
#7668=FILL_AREA_STYLE('',(#7892));
#7669=FILL_AREA_STYLE('',(#7893));
#7670=FILL_AREA_STYLE('',(#7894));
#7671=FILL_AREA_STYLE('',(#7895));
#7672=FILL_AREA_STYLE('',(#7896));
#7673=FILL_AREA_STYLE('',(#7897));
#7674=FILL_AREA_STYLE('',(#7898));
#7675=FILL_AREA_STYLE('',(#7899));
#7676=FILL_AREA_STYLE('',(#7900));
#7677=FILL_AREA_STYLE('',(#7901));
#7678=FILL_AREA_STYLE('',(#7902));
#7679=FILL_AREA_STYLE('',(#7903));
#7680=FILL_AREA_STYLE('',(#7904));
#7681=FILL_AREA_STYLE('',(#7905));
#7682=FILL_AREA_STYLE('',(#7906));
#7683=FILL_AREA_STYLE('',(#7907));
#7684=FILL_AREA_STYLE('',(#7908));
#7685=FILL_AREA_STYLE('',(#7909));
#7686=FILL_AREA_STYLE('',(#7910));
#7687=FILL_AREA_STYLE('',(#7911));
#7688=FILL_AREA_STYLE('',(#7912));
#7689=FILL_AREA_STYLE('',(#7913));
#7690=FILL_AREA_STYLE('',(#7914));
#7691=FILL_AREA_STYLE('',(#7915));
#7692=FILL_AREA_STYLE('',(#7916));
#7693=FILL_AREA_STYLE('',(#7917));
#7694=FILL_AREA_STYLE('',(#7918));
#7695=FILL_AREA_STYLE('',(#7919));
#7696=FILL_AREA_STYLE('',(#7920));
#7697=FILL_AREA_STYLE('',(#7921));
#7698=FILL_AREA_STYLE('',(#7922));
#7699=FILL_AREA_STYLE('',(#7923));
#7700=FILL_AREA_STYLE('',(#7924));
#7701=FILL_AREA_STYLE('',(#7925));
#7702=FILL_AREA_STYLE('',(#7926));
#7703=FILL_AREA_STYLE('',(#7927));
#7704=FILL_AREA_STYLE('',(#7928));
#7705=FILL_AREA_STYLE('',(#7929));
#7706=FILL_AREA_STYLE('',(#7930));
#7707=FILL_AREA_STYLE('',(#7931));
#7708=FILL_AREA_STYLE('',(#7932));
#7709=FILL_AREA_STYLE('',(#7933));
#7710=FILL_AREA_STYLE('',(#7934));
#7711=FILL_AREA_STYLE('',(#7935));
#7712=FILL_AREA_STYLE('',(#7936));
#7713=FILL_AREA_STYLE('',(#7937));
#7714=FILL_AREA_STYLE('',(#7938));
#7715=FILL_AREA_STYLE('',(#7939));
#7716=FILL_AREA_STYLE('',(#7940));
#7717=FILL_AREA_STYLE('',(#7941));
#7718=FILL_AREA_STYLE('',(#7942));
#7719=FILL_AREA_STYLE('',(#7943));
#7720=FILL_AREA_STYLE('',(#7944));
#7721=FILL_AREA_STYLE('',(#7945));
#7722=FILL_AREA_STYLE('',(#7946));
#7723=FILL_AREA_STYLE('',(#7947));
#7724=FILL_AREA_STYLE('',(#7948));
#7725=FILL_AREA_STYLE('',(#7949));
#7726=FILL_AREA_STYLE('',(#7950));
#7727=FILL_AREA_STYLE('',(#7951));
#7728=FILL_AREA_STYLE('',(#7952));
#7729=FILL_AREA_STYLE('',(#7953));
#7730=FILL_AREA_STYLE('',(#7954));
#7731=FILL_AREA_STYLE('',(#7955));
#7732=FILL_AREA_STYLE('',(#7956));
#7733=FILL_AREA_STYLE('',(#7957));
#7734=FILL_AREA_STYLE('',(#7958));
#7735=FILL_AREA_STYLE('',(#7959));
#7736=FILL_AREA_STYLE('',(#7960));
#7737=FILL_AREA_STYLE('',(#7961));
#7738=FILL_AREA_STYLE('',(#7962));
#7739=FILL_AREA_STYLE('',(#7963));
#7740=FILL_AREA_STYLE('',(#7964));
#7741=FILL_AREA_STYLE('',(#7965));
#7742=FILL_AREA_STYLE('',(#7966));
#7743=FILL_AREA_STYLE('',(#7967));
#7744=FILL_AREA_STYLE('',(#7968));
#7745=FILL_AREA_STYLE('',(#7969));
#7746=FILL_AREA_STYLE('',(#7970));
#7747=FILL_AREA_STYLE('',(#7971));
#7748=FILL_AREA_STYLE('',(#7972));
#7749=FILL_AREA_STYLE('',(#7973));
#7750=FILL_AREA_STYLE('',(#7974));
#7751=FILL_AREA_STYLE('',(#7975));
#7752=FILL_AREA_STYLE('',(#7976));
#7753=FILL_AREA_STYLE('',(#7977));
#7754=FILL_AREA_STYLE('',(#7978));
#7755=FILL_AREA_STYLE('',(#7979));
#7756=FILL_AREA_STYLE('',(#7980));
#7757=FILL_AREA_STYLE('',(#7981));
#7758=FILL_AREA_STYLE('',(#7982));
#7759=FILL_AREA_STYLE('',(#7983));
#7760=FILL_AREA_STYLE('',(#7984));
#7761=FILL_AREA_STYLE('',(#7985));
#7762=FILL_AREA_STYLE('',(#7986));
#7763=FILL_AREA_STYLE('',(#7987));
#7764=FILL_AREA_STYLE('',(#7988));
#7765=FILL_AREA_STYLE('',(#7989));
#7766=FILL_AREA_STYLE('',(#7990));
#7767=FILL_AREA_STYLE('',(#7991));
#7768=FILL_AREA_STYLE('',(#7992));
#7769=FILL_AREA_STYLE('',(#7993));
#7770=FILL_AREA_STYLE('',(#7994));
#7771=FILL_AREA_STYLE('',(#7995));
#7772=FILL_AREA_STYLE('',(#7996));
#7773=FILL_AREA_STYLE('',(#7997));
#7774=FILL_AREA_STYLE('',(#7998));
#7775=FILL_AREA_STYLE('',(#7999));
#7776=FILL_AREA_STYLE('',(#8000));
#7777=FILL_AREA_STYLE('',(#8001));
#7778=FILL_AREA_STYLE('',(#8002));
#7779=FILL_AREA_STYLE_COLOUR('',#8003);
#7780=FILL_AREA_STYLE_COLOUR('',#8004);
#7781=FILL_AREA_STYLE_COLOUR('',#8003);
#7782=FILL_AREA_STYLE_COLOUR('',#8003);
#7783=FILL_AREA_STYLE_COLOUR('',#8003);
#7784=FILL_AREA_STYLE_COLOUR('',#8003);
#7785=FILL_AREA_STYLE_COLOUR('',#8003);
#7786=FILL_AREA_STYLE_COLOUR('',#8004);
#7787=FILL_AREA_STYLE_COLOUR('',#8003);
#7788=FILL_AREA_STYLE_COLOUR('',#8003);
#7789=FILL_AREA_STYLE_COLOUR('',#8003);
#7790=FILL_AREA_STYLE_COLOUR('',#8004);
#7791=FILL_AREA_STYLE_COLOUR('',#8003);
#7792=FILL_AREA_STYLE_COLOUR('',#8003);
#7793=FILL_AREA_STYLE_COLOUR('',#8003);
#7794=FILL_AREA_STYLE_COLOUR('',#8003);
#7795=FILL_AREA_STYLE_COLOUR('',#8003);
#7796=FILL_AREA_STYLE_COLOUR('',#8004);
#7797=FILL_AREA_STYLE_COLOUR('',#8003);
#7798=FILL_AREA_STYLE_COLOUR('',#8003);
#7799=FILL_AREA_STYLE_COLOUR('',#8005);
#7800=FILL_AREA_STYLE_COLOUR('',#8005);
#7801=FILL_AREA_STYLE_COLOUR('',#8005);
#7802=FILL_AREA_STYLE_COLOUR('',#8005);
#7803=FILL_AREA_STYLE_COLOUR('',#8005);
#7804=FILL_AREA_STYLE_COLOUR('',#8005);
#7805=FILL_AREA_STYLE_COLOUR('',#8005);
#7806=FILL_AREA_STYLE_COLOUR('',#8005);
#7807=FILL_AREA_STYLE_COLOUR('',#8005);
#7808=FILL_AREA_STYLE_COLOUR('',#8005);
#7809=FILL_AREA_STYLE_COLOUR('',#8005);
#7810=FILL_AREA_STYLE_COLOUR('',#8005);
#7811=FILL_AREA_STYLE_COLOUR('',#8005);
#7812=FILL_AREA_STYLE_COLOUR('',#8005);
#7813=FILL_AREA_STYLE_COLOUR('',#8005);
#7814=FILL_AREA_STYLE_COLOUR('',#8005);
#7815=FILL_AREA_STYLE_COLOUR('',#8005);
#7816=FILL_AREA_STYLE_COLOUR('',#8005);
#7817=FILL_AREA_STYLE_COLOUR('',#8005);
#7818=FILL_AREA_STYLE_COLOUR('',#8005);
#7819=FILL_AREA_STYLE_COLOUR('',#8005);
#7820=FILL_AREA_STYLE_COLOUR('',#8005);
#7821=FILL_AREA_STYLE_COLOUR('',#8005);
#7822=FILL_AREA_STYLE_COLOUR('',#8005);
#7823=FILL_AREA_STYLE_COLOUR('',#8005);
#7824=FILL_AREA_STYLE_COLOUR('',#8005);
#7825=FILL_AREA_STYLE_COLOUR('',#8005);
#7826=FILL_AREA_STYLE_COLOUR('',#8005);
#7827=FILL_AREA_STYLE_COLOUR('',#8005);
#7828=FILL_AREA_STYLE_COLOUR('',#8005);
#7829=FILL_AREA_STYLE_COLOUR('',#8005);
#7830=FILL_AREA_STYLE_COLOUR('',#8005);
#7831=FILL_AREA_STYLE_COLOUR('',#8005);
#7832=FILL_AREA_STYLE_COLOUR('',#8005);
#7833=FILL_AREA_STYLE_COLOUR('',#8005);
#7834=FILL_AREA_STYLE_COLOUR('',#8005);
#7835=FILL_AREA_STYLE_COLOUR('',#8005);
#7836=FILL_AREA_STYLE_COLOUR('',#8005);
#7837=FILL_AREA_STYLE_COLOUR('',#8005);
#7838=FILL_AREA_STYLE_COLOUR('',#8005);
#7839=FILL_AREA_STYLE_COLOUR('',#8005);
#7840=FILL_AREA_STYLE_COLOUR('',#8005);
#7841=FILL_AREA_STYLE_COLOUR('',#8005);
#7842=FILL_AREA_STYLE_COLOUR('',#8005);
#7843=FILL_AREA_STYLE_COLOUR('',#8005);
#7844=FILL_AREA_STYLE_COLOUR('',#8005);
#7845=FILL_AREA_STYLE_COLOUR('',#8005);
#7846=FILL_AREA_STYLE_COLOUR('',#8005);
#7847=FILL_AREA_STYLE_COLOUR('',#8005);
#7848=FILL_AREA_STYLE_COLOUR('',#8005);
#7849=FILL_AREA_STYLE_COLOUR('',#8005);
#7850=FILL_AREA_STYLE_COLOUR('',#8005);
#7851=FILL_AREA_STYLE_COLOUR('',#8005);
#7852=FILL_AREA_STYLE_COLOUR('',#8005);
#7853=FILL_AREA_STYLE_COLOUR('',#8005);
#7854=FILL_AREA_STYLE_COLOUR('',#8005);
#7855=FILL_AREA_STYLE_COLOUR('',#8005);
#7856=FILL_AREA_STYLE_COLOUR('',#8005);
#7857=FILL_AREA_STYLE_COLOUR('',#8005);
#7858=FILL_AREA_STYLE_COLOUR('',#8005);
#7859=FILL_AREA_STYLE_COLOUR('',#8005);
#7860=FILL_AREA_STYLE_COLOUR('',#8005);
#7861=FILL_AREA_STYLE_COLOUR('',#8005);
#7862=FILL_AREA_STYLE_COLOUR('',#8005);
#7863=FILL_AREA_STYLE_COLOUR('',#8005);
#7864=FILL_AREA_STYLE_COLOUR('',#8005);
#7865=FILL_AREA_STYLE_COLOUR('',#8005);
#7866=FILL_AREA_STYLE_COLOUR('',#8005);
#7867=FILL_AREA_STYLE_COLOUR('',#8005);
#7868=FILL_AREA_STYLE_COLOUR('',#8005);
#7869=FILL_AREA_STYLE_COLOUR('',#8005);
#7870=FILL_AREA_STYLE_COLOUR('',#8005);
#7871=FILL_AREA_STYLE_COLOUR('',#8005);
#7872=FILL_AREA_STYLE_COLOUR('',#8005);
#7873=FILL_AREA_STYLE_COLOUR('',#8005);
#7874=FILL_AREA_STYLE_COLOUR('',#8005);
#7875=FILL_AREA_STYLE_COLOUR('',#8005);
#7876=FILL_AREA_STYLE_COLOUR('',#8005);
#7877=FILL_AREA_STYLE_COLOUR('',#8005);
#7878=FILL_AREA_STYLE_COLOUR('',#8005);
#7879=FILL_AREA_STYLE_COLOUR('',#8005);
#7880=FILL_AREA_STYLE_COLOUR('',#8005);
#7881=FILL_AREA_STYLE_COLOUR('',#8005);
#7882=FILL_AREA_STYLE_COLOUR('',#8005);
#7883=FILL_AREA_STYLE_COLOUR('',#8005);
#7884=FILL_AREA_STYLE_COLOUR('',#8005);
#7885=FILL_AREA_STYLE_COLOUR('',#8005);
#7886=FILL_AREA_STYLE_COLOUR('',#8005);
#7887=FILL_AREA_STYLE_COLOUR('',#8005);
#7888=FILL_AREA_STYLE_COLOUR('',#8005);
#7889=FILL_AREA_STYLE_COLOUR('',#8005);
#7890=FILL_AREA_STYLE_COLOUR('',#8005);
#7891=FILL_AREA_STYLE_COLOUR('',#8005);
#7892=FILL_AREA_STYLE_COLOUR('',#8005);
#7893=FILL_AREA_STYLE_COLOUR('',#8005);
#7894=FILL_AREA_STYLE_COLOUR('',#8005);
#7895=FILL_AREA_STYLE_COLOUR('',#8005);
#7896=FILL_AREA_STYLE_COLOUR('',#8005);
#7897=FILL_AREA_STYLE_COLOUR('',#8005);
#7898=FILL_AREA_STYLE_COLOUR('',#8005);
#7899=FILL_AREA_STYLE_COLOUR('',#8005);
#7900=FILL_AREA_STYLE_COLOUR('',#8005);
#7901=FILL_AREA_STYLE_COLOUR('',#8005);
#7902=FILL_AREA_STYLE_COLOUR('',#8005);
#7903=FILL_AREA_STYLE_COLOUR('',#8005);
#7904=FILL_AREA_STYLE_COLOUR('',#8005);
#7905=FILL_AREA_STYLE_COLOUR('',#8005);
#7906=FILL_AREA_STYLE_COLOUR('',#8005);
#7907=FILL_AREA_STYLE_COLOUR('',#8005);
#7908=FILL_AREA_STYLE_COLOUR('',#8005);
#7909=FILL_AREA_STYLE_COLOUR('',#8005);
#7910=FILL_AREA_STYLE_COLOUR('',#8005);
#7911=FILL_AREA_STYLE_COLOUR('',#8005);
#7912=FILL_AREA_STYLE_COLOUR('',#8005);
#7913=FILL_AREA_STYLE_COLOUR('',#8005);
#7914=FILL_AREA_STYLE_COLOUR('',#8005);
#7915=FILL_AREA_STYLE_COLOUR('',#8005);
#7916=FILL_AREA_STYLE_COLOUR('',#8005);
#7917=FILL_AREA_STYLE_COLOUR('',#8005);
#7918=FILL_AREA_STYLE_COLOUR('',#8005);
#7919=FILL_AREA_STYLE_COLOUR('',#8005);
#7920=FILL_AREA_STYLE_COLOUR('',#8005);
#7921=FILL_AREA_STYLE_COLOUR('',#8005);
#7922=FILL_AREA_STYLE_COLOUR('',#8005);
#7923=FILL_AREA_STYLE_COLOUR('',#8005);
#7924=FILL_AREA_STYLE_COLOUR('',#8005);
#7925=FILL_AREA_STYLE_COLOUR('',#8005);
#7926=FILL_AREA_STYLE_COLOUR('',#8005);
#7927=FILL_AREA_STYLE_COLOUR('',#8005);
#7928=FILL_AREA_STYLE_COLOUR('',#8005);
#7929=FILL_AREA_STYLE_COLOUR('',#8005);
#7930=FILL_AREA_STYLE_COLOUR('',#8005);
#7931=FILL_AREA_STYLE_COLOUR('',#8005);
#7932=FILL_AREA_STYLE_COLOUR('',#8005);
#7933=FILL_AREA_STYLE_COLOUR('',#8005);
#7934=FILL_AREA_STYLE_COLOUR('',#8005);
#7935=FILL_AREA_STYLE_COLOUR('',#8005);
#7936=FILL_AREA_STYLE_COLOUR('',#8005);
#7937=FILL_AREA_STYLE_COLOUR('',#8004);
#7938=FILL_AREA_STYLE_COLOUR('',#8004);
#7939=FILL_AREA_STYLE_COLOUR('',#8004);
#7940=FILL_AREA_STYLE_COLOUR('',#8004);
#7941=FILL_AREA_STYLE_COLOUR('',#8004);
#7942=FILL_AREA_STYLE_COLOUR('',#8004);
#7943=FILL_AREA_STYLE_COLOUR('',#8005);
#7944=FILL_AREA_STYLE_COLOUR('',#8005);
#7945=FILL_AREA_STYLE_COLOUR('',#8005);
#7946=FILL_AREA_STYLE_COLOUR('',#8005);
#7947=FILL_AREA_STYLE_COLOUR('',#8005);
#7948=FILL_AREA_STYLE_COLOUR('',#8005);
#7949=FILL_AREA_STYLE_COLOUR('',#8005);
#7950=FILL_AREA_STYLE_COLOUR('',#8005);
#7951=FILL_AREA_STYLE_COLOUR('',#8005);
#7952=FILL_AREA_STYLE_COLOUR('',#8005);
#7953=FILL_AREA_STYLE_COLOUR('',#8005);
#7954=FILL_AREA_STYLE_COLOUR('',#8005);
#7955=FILL_AREA_STYLE_COLOUR('',#8005);
#7956=FILL_AREA_STYLE_COLOUR('',#8005);
#7957=FILL_AREA_STYLE_COLOUR('',#8004);
#7958=FILL_AREA_STYLE_COLOUR('',#8004);
#7959=FILL_AREA_STYLE_COLOUR('',#8004);
#7960=FILL_AREA_STYLE_COLOUR('',#8005);
#7961=FILL_AREA_STYLE_COLOUR('',#8005);
#7962=FILL_AREA_STYLE_COLOUR('',#8005);
#7963=FILL_AREA_STYLE_COLOUR('',#8005);
#7964=FILL_AREA_STYLE_COLOUR('',#8005);
#7965=FILL_AREA_STYLE_COLOUR('',#8005);
#7966=FILL_AREA_STYLE_COLOUR('',#8005);
#7967=FILL_AREA_STYLE_COLOUR('',#8005);
#7968=FILL_AREA_STYLE_COLOUR('',#8004);
#7969=FILL_AREA_STYLE_COLOUR('',#8004);
#7970=FILL_AREA_STYLE_COLOUR('',#8004);
#7971=FILL_AREA_STYLE_COLOUR('',#8004);
#7972=FILL_AREA_STYLE_COLOUR('',#8004);
#7973=FILL_AREA_STYLE_COLOUR('',#8004);
#7974=FILL_AREA_STYLE_COLOUR('',#8004);
#7975=FILL_AREA_STYLE_COLOUR('',#8004);
#7976=FILL_AREA_STYLE_COLOUR('',#8004);
#7977=FILL_AREA_STYLE_COLOUR('',#8004);
#7978=FILL_AREA_STYLE_COLOUR('',#8004);
#7979=FILL_AREA_STYLE_COLOUR('',#8004);
#7980=FILL_AREA_STYLE_COLOUR('',#8004);
#7981=FILL_AREA_STYLE_COLOUR('',#8004);
#7982=FILL_AREA_STYLE_COLOUR('',#8004);
#7983=FILL_AREA_STYLE_COLOUR('',#8004);
#7984=FILL_AREA_STYLE_COLOUR('',#8004);
#7985=FILL_AREA_STYLE_COLOUR('',#8004);
#7986=FILL_AREA_STYLE_COLOUR('',#8004);
#7987=FILL_AREA_STYLE_COLOUR('',#8004);
#7988=FILL_AREA_STYLE_COLOUR('',#8003);
#7989=FILL_AREA_STYLE_COLOUR('',#8005);
#7990=FILL_AREA_STYLE_COLOUR('',#8005);
#7991=FILL_AREA_STYLE_COLOUR('',#8005);
#7992=FILL_AREA_STYLE_COLOUR('',#8005);
#7993=FILL_AREA_STYLE_COLOUR('',#8005);
#7994=FILL_AREA_STYLE_COLOUR('',#8003);
#7995=FILL_AREA_STYLE_COLOUR('',#8003);
#7996=FILL_AREA_STYLE_COLOUR('',#8004);
#7997=FILL_AREA_STYLE_COLOUR('',#8004);
#7998=FILL_AREA_STYLE_COLOUR('',#8003);
#7999=FILL_AREA_STYLE_COLOUR('',#8003);
#8000=FILL_AREA_STYLE_COLOUR('',#8004);
#8001=FILL_AREA_STYLE_COLOUR('',#8004);
#8002=FILL_AREA_STYLE_COLOUR('',#8005);
#8003=COLOUR_RGB('',0.331739127635956,0.340869575738907,0.349999994039536);
#8004=COLOUR_RGB('',0.200000002980232,0.200000002980232,0.200000002980232);
#8005=COLOUR_RGB('',0.699999988079071,0.699999988079071,0.699999988079071);
#8006=ADVANCED_FACE('',(#5809),#6195,.F.);
#8007=ADVANCED_FACE('',(#5810),#367,.T.);
#8008=ADVANCED_FACE('',(#5811),#6196,.F.);
#8009=ADVANCED_FACE('',(#5812),#368,.T.);
#8010=ADVANCED_FACE('',(#5813),#6197,.F.);
#8011=ADVANCED_FACE('',(#5814),#369,.T.);
#8012=ADVANCED_FACE('',(#5815),#6198,.F.);
#8013=ADVANCED_FACE('',(#5816),#370,.T.);
#8014=ADVANCED_FACE('',(#5817),#6199,.F.);
#8015=ADVANCED_FACE('',(#5818),#6200,.F.);
#8016=ADVANCED_FACE('',(#5819),#6201,.F.);
#8017=ADVANCED_FACE('',(#5820),#371,.T.);
#8018=ADVANCED_FACE('',(#5821),#6202,.F.);
#8019=ADVANCED_FACE('',(#5822),#372,.T.);
#8020=ADVANCED_FACE('',(#5823),#6203,.F.);
#8021=ADVANCED_FACE('',(#5824),#373,.T.);
#8022=ADVANCED_FACE('',(#5825),#6204,.F.);
#8023=ADVANCED_FACE('',(#5826),#374,.T.);
#8024=ADVANCED_FACE('',(#5827),#6205,.F.);
#8025=ADVANCED_FACE('',(#5828),#6206,.F.);
#8026=ADVANCED_FACE('',(#5829),#375,.T.);
#8027=ADVANCED_FACE('',(#5830),#376,.T.);
#8028=ADVANCED_FACE('',(#5831),#126,.T.);
#8029=ADVANCED_FACE('',(#5832),#127,.T.);
#8030=ADVANCED_FACE('',(#5833),#128,.T.);
#8031=ADVANCED_FACE('',(#5834),#129,.T.);
#8032=ADVANCED_FACE('',(#5835),#377,.T.);
#8033=ADVANCED_FACE('',(#5836),#378,.T.);
#8034=ADVANCED_FACE('',(#5837),#6207,.F.);
#8035=ADVANCED_FACE('',(#5838),#6208,.F.);
#8036=ADVANCED_FACE('',(#5839),#379,.T.);
#8037=ADVANCED_FACE('',(#5840),#6209,.T.);
#8038=ADVANCED_FACE('',(#5841),#6210,.T.);
#8039=ADVANCED_FACE('',(#5842),#380,.T.);
#8040=ADVANCED_FACE('',(#5843),#6211,.T.);
#8041=ADVANCED_FACE('',(#5844),#6212,.T.);
#8042=ADVANCED_FACE('',(#5845),#6213,.T.);
#8043=ADVANCED_FACE('',(#5846),#6214,.T.);
#8044=ADVANCED_FACE('',(#5847),#381,.T.);
#8045=ADVANCED_FACE('',(#5848),#6215,.T.);
#8046=ADVANCED_FACE('',(#5849),#6216,.T.);
#8047=ADVANCED_FACE('',(#5850),#382,.T.);
#8048=ADVANCED_FACE('',(#5851),#6217,.T.);
#8049=ADVANCED_FACE('',(#5852),#6218,.T.);
#8050=ADVANCED_FACE('',(#5853),#383,.T.);
#8051=ADVANCED_FACE('',(#5854),#6219,.T.);
#8052=ADVANCED_FACE('',(#5855),#6220,.T.);
#8053=ADVANCED_FACE('',(#5856),#6221,.T.);
#8054=ADVANCED_FACE('',(#5857),#6222,.T.);
#8055=ADVANCED_FACE('',(#5858),#384,.T.);
#8056=ADVANCED_FACE('',(#5859),#385,.T.);
#8057=ADVANCED_FACE('',(#5860),#6223,.T.);
#8058=ADVANCED_FACE('',(#5861),#6224,.T.);
#8059=ADVANCED_FACE('',(#5862),#386,.T.);
#8060=ADVANCED_FACE('',(#5863),#6225,.T.);
#8061=ADVANCED_FACE('',(#5864),#6226,.T.);
#8062=ADVANCED_FACE('',(#5865),#387,.T.);
#8063=ADVANCED_FACE('',(#5866),#6227,.T.);
#8064=ADVANCED_FACE('',(#5867),#6228,.T.);
#8065=ADVANCED_FACE('',(#5868),#388,.T.);
#8066=ADVANCED_FACE('',(#5869),#6229,.T.);
#8067=ADVANCED_FACE('',(#5870),#6230,.T.);
#8068=ADVANCED_FACE('',(#5871),#389,.T.);
#8069=ADVANCED_FACE('',(#5872),#6231,.T.);
#8070=ADVANCED_FACE('',(#5873),#6232,.T.);
#8071=ADVANCED_FACE('',(#5874),#390,.T.);
#8072=ADVANCED_FACE('',(#5875),#6233,.T.);
#8073=ADVANCED_FACE('',(#5876),#6234,.T.);
#8074=ADVANCED_FACE('',(#5877),#391,.T.);
#8075=ADVANCED_FACE('',(#5878),#6235,.T.);
#8076=ADVANCED_FACE('',(#5879),#6236,.T.);
#8077=ADVANCED_FACE('',(#5880),#6237,.T.);
#8078=ADVANCED_FACE('',(#5881),#6238,.T.);
#8079=ADVANCED_FACE('',(#5882),#392,.T.);
#8080=ADVANCED_FACE('',(#5883,#5884),#393,.T.);
#8081=ADVANCED_FACE('',(#5885,#5886),#130,.T.);
#8082=ADVANCED_FACE('',(#5887,#5888),#6239,.F.);
#8083=ADVANCED_FACE('',(#5889,#5890),#394,.F.);
#8084=ADVANCED_FACE('',(#5891,#5892),#6240,.F.);
#8085=ADVANCED_FACE('',(#5893,#5894),#395,.T.);
#8086=ADVANCED_FACE('',(#5895,#5896),#6241,.F.);
#8087=ADVANCED_FACE('',(#5897,#5898),#396,.T.);
#8088=ADVANCED_FACE('',(#5899),#6242,.T.);
#8089=ADVANCED_FACE('',(#5900),#6243,.T.);
#8090=ADVANCED_FACE('',(#5901),#6244,.T.);
#8091=ADVANCED_FACE('',(#5902),#397,.T.);
#8092=ADVANCED_FACE('',(#5903),#6245,.T.);
#8093=ADVANCED_FACE('',(#5904),#6246,.T.);
#8094=ADVANCED_FACE('',(#5905),#6247,.T.);
#8095=ADVANCED_FACE('',(#5906),#398,.T.);
#8096=ADVANCED_FACE('',(#5907,#5908),#6248,.T.);
#8097=ADVANCED_FACE('',(#5909),#399,.T.);
#8098=ADVANCED_FACE('',(#5910),#6249,.T.);
#8099=ADVANCED_FACE('',(#5911),#400,.T.);
#8100=ADVANCED_FACE('',(#5912),#401,.T.);
#8101=ADVANCED_FACE('',(#5913),#6250,.T.);
#8102=ADVANCED_FACE('',(#5914),#402,.T.);
#8103=ADVANCED_FACE('',(#5915),#403,.T.);
#8104=ADVANCED_FACE('',(#5916),#6251,.T.);
#8105=ADVANCED_FACE('',(#5917),#404,.T.);
#8106=ADVANCED_FACE('',(#5918),#405,.T.);
#8107=ADVANCED_FACE('',(#5919),#6252,.F.);
#8108=ADVANCED_FACE('',(#5920),#406,.T.);
#8109=ADVANCED_FACE('',(#5921),#407,.T.);
#8110=ADVANCED_FACE('',(#5922),#6253,.F.);
#8111=ADVANCED_FACE('',(#5923),#408,.T.);
#8112=ADVANCED_FACE('',(#5924),#6254,.F.);
#8113=ADVANCED_FACE('',(#5925),#6255,.T.);
#8114=ADVANCED_FACE('',(#5926),#6256,.T.);
#8115=ADVANCED_FACE('',(#5927),#6257,.T.);
#8116=ADVANCED_FACE('',(#5928),#6258,.F.);
#8117=ADVANCED_FACE('',(#5929),#6259,.T.);
#8118=ADVANCED_FACE('',(#5930),#6260,.T.);
#8119=ADVANCED_FACE('',(#5931),#6261,.T.);
#8120=ADVANCED_FACE('',(#5932),#6262,.F.);
#8121=ADVANCED_FACE('',(#5933),#6263,.T.);
#8122=ADVANCED_FACE('',(#5934),#6264,.T.);
#8123=ADVANCED_FACE('',(#5935),#6265,.T.);
#8124=ADVANCED_FACE('',(#5936),#6266,.T.);
#8125=ADVANCED_FACE('',(#5937),#6267,.F.);
#8126=ADVANCED_FACE('',(#5938),#6268,.F.);
#8127=ADVANCED_FACE('',(#5939),#6269,.F.);
#8128=ADVANCED_FACE('',(#5940),#6270,.T.);
#8129=ADVANCED_FACE('',(#5941),#6271,.F.);
#8130=ADVANCED_FACE('',(#5942),#6272,.F.);
#8131=ADVANCED_FACE('',(#5943),#6273,.F.);
#8132=ADVANCED_FACE('',(#5944),#6274,.F.);
#8133=ADVANCED_FACE('',(#5945),#6275,.F.);
#8134=ADVANCED_FACE('',(#5946),#409,.T.);
#8135=ADVANCED_FACE('',(#5947),#6276,.F.);
#8136=ADVANCED_FACE('',(#5948),#6277,.T.);
#8137=ADVANCED_FACE('',(#5949),#6278,.T.);
#8138=ADVANCED_FACE('',(#5950),#410,.T.);
#8139=ADVANCED_FACE('',(#5951),#6279,.T.);
#8140=ADVANCED_FACE('',(#5952),#411,.T.);
#8141=ADVANCED_FACE('',(#5953),#6280,.F.);
#8142=ADVANCED_FACE('',(#5954),#6281,.T.);
#8143=ADVANCED_FACE('',(#5955),#6282,.T.);
#8144=ADVANCED_FACE('',(#5956),#412,.T.);
#8145=ADVANCED_FACE('',(#5957),#6283,.T.);
#8146=ADVANCED_FACE('',(#5958),#413,.T.);
#8147=ADVANCED_FACE('',(#5959),#6284,.F.);
#8148=ADVANCED_FACE('',(#5960),#6285,.T.);
#8149=ADVANCED_FACE('',(#5961),#6286,.T.);
#8150=ADVANCED_FACE('',(#5962),#414,.T.);
#8151=ADVANCED_FACE('',(#5963),#6287,.T.);
#8152=ADVANCED_FACE('',(#5964),#6288,.T.);
#8153=ADVANCED_FACE('',(#5965),#415,.T.);
#8154=ADVANCED_FACE('',(#5966),#6289,.F.);
#8155=ADVANCED_FACE('',(#5967),#6290,.F.);
#8156=ADVANCED_FACE('',(#5968),#416,.T.);
#8157=ADVANCED_FACE('',(#5969),#6291,.F.);
#8158=ADVANCED_FACE('',(#5970),#6292,.T.);
#8159=ADVANCED_FACE('',(#5971),#417,.T.);
#8160=ADVANCED_FACE('',(#5972),#6293,.F.);
#8161=ADVANCED_FACE('',(#5973),#6294,.F.);
#8162=ADVANCED_FACE('',(#5974),#418,.T.);
#8163=ADVANCED_FACE('',(#5975),#6295,.F.);
#8164=ADVANCED_FACE('',(#5976),#6296,.T.);
#8165=ADVANCED_FACE('',(#5977),#6297,.T.);
#8166=ADVANCED_FACE('',(#5978),#6298,.T.);
#8167=ADVANCED_FACE('',(#5979),#6299,.T.);
#8168=ADVANCED_FACE('',(#5980),#6300,.T.);
#8169=ADVANCED_FACE('',(#5981),#6301,.T.);
#8170=ADVANCED_FACE('',(#5982,#5983),#419,.T.);
#8171=ADVANCED_FACE('',(#5984,#5985),#420,.T.);
#8172=ADVANCED_FACE('',(#5986),#6302,.T.);
#8173=ADVANCED_FACE('',(#5987),#6303,.F.);
#8174=ADVANCED_FACE('',(#5988),#6304,.T.);
#8175=ADVANCED_FACE('',(#5989),#6305,.T.);
#8176=ADVANCED_FACE('',(#5990),#6306,.F.);
#8177=ADVANCED_FACE('',(#5991),#6307,.T.);
#8178=ADVANCED_FACE('',(#5992),#6308,.T.);
#8179=ADVANCED_FACE('',(#5993),#6309,.T.);
#8180=ADVANCED_FACE('',(#5994),#6310,.F.);
#8181=ADVANCED_FACE('',(#5995),#6311,.T.);
#8182=ADVANCED_FACE('',(#5996),#6312,.T.);
#8183=ADVANCED_FACE('',(#5997),#6313,.T.);
#8184=ADVANCED_FACE('',(#5998),#6314,.T.);
#8185=ADVANCED_FACE('',(#5999),#6315,.F.);
#8186=ADVANCED_FACE('',(#6000),#6316,.T.);
#8187=ADVANCED_FACE('',(#6001),#6317,.F.);
#8188=ADVANCED_FACE('',(#6002),#6318,.T.);
#8189=ADVANCED_FACE('',(#6003),#6319,.F.);
#8190=ADVANCED_FACE('',(#6004),#6320,.F.);
#8191=ADVANCED_FACE('',(#6005),#6321,.F.);
#8192=ADVANCED_FACE('',(#6006),#6322,.T.);
#8193=ADVANCED_FACE('',(#6007),#6323,.F.);
#8194=ADVANCED_FACE('',(#6008),#6324,.F.);
#8195=ADVANCED_FACE('',(#6009),#6325,.T.);
#8196=ADVANCED_FACE('',(#6010),#6326,.F.);
#8197=ADVANCED_FACE('',(#6011),#6327,.T.);
#8198=ADVANCED_FACE('',(#6012,#6013,#6014),#6328,.T.);
#8199=ADVANCED_FACE('',(#6015),#6329,.F.);
#8200=ADVANCED_FACE('',(#6016),#421,.T.);
#8201=ADVANCED_FACE('',(#6017,#6018,#6019,#6020),#6330,.F.);
#8202=ADVANCED_FACE('',(#6021),#422,.T.);
#8203=ADVANCED_FACE('',(#6022),#6331,.F.);
#8204=ADVANCED_FACE('',(#6023),#6332,.F.);
#8205=ADVANCED_FACE('',(#6024),#6333,.F.);
#8206=ADVANCED_FACE('',(#6025),#6334,.F.);
#8207=ADVANCED_FACE('',(#6026),#6335,.F.);
#8208=ADVANCED_FACE('',(#6027),#423,.T.);
#8209=ADVANCED_FACE('',(#6028,#6029,#6030),#6336,.F.);
#8210=ADVANCED_FACE('',(#6031),#424,.T.);
#8211=ADVANCED_FACE('',(#6032),#6337,.F.);
#8212=ADVANCED_FACE('',(#6033),#6338,.F.);
#8213=ADVANCED_FACE('',(#6034),#6339,.F.);
#8214=ADVANCED_FACE('',(#6035),#6340,.F.);
#8215=ADVANCED_FACE('',(#6036,#6037),#6341,.F.);
#8216=ADVANCED_FACE('',(#6038),#6342,.T.);
#8217=ADVANCED_FACE('',(#6039),#6343,.T.);
#8218=ADVANCED_FACE('',(#6040),#6344,.T.);
#8219=ADVANCED_FACE('',(#6041),#6345,.T.);
#8220=ADVANCED_FACE('',(#6042),#6346,.T.);
#8221=ADVANCED_FACE('',(#6043),#425,.T.);
#8222=ADVANCED_FACE('',(#6044),#426,.T.);
#8223=ADVANCED_FACE('',(#6045),#427,.T.);
#8224=ADVANCED_FACE('',(#6046),#428,.T.);
#8225=ADVANCED_FACE('',(#6047),#429,.T.);
#8226=ADVANCED_FACE('',(#6048),#430,.T.);
#8227=ADVANCED_FACE('',(#6049),#431,.T.);
#8228=ADVANCED_FACE('',(#6050),#432,.T.);
#8229=ADVANCED_FACE('',(#6051),#433,.T.);
#8230=ADVANCED_FACE('',(#6052),#434,.T.);
#8231=ADVANCED_FACE('',(#6053),#6347,.F.);
#8232=ADVANCED_FACE('',(#6054),#6348,.F.);
#8233=ADVANCED_FACE('',(#6055),#6349,.T.);
#8234=ADVANCED_FACE('',(#6056),#6350,.T.);
#8235=ADVANCED_FACE('',(#6057),#6351,.F.);
#8236=ADVANCED_FACE('',(#6058),#6352,.F.);
#8237=ADVANCED_FACE('',(#6059),#18,.T.);
#8238=ADVANCED_FACE('',(#6060),#19,.T.);
#8239=ADVANCED_FACE('',(#6061),#6353,.T.);
#8240=ADVANCED_FACE('',(#6062),#20,.T.);
#8241=ADVANCED_FACE('',(#6063),#21,.T.);
#8242=ADVANCED_FACE('',(#6064),#6354,.T.);
#8243=ADVANCED_FACE('',(#6065),#6355,.F.);
#8244=ADVANCED_FACE('',(#6066),#6356,.T.);
#8245=ADVANCED_FACE('',(#6067),#6357,.F.);
#8246=ADVANCED_FACE('',(#6068),#22,.T.);
#8247=ADVANCED_FACE('',(#6069),#435,.T.);
#8248=ADVANCED_FACE('',(#6070),#436,.T.);
#8249=ADVANCED_FACE('',(#6071),#23,.T.);
#8250=ADVANCED_FACE('',(#6072),#24,.T.);
#8251=ADVANCED_FACE('',(#6073),#437,.T.);
#8252=ADVANCED_FACE('',(#6074),#438,.T.);
#8253=ADVANCED_FACE('',(#6075),#25,.T.);
#8254=ADVANCED_FACE('',(#6076),#6358,.F.);
#8255=ADVANCED_FACE('',(#6077),#6359,.F.);
#8256=ADVANCED_FACE('',(#6078),#6360,.F.);
#8257=ADVANCED_FACE('',(#6079),#6361,.F.);
#8258=ADVANCED_FACE('',(#6080),#6362,.T.);
#8259=ADVANCED_FACE('',(#6081),#6363,.T.);
#8260=ADVANCED_FACE('',(#6082),#6364,.T.);
#8261=ADVANCED_FACE('',(#6083),#6365,.T.);
#8262=ADVANCED_FACE('',(#6084),#6366,.T.);
#8263=ADVANCED_FACE('',(#6085),#6367,.F.);
#8264=ADVANCED_FACE('',(#6086),#6368,.F.);
#8265=ADVANCED_FACE('',(#6087),#6369,.F.);
#8266=ADVANCED_FACE('',(#6088),#6370,.F.);
#8267=ADVANCED_FACE('',(#6089),#6371,.F.);
#8268=ADVANCED_FACE('',(#6090),#6372,.F.);
#8269=ADVANCED_FACE('',(#6091),#6373,.T.);
#8270=ADVANCED_FACE('',(#6092),#6374,.F.);
#8271=ADVANCED_FACE('',(#6093),#6375,.F.);
#8272=ADVANCED_FACE('',(#6094),#6376,.T.);
#8273=ADVANCED_FACE('',(#6095),#6377,.T.);
#8274=ADVANCED_FACE('',(#6096),#6378,.T.);
#8275=ADVANCED_FACE('',(#6097),#6379,.F.);
#8276=ADVANCED_FACE('',(#6098),#6380,.F.);
#8277=ADVANCED_FACE('',(#6099),#6381,.T.);
#8278=ADVANCED_FACE('',(#6100),#6382,.T.);
#8279=ADVANCED_FACE('',(#6101),#6383,.T.);
#8280=ADVANCED_FACE('',(#6102),#6384,.T.);
#8281=ADVANCED_FACE('',(#6103),#6385,.F.);
#8282=ADVANCED_FACE('',(#6104),#6386,.F.);
#8283=ADVANCED_FACE('',(#6105),#6387,.F.);
#8284=ADVANCED_FACE('',(#6106),#6388,.T.);
#8285=ADVANCED_FACE('',(#6107),#6389,.T.);
#8286=ADVANCED_FACE('',(#6108),#6390,.T.);
#8287=ADVANCED_FACE('',(#6109),#6391,.T.);
#8288=ADVANCED_FACE('',(#6110),#6392,.T.);
#8289=ADVANCED_FACE('',(#6111),#6393,.F.);
#8290=ADVANCED_FACE('',(#6112),#6394,.F.);
#8291=ADVANCED_FACE('',(#6113),#6395,.T.);
#8292=ADVANCED_FACE('',(#6114),#6396,.T.);
#8293=ADVANCED_FACE('',(#6115),#6397,.T.);
#8294=ADVANCED_FACE('',(#6116),#6398,.F.);
#8295=ADVANCED_FACE('',(#6117),#6399,.F.);
#8296=ADVANCED_FACE('',(#6118),#439,.T.);
#8297=ADVANCED_FACE('',(#6119),#440,.T.);
#8298=ADVANCED_FACE('',(#6120),#441,.T.);
#8299=ADVANCED_FACE('',(#6121),#442,.T.);
#8300=ADVANCED_FACE('',(#6122),#6400,.T.);
#8301=ADVANCED_FACE('',(#6123),#443,.F.);
#8302=ADVANCED_FACE('',(#6124),#6401,.T.);
#8303=ADVANCED_FACE('',(#6125),#6402,.T.);
#8304=ADVANCED_FACE('',(#6126),#444,.F.);
#8305=ADVANCED_FACE('',(#6127),#6403,.T.);
#8306=ADVANCED_FACE('',(#6128),#6404,.F.);
#8307=ADVANCED_FACE('',(#6129),#6405,.F.);
#8308=ADVANCED_FACE('',(#6130),#6406,.T.);
#8309=ADVANCED_FACE('',(#6131),#6407,.F.);
#8310=ADVANCED_FACE('',(#6132),#6408,.T.);
#8311=ADVANCED_FACE('',(#6133),#6409,.F.);
#8312=ADVANCED_FACE('',(#6134),#445,.F.);
#8313=ADVANCED_FACE('',(#6135),#446,.F.);
#8314=ADVANCED_FACE('',(#6136),#447,.F.);
#8315=ADVANCED_FACE('',(#6137),#448,.F.);
#8316=ADVANCED_FACE('',(#6138),#449,.F.);
#8317=ADVANCED_FACE('',(#6139),#450,.F.);
#8318=ADVANCED_FACE('',(#6140),#451,.F.);
#8319=ADVANCED_FACE('',(#6141),#452,.F.);
#8320=ADVANCED_FACE('',(#6142),#6410,.F.);
#8321=ADVANCED_FACE('',(#6143),#26,.T.);
#8322=ADVANCED_FACE('',(#6144),#453,.T.);
#8323=ADVANCED_FACE('',(#6145),#454,.T.);
#8324=ADVANCED_FACE('',(#6146),#27,.T.);
#8325=ADVANCED_FACE('',(#6147),#28,.T.);
#8326=ADVANCED_FACE('',(#6148),#455,.T.);
#8327=ADVANCED_FACE('',(#6149),#456,.T.);
#8328=ADVANCED_FACE('',(#6150),#29,.T.);
#8329=ADVANCED_FACE('',(#6151),#6411,.T.);
#8330=ADVANCED_FACE('',(#6152),#6412,.F.);
#8331=ADVANCED_FACE('',(#6153),#6413,.F.);
#8332=ADVANCED_FACE('',(#6154),#6414,.T.);
#8333=ADVANCED_FACE('',(#6155),#457,.T.);
#8334=ADVANCED_FACE('',(#6156),#458,.T.);
#8335=ADVANCED_FACE('',(#6157),#459,.F.);
#8336=ADVANCED_FACE('',(#6158),#460,.F.);
#8337=ADVANCED_FACE('',(#6159),#6415,.F.);
#8338=ADVANCED_FACE('',(#6160),#6416,.F.);
#8339=ADVANCED_FACE('',(#6161),#6417,.T.);
#8340=ADVANCED_FACE('',(#6162),#461,.T.);
#8341=ADVANCED_FACE('',(#6163),#462,.T.);
#8342=ADVANCED_FACE('',(#6164),#6418,.F.);
#8343=ADVANCED_FACE('',(#6165),#463,.T.);
#8344=ADVANCED_FACE('',(#6166),#6419,.F.);
#8345=ADVANCED_FACE('',(#6167),#6420,.T.);
#8346=ADVANCED_FACE('',(#6168),#6421,.F.);
#8347=ADVANCED_FACE('',(#6169),#6422,.T.);
#8348=ADVANCED_FACE('',(#6170),#464,.T.);
#8349=ADVANCED_FACE('',(#6171),#6423,.T.);
#8350=ADVANCED_FACE('',(#6172),#465,.T.);
#8351=ADVANCED_FACE('',(#6173),#6424,.T.);
#8352=ADVANCED_FACE('',(#6174),#466,.T.);
#8353=ADVANCED_FACE('',(#6175),#6425,.T.);
#8354=ADVANCED_FACE('',(#6176),#6426,.F.);
#8355=ADVANCED_FACE('',(#6177),#467,.T.);
#8356=ADVANCED_FACE('',(#6178),#6427,.T.);
#8357=ADVANCED_FACE('',(#6179),#468,.T.);
#8358=ADVANCED_FACE('',(#6180),#6428,.T.);
#8359=ADVANCED_FACE('',(#6181),#469,.T.);
#8360=ADVANCED_FACE('',(#6182),#6429,.T.);
#8361=ADVANCED_FACE('',(#6183),#6430,.T.);
#8362=ADVANCED_FACE('',(#6184),#6431,.F.);
#8363=ADVANCED_FACE('',(#6185),#6432,.T.);
#8364=ADVANCED_FACE('',(#6186),#470,.T.);
#8365=ADVANCED_FACE('',(#6187),#6433,.T.);
#8366=ADVANCED_FACE('',(#6188),#471,.T.);
#8367=ADVANCED_FACE('',(#6189),#6434,.T.);
#8368=ADVANCED_FACE('',(#6190),#472,.T.);
#8369=ADVANCED_FACE('',(#6191),#473,.T.);
#8370=ADVANCED_FACE('',(#6192),#474,.T.);
#8371=ADVANCED_FACE('',(#6193),#475,.T.);
#8372=ADVANCED_FACE('',(#6194),#476,.T.);
#8373=CLOSED_SHELL('',(#8006,#8007,#8008,#8009,#8010,#8011,#8012,#8013,
#8014,#8015,#8016,#8017,#8018,#8019,#8020,#8021,#8022,#8023,#8024,#8025,
#8026,#8027,#8028,#8029,#8030,#8031,#8032,#8033,#8034,#8035,#8036,#8037,
#8038,#8039,#8040,#8041,#8042,#8043,#8044,#8045,#8046,#8047,#8048,#8049,
#8050,#8051,#8052,#8053,#8054,#8055,#8056,#8057,#8058,#8059,#8060,#8061,
#8062,#8063,#8064,#8065,#8066,#8067,#8068,#8069,#8070,#8071,#8072,#8073,
#8074,#8075,#8076,#8077,#8078,#8079,#8080,#8081,#8082,#8083,#8084,#8085,
#8086,#8087,#8088,#8089,#8090,#8091,#8092,#8093,#8094,#8095,#8096,#8097,
#8098,#8099,#8100,#8101,#8102,#8103,#8104,#8105,#8106,#8107,#8108,#8109,
#8110,#8111,#8112,#8113,#8114,#8115,#8116,#8117,#8118,#8119,#8120,#8121,
#8122,#8123,#8124,#8125,#8126,#8127,#8128,#8129,#8130,#8131,#8132,#8133,
#8134,#8135,#8136,#8137,#8138,#8139,#8140,#8141,#8142,#8143,#8144,#8145,
#8146,#8147,#8148,#8149,#8150,#8151,#8152,#8153,#8154,#8155,#8156,#8157,
#8158,#8159,#8160,#8161,#8162,#8163,#8164,#8165,#8166,#8167,#8168,#8169,
#8170,#8171,#8172,#8173,#8174,#8175,#8176,#8177,#8178,#8179,#8180,#8181,
#8182,#8183,#8184,#8185,#8186,#8187,#8188,#8189,#8190,#8191,#8192,#8193,
#8194,#8195,#8196,#8197,#8198,#8199,#8200,#8201,#8202,#8203,#8204,#8205,
#8206,#8207,#8208,#8209,#8210,#8211,#8212,#8213,#8214,#8215,#8216,#8217,
#8218,#8219,#8220,#8221,#8222,#8223,#8224,#8225,#8226,#8227,#8228));
#8374=CLOSED_SHELL('',(#8229,#8230,#8231,#8232,#8233,#8234,#8235,#8236,
#8237,#8238,#8239,#8240,#8241,#8242,#8243,#8244,#8245,#8246,#8247,#8248,
#8249,#8250,#8251,#8252,#8253,#8254,#8255,#8256,#8257,#8258,#8259,#8260,
#8261,#8262,#8263,#8264,#8265,#8266,#8267,#8268,#8269,#8270,#8271,#8272,
#8273,#8274,#8275,#8276,#8277,#8278,#8279,#8280,#8281,#8282,#8283,#8284,
#8285,#8286,#8287,#8288,#8289,#8290,#8291,#8292,#8293,#8294,#8295,#8296,
#8297,#8298,#8299,#8300,#8301,#8302,#8303,#8304,#8305,#8306,#8307,#8308,
#8309,#8310,#8311,#8312,#8313,#8314,#8315,#8316,#8317,#8318,#8319,#8320,
#8321,#8322,#8323,#8324,#8325,#8326,#8327,#8328,#8329,#8330,#8331,#8332,
#8333,#8334,#8335,#8336,#8337,#8338,#8339,#8340,#8341,#8342,#8343,#8344,
#8345,#8346,#8347,#8348,#8349,#8350,#8351,#8352,#8353,#8354,#8355,#8356,
#8357,#8358,#8359,#8360,#8361,#8362,#8363,#8364,#8365,#8366,#8367,#8368,
#8369,#8370,#8371,#8372));
#8375=MANIFOLD_SOLID_BREP('',#8373);
#8376=MANIFOLD_SOLID_BREP('',#8374);
#8377=SHAPE_DEFINITION_REPRESENTATION(#13151,#8378);
#8378=SHAPE_REPRESENTATION('RIC11-31S10K2-GSMT',(#8379),#13146);
#8379=AXIS2_PLACEMENT_3D('',#10883,#8993,#8994);
#8380=AXIS2_PLACEMENT_3D('',#10884,#8995,#8996);
#8381=AXIS2_PLACEMENT_3D('',#10893,#9001,#9002);
#8382=AXIS2_PLACEMENT_3D('',#10896,#9004,#9005);
#8383=AXIS2_PLACEMENT_3D('',#10900,#9007,#9008);
#8384=AXIS2_PLACEMENT_3D('',#10901,#9009,#9010);
#8385=AXIS2_PLACEMENT_3D('',#10909,#9015,#9016);
#8386=AXIS2_PLACEMENT_3D('',#10913,#9018,#9019);
#8387=AXIS2_PLACEMENT_3D('',#10914,#9020,#9021);
#8388=AXIS2_PLACEMENT_3D('',#10915,#9022,#9023);
#8389=AXIS2_PLACEMENT_3D('',#10921,#9027,#9028);
#8390=AXIS2_PLACEMENT_3D('',#10925,#9030,#9031);
#8391=AXIS2_PLACEMENT_3D('',#10926,#9032,#9033);
#8392=AXIS2_PLACEMENT_3D('',#10927,#9034,#9035);
#8393=AXIS2_PLACEMENT_3D('',#10933,#9039,#9040);
#8394=AXIS2_PLACEMENT_3D('',#10936,#9042,#9043);
#8395=AXIS2_PLACEMENT_3D('',#10940,#9045,#9046);
#8396=AXIS2_PLACEMENT_3D('',#10941,#9047,#9048);
#8397=AXIS2_PLACEMENT_3D('',#10949,#9053,#9054);
#8398=AXIS2_PLACEMENT_3D('',#10955,#9058,#9059);
#8399=AXIS2_PLACEMENT_3D('',#10961,#9063,#9064);
#8400=AXIS2_PLACEMENT_3D('',#10964,#9066,#9067);
#8401=AXIS2_PLACEMENT_3D('',#10968,#9069,#9070);
#8402=AXIS2_PLACEMENT_3D('',#10969,#9071,#9072);
#8403=AXIS2_PLACEMENT_3D('',#10977,#9077,#9078);
#8404=AXIS2_PLACEMENT_3D('',#10981,#9080,#9081);
#8405=AXIS2_PLACEMENT_3D('',#10982,#9082,#9083);
#8406=AXIS2_PLACEMENT_3D('',#10983,#9084,#9085);
#8407=AXIS2_PLACEMENT_3D('',#10989,#9089,#9090);
#8408=AXIS2_PLACEMENT_3D('',#10993,#9092,#9093);
#8409=AXIS2_PLACEMENT_3D('',#10994,#9094,#9095);
#8410=AXIS2_PLACEMENT_3D('',#10995,#9096,#9097);
#8411=AXIS2_PLACEMENT_3D('',#11001,#9101,#9102);
#8412=AXIS2_PLACEMENT_3D('',#11004,#9104,#9105);
#8413=AXIS2_PLACEMENT_3D('',#11008,#9107,#9108);
#8414=AXIS2_PLACEMENT_3D('',#11009,#9109,#9110);
#8415=AXIS2_PLACEMENT_3D('',#11017,#9115,#9116);
#8416=AXIS2_PLACEMENT_3D('',#11020,#9119,#9120);
#8417=AXIS2_PLACEMENT_3D('',#11024,#9122,#9123);
#8418=AXIS2_PLACEMENT_3D('',#11028,#9125,#9126);
#8419=AXIS2_PLACEMENT_3D('',#11029,#9127,#9128);
#8420=AXIS2_PLACEMENT_3D('',#11033,#9130,#9131);
#8421=AXIS2_PLACEMENT_3D('',#11037,#9133,#9134);
#8422=AXIS2_PLACEMENT_3D('',#11038,#9135,#9136);
#8423=AXIS2_PLACEMENT_3D('',#11054,#9137,#9138);
#8424=AXIS2_PLACEMENT_3D('',#11066,#9139,#9140);
#8425=AXIS2_PLACEMENT_3D('',#11078,#9141,#9142);
#8426=AXIS2_PLACEMENT_3D('',#11090,#9143,#9144);
#8427=AXIS2_PLACEMENT_3D('',#11102,#9145,#9146);
#8428=AXIS2_PLACEMENT_3D('',#11114,#9147,#9148);
#8429=AXIS2_PLACEMENT_3D('',#11126,#9149,#9150);
#8430=AXIS2_PLACEMENT_3D('',#11138,#9151,#9152);
#8431=AXIS2_PLACEMENT_3D('',#11145,#9153,#9154);
#8432=AXIS2_PLACEMENT_3D('',#11146,#9155,#9156);
#8433=AXIS2_PLACEMENT_3D('',#11162,#9157,#9158);
#8434=AXIS2_PLACEMENT_3D('',#11174,#9159,#9160);
#8435=AXIS2_PLACEMENT_3D('',#11186,#9161,#9162);
#8436=AXIS2_PLACEMENT_3D('',#11198,#9163,#9164);
#8437=AXIS2_PLACEMENT_3D('',#11210,#9165,#9166);
#8438=AXIS2_PLACEMENT_3D('',#11222,#9167,#9168);
#8439=AXIS2_PLACEMENT_3D('',#11234,#9169,#9170);
#8440=AXIS2_PLACEMENT_3D('',#11246,#9171,#9172);
#8441=AXIS2_PLACEMENT_3D('',#11253,#9173,#9174);
#8442=AXIS2_PLACEMENT_3D('',#11254,#9175,#9176);
#8443=AXIS2_PLACEMENT_3D('',#11261,#9177,#9178);
#8444=AXIS2_PLACEMENT_3D('',#11273,#9179,#9180);
#8445=AXIS2_PLACEMENT_3D('',#11285,#9181,#9182);
#8446=AXIS2_PLACEMENT_3D('',#11297,#9183,#9184);
#8447=AXIS2_PLACEMENT_3D('',#11309,#9185,#9186);
#8448=AXIS2_PLACEMENT_3D('',#11321,#9187,#9188);
#8449=AXIS2_PLACEMENT_3D('',#11333,#9189,#9190);
#8450=AXIS2_PLACEMENT_3D('',#11345,#9191,#9192);
#8451=AXIS2_PLACEMENT_3D('',#11361,#9193,#9194);
#8452=AXIS2_PLACEMENT_3D('',#11362,#9195,#9196);
#8453=AXIS2_PLACEMENT_3D('',#11369,#9197,#9198);
#8454=AXIS2_PLACEMENT_3D('',#11381,#9199,#9200);
#8455=AXIS2_PLACEMENT_3D('',#11393,#9201,#9202);
#8456=AXIS2_PLACEMENT_3D('',#11405,#9203,#9204);
#8457=AXIS2_PLACEMENT_3D('',#11417,#9205,#9206);
#8458=AXIS2_PLACEMENT_3D('',#11429,#9207,#9208);
#8459=AXIS2_PLACEMENT_3D('',#11441,#9209,#9210);
#8460=AXIS2_PLACEMENT_3D('',#11453,#9211,#9212);
#8461=AXIS2_PLACEMENT_3D('',#11469,#9213,#9214);
#8462=AXIS2_PLACEMENT_3D('',#11470,#9215,#9216);
#8463=AXIS2_PLACEMENT_3D('',#11473,#9219,#9220);
#8464=AXIS2_PLACEMENT_3D('',#11476,#9223,#9224);
#8465=AXIS2_PLACEMENT_3D('',#11478,#9226,#9227);
#8466=AXIS2_PLACEMENT_3D('',#11480,#9229,#9230);
#8467=AXIS2_PLACEMENT_3D('',#11483,#9233,#9234);
#8468=AXIS2_PLACEMENT_3D('',#11486,#9237,#9238);
#8469=AXIS2_PLACEMENT_3D('',#11487,#9239,#9240);
#8470=AXIS2_PLACEMENT_3D('',#11490,#9243,#9244);
#8471=AXIS2_PLACEMENT_3D('',#11492,#9246,#9247);
#8472=AXIS2_PLACEMENT_3D('',#11493,#9248,#9249);
#8473=AXIS2_PLACEMENT_3D('',#11496,#9252,#9253);
#8474=AXIS2_PLACEMENT_3D('',#11497,#9254,#9255);
#8475=AXIS2_PLACEMENT_3D('',#11500,#9258,#9259);
#8476=AXIS2_PLACEMENT_3D('',#11503,#9262,#9263);
#8477=AXIS2_PLACEMENT_3D('',#11504,#9264,#9265);
#8478=AXIS2_PLACEMENT_3D('',#11507,#9268,#9269);
#8479=AXIS2_PLACEMENT_3D('',#11510,#9272,#9273);
#8480=AXIS2_PLACEMENT_3D('',#11511,#9274,#9275);
#8481=AXIS2_PLACEMENT_3D('',#11514,#9278,#9279);
#8482=AXIS2_PLACEMENT_3D('',#11516,#9281,#9282);
#8483=AXIS2_PLACEMENT_3D('',#11517,#9283,#9284);
#8484=AXIS2_PLACEMENT_3D('',#11520,#9287,#9288);
#8485=AXIS2_PLACEMENT_3D('',#11521,#9289,#9290);
#8486=AXIS2_PLACEMENT_3D('',#11523,#9292,#9293);
#8487=AXIS2_PLACEMENT_3D('',#11526,#9296,#9297);
#8488=AXIS2_PLACEMENT_3D('',#11529,#9300,#9301);
#8489=AXIS2_PLACEMENT_3D('',#11530,#9302,#9303);
#8490=AXIS2_PLACEMENT_3D('',#11533,#9306,#9307);
#8491=AXIS2_PLACEMENT_3D('',#11535,#9309,#9310);
#8492=AXIS2_PLACEMENT_3D('',#11536,#9311,#9312);
#8493=AXIS2_PLACEMENT_3D('',#11538,#9314,#9315);
#8494=AXIS2_PLACEMENT_3D('',#11540,#9317,#9318);
#8495=AXIS2_PLACEMENT_3D('',#11541,#9319,#9320);
#8496=AXIS2_PLACEMENT_3D('',#11543,#9322,#9323);
#8497=AXIS2_PLACEMENT_3D('',#11545,#9325,#9326);
#8498=AXIS2_PLACEMENT_3D('',#11546,#9327,#9328);
#8499=AXIS2_PLACEMENT_3D('',#11548,#9330,#9331);
#8500=AXIS2_PLACEMENT_3D('',#11551,#9334,#9335);
#8501=AXIS2_PLACEMENT_3D('',#11552,#9336,#9337);
#8502=AXIS2_PLACEMENT_3D('',#11554,#9339,#9340);
#8503=AXIS2_PLACEMENT_3D('',#11556,#9342,#9343);
#8504=AXIS2_PLACEMENT_3D('',#11557,#9344,#9345);
#8505=AXIS2_PLACEMENT_3D('',#11559,#9347,#9348);
#8506=AXIS2_PLACEMENT_3D('',#11561,#9350,#9351);
#8507=AXIS2_PLACEMENT_3D('',#11562,#9352,#9353);
#8508=AXIS2_PLACEMENT_3D('',#11564,#9355,#9356);
#8509=AXIS2_PLACEMENT_3D('',#11565,#9357,#9358);
#8510=AXIS2_PLACEMENT_3D('',#11567,#9360,#9361);
#8511=AXIS2_PLACEMENT_3D('',#11568,#9362,#9363);
#8512=AXIS2_PLACEMENT_3D('',#11570,#9364,#9365);
#8513=AXIS2_PLACEMENT_3D('',#11572,#9366,#9367);
#8514=AXIS2_PLACEMENT_3D('',#11573,#9368,#9369);
#8515=AXIS2_PLACEMENT_3D('',#11575,#9370,#9371);
#8516=AXIS2_PLACEMENT_3D('',#11576,#9372,#9373);
#8517=AXIS2_PLACEMENT_3D('',#11578,#9374,#9375);
#8518=AXIS2_PLACEMENT_3D('',#11579,#9376,#9377);
#8519=AXIS2_PLACEMENT_3D('',#11581,#9378,#9379);
#8520=AXIS2_PLACEMENT_3D('',#11582,#9380,#9381);
#8521=AXIS2_PLACEMENT_3D('',#11584,#9382,#9383);
#8522=AXIS2_PLACEMENT_3D('',#11585,#9384,#9385);
#8523=AXIS2_PLACEMENT_3D('',#11587,#9386,#9387);
#8524=AXIS2_PLACEMENT_3D('',#11588,#9388,#9389);
#8525=AXIS2_PLACEMENT_3D('',#11590,#9390,#9391);
#8526=AXIS2_PLACEMENT_3D('',#11591,#9392,#9393);
#8527=AXIS2_PLACEMENT_3D('',#11592,#9394,#9395);
#8528=AXIS2_PLACEMENT_3D('',#11593,#9396,#9397);
#8529=AXIS2_PLACEMENT_3D('',#11602,#9402,#9403);
#8530=AXIS2_PLACEMENT_3D('',#11608,#9407,#9408);
#8531=AXIS2_PLACEMENT_3D('',#11614,#9412,#9413);
#8532=AXIS2_PLACEMENT_3D('',#11615,#9414,#9415);
#8533=AXIS2_PLACEMENT_3D('',#11619,#9417,#9418);
#8534=AXIS2_PLACEMENT_3D('',#11620,#9419,#9420);
#8535=AXIS2_PLACEMENT_3D('',#11626,#9424,#9425);
#8536=AXIS2_PLACEMENT_3D('',#11632,#9429,#9430);
#8537=AXIS2_PLACEMENT_3D('',#11638,#9434,#9435);
#8538=AXIS2_PLACEMENT_3D('',#11639,#9436,#9437);
#8539=AXIS2_PLACEMENT_3D('',#11640,#9438,#9439);
#8540=AXIS2_PLACEMENT_3D('',#11641,#9440,#9441);
#8541=AXIS2_PLACEMENT_3D('',#11642,#9442,#9443);
#8542=AXIS2_PLACEMENT_3D('',#11643,#9444,#9445);
#8543=AXIS2_PLACEMENT_3D('',#11648,#9447,#9448);
#8544=AXIS2_PLACEMENT_3D('',#11651,#9450,#9451);
#8545=AXIS2_PLACEMENT_3D('',#11657,#9455,#9456);
#8546=AXIS2_PLACEMENT_3D('',#11658,#9457,#9458);
#8547=AXIS2_PLACEMENT_3D('',#11662,#9460,#9461);
#8548=AXIS2_PLACEMENT_3D('',#11663,#9462,#9463);
#8549=AXIS2_PLACEMENT_3D('',#11664,#9464,#9465);
#8550=AXIS2_PLACEMENT_3D('',#11669,#9467,#9468);
#8551=AXIS2_PLACEMENT_3D('',#11672,#9470,#9471);
#8552=AXIS2_PLACEMENT_3D('',#11678,#9475,#9476);
#8553=AXIS2_PLACEMENT_3D('',#11679,#9477,#9478);
#8554=AXIS2_PLACEMENT_3D('',#11683,#9480,#9481);
#8555=AXIS2_PLACEMENT_3D('',#11684,#9482,#9483);
#8556=AXIS2_PLACEMENT_3D('',#11685,#9484,#9485);
#8557=AXIS2_PLACEMENT_3D('',#11690,#9487,#9488);
#8558=AXIS2_PLACEMENT_3D('',#11693,#9490,#9491);
#8559=AXIS2_PLACEMENT_3D('',#11699,#9495,#9496);
#8560=AXIS2_PLACEMENT_3D('',#11700,#9497,#9498);
#8561=AXIS2_PLACEMENT_3D('',#11704,#9500,#9501);
#8562=AXIS2_PLACEMENT_3D('',#11705,#9502,#9503);
#8563=AXIS2_PLACEMENT_3D('',#11706,#9504,#9505);
#8564=AXIS2_PLACEMENT_3D('',#11711,#9507,#9508);
#8565=AXIS2_PLACEMENT_3D('',#11714,#9510,#9511);
#8566=AXIS2_PLACEMENT_3D('',#11720,#9515,#9516);
#8567=AXIS2_PLACEMENT_3D('',#11721,#9517,#9518);
#8568=AXIS2_PLACEMENT_3D('',#11725,#9520,#9521);
#8569=AXIS2_PLACEMENT_3D('',#11726,#9522,#9523);
#8570=AXIS2_PLACEMENT_3D('',#11727,#9524,#9525);
#8571=AXIS2_PLACEMENT_3D('',#11732,#9527,#9528);
#8572=AXIS2_PLACEMENT_3D('',#11735,#9530,#9531);
#8573=AXIS2_PLACEMENT_3D('',#11741,#9535,#9536);
#8574=AXIS2_PLACEMENT_3D('',#11742,#9537,#9538);
#8575=AXIS2_PLACEMENT_3D('',#11746,#9540,#9541);
#8576=AXIS2_PLACEMENT_3D('',#11747,#9542,#9543);
#8577=AXIS2_PLACEMENT_3D('',#11753,#9547,#9548);
#8578=AXIS2_PLACEMENT_3D('',#11757,#9551,#9552);
#8579=AXIS2_PLACEMENT_3D('',#11761,#9555,#9556);
#8580=AXIS2_PLACEMENT_3D('',#11771,#9562,#9563);
#8581=AXIS2_PLACEMENT_3D('',#11777,#9567,#9568);
#8582=AXIS2_PLACEMENT_3D('',#11781,#9571,#9572);
#8583=AXIS2_PLACEMENT_3D('',#11785,#9575,#9576);
#8584=AXIS2_PLACEMENT_3D('',#11795,#9582,#9583);
#8585=AXIS2_PLACEMENT_3D('',#11801,#9587,#9588);
#8586=AXIS2_PLACEMENT_3D('',#11805,#9591,#9592);
#8587=AXIS2_PLACEMENT_3D('',#11809,#9595,#9596);
#8588=AXIS2_PLACEMENT_3D('',#11819,#9602,#9603);
#8589=AXIS2_PLACEMENT_3D('',#11825,#9607,#9608);
#8590=AXIS2_PLACEMENT_3D('',#11829,#9611,#9612);
#8591=AXIS2_PLACEMENT_3D('',#11833,#9615,#9616);
#8592=AXIS2_PLACEMENT_3D('',#11843,#9622,#9623);
#8593=AXIS2_PLACEMENT_3D('',#11849,#9627,#9628);
#8594=AXIS2_PLACEMENT_3D('',#11853,#9631,#9632);
#8595=AXIS2_PLACEMENT_3D('',#11857,#9635,#9636);
#8596=AXIS2_PLACEMENT_3D('',#11867,#9642,#9643);
#8597=AXIS2_PLACEMENT_3D('',#11868,#9644,#9645);
#8598=AXIS2_PLACEMENT_3D('',#11870,#9646,#9647);
#8599=AXIS2_PLACEMENT_3D('',#11871,#9648,#9649);
#8600=AXIS2_PLACEMENT_3D('',#11873,#9650,#9651);
#8601=AXIS2_PLACEMENT_3D('',#11874,#9652,#9653);
#8602=AXIS2_PLACEMENT_3D('',#11878,#9655,#9656);
#8603=AXIS2_PLACEMENT_3D('',#11879,#9657,#9658);
#8604=AXIS2_PLACEMENT_3D('',#11883,#9661,#9662);
#8605=AXIS2_PLACEMENT_3D('',#11891,#9667,#9668);
#8606=AXIS2_PLACEMENT_3D('',#11894,#9670,#9671);
#8607=AXIS2_PLACEMENT_3D('',#11895,#9672,#9673);
#8608=AXIS2_PLACEMENT_3D('',#11896,#9674,#9675);
#8609=AXIS2_PLACEMENT_3D('',#11899,#9677,#9678);
#8610=AXIS2_PLACEMENT_3D('',#11905,#9682,#9683);
#8611=AXIS2_PLACEMENT_3D('',#11906,#9684,#9685);
#8612=AXIS2_PLACEMENT_3D('',#11910,#9687,#9688);
#8613=AXIS2_PLACEMENT_3D('',#11911,#9689,#9690);
#8614=AXIS2_PLACEMENT_3D('',#11915,#9693,#9694);
#8615=AXIS2_PLACEMENT_3D('',#11923,#9699,#9700);
#8616=AXIS2_PLACEMENT_3D('',#11926,#9702,#9703);
#8617=AXIS2_PLACEMENT_3D('',#11927,#9704,#9705);
#8618=AXIS2_PLACEMENT_3D('',#11928,#9706,#9707);
#8619=AXIS2_PLACEMENT_3D('',#11931,#9709,#9710);
#8620=AXIS2_PLACEMENT_3D('',#11937,#9714,#9715);
#8621=AXIS2_PLACEMENT_3D('',#11938,#9716,#9717);
#8622=AXIS2_PLACEMENT_3D('',#11942,#9719,#9720);
#8623=AXIS2_PLACEMENT_3D('',#11943,#9721,#9722);
#8624=AXIS2_PLACEMENT_3D('',#11947,#9725,#9726);
#8625=AXIS2_PLACEMENT_3D('',#11955,#9731,#9732);
#8626=AXIS2_PLACEMENT_3D('',#11958,#9734,#9735);
#8627=AXIS2_PLACEMENT_3D('',#11959,#9736,#9737);
#8628=AXIS2_PLACEMENT_3D('',#11960,#9738,#9739);
#8629=AXIS2_PLACEMENT_3D('',#11963,#9741,#9742);
#8630=AXIS2_PLACEMENT_3D('',#11969,#9746,#9747);
#8631=AXIS2_PLACEMENT_3D('',#11973,#9749,#9750);
#8632=AXIS2_PLACEMENT_3D('',#11975,#9752,#9753);
#8633=AXIS2_PLACEMENT_3D('',#11976,#9754,#9755);
#8634=AXIS2_PLACEMENT_3D('',#11979,#9757,#9758);
#8635=AXIS2_PLACEMENT_3D('',#11987,#9763,#9764);
#8636=AXIS2_PLACEMENT_3D('',#11994,#9768,#9769);
#8637=AXIS2_PLACEMENT_3D('',#11995,#9770,#9771);
#8638=AXIS2_PLACEMENT_3D('',#11998,#9773,#9774);
#8639=AXIS2_PLACEMENT_3D('',#11999,#9775,#9776);
#8640=AXIS2_PLACEMENT_3D('',#12001,#9778,#9779);
#8641=AXIS2_PLACEMENT_3D('',#12005,#9781,#9782);
#8642=AXIS2_PLACEMENT_3D('',#12007,#9784,#9785);
#8643=AXIS2_PLACEMENT_3D('',#12008,#9786,#9787);
#8644=AXIS2_PLACEMENT_3D('',#12011,#9789,#9790);
#8645=AXIS2_PLACEMENT_3D('',#12019,#9795,#9796);
#8646=AXIS2_PLACEMENT_3D('',#12026,#9800,#9801);
#8647=AXIS2_PLACEMENT_3D('',#12027,#9802,#9803);
#8648=AXIS2_PLACEMENT_3D('',#12030,#9805,#9806);
#8649=AXIS2_PLACEMENT_3D('',#12031,#9807,#9808);
#8650=AXIS2_PLACEMENT_3D('',#12033,#9810,#9811);
#8651=AXIS2_PLACEMENT_3D('',#12042,#9816,#9817);
#8652=AXIS2_PLACEMENT_3D('',#12051,#9822,#9823);
#8653=AXIS2_PLACEMENT_3D('',#12060,#9828,#9829);
#8654=AXIS2_PLACEMENT_3D('',#12069,#9834,#9835);
#8655=AXIS2_PLACEMENT_3D('',#12078,#9840,#9841);
#8656=AXIS2_PLACEMENT_3D('',#12087,#9846,#9847);
#8657=AXIS2_PLACEMENT_3D('',#12088,#9848,#9849);
#8658=AXIS2_PLACEMENT_3D('',#12090,#9850,#9851);
#8659=AXIS2_PLACEMENT_3D('',#12091,#9852,#9853);
#8660=AXIS2_PLACEMENT_3D('',#12093,#9854,#9855);
#8661=AXIS2_PLACEMENT_3D('',#12099,#9859,#9860);
#8662=AXIS2_PLACEMENT_3D('',#12103,#9863,#9864);
#8663=AXIS2_PLACEMENT_3D('',#12107,#9867,#9868);
#8664=AXIS2_PLACEMENT_3D('',#12109,#9870,#9871);
#8665=AXIS2_PLACEMENT_3D('',#12115,#9875,#9876);
#8666=AXIS2_PLACEMENT_3D('',#12119,#9879,#9880);
#8667=AXIS2_PLACEMENT_3D('',#12123,#9883,#9884);
#8668=AXIS2_PLACEMENT_3D('',#12125,#9886,#9887);
#8669=AXIS2_PLACEMENT_3D('',#12131,#9891,#9892);
#8670=AXIS2_PLACEMENT_3D('',#12135,#9895,#9896);
#8671=AXIS2_PLACEMENT_3D('',#12139,#9899,#9900);
#8672=AXIS2_PLACEMENT_3D('',#12141,#9902,#9903);
#8673=AXIS2_PLACEMENT_3D('',#12147,#9907,#9908);
#8674=AXIS2_PLACEMENT_3D('',#12155,#9913,#9914);
#8675=AXIS2_PLACEMENT_3D('',#12156,#9915,#9916);
#8676=AXIS2_PLACEMENT_3D('',#12157,#9917,#9918);
#8677=AXIS2_PLACEMENT_3D('',#12161,#9921,#9922);
#8678=AXIS2_PLACEMENT_3D('',#12167,#9926,#9927);
#8679=AXIS2_PLACEMENT_3D('',#12171,#9930,#9931);
#8680=AXIS2_PLACEMENT_3D('',#12175,#9934,#9935);
#8681=AXIS2_PLACEMENT_3D('',#12177,#9937,#9938);
#8682=AXIS2_PLACEMENT_3D('',#12183,#9942,#9943);
#8683=AXIS2_PLACEMENT_3D('',#12187,#9946,#9947);
#8684=AXIS2_PLACEMENT_3D('',#12191,#9950,#9951);
#8685=AXIS2_PLACEMENT_3D('',#12193,#9953,#9954);
#8686=AXIS2_PLACEMENT_3D('',#12199,#9958,#9959);
#8687=AXIS2_PLACEMENT_3D('',#12207,#9964,#9965);
#8688=AXIS2_PLACEMENT_3D('',#12208,#9966,#9967);
#8689=AXIS2_PLACEMENT_3D('',#12209,#9968,#9969);
#8690=AXIS2_PLACEMENT_3D('',#12213,#9972,#9973);
#8691=AXIS2_PLACEMENT_3D('',#12214,#9974,#9975);
#8692=AXIS2_PLACEMENT_3D('',#12215,#9976,#9977);
#8693=AXIS2_PLACEMENT_3D('',#12219,#9980,#9981);
#8694=AXIS2_PLACEMENT_3D('',#12223,#9983,#9984);
#8695=AXIS2_PLACEMENT_3D('',#12227,#9987,#9988);
#8696=AXIS2_PLACEMENT_3D('',#12228,#9989,#9990);
#8697=AXIS2_PLACEMENT_3D('',#12232,#9993,#9994);
#8698=AXIS2_PLACEMENT_3D('',#12236,#9996,#9997);
#8699=AXIS2_PLACEMENT_3D('',#12240,#10000,#10001);
#8700=AXIS2_PLACEMENT_3D('',#12242,#10003,#10004);
#8701=AXIS2_PLACEMENT_3D('',#12244,#10006,#10007);
#8702=AXIS2_PLACEMENT_3D('',#12246,#10009,#10010);
#8703=AXIS2_PLACEMENT_3D('',#12248,#10012,#10013);
#8704=AXIS2_PLACEMENT_3D('',#12249,#10014,#10015);
#8705=AXIS2_PLACEMENT_3D('',#12251,#10017,#10018);
#8706=AXIS2_PLACEMENT_3D('',#12253,#10020,#10021);
#8707=AXIS2_PLACEMENT_3D('',#12254,#10022,#10023);
#8708=AXIS2_PLACEMENT_3D('',#12256,#10025,#10026);
#8709=AXIS2_PLACEMENT_3D('',#12258,#10028,#10029);
#8710=AXIS2_PLACEMENT_3D('',#12260,#10031,#10032);
#8711=AXIS2_PLACEMENT_3D('',#12262,#10034,#10035);
#8712=AXIS2_PLACEMENT_3D('',#12263,#10036,#10037);
#8713=AXIS2_PLACEMENT_3D('',#12265,#10039,#10040);
#8714=AXIS2_PLACEMENT_3D('',#12267,#10042,#10043);
#8715=AXIS2_PLACEMENT_3D('',#12268,#10044,#10045);
#8716=AXIS2_PLACEMENT_3D('',#12269,#10046,#10047);
#8717=AXIS2_PLACEMENT_3D('',#12270,#10048,#10049);
#8718=AXIS2_PLACEMENT_3D('',#12271,#10050,#10051);
#8719=AXIS2_PLACEMENT_3D('',#12272,#10052,#10053);
#8720=AXIS2_PLACEMENT_3D('',#12273,#10054,#10055);
#8721=AXIS2_PLACEMENT_3D('',#12275,#10057,#10058);
#8722=AXIS2_PLACEMENT_3D('',#12276,#10059,#10060);
#8723=AXIS2_PLACEMENT_3D('',#12278,#10062,#10063);
#8724=AXIS2_PLACEMENT_3D('',#12280,#10065,#10066);
#8725=AXIS2_PLACEMENT_3D('',#12281,#10067,#10068);
#8726=AXIS2_PLACEMENT_3D('',#12282,#10069,#10070);
#8727=AXIS2_PLACEMENT_3D('',#12283,#10071,#10072);
#8728=AXIS2_PLACEMENT_3D('',#12284,#10073,#10074);
#8729=AXIS2_PLACEMENT_3D('',#12285,#10075,#10076);
#8730=AXIS2_PLACEMENT_3D('',#12286,#10077,#10078);
#8731=AXIS2_PLACEMENT_3D('',#12287,#10079,#10080);
#8732=AXIS2_PLACEMENT_3D('',#12288,#10081,#10082);
#8733=AXIS2_PLACEMENT_3D('',#12289,#10083,#10084);
#8734=AXIS2_PLACEMENT_3D('',#12290,#10085,#10086);
#8735=AXIS2_PLACEMENT_3D('',#12295,#10088,#10089);
#8736=AXIS2_PLACEMENT_3D('',#12298,#10091,#10092);
#8737=AXIS2_PLACEMENT_3D('',#12299,#10093,#10094);
#8738=AXIS2_PLACEMENT_3D('',#12304,#10096,#10097);
#8739=AXIS2_PLACEMENT_3D('',#12307,#10099,#10100);
#8740=AXIS2_PLACEMENT_3D('',#12316,#10105,#10106);
#8741=AXIS2_PLACEMENT_3D('',#12325,#10111,#10112);
#8742=AXIS2_PLACEMENT_3D('',#12334,#10117,#10118);
#8743=AXIS2_PLACEMENT_3D('',#12343,#10123,#10124);
#8744=AXIS2_PLACEMENT_3D('',#12356,#10132,#10133);
#8745=AXIS2_PLACEMENT_3D('',#12369,#10141,#10142);
#8746=AXIS2_PLACEMENT_3D('',#12376,#10143,#10144);
#8747=AXIS2_PLACEMENT_3D('',#12378,#10145,#10146);
#8748=AXIS2_PLACEMENT_3D('',#12380,#10147,#10148);
#8749=AXIS2_PLACEMENT_3D('',#12381,#10149,#10150);
#8750=AXIS2_PLACEMENT_3D('',#12382,#10151,#10152);
#8751=AXIS2_PLACEMENT_3D('',#12390,#10153,#10154);
#8752=AXIS2_PLACEMENT_3D('',#12392,#10155,#10156);
#8753=AXIS2_PLACEMENT_3D('',#12393,#10157,#10158);
#8754=AXIS2_PLACEMENT_3D('',#12397,#10161,#10162);
#8755=AXIS2_PLACEMENT_3D('',#12401,#10164,#10165);
#8756=AXIS2_PLACEMENT_3D('',#12407,#10169,#10170);
#8757=AXIS2_PLACEMENT_3D('',#12411,#10172,#10173);
#8758=AXIS2_PLACEMENT_3D('',#12427,#10181,#10182);
#8759=AXIS2_PLACEMENT_3D('',#12431,#10184,#10185);
#8760=AXIS2_PLACEMENT_3D('',#12432,#10186,#10187);
#8761=AXIS2_PLACEMENT_3D('',#12439,#10188,#10189);
#8762=AXIS2_PLACEMENT_3D('',#12441,#10190,#10191);
#8763=AXIS2_PLACEMENT_3D('',#12443,#10192,#10193);
#8764=AXIS2_PLACEMENT_3D('',#12444,#10194,#10195);
#8765=AXIS2_PLACEMENT_3D('',#12445,#10196,#10197);
#8766=AXIS2_PLACEMENT_3D('',#12453,#10198,#10199);
#8767=AXIS2_PLACEMENT_3D('',#12455,#10200,#10201);
#8768=AXIS2_PLACEMENT_3D('',#12456,#10202,#10203);
#8769=AXIS2_PLACEMENT_3D('',#12462,#10207,#10208);
#8770=AXIS2_PLACEMENT_3D('',#12466,#10210,#10211);
#8771=AXIS2_PLACEMENT_3D('',#12470,#10214,#10215);
#8772=AXIS2_PLACEMENT_3D('',#12474,#10217,#10218);
#8773=AXIS2_PLACEMENT_3D('',#12490,#10226,#10227);
#8774=AXIS2_PLACEMENT_3D('',#12494,#10229,#10230);
#8775=AXIS2_PLACEMENT_3D('',#12495,#10231,#10232);
#8776=AXIS2_PLACEMENT_3D('',#12496,#10233,#10234);
#8777=AXIS2_PLACEMENT_3D('',#12500,#10236,#10237);
#8778=AXIS2_PLACEMENT_3D('',#12516,#10245,#10246);
#8779=AXIS2_PLACEMENT_3D('',#12520,#10248,#10249);
#8780=AXIS2_PLACEMENT_3D('',#12523,#10251,#10252);
#8781=AXIS2_PLACEMENT_3D('',#12543,#10263,#10264);
#8782=AXIS2_PLACEMENT_3D('',#12547,#10266,#10267);
#8783=AXIS2_PLACEMENT_3D('',#12548,#10268,#10269);
#8784=AXIS2_PLACEMENT_3D('',#12553,#10272,#10273);
#8785=AXIS2_PLACEMENT_3D('',#12557,#10275,#10276);
#8786=AXIS2_PLACEMENT_3D('',#12558,#10277,#10278);
#8787=AXIS2_PLACEMENT_3D('',#12559,#10279,#10280);
#8788=AXIS2_PLACEMENT_3D('',#12561,#10281,#10282);
#8789=AXIS2_PLACEMENT_3D('',#12562,#10283,#10284);
#8790=AXIS2_PLACEMENT_3D('',#12563,#10285,#10286);
#8791=AXIS2_PLACEMENT_3D('',#12564,#10287,#10288);
#8792=AXIS2_PLACEMENT_3D('',#12565,#10289,#10290);
#8793=AXIS2_PLACEMENT_3D('',#12568,#10292,#10293);
#8794=AXIS2_PLACEMENT_3D('',#12569,#10294,#10295);
#8795=AXIS2_PLACEMENT_3D('',#12570,#10296,#10297);
#8796=AXIS2_PLACEMENT_3D('',#12571,#10298,#10299);
#8797=AXIS2_PLACEMENT_3D('',#12572,#10300,#10301);
#8798=AXIS2_PLACEMENT_3D('',#12573,#10302,#10303);
#8799=AXIS2_PLACEMENT_3D('',#12574,#10304,#10305);
#8800=AXIS2_PLACEMENT_3D('',#12575,#10306,#10307);
#8801=AXIS2_PLACEMENT_3D('',#12576,#10308,#10309);
#8802=AXIS2_PLACEMENT_3D('',#12577,#10310,#10311);
#8803=AXIS2_PLACEMENT_3D('',#12579,#10313,#10314);
#8804=AXIS2_PLACEMENT_3D('',#12583,#10317,#10318);
#8805=AXIS2_PLACEMENT_3D('',#12587,#10320,#10321);
#8806=AXIS2_PLACEMENT_3D('',#12596,#10326,#10327);
#8807=AXIS2_PLACEMENT_3D('',#12600,#10329,#10330);
#8808=AXIS2_PLACEMENT_3D('',#12609,#10335,#10336);
#8809=AXIS2_PLACEMENT_3D('',#12611,#10338,#10339);
#8810=AXIS2_PLACEMENT_3D('',#12615,#10342,#10343);
#8811=AXIS2_PLACEMENT_3D('',#12619,#10345,#10346);
#8812=AXIS2_PLACEMENT_3D('',#12628,#10351,#10352);
#8813=AXIS2_PLACEMENT_3D('',#12632,#10354,#10355);
#8814=AXIS2_PLACEMENT_3D('',#12641,#10360,#10361);
#8815=AXIS2_PLACEMENT_3D('',#12659,#10371,#10372);
#8816=AXIS2_PLACEMENT_3D('',#12660,#10373,#10374);
#8817=AXIS2_PLACEMENT_3D('',#12664,#10376,#10377);
#8818=AXIS2_PLACEMENT_3D('',#12680,#10385,#10386);
#8819=AXIS2_PLACEMENT_3D('',#12684,#10388,#10389);
#8820=AXIS2_PLACEMENT_3D('',#12685,#10390,#10391);
#8821=AXIS2_PLACEMENT_3D('',#12689,#10393,#10394);
#8822=AXIS2_PLACEMENT_3D('',#12698,#10399,#10400);
#8823=AXIS2_PLACEMENT_3D('',#12702,#10402,#10403);
#8824=AXIS2_PLACEMENT_3D('',#12711,#10408,#10409);
#8825=AXIS2_PLACEMENT_3D('',#12714,#10412,#10413);
#8826=AXIS2_PLACEMENT_3D('',#12717,#10416,#10417);
#8827=AXIS2_PLACEMENT_3D('',#12724,#10421,#10422);
#8828=AXIS2_PLACEMENT_3D('',#12728,#10424,#10425);
#8829=AXIS2_PLACEMENT_3D('',#12735,#10429,#10430);
#8830=AXIS2_PLACEMENT_3D('',#12736,#10431,#10432);
#8831=AXIS2_PLACEMENT_3D('',#12737,#10433,#10434);
#8832=AXIS2_PLACEMENT_3D('',#12745,#10438,#10439);
#8833=AXIS2_PLACEMENT_3D('',#12749,#10441,#10442);
#8834=AXIS2_PLACEMENT_3D('',#12755,#10446,#10447);
#8835=AXIS2_PLACEMENT_3D('',#12764,#10452,#10453);
#8836=AXIS2_PLACEMENT_3D('',#12773,#10458,#10459);
#8837=AXIS2_PLACEMENT_3D('',#12779,#10463,#10464);
#8838=AXIS2_PLACEMENT_3D('',#12785,#10468,#10469);
#8839=AXIS2_PLACEMENT_3D('',#12787,#10471,#10472);
#8840=AXIS2_PLACEMENT_3D('',#12793,#10476,#10477);
#8841=AXIS2_PLACEMENT_3D('',#12795,#10479,#10480);
#8842=AXIS2_PLACEMENT_3D('',#12801,#10484,#10485);
#8843=AXIS2_PLACEMENT_3D('',#12802,#10486,#10487);
#8844=AXIS2_PLACEMENT_3D('',#12806,#10489,#10490);
#8845=AXIS2_PLACEMENT_3D('',#12807,#10491,#10492);
#8846=AXIS2_PLACEMENT_3D('',#12809,#10494,#10495);
#8847=AXIS2_PLACEMENT_3D('',#12815,#10499,#10500);
#8848=AXIS2_PLACEMENT_3D('',#12817,#10502,#10503);
#8849=AXIS2_PLACEMENT_3D('',#12823,#10507,#10508);
#8850=AXIS2_PLACEMENT_3D('',#12825,#10510,#10511);
#8851=AXIS2_PLACEMENT_3D('',#12828,#10513,#10514);
#8852=AXIS2_PLACEMENT_3D('',#12831,#10516,#10517);
#8853=AXIS2_PLACEMENT_3D('',#12832,#10518,#10519);
#8854=AXIS2_PLACEMENT_3D('',#12833,#10520,#10521);
#8855=AXIS2_PLACEMENT_3D('',#12837,#10523,#10524);
#8856=AXIS2_PLACEMENT_3D('',#12846,#10529,#10530);
#8857=AXIS2_PLACEMENT_3D('',#12850,#10532,#10533);
#8858=AXIS2_PLACEMENT_3D('',#12859,#10538,#10539);
#8859=AXIS2_PLACEMENT_3D('',#12860,#10540,#10541);
#8860=AXIS2_PLACEMENT_3D('',#12862,#10543,#10544);
#8861=AXIS2_PLACEMENT_3D('',#12867,#10547,#10548);
#8862=AXIS2_PLACEMENT_3D('',#12869,#10550,#10551);
#8863=AXIS2_PLACEMENT_3D('',#12871,#10553,#10554);
#8864=AXIS2_PLACEMENT_3D('',#12872,#10555,#10556);
#8865=AXIS2_PLACEMENT_3D('',#12877,#10559,#10560);
#8866=AXIS2_PLACEMENT_3D('',#12879,#10562,#10563);
#8867=AXIS2_PLACEMENT_3D('',#12880,#10564,#10565);
#8868=AXIS2_PLACEMENT_3D('',#12883,#10568,#10569);
#8869=AXIS2_PLACEMENT_3D('',#12885,#10571,#10572);
#8870=AXIS2_PLACEMENT_3D('',#12886,#10573,#10574);
#8871=AXIS2_PLACEMENT_3D('',#12891,#10577,#10578);
#8872=AXIS2_PLACEMENT_3D('',#12892,#10579,#10580);
#8873=AXIS2_PLACEMENT_3D('',#12894,#10582,#10583);
#8874=AXIS2_PLACEMENT_3D('',#12895,#10584,#10585);
#8875=AXIS2_PLACEMENT_3D('',#12896,#10586,#10587);
#8876=AXIS2_PLACEMENT_3D('',#12901,#10590,#10591);
#8877=AXIS2_PLACEMENT_3D('',#12902,#10592,#10593);
#8878=AXIS2_PLACEMENT_3D('',#12903,#10594,#10595);
#8879=AXIS2_PLACEMENT_3D('',#12904,#10596,#10597);
#8880=AXIS2_PLACEMENT_3D('',#12905,#10598,#10599);
#8881=AXIS2_PLACEMENT_3D('',#12908,#10602,#10603);
#8882=AXIS2_PLACEMENT_3D('',#12910,#10605,#10606);
#8883=AXIS2_PLACEMENT_3D('',#12912,#10608,#10609);
#8884=AXIS2_PLACEMENT_3D('',#12915,#10612,#10613);
#8885=AXIS2_PLACEMENT_3D('',#12917,#10615,#10616);
#8886=AXIS2_PLACEMENT_3D('',#12919,#10618,#10619);
#8887=AXIS2_PLACEMENT_3D('',#12920,#10620,#10621);
#8888=AXIS2_PLACEMENT_3D('',#12921,#10622,#10623);
#8889=AXIS2_PLACEMENT_3D('',#12923,#10625,#10626);
#8890=AXIS2_PLACEMENT_3D('',#12927,#10628,#10629);
#8891=AXIS2_PLACEMENT_3D('',#12931,#10631,#10632);
#8892=AXIS2_PLACEMENT_3D('',#12932,#10633,#10634);
#8893=AXIS2_PLACEMENT_3D('',#12934,#10636,#10637);
#8894=AXIS2_PLACEMENT_3D('',#12938,#10639,#10640);
#8895=AXIS2_PLACEMENT_3D('',#12942,#10642,#10643);
#8896=AXIS2_PLACEMENT_3D('',#12943,#10644,#10645);
#8897=AXIS2_PLACEMENT_3D('',#12945,#10647,#10648);
#8898=AXIS2_PLACEMENT_3D('',#12949,#10650,#10651);
#8899=AXIS2_PLACEMENT_3D('',#12953,#10653,#10654);
#8900=AXIS2_PLACEMENT_3D('',#12954,#10655,#10656);
#8901=AXIS2_PLACEMENT_3D('',#12956,#10658,#10659);
#8902=AXIS2_PLACEMENT_3D('',#12960,#10661,#10662);
#8903=AXIS2_PLACEMENT_3D('',#12964,#10664,#10665);
#8904=AXIS2_PLACEMENT_3D('',#12965,#10666,#10667);
#8905=AXIS2_PLACEMENT_3D('',#12970,#10668,#10669);
#8906=AXIS2_PLACEMENT_3D('',#12971,#10670,#10671);
#8907=AXIS2_PLACEMENT_3D('',#12976,#10672,#10673);
#8908=AXIS2_PLACEMENT_3D('',#12977,#10674,#10675);
#8909=AXIS2_PLACEMENT_3D('',#12982,#10676,#10677);
#8910=AXIS2_PLACEMENT_3D('',#12983,#10678,#10679);
#8911=AXIS2_PLACEMENT_3D('',#12988,#10680,#10681);
#8912=AXIS2_PLACEMENT_3D('',#12989,#10682,#10683);
#8913=AXIS2_PLACEMENT_3D('',#12994,#10684,#10685);
#8914=AXIS2_PLACEMENT_3D('',#12995,#10686,#10687);
#8915=AXIS2_PLACEMENT_3D('',#13000,#10688,#10689);
#8916=AXIS2_PLACEMENT_3D('',#13001,#10690,#10691);
#8917=AXIS2_PLACEMENT_3D('',#13006,#10692,#10693);
#8918=AXIS2_PLACEMENT_3D('',#13007,#10694,#10695);
#8919=AXIS2_PLACEMENT_3D('',#13012,#10696,#10697);
#8920=AXIS2_PLACEMENT_3D('',#13013,#10698,#10699);
#8921=AXIS2_PLACEMENT_3D('',#13016,#10701,#10702);
#8922=AXIS2_PLACEMENT_3D('',#13020,#10704,#10705);
#8923=AXIS2_PLACEMENT_3D('',#13023,#10707,#10708);
#8924=AXIS2_PLACEMENT_3D('',#13024,#10709,#10710);
#8925=AXIS2_PLACEMENT_3D('',#13025,#10711,#10712);
#8926=AXIS2_PLACEMENT_3D('',#13026,#10713,#10714);
#8927=AXIS2_PLACEMENT_3D('',#13027,#10715,#10716);
#8928=AXIS2_PLACEMENT_3D('',#13028,#10717,#10718);
#8929=AXIS2_PLACEMENT_3D('',#13029,#10719,#10720);
#8930=AXIS2_PLACEMENT_3D('',#13030,#10721,#10722);
#8931=AXIS2_PLACEMENT_3D('',#13031,#10723,#10724);
#8932=AXIS2_PLACEMENT_3D('',#13032,#10725,#10726);
#8933=AXIS2_PLACEMENT_3D('',#13033,#10727,#10728);
#8934=AXIS2_PLACEMENT_3D('',#13034,#10729,#10730);
#8935=AXIS2_PLACEMENT_3D('',#13035,#10731,#10732);
#8936=AXIS2_PLACEMENT_3D('',#13036,#10733,#10734);
#8937=AXIS2_PLACEMENT_3D('',#13037,#10735,#10736);
#8938=AXIS2_PLACEMENT_3D('',#13040,#10739,#10740);
#8939=AXIS2_PLACEMENT_3D('',#13041,#10741,#10742);
#8940=AXIS2_PLACEMENT_3D('',#13044,#10745,#10746);
#8941=AXIS2_PLACEMENT_3D('',#13045,#10747,#10748);
#8942=AXIS2_PLACEMENT_3D('',#13046,#10749,#10750);
#8943=AXIS2_PLACEMENT_3D('',#13047,#10751,#10752);
#8944=AXIS2_PLACEMENT_3D('',#13048,#10753,#10754);
#8945=AXIS2_PLACEMENT_3D('',#13049,#10755,#10756);
#8946=AXIS2_PLACEMENT_3D('',#13051,#10758,#10759);
#8947=AXIS2_PLACEMENT_3D('',#13053,#10761,#10762);
#8948=AXIS2_PLACEMENT_3D('',#13054,#10763,#10764);
#8949=AXIS2_PLACEMENT_3D('',#13056,#10765,#10766);
#8950=AXIS2_PLACEMENT_3D('',#13060,#10768,#10769);
#8951=AXIS2_PLACEMENT_3D('',#13063,#10771,#10772);
#8952=AXIS2_PLACEMENT_3D('',#13065,#10774,#10775);
#8953=AXIS2_PLACEMENT_3D('',#13067,#10777,#10778);
#8954=AXIS2_PLACEMENT_3D('',#13069,#10780,#10781);
#8955=AXIS2_PLACEMENT_3D('',#13071,#10783,#10784);
#8956=AXIS2_PLACEMENT_3D('',#13072,#10785,#10786);
#8957=AXIS2_PLACEMENT_3D('',#13074,#10788,#10789);
#8958=AXIS2_PLACEMENT_3D('',#13078,#10791,#10792);
#8959=AXIS2_PLACEMENT_3D('',#13082,#10794,#10795);
#8960=AXIS2_PLACEMENT_3D('',#13084,#10797,#10798);
#8961=AXIS2_PLACEMENT_3D('',#13085,#10799,#10800);
#8962=AXIS2_PLACEMENT_3D('',#13088,#10803,#10804);
#8963=AXIS2_PLACEMENT_3D('',#13089,#10805,#10806);
#8964=AXIS2_PLACEMENT_3D('',#13090,#10807,#10808);
#8965=AXIS2_PLACEMENT_3D('',#13092,#10810,#10811);
#8966=AXIS2_PLACEMENT_3D('',#13094,#10813,#10814);
#8967=AXIS2_PLACEMENT_3D('',#13095,#10815,#10816);
#8968=AXIS2_PLACEMENT_3D('',#13097,#10818,#10819);
#8969=AXIS2_PLACEMENT_3D('',#13101,#10821,#10822);
#8970=AXIS2_PLACEMENT_3D('',#13103,#10824,#10825);
#8971=AXIS2_PLACEMENT_3D('',#13107,#10827,#10828);
#8972=AXIS2_PLACEMENT_3D('',#13108,#10829,#10830);
#8973=AXIS2_PLACEMENT_3D('',#13111,#10833,#10834);
#8974=AXIS2_PLACEMENT_3D('',#13113,#10836,#10837);
#8975=AXIS2_PLACEMENT_3D('',#13114,#10838,#10839);
#8976=AXIS2_PLACEMENT_3D('',#13115,#10840,#10841);
#8977=AXIS2_PLACEMENT_3D('',#13117,#10843,#10844);
#8978=AXIS2_PLACEMENT_3D('',#13118,#10845,#10846);
#8979=AXIS2_PLACEMENT_3D('',#13120,#10848,#10849);
#8980=AXIS2_PLACEMENT_3D('',#13124,#10851,#10852);
#8981=AXIS2_PLACEMENT_3D('',#13128,#10854,#10855);
#8982=AXIS2_PLACEMENT_3D('',#13130,#10857,#10858);
#8983=AXIS2_PLACEMENT_3D('',#13131,#10859,#10860);
#8984=AXIS2_PLACEMENT_3D('',#13134,#10863,#10864);
#8985=AXIS2_PLACEMENT_3D('',#13135,#10865,#10866);
#8986=AXIS2_PLACEMENT_3D('',#13136,#10867,#10868);
#8987=AXIS2_PLACEMENT_3D('',#13138,#10870,#10871);
#8988=AXIS2_PLACEMENT_3D('',#13140,#10873,#10874);
#8989=AXIS2_PLACEMENT_3D('',#13141,#10875,#10876);
#8990=AXIS2_PLACEMENT_3D('',#13142,#10877,#10878);
#8991=AXIS2_PLACEMENT_3D('',#13143,#10879,#10880);
#8992=AXIS2_PLACEMENT_3D('',#13144,#10881,#10882);
#8993=DIRECTION('',(0.,0.,1.));
#8994=DIRECTION('',(1.,0.,0.));
#8995=DIRECTION('',(0.,-1.,0.));
#8996=DIRECTION('',(0.,0.,-1.));
#8997=DIRECTION('',(0.,0.,1.));
#8998=DIRECTION('',(-1.,0.,0.));
#8999=DIRECTION('',(0.,0.,1.));
#9000=DIRECTION('',(1.,0.,0.));
#9001=DIRECTION('',(0.,0.,1.));
#9002=DIRECTION('',(1.,0.,0.));
#9003=DIRECTION('',(0.,0.,1.));
#9004=DIRECTION('',(0.,0.,1.));
#9005=DIRECTION('',(1.,0.,0.));
#9006=DIRECTION('',(0.,0.,1.));
#9007=DIRECTION('',(0.,0.,-1.));
#9008=DIRECTION('',(-1.,0.,0.));
#9009=DIRECTION('',(-1.,-1.05155393591368E-15,0.));
#9010=DIRECTION('',(1.05155393591368E-15,-1.,0.));
#9011=DIRECTION('',(0.,0.,1.));
#9012=DIRECTION('',(-1.05155393591368E-15,1.,0.));
#9013=DIRECTION('',(0.,0.,1.));
#9014=DIRECTION('',(1.05155393591368E-15,-1.,0.));
#9015=DIRECTION('',(0.,0.,1.));
#9016=DIRECTION('',(1.,0.,0.));
#9017=DIRECTION('',(0.,0.,1.));
#9018=DIRECTION('',(0.,0.,1.));
#9019=DIRECTION('',(1.,0.,0.));
#9020=DIRECTION('',(0.,0.,-1.));
#9021=DIRECTION('',(0.,1.,0.));
#9022=DIRECTION('',(0.,1.,0.));
#9023=DIRECTION('',(0.,0.,1.));
#9024=DIRECTION('',(0.,0.,1.));
#9025=DIRECTION('',(1.,0.,0.));
#9026=DIRECTION('',(-1.,0.,0.));
#9027=DIRECTION('',(0.,0.,1.));
#9028=DIRECTION('',(1.,0.,0.));
#9029=DIRECTION('',(0.,0.,1.));
#9030=DIRECTION('',(0.,0.,1.));
#9031=DIRECTION('',(1.,0.,0.));
#9032=DIRECTION('',(0.,0.,-1.));
#9033=DIRECTION('',(0.,-1.,0.));
#9034=DIRECTION('',(1.,0.,0.));
#9035=DIRECTION('',(0.,0.,-1.));
#9036=DIRECTION('',(0.,0.,1.));
#9037=DIRECTION('',(0.,-1.,0.));
#9038=DIRECTION('',(0.,1.,0.));
#9039=DIRECTION('',(0.,0.,1.));
#9040=DIRECTION('',(1.,0.,0.));
#9041=DIRECTION('',(0.,0.,1.));
#9042=DIRECTION('',(0.,0.,1.));
#9043=DIRECTION('',(1.,0.,0.));
#9044=DIRECTION('',(0.,0.,1.));
#9045=DIRECTION('',(0.,0.,-1.));
#9046=DIRECTION('',(-1.,0.,0.));
#9047=DIRECTION('',(0.,-1.,0.));
#9048=DIRECTION('',(0.,0.,-1.));
#9049=DIRECTION('',(0.,0.,1.));
#9050=DIRECTION('',(-1.,0.,0.));
#9051=DIRECTION('',(0.,0.,1.));
#9052=DIRECTION('',(1.,0.,0.));
#9053=DIRECTION('',(1.,8.40337648187678E-16,0.));
#9054=DIRECTION('',(-8.40337648187678E-16,1.,0.));
#9055=DIRECTION('',(0.,0.,1.));
#9056=DIRECTION('',(8.40337648187678E-16,-1.,0.));
#9057=DIRECTION('',(-8.40337648187678E-16,1.,0.));
#9058=DIRECTION('',(0.,1.,0.));
#9059=DIRECTION('',(0.,0.,1.));
#9060=DIRECTION('',(0.,0.,1.));
#9061=DIRECTION('',(1.,0.,0.));
#9062=DIRECTION('',(-1.,0.,0.));
#9063=DIRECTION('',(0.,0.,1.));
#9064=DIRECTION('',(1.,0.,0.));
#9065=DIRECTION('',(0.,0.,1.));
#9066=DIRECTION('',(0.,0.,1.));
#9067=DIRECTION('',(1.,0.,0.));
#9068=DIRECTION('',(0.,0.,1.));
#9069=DIRECTION('',(0.,0.,-1.));
#9070=DIRECTION('',(-1.,0.,0.));
#9071=DIRECTION('',(1.,1.05155393591369E-15,0.));
#9072=DIRECTION('',(-1.05155393591369E-15,1.,0.));
#9073=DIRECTION('',(0.,0.,1.));
#9074=DIRECTION('',(1.05155393591369E-15,-1.,0.));
#9075=DIRECTION('',(0.,0.,1.));
#9076=DIRECTION('',(-1.05155393591369E-15,1.,0.));
#9077=DIRECTION('',(0.,0.,1.));
#9078=DIRECTION('',(1.,0.,0.));
#9079=DIRECTION('',(0.,0.,1.));
#9080=DIRECTION('',(0.,0.,1.));
#9081=DIRECTION('',(1.,0.,0.));
#9082=DIRECTION('',(0.,0.,-1.));
#9083=DIRECTION('',(0.,-1.,0.));
#9084=DIRECTION('',(-1.63051656603918E-16,-1.,0.));
#9085=DIRECTION('',(1.,-1.63051656603918E-16,0.));
#9086=DIRECTION('',(0.,0.,1.));
#9087=DIRECTION('',(-1.,1.63051656603918E-16,0.));
#9088=DIRECTION('',(1.,-1.63051656603918E-16,0.));
#9089=DIRECTION('',(0.,0.,1.));
#9090=DIRECTION('',(1.,0.,0.));
#9091=DIRECTION('',(0.,0.,1.));
#9092=DIRECTION('',(0.,0.,1.));
#9093=DIRECTION('',(1.,0.,0.));
#9094=DIRECTION('',(0.,0.,-1.));
#9095=DIRECTION('',(0.,-1.,0.));
#9096=DIRECTION('',(-1.,0.,0.));
#9097=DIRECTION('',(0.,0.,1.));
#9098=DIRECTION('',(0.,0.,1.));
#9099=DIRECTION('',(0.,1.,0.));
#9100=DIRECTION('',(0.,-1.,0.));
#9101=DIRECTION('',(0.,0.,1.));
#9102=DIRECTION('',(1.,0.,0.));
#9103=DIRECTION('',(0.,0.,1.));
#9104=DIRECTION('',(0.,0.,1.));
#9105=DIRECTION('',(1.,0.,0.));
#9106=DIRECTION('',(0.,0.,1.));
#9107=DIRECTION('',(0.,0.,-1.));
#9108=DIRECTION('',(-1.,0.,0.));
#9109=DIRECTION('',(0.,1.,0.));
#9110=DIRECTION('',(0.,0.,1.));
#9111=DIRECTION('',(0.,0.,1.));
#9112=DIRECTION('',(1.,0.,0.));
#9113=DIRECTION('',(0.,0.,1.));
#9114=DIRECTION('',(-1.,0.,0.));
#9115=DIRECTION('',(-1.,1.86741699597262E-16,0.));
#9116=DIRECTION('',(-1.86741699597262E-16,-1.,0.));
#9117=DIRECTION('',(1.86741699597262E-16,1.,0.));
#9118=DIRECTION('',(-1.86741699597262E-16,-1.,0.));
#9119=DIRECTION('',(-6.17285238585653E-33,-1.11200222819026E-16,1.));
#9120=DIRECTION('',(0.,-1.,-1.11200222819026E-16));
#9121=DIRECTION('',(-6.17285238585653E-33,-1.11200222819026E-16,1.));
#9122=DIRECTION('',(-6.17285238585653E-33,-1.11200222819026E-16,1.));
#9123=DIRECTION('',(0.,-1.,-1.11200222819026E-16));
#9124=DIRECTION('',(1.23852110269825E-32,-1.11200222819026E-16,1.));
#9125=DIRECTION('',(-6.17285238585653E-33,-1.11200222819026E-16,1.));
#9126=DIRECTION('',(0.,-1.,-1.11200222819026E-16));
#9127=DIRECTION('',(-6.17285238585653E-33,-1.11200222819026E-16,1.));
#9128=DIRECTION('',(0.,-1.,-1.11200222819026E-16));
#9129=DIRECTION('',(-6.17285238585653E-33,-1.11200222819026E-16,1.));
#9130=DIRECTION('',(-6.17285238585653E-33,-1.11200222819026E-16,1.));
#9131=DIRECTION('',(0.,-1.,-1.11200222819026E-16));
#9132=DIRECTION('',(0.,-1.11200222819026E-16,1.));
#9133=DIRECTION('',(-6.17285238585653E-33,-1.11200222819026E-16,1.));
#9134=DIRECTION('',(0.,-1.,-1.11200222819026E-16));
#9135=DIRECTION('',(-6.17285238585653E-33,-1.11200222819026E-16,1.));
#9136=DIRECTION('',(0.,-1.,-1.11200222819026E-16));
#9137=DIRECTION('',(-6.17285238585653E-33,-1.11200222819026E-16,1.));
#9138=DIRECTION('',(0.,-1.,-1.11200222819026E-16));
#9139=DIRECTION('',(-6.17285238585653E-33,-1.11200222819026E-16,1.));
#9140=DIRECTION('',(0.,-1.,-1.11200222819026E-16));
#9141=DIRECTION('',(-6.17285238585653E-33,-1.11200222819026E-16,1.));
#9142=DIRECTION('',(0.,-1.,-1.11200222819026E-16));
#9143=DIRECTION('',(-6.17285238585653E-33,-1.11200222819026E-16,1.));
#9144=DIRECTION('',(0.,-1.,-1.11200222819026E-16));
#9145=DIRECTION('',(-6.17285238585653E-33,-1.11200222819026E-16,1.));
#9146=DIRECTION('',(0.,-1.,-1.11200222819026E-16));
#9147=DIRECTION('',(-6.17285238585653E-33,-1.11200222819026E-16,1.));
#9148=DIRECTION('',(0.,-1.,-1.11200222819026E-16));
#9149=DIRECTION('',(-6.17285238585653E-33,-1.11200222819026E-16,1.));
#9150=DIRECTION('',(0.,-1.,-1.11200222819026E-16));
#9151=DIRECTION('',(-6.17285238585653E-33,-1.11200222819026E-16,1.));
#9152=DIRECTION('',(0.,-1.,-1.11200222819026E-16));
#9153=DIRECTION('',(-6.17285238585653E-33,-1.11200222819026E-16,1.));
#9154=DIRECTION('',(0.,-1.,-1.11200222819026E-16));
#9155=DIRECTION('',(-6.17285238585653E-33,-1.11200222819026E-16,1.));
#9156=DIRECTION('',(0.,-1.,-1.11200222819026E-16));
#9157=DIRECTION('',(-6.17285238585653E-33,-1.11200222819026E-16,1.));
#9158=DIRECTION('',(0.,-1.,-1.11200222819026E-16));
#9159=DIRECTION('',(-6.17285238585653E-33,-1.11200222819026E-16,1.));
#9160=DIRECTION('',(0.,-1.,-1.11200222819026E-16));
#9161=DIRECTION('',(-6.17285238585653E-33,-1.11200222819026E-16,1.));
#9162=DIRECTION('',(0.,-1.,-1.11200222819026E-16));
#9163=DIRECTION('',(-6.17285238585653E-33,-1.11200222819026E-16,1.));
#9164=DIRECTION('',(0.,-1.,-1.11200222819026E-16));
#9165=DIRECTION('',(-6.17285238585653E-33,-1.11200222819026E-16,1.));
#9166=DIRECTION('',(0.,-1.,-1.11200222819026E-16));
#9167=DIRECTION('',(-6.17285238585653E-33,-1.11200222819026E-16,1.));
#9168=DIRECTION('',(0.,-1.,-1.11200222819026E-16));
#9169=DIRECTION('',(-6.17285238585653E-33,-1.11200222819026E-16,1.));
#9170=DIRECTION('',(0.,-1.,-1.11200222819026E-16));
#9171=DIRECTION('',(-6.17285238585653E-33,-1.11200222819026E-16,1.));
#9172=DIRECTION('',(0.,-1.,-1.11200222819026E-16));
#9173=DIRECTION('',(-6.17285238585653E-33,-1.11200222819026E-16,1.));
#9174=DIRECTION('',(0.,-1.,-1.11200222819026E-16));
#9175=DIRECTION('',(6.17285238585653E-33,1.11200222819026E-16,-1.));
#9176=DIRECTION('',(0.,1.,1.11200222819026E-16));
#9177=DIRECTION('',(-6.17285238585653E-33,-1.11200222819026E-16,1.));
#9178=DIRECTION('',(0.,-1.,-1.11200222819026E-16));
#9179=DIRECTION('',(-6.17285238585653E-33,-1.11200222819026E-16,1.));
#9180=DIRECTION('',(0.,-1.,-1.11200222819026E-16));
#9181=DIRECTION('',(-6.17285238585653E-33,-1.11200222819026E-16,1.));
#9182=DIRECTION('',(0.,-1.,-1.11200222819026E-16));
#9183=DIRECTION('',(-6.17285238585653E-33,-1.11200222819026E-16,1.));
#9184=DIRECTION('',(0.,-1.,-1.11200222819026E-16));
#9185=DIRECTION('',(-6.17285238585653E-33,-1.11200222819026E-16,1.));
#9186=DIRECTION('',(0.,-1.,-1.11200222819026E-16));
#9187=DIRECTION('',(-6.17285238585653E-33,-1.11200222819026E-16,1.));
#9188=DIRECTION('',(0.,-1.,-1.11200222819026E-16));
#9189=DIRECTION('',(-6.17285238585653E-33,-1.11200222819026E-16,1.));
#9190=DIRECTION('',(0.,-1.,-1.11200222819026E-16));
#9191=DIRECTION('',(-6.17285238585653E-33,-1.11200222819026E-16,1.));
#9192=DIRECTION('',(0.,-1.,-1.11200222819026E-16));
#9193=DIRECTION('',(-6.17285238585653E-33,-1.11200222819026E-16,1.));
#9194=DIRECTION('',(0.,-1.,-1.11200222819026E-16));
#9195=DIRECTION('',(6.17285238585653E-33,1.11200222819026E-16,-1.));
#9196=DIRECTION('',(0.,1.,1.11200222819026E-16));
#9197=DIRECTION('',(-6.17285238585653E-33,-1.11200222819026E-16,1.));
#9198=DIRECTION('',(0.,-1.,-1.11200222819026E-16));
#9199=DIRECTION('',(-6.17285238585653E-33,-1.11200222819026E-16,1.));
#9200=DIRECTION('',(0.,-1.,-1.11200222819026E-16));
#9201=DIRECTION('',(-6.17285238585653E-33,-1.11200222819026E-16,1.));
#9202=DIRECTION('',(0.,-1.,-1.11200222819026E-16));
#9203=DIRECTION('',(-6.17285238585653E-33,-1.11200222819026E-16,1.));
#9204=DIRECTION('',(0.,-1.,-1.11200222819026E-16));
#9205=DIRECTION('',(-6.17285238585653E-33,-1.11200222819026E-16,1.));
#9206=DIRECTION('',(0.,-1.,-1.11200222819026E-16));
#9207=DIRECTION('',(-6.17285238585653E-33,-1.11200222819026E-16,1.));
#9208=DIRECTION('',(0.,-1.,-1.11200222819026E-16));
#9209=DIRECTION('',(-6.17285238585653E-33,-1.11200222819026E-16,1.));
#9210=DIRECTION('',(0.,-1.,-1.11200222819026E-16));
#9211=DIRECTION('',(-6.17285238585653E-33,-1.11200222819026E-16,1.));
#9212=DIRECTION('',(0.,-1.,-1.11200222819026E-16));
#9213=DIRECTION('',(-6.17285238585653E-33,-1.11200222819026E-16,1.));
#9214=DIRECTION('',(0.,-1.,-1.11200222819026E-16));
#9215=DIRECTION('',(-6.17285238585653E-33,-1.11200222819026E-16,1.));
#9216=DIRECTION('',(0.,-1.,-1.11200222819026E-16));
#9217=DIRECTION('',(-6.17285238585653E-33,-1.11200222819026E-16,1.));
#9218=DIRECTION('',(0.,-1.11200222819026E-16,1.));
#9219=DIRECTION('',(-6.17285238585653E-33,-1.11200222819026E-16,1.));
#9220=DIRECTION('',(0.,-1.,-1.11200222819026E-16));
#9221=DIRECTION('',(-6.17285238585653E-33,-1.11200222819026E-16,1.));
#9222=DIRECTION('',(0.,-1.11200222819026E-16,1.));
#9223=DIRECTION('',(6.17285238585653E-33,1.11200222819026E-16,-1.));
#9224=DIRECTION('',(0.,1.,1.11200222819026E-16));
#9225=DIRECTION('',(1.,7.48361144490298E-49,6.17285238585653E-33));
#9226=DIRECTION('',(6.17285238585653E-33,1.11200222819026E-16,-1.));
#9227=DIRECTION('',(0.,1.,1.11200222819026E-16));
#9228=DIRECTION('',(-1.,2.99344457796119E-48,-6.17285238585653E-33));
#9229=DIRECTION('',(-6.17285238585653E-33,-1.11200222819026E-16,1.));
#9230=DIRECTION('',(0.,-1.,-1.11200222819026E-16));
#9231=DIRECTION('',(-6.16297582203915E-33,-1.11200222819026E-16,1.));
#9232=DIRECTION('',(-1.23259516440783E-32,-1.11200222819026E-16,1.));
#9233=DIRECTION('',(0.241458303696441,-0.970411195100323,-1.07909941121233E-16));
#9234=DIRECTION('',(0.970411195100323,0.241458303696442,-6.30814156037529E-17));
#9235=DIRECTION('',(-1.23259516440783E-32,-1.11200222819026E-16,1.));
#9236=DIRECTION('',(-1.23259516440783E-32,-1.11200222819026E-16,1.));
#9237=DIRECTION('',(-0.952106628982663,-0.305766196704721,-3.40012692040911E-17));
#9238=DIRECTION('',(0.305766196704721,-0.952106628982663,-4.66255149803114E-17));
#9239=DIRECTION('',(-6.17285238585653E-33,-1.11200222819026E-16,1.));
#9240=DIRECTION('',(0.,-1.,-1.11200222819026E-16));
#9241=DIRECTION('',(0.,-1.11200222819026E-16,1.));
#9242=DIRECTION('',(0.,-1.11200222819026E-16,1.));
#9243=DIRECTION('',(-0.438800500720001,-0.898584509419051,-9.99227976691237E-17));
#9244=DIRECTION('',(0.898584509419051,-0.438800500720001,-1.38726346229466E-16));
#9245=DIRECTION('',(0.,-1.11200222819026E-16,1.));
#9246=DIRECTION('',(-0.925898715091683,0.377771848331199,4.20083137091847E-17));
#9247=DIRECTION('',(-0.377771848331199,-0.925898715091683,-4.37111891160126E-17));
#9248=DIRECTION('',(-0.913739674125205,-0.406300145126191,-4.51806666694351E-17));
#9249=DIRECTION('',(0.406300145126191,-0.913739674125205,-1.91539688137608E-16));
#9250=DIRECTION('',(1.23852110269825E-32,-1.11200222819026E-16,1.));
#9251=DIRECTION('',(1.23852110269825E-32,-1.11200222819026E-16,1.));
#9252=DIRECTION('',(-0.466452502191308,0.884546247066521,9.83617397675305E-17));
#9253=DIRECTION('',(-0.884546247066521,-0.466452502191308,7.3793321318668E-18));
#9254=DIRECTION('',(-6.17285238585653E-33,-1.11200222819026E-16,1.));
#9255=DIRECTION('',(0.,-1.,-1.11200222819026E-16));
#9256=DIRECTION('',(-1.23259516440783E-32,-1.11200222819026E-16,1.));
#9257=DIRECTION('',(0.,-1.11200222819026E-16,1.));
#9258=DIRECTION('',(-0.961129898921918,0.276096572594345,3.07020003920606E-17));
#9259=DIRECTION('',(-0.276096572594345,-0.961129898921918,-1.96809491694447E-16));
#9260=DIRECTION('',(0.,-1.11200222819026E-16,1.));
#9261=DIRECTION('',(0.,-1.11200222819026E-16,1.));
#9262=DIRECTION('',(0.211252020526493,0.977431626162912,1.08690614619679E-16));
#9263=DIRECTION('',(-0.977431626162912,0.211252020526493,8.27402260635481E-17));
#9264=DIRECTION('',(-6.17285238585653E-33,-1.11200222819026E-16,1.));
#9265=DIRECTION('',(0.,-1.,-1.11200222819026E-16));
#9266=DIRECTION('',(-6.16297582203915E-33,-1.11200222819026E-16,1.));
#9267=DIRECTION('',(0.,-1.11200222819026E-16,1.));
#9268=DIRECTION('',(-0.241458303696442,0.970411195100323,1.07909941121233E-16));
#9269=DIRECTION('',(-0.970411195100323,-0.241458303696442,-1.1678184994885E-16));
#9270=DIRECTION('',(0.,-1.11200222819026E-16,1.));
#9271=DIRECTION('',(0.,-1.11200222819026E-16,1.));
#9272=DIRECTION('',(0.952106628982663,0.305766196704721,3.40012692040911E-17));
#9273=DIRECTION('',(-0.305766196704721,0.952106628982663,1.65123423600377E-16));
#9274=DIRECTION('',(-6.17285238585653E-33,-1.11200222819026E-16,1.));
#9275=DIRECTION('',(0.,-1.,-1.11200222819026E-16));
#9276=DIRECTION('',(-1.23259516440783E-32,-1.11200222819026E-16,1.));
#9277=DIRECTION('',(0.,-1.11200222819026E-16,1.));
#9278=DIRECTION('',(0.438800500720001,0.898584509419051,9.99227976691238E-17));
#9279=DIRECTION('',(-0.898584509419051,0.438800500720001,-4.1136919323137E-17));
#9280=DIRECTION('',(0.,-1.11200222819026E-16,1.));
#9281=DIRECTION('',(0.925898715091683,-0.377771848331199,-4.20083137091846E-17));
#9282=DIRECTION('',(0.377771848331199,0.925898715091683,1.62209097736078E-16));
#9283=DIRECTION('',(0.913739674125205,0.406300145126191,4.51806666694351E-17));
#9284=DIRECTION('',(-0.406300145126191,0.913739674125205,1.16764225850059E-17));
#9285=DIRECTION('',(0.,-1.11200222819026E-16,1.));
#9286=DIRECTION('',(0.,-1.11200222819026E-16,1.));
#9287=DIRECTION('',(0.466452502191309,-0.884546247066521,-9.83617397675305E-17));
#9288=DIRECTION('',(0.884546247066521,0.466452502191309,1.11118576488198E-16));
#9289=DIRECTION('',(-6.17285238585653E-33,-1.11200222819026E-16,1.));
#9290=DIRECTION('',(0.,-1.,-1.11200222819026E-16));
#9291=DIRECTION('',(0.,-1.11200222819026E-16,1.));
#9292=DIRECTION('',(-6.17285238585653E-33,-1.11200222819026E-16,1.));
#9293=DIRECTION('',(0.,-1.,-1.11200222819026E-16));
#9294=DIRECTION('',(0.,-1.11200222819026E-16,1.));
#9295=DIRECTION('',(-6.16297582203915E-33,-1.11200222819026E-16,1.));
#9296=DIRECTION('',(0.961129898921918,-0.276096572594345,-3.07020003920605E-17));
#9297=DIRECTION('',(0.276096572594345,0.961129898921918,1.69462261418441E-17));
#9298=DIRECTION('',(-6.16297582203915E-33,-1.11200222819026E-16,1.));
#9299=DIRECTION('',(-6.16297582203915E-33,-1.11200222819026E-16,1.));
#9300=DIRECTION('',(-0.211252020526493,-0.977431626162912,-1.08690614619679E-16));
#9301=DIRECTION('',(0.977431626162912,-0.211252020526493,3.5757682556517E-17));
#9302=DIRECTION('',(-6.17285238585653E-33,-1.11200222819026E-16,1.));
#9303=DIRECTION('',(0.,-1.,-1.11200222819026E-16));
#9304=DIRECTION('',(-6.17285238585653E-33,-1.11200222819026E-16,1.));
#9305=DIRECTION('',(-6.16297582203915E-33,-1.11200222819026E-16,1.));
#9306=DIRECTION('',(0.558796762244074,-0.829304635526378,-9.22188602553845E-17));
#9307=DIRECTION('',(0.829304635526378,0.558796762244075,-2.77933083042098E-17));
#9308=DIRECTION('',(-6.16297582203915E-33,-1.11200222819026E-16,1.));
#9309=DIRECTION('',(-0.790109375035262,-0.612965884435168,-6.81619429296521E-17));
#9310=DIRECTION('',(0.612965884435168,-0.790109375035262,-2.861138424529E-17));
#9311=DIRECTION('',(-6.17285238585653E-33,-1.11200222819026E-16,1.));
#9312=DIRECTION('',(0.,-1.,-1.11200222819026E-16));
#9313=DIRECTION('',(0.,-1.11200222819026E-16,1.));
#9314=DIRECTION('',(-0.105003589822017,-0.994471842801238,-1.10585490506745E-16));
#9315=DIRECTION('',(0.994471842801238,-0.105003589822017,-1.01608055361307E-16));
#9316=DIRECTION('',(0.,-1.11200222819026E-16,1.));
#9317=DIRECTION('',(-0.999265771877448,0.0383134069767705,4.26045939277291E-18));
#9318=DIRECTION('',(-0.0383134069767705,-0.999265771877448,-5.18696221781658E-17));
#9319=DIRECTION('',(-6.17285238585653E-33,-1.11200222819026E-16,1.));
#9320=DIRECTION('',(0.,-1.,-1.11200222819026E-16));
#9321=DIRECTION('',(-1.23259516440783E-32,-1.11200222819026E-16,1.));
#9322=DIRECTION('',(-0.997597262964076,-0.069279873892673,-7.70393741373926E-18));
#9323=DIRECTION('',(0.069279873892673,-0.997597262964076,-2.00864670701557E-16));
#9324=DIRECTION('',(-1.23259516440783E-32,-1.11200222819026E-16,1.));
#9325=DIRECTION('',(-0.135789340056422,0.990737732766367,1.10170256638837E-16));
#9326=DIRECTION('',(-0.990737732766367,-0.135789340056422,4.414914943931E-17));
#9327=DIRECTION('',(-6.17285238585653E-33,-1.11200222819026E-16,1.));
#9328=DIRECTION('',(0.,-1.,-1.11200222819026E-16));
#9329=DIRECTION('',(-6.17285238585652E-33,-1.11200222819026E-16,1.));
#9330=DIRECTION('',(-0.808736084303188,0.588171697675047,6.540482383731E-17));
#9331=DIRECTION('',(-0.588171697675047,-0.808736084303188,-1.79863265552602E-16));
#9332=DIRECTION('',(-6.17285238585652E-33,-1.11200222819026E-16,1.));
#9333=DIRECTION('',(-6.17285238585652E-33,-1.11200222819026E-16,1.));
#9334=DIRECTION('',(0.53281326968614,0.84623284008975,9.41012803747576E-17));
#9335=DIRECTION('',(-0.84623284008975,0.53281326968614,1.18497908620065E-16));
#9336=DIRECTION('',(-6.17285238585653E-33,-1.11200222819026E-16,1.));
#9337=DIRECTION('',(0.,-1.,-1.11200222819026E-16));
#9338=DIRECTION('',(-6.16297582203915E-33,-1.11200222819026E-16,1.));
#9339=DIRECTION('',(-0.558796762244075,0.829304635526378,9.22188602553845E-17));
#9340=DIRECTION('',(-0.829304635526378,-0.558796762244075,-1.52069957248393E-16));
#9341=DIRECTION('',(-6.16297582203915E-33,-1.11200222819026E-16,1.));
#9342=DIRECTION('',(0.790109375035262,0.612965884435168,6.81619429296521E-17));
#9343=DIRECTION('',(-0.612965884435168,0.790109375035262,1.47109292865355E-16));
#9344=DIRECTION('',(-6.17285238585653E-33,-1.11200222819026E-16,1.));
#9345=DIRECTION('',(0.,-1.,-1.11200222819026E-16));
#9346=DIRECTION('',(-1.23259516440783E-32,-1.11200222819026E-16,1.));
#9347=DIRECTION('',(0.105003589822017,0.994471842801238,1.10585490506745E-16));
#9348=DIRECTION('',(-0.994471842801238,0.105003589822017,-7.82552101912953E-17));
#9349=DIRECTION('',(-1.23259516440783E-32,-1.11200222819026E-16,1.));
#9350=DIRECTION('',(0.999265771877448,-0.0383134069767709,-4.26045939277295E-18));
#9351=DIRECTION('',(0.0383134069767709,0.999265771877448,1.70367530798231E-16));
#9352=DIRECTION('',(0.997597262964076,0.069279873892673,7.70393741373929E-18));
#9353=DIRECTION('',(-0.069279873892673,0.997597262964076,2.10014051489546E-17));
#9354=DIRECTION('',(0.,-1.11200222819026E-16,1.));
#9355=DIRECTION('',(0.135789340056422,-0.990737732766367,-1.10170256638837E-16));
#9356=DIRECTION('',(0.990737732766367,0.135789340056422,7.43487591807551E-17));
#9357=DIRECTION('',(-6.17285238585653E-33,-1.11200222819026E-16,1.));
#9358=DIRECTION('',(0.,-1.,-1.11200222819026E-16));
#9359=DIRECTION('',(-6.17285238585653E-33,-1.11200222819026E-16,1.));
#9360=DIRECTION('',(-6.17285238585653E-33,-1.11200222819026E-16,1.));
#9361=DIRECTION('',(0.,-1.,-1.11200222819026E-16));
#9362=DIRECTION('',(0.,0.,1.));
#9363=DIRECTION('',(1.,0.,0.));
#9364=DIRECTION('',(-6.17285238585653E-33,-1.11200222819026E-16,1.));
#9365=DIRECTION('',(0.,-1.,-1.11200222819026E-16));
#9366=DIRECTION('',(6.17285238585653E-33,1.11200222819026E-16,-1.));
#9367=DIRECTION('',(0.,1.,1.11200222819026E-16));
#9368=DIRECTION('',(-6.17285238585653E-33,-1.11200222819026E-16,1.));
#9369=DIRECTION('',(0.,-1.,-1.11200222819026E-16));
#9370=DIRECTION('',(6.17285238585653E-33,1.11200222819026E-16,-1.));
#9371=DIRECTION('',(0.,1.,1.11200222819026E-16));
#9372=DIRECTION('',(-6.17285238585653E-33,-1.11200222819026E-16,1.));
#9373=DIRECTION('',(0.,-1.,-1.11200222819026E-16));
#9374=DIRECTION('',(-6.17285238585653E-33,-1.11200222819026E-16,1.));
#9375=DIRECTION('',(0.,-1.,-1.11200222819026E-16));
#9376=DIRECTION('',(-6.17285238585653E-33,-1.11200222819026E-16,1.));
#9377=DIRECTION('',(0.,-1.,-1.11200222819026E-16));
#9378=DIRECTION('',(6.17285238585653E-33,1.11200222819026E-16,-1.));
#9379=DIRECTION('',(0.,1.,1.11200222819026E-16));
#9380=DIRECTION('',(-6.17285238585653E-33,-1.11200222819026E-16,1.));
#9381=DIRECTION('',(0.,-1.,-1.11200222819026E-16));
#9382=DIRECTION('',(-6.17285238585653E-33,-1.11200222819026E-16,1.));
#9383=DIRECTION('',(0.,-1.,-1.11200222819026E-16));
#9384=DIRECTION('',(-6.17285238585653E-33,-1.11200222819026E-16,1.));
#9385=DIRECTION('',(0.,-1.,-1.11200222819026E-16));
#9386=DIRECTION('',(6.17285238585653E-33,1.11200222819026E-16,-1.));
#9387=DIRECTION('',(0.,1.,1.11200222819026E-16));
#9388=DIRECTION('',(-6.17285238585653E-33,-1.11200222819026E-16,1.));
#9389=DIRECTION('',(0.,-1.,-1.11200222819026E-16));
#9390=DIRECTION('',(-6.17285238585653E-33,-1.11200222819026E-16,1.));
#9391=DIRECTION('',(0.,-1.,-1.11200222819026E-16));
#9392=DIRECTION('',(-6.17285238585653E-33,-1.11200222819026E-16,1.));
#9393=DIRECTION('',(0.,-1.,-1.11200222819026E-16));
#9394=DIRECTION('',(-6.17285238585653E-33,-1.11200222819026E-16,1.));
#9395=DIRECTION('',(0.,-1.,-1.11200222819026E-16));
#9396=DIRECTION('',(0.,-1.,0.));
#9397=DIRECTION('',(0.,0.,-1.));
#9398=DIRECTION('',(-1.,0.,0.));
#9399=DIRECTION('',(0.,0.,1.));
#9400=DIRECTION('',(1.,0.,0.));
#9401=DIRECTION('',(0.,0.,1.));
#9402=DIRECTION('',(1.,0.,0.));
#9403=DIRECTION('',(0.,0.,-1.));
#9404=DIRECTION('',(0.,-1.,0.));
#9405=DIRECTION('',(0.,0.,1.));
#9406=DIRECTION('',(0.,1.,0.));
#9407=DIRECTION('',(8.07705767507512E-16,1.,0.));
#9408=DIRECTION('',(-1.,8.07705767507512E-16,0.));
#9409=DIRECTION('',(1.,-8.07705767507512E-16,0.));
#9410=DIRECTION('',(0.,0.,1.));
#9411=DIRECTION('',(-1.,8.07705767507512E-16,0.));
#9412=DIRECTION('',(0.,0.,1.));
#9413=DIRECTION('',(1.,0.,0.));
#9414=DIRECTION('',(0.,0.,-1.));
#9415=DIRECTION('',(-1.,0.,0.));
#9416=DIRECTION('',(0.,0.,1.));
#9417=DIRECTION('',(0.,0.,1.));
#9418=DIRECTION('',(1.,0.,0.));
#9419=DIRECTION('',(1.61541153501502E-16,1.,0.));
#9420=DIRECTION('',(-1.,1.61541153501502E-16,0.));
#9421=DIRECTION('',(1.,-1.61541153501502E-16,0.));
#9422=DIRECTION('',(0.,0.,1.));
#9423=DIRECTION('',(-1.,1.61541153501502E-16,0.));
#9424=DIRECTION('',(-1.,0.,0.));
#9425=DIRECTION('',(0.,0.,1.));
#9426=DIRECTION('',(0.,1.,0.));
#9427=DIRECTION('',(0.,0.,1.));
#9428=DIRECTION('',(0.,-1.,0.));
#9429=DIRECTION('',(0.,-1.,0.));
#9430=DIRECTION('',(0.,0.,-1.));
#9431=DIRECTION('',(-1.,0.,0.));
#9432=DIRECTION('',(0.,0.,1.));
#9433=DIRECTION('',(1.,0.,0.));
#9434=DIRECTION('',(0.,0.,1.));
#9435=DIRECTION('',(1.,0.,0.));
#9436=DIRECTION('',(0.,0.,-1.));
#9437=DIRECTION('',(-1.,0.,0.));
#9438=DIRECTION('',(0.,0.,1.));
#9439=DIRECTION('',(1.,0.,0.));
#9440=DIRECTION('',(0.,0.,1.));
#9441=DIRECTION('',(1.,0.,0.));
#9442=DIRECTION('',(0.,0.,1.));
#9443=DIRECTION('',(1.,0.,0.));
#9444=DIRECTION('',(0.,0.,-1.));
#9445=DIRECTION('',(-1.,0.,0.));
#9446=DIRECTION('',(0.,0.,1.));
#9447=DIRECTION('',(0.,0.,1.));
#9448=DIRECTION('',(1.,0.,0.));
#9449=DIRECTION('',(0.,0.,1.));
#9450=DIRECTION('',(0.,-1.,0.));
#9451=DIRECTION('',(0.,0.,-1.));
#9452=DIRECTION('',(-1.,0.,0.));
#9453=DIRECTION('',(0.,0.,1.));
#9454=DIRECTION('',(-1.,0.,0.));
#9455=DIRECTION('',(0.,0.,-1.));
#9456=DIRECTION('',(-1.,0.,0.));
#9457=DIRECTION('',(0.,0.,-1.));
#9458=DIRECTION('',(-1.,0.,0.));
#9459=DIRECTION('',(0.,0.,1.));
#9460=DIRECTION('',(0.,0.,1.));
#9461=DIRECTION('',(1.,0.,0.));
#9462=DIRECTION('',(0.,0.,1.));
#9463=DIRECTION('',(1.,0.,0.));
#9464=DIRECTION('',(0.,0.,-1.));
#9465=DIRECTION('',(-1.,0.,0.));
#9466=DIRECTION('',(0.,0.,1.));
#9467=DIRECTION('',(0.,0.,1.));
#9468=DIRECTION('',(1.,0.,0.));
#9469=DIRECTION('',(0.,0.,1.));
#9470=DIRECTION('',(0.,-1.,0.));
#9471=DIRECTION('',(0.,0.,-1.));
#9472=DIRECTION('',(-1.,0.,0.));
#9473=DIRECTION('',(0.,0.,1.));
#9474=DIRECTION('',(-1.,0.,0.));
#9475=DIRECTION('',(0.,0.,-1.));
#9476=DIRECTION('',(-1.,0.,0.));
#9477=DIRECTION('',(0.,0.,-1.));
#9478=DIRECTION('',(-1.,0.,0.));
#9479=DIRECTION('',(0.,0.,1.));
#9480=DIRECTION('',(0.,0.,1.));
#9481=DIRECTION('',(1.,0.,0.));
#9482=DIRECTION('',(0.,0.,1.));
#9483=DIRECTION('',(1.,0.,0.));
#9484=DIRECTION('',(0.,0.,-1.));
#9485=DIRECTION('',(-1.,0.,0.));
#9486=DIRECTION('',(0.,0.,1.));
#9487=DIRECTION('',(0.,0.,1.));
#9488=DIRECTION('',(1.,0.,0.));
#9489=DIRECTION('',(0.,0.,1.));
#9490=DIRECTION('',(0.,-1.,0.));
#9491=DIRECTION('',(0.,0.,-1.));
#9492=DIRECTION('',(-1.,0.,0.));
#9493=DIRECTION('',(0.,0.,1.));
#9494=DIRECTION('',(-1.,0.,0.));
#9495=DIRECTION('',(0.,0.,-1.));
#9496=DIRECTION('',(-1.,0.,0.));
#9497=DIRECTION('',(0.,0.,-1.));
#9498=DIRECTION('',(-1.,0.,0.));
#9499=DIRECTION('',(0.,0.,1.));
#9500=DIRECTION('',(0.,0.,1.));
#9501=DIRECTION('',(1.,0.,0.));
#9502=DIRECTION('',(0.,0.,-1.));
#9503=DIRECTION('',(-1.,0.,0.));
#9504=DIRECTION('',(0.,0.,1.));
#9505=DIRECTION('',(1.,0.,0.));
#9506=DIRECTION('',(0.,0.,1.));
#9507=DIRECTION('',(0.,0.,-1.));
#9508=DIRECTION('',(-1.,0.,0.));
#9509=DIRECTION('',(0.,0.,1.));
#9510=DIRECTION('',(0.,-1.,0.));
#9511=DIRECTION('',(0.,0.,-1.));
#9512=DIRECTION('',(-1.,0.,0.));
#9513=DIRECTION('',(0.,0.,1.));
#9514=DIRECTION('',(-1.,0.,0.));
#9515=DIRECTION('',(0.,0.,1.));
#9516=DIRECTION('',(1.,0.,0.));
#9517=DIRECTION('',(0.,0.,1.));
#9518=DIRECTION('',(1.,0.,0.));
#9519=DIRECTION('',(0.,0.,1.));
#9520=DIRECTION('',(0.,0.,-1.));
#9521=DIRECTION('',(-1.,0.,0.));
#9522=DIRECTION('',(0.,0.,-1.));
#9523=DIRECTION('',(-1.,0.,0.));
#9524=DIRECTION('',(0.,0.,1.));
#9525=DIRECTION('',(1.,0.,0.));
#9526=DIRECTION('',(0.,0.,1.));
#9527=DIRECTION('',(0.,0.,-1.));
#9528=DIRECTION('',(-1.,0.,0.));
#9529=DIRECTION('',(0.,0.,1.));
#9530=DIRECTION('',(0.,-1.,0.));
#9531=DIRECTION('',(0.,0.,-1.));
#9532=DIRECTION('',(-1.,0.,0.));
#9533=DIRECTION('',(0.,0.,1.));
#9534=DIRECTION('',(-1.,0.,0.));
#9535=DIRECTION('',(0.,0.,1.));
#9536=DIRECTION('',(1.,0.,0.));
#9537=DIRECTION('',(0.,0.,1.));
#9538=DIRECTION('',(1.,0.,0.));
#9539=DIRECTION('',(0.,0.,1.));
#9540=DIRECTION('',(0.,0.,-1.));
#9541=DIRECTION('',(-1.,0.,0.));
#9542=DIRECTION('',(-1.,1.18767411735006E-16,0.));
#9543=DIRECTION('',(-1.18767411735006E-16,-1.,0.));
#9544=DIRECTION('',(-1.18767411735006E-16,-1.,0.));
#9545=DIRECTION('',(1.18767411735006E-16,1.,0.));
#9546=DIRECTION('',(0.,0.,1.));
#9547=DIRECTION('',(0.,0.,1.));
#9548=DIRECTION('',(1.,0.,0.));
#9549=DIRECTION('',(-1.,0.,0.));
#9550=DIRECTION('',(1.18767411735006E-16,-1.,0.));
#9551=DIRECTION('',(-1.,-1.18767411735006E-16,0.));
#9552=DIRECTION('',(1.18767411735006E-16,-1.,0.));
#9553=DIRECTION('',(-1.18767411735006E-16,1.,0.));
#9554=DIRECTION('',(0.,0.,1.));
#9555=DIRECTION('',(0.,0.,-1.));
#9556=DIRECTION('',(-1.,0.,0.));
#9557=DIRECTION('',(-1.,0.,0.));
#9558=DIRECTION('',(-6.12303176911189E-17,-1.,0.));
#9559=DIRECTION('',(-1.,0.,0.));
#9560=DIRECTION('',(-6.12303176911189E-17,-1.,0.));
#9561=DIRECTION('',(1.,0.,0.));
#9562=DIRECTION('',(-1.,1.18767411735006E-16,0.));
#9563=DIRECTION('',(-1.18767411735006E-16,-1.,0.));
#9564=DIRECTION('',(-1.18767411735006E-16,-1.,0.));
#9565=DIRECTION('',(1.18767411735006E-16,1.,0.));
#9566=DIRECTION('',(0.,0.,1.));
#9567=DIRECTION('',(0.,0.,1.));
#9568=DIRECTION('',(1.,0.,0.));
#9569=DIRECTION('',(-1.,0.,0.));
#9570=DIRECTION('',(1.18767411735006E-16,-1.,0.));
#9571=DIRECTION('',(-1.,-1.18767411735006E-16,0.));
#9572=DIRECTION('',(1.18767411735006E-16,-1.,0.));
#9573=DIRECTION('',(-1.18767411735006E-16,1.,0.));
#9574=DIRECTION('',(0.,0.,1.));
#9575=DIRECTION('',(0.,0.,-1.));
#9576=DIRECTION('',(-1.,0.,0.));
#9577=DIRECTION('',(-1.,0.,0.));
#9578=DIRECTION('',(-6.12303176911189E-17,-1.,0.));
#9579=DIRECTION('',(-1.,0.,0.));
#9580=DIRECTION('',(-6.12303176911189E-17,-1.,0.));
#9581=DIRECTION('',(1.,0.,0.));
#9582=DIRECTION('',(-1.,1.18767411735006E-16,0.));
#9583=DIRECTION('',(-1.18767411735006E-16,-1.,0.));
#9584=DIRECTION('',(-1.18767411735006E-16,-1.,0.));
#9585=DIRECTION('',(1.18767411735006E-16,1.,0.));
#9586=DIRECTION('',(0.,0.,1.));
#9587=DIRECTION('',(0.,0.,1.));
#9588=DIRECTION('',(1.,0.,0.));
#9589=DIRECTION('',(-1.,0.,0.));
#9590=DIRECTION('',(1.18767411735006E-16,-1.,0.));
#9591=DIRECTION('',(-1.,-1.18767411735006E-16,0.));
#9592=DIRECTION('',(1.18767411735006E-16,-1.,0.));
#9593=DIRECTION('',(-1.18767411735006E-16,1.,0.));
#9594=DIRECTION('',(0.,0.,1.));
#9595=DIRECTION('',(0.,0.,-1.));
#9596=DIRECTION('',(-1.,0.,0.));
#9597=DIRECTION('',(-1.,0.,0.));
#9598=DIRECTION('',(-6.12303176911189E-17,-1.,0.));
#9599=DIRECTION('',(-1.,0.,0.));
#9600=DIRECTION('',(-6.12303176911189E-17,-1.,0.));
#9601=DIRECTION('',(1.,0.,0.));
#9602=DIRECTION('',(1.,1.18767411735006E-16,0.));
#9603=DIRECTION('',(-1.18767411735006E-16,1.,0.));
#9604=DIRECTION('',(-1.18767411735006E-16,1.,0.));
#9605=DIRECTION('',(1.18767411735006E-16,-1.,0.));
#9606=DIRECTION('',(0.,0.,1.));
#9607=DIRECTION('',(0.,0.,-1.));
#9608=DIRECTION('',(-1.,0.,0.));
#9609=DIRECTION('',(-1.18767411735006E-16,-1.,0.));
#9610=DIRECTION('',(-1.,0.,0.));
#9611=DIRECTION('',(1.,-1.18767411735006E-16,0.));
#9612=DIRECTION('',(1.18767411735006E-16,1.,0.));
#9613=DIRECTION('',(1.18767411735006E-16,1.,0.));
#9614=DIRECTION('',(0.,0.,1.));
#9615=DIRECTION('',(0.,0.,1.));
#9616=DIRECTION('',(1.,0.,0.));
#9617=DIRECTION('',(-1.,0.,0.));
#9618=DIRECTION('',(6.12303176911189E-17,1.,0.));
#9619=DIRECTION('',(-1.,0.,0.));
#9620=DIRECTION('',(6.12303176911189E-17,1.,0.));
#9621=DIRECTION('',(1.,0.,0.));
#9622=DIRECTION('',(1.,1.18767411735006E-16,0.));
#9623=DIRECTION('',(-1.18767411735006E-16,1.,0.));
#9624=DIRECTION('',(-1.18767411735006E-16,1.,0.));
#9625=DIRECTION('',(1.18767411735006E-16,-1.,0.));
#9626=DIRECTION('',(0.,0.,1.));
#9627=DIRECTION('',(0.,0.,-1.));
#9628=DIRECTION('',(-1.,0.,0.));
#9629=DIRECTION('',(-1.18767411735006E-16,-1.,0.));
#9630=DIRECTION('',(-1.,0.,0.));
#9631=DIRECTION('',(1.,-1.18767411735006E-16,0.));
#9632=DIRECTION('',(1.18767411735006E-16,1.,0.));
#9633=DIRECTION('',(1.18767411735006E-16,1.,0.));
#9634=DIRECTION('',(0.,0.,1.));
#9635=DIRECTION('',(0.,0.,1.));
#9636=DIRECTION('',(1.,0.,0.));
#9637=DIRECTION('',(-1.,0.,0.));
#9638=DIRECTION('',(6.12303176911189E-17,1.,0.));
#9639=DIRECTION('',(-1.,0.,0.));
#9640=DIRECTION('',(6.12303176911189E-17,1.,0.));
#9641=DIRECTION('',(1.,0.,0.));
#9642=DIRECTION('',(0.,0.,1.));
#9643=DIRECTION('',(1.,0.,0.));
#9644=DIRECTION('',(0.,0.,1.));
#9645=DIRECTION('',(-1.,0.,0.));
#9646=DIRECTION('',(0.,0.,1.));
#9647=DIRECTION('',(1.,0.,0.));
#9648=DIRECTION('',(0.,0.,1.));
#9649=DIRECTION('',(-1.,0.,0.));
#9650=DIRECTION('',(6.12303176911189E-17,1.,0.));
#9651=DIRECTION('',(-1.,6.12303176911189E-17,0.));
#9652=DIRECTION('',(0.,0.858002662062364,-0.513645239337324));
#9653=DIRECTION('',(1.192074081522E-16,0.513645239337324,0.858002662062364));
#9654=DIRECTION('',(-6.12303176911189E-17,-1.,0.));
#9655=DIRECTION('',(0.,1.,0.));
#9656=DIRECTION('',(0.,0.,1.));
#9657=DIRECTION('',(0.,1.,0.));
#9658=DIRECTION('',(0.,0.,1.));
#9659=DIRECTION('',(0.,0.,1.));
#9660=DIRECTION('',(-1.,0.,0.));
#9661=DIRECTION('',(0.,-0.858002662062364,0.513645239337323));
#9662=DIRECTION('',(0.,-0.513645239337323,-0.858002662062364));
#9663=DIRECTION('',(3.14506611851551E-17,0.513645239337324,0.858002662062364));
#9664=DIRECTION('',(-1.,0.,0.));
#9665=DIRECTION('',(3.14506611851551E-17,0.513645239337324,0.858002662062364));
#9666=DIRECTION('',(-1.,0.,0.));
#9667=DIRECTION('',(0.,-1.,0.));
#9668=DIRECTION('',(0.,0.,-1.));
#9669=DIRECTION('',(0.,0.,1.));
#9670=DIRECTION('',(0.,-1.,0.));
#9671=DIRECTION('',(0.,0.,-1.));
#9672=DIRECTION('',(-6.12303176911189E-17,-1.,0.));
#9673=DIRECTION('',(1.,-6.12303176911189E-17,0.));
#9674=DIRECTION('',(0.,0.858002662062364,-0.513645239337324));
#9675=DIRECTION('',(-1.192074081522E-16,-0.513645239337324,-0.858002662062364));
#9676=DIRECTION('',(-6.12303176911189E-17,-1.,0.));
#9677=DIRECTION('',(0.,0.858002662062364,-0.513645239337324));
#9678=DIRECTION('',(0.,0.513645239337324,0.858002662062364));
#9679=DIRECTION('',(-3.14506611851551E-17,-0.513645239337324,-0.858002662062364));
#9680=DIRECTION('',(-1.,0.,0.));
#9681=DIRECTION('',(-3.14506611851551E-17,-0.513645239337324,-0.858002662062364));
#9682=DIRECTION('',(6.12303176911189E-17,1.,0.));
#9683=DIRECTION('',(-1.,6.12303176911189E-17,0.));
#9684=DIRECTION('',(0.,0.858002662062364,-0.513645239337324));
#9685=DIRECTION('',(1.192074081522E-16,0.513645239337324,0.858002662062364));
#9686=DIRECTION('',(-6.12303176911189E-17,-1.,0.));
#9687=DIRECTION('',(0.,1.,0.));
#9688=DIRECTION('',(0.,0.,1.));
#9689=DIRECTION('',(0.,1.,0.));
#9690=DIRECTION('',(0.,0.,1.));
#9691=DIRECTION('',(0.,0.,1.));
#9692=DIRECTION('',(-1.,0.,0.));
#9693=DIRECTION('',(0.,-0.858002662062364,0.513645239337323));
#9694=DIRECTION('',(0.,-0.513645239337323,-0.858002662062364));
#9695=DIRECTION('',(3.14506611851551E-17,0.513645239337324,0.858002662062364));
#9696=DIRECTION('',(-1.,0.,0.));
#9697=DIRECTION('',(3.14506611851551E-17,0.513645239337324,0.858002662062364));
#9698=DIRECTION('',(-1.,0.,0.));
#9699=DIRECTION('',(0.,-1.,0.));
#9700=DIRECTION('',(0.,0.,-1.));
#9701=DIRECTION('',(0.,0.,1.));
#9702=DIRECTION('',(0.,-1.,0.));
#9703=DIRECTION('',(0.,0.,-1.));
#9704=DIRECTION('',(-6.12303176911189E-17,-1.,0.));
#9705=DIRECTION('',(1.,-6.12303176911189E-17,0.));
#9706=DIRECTION('',(0.,0.858002662062364,-0.513645239337324));
#9707=DIRECTION('',(-1.192074081522E-16,-0.513645239337324,-0.858002662062364));
#9708=DIRECTION('',(-6.12303176911189E-17,-1.,0.));
#9709=DIRECTION('',(0.,0.858002662062364,-0.513645239337324));
#9710=DIRECTION('',(0.,0.513645239337324,0.858002662062364));
#9711=DIRECTION('',(-3.14506611851551E-17,-0.513645239337324,-0.858002662062364));
#9712=DIRECTION('',(-1.,0.,0.));
#9713=DIRECTION('',(-3.14506611851551E-17,-0.513645239337324,-0.858002662062364));
#9714=DIRECTION('',(6.12303176911189E-17,1.,0.));
#9715=DIRECTION('',(-1.,6.12303176911189E-17,0.));
#9716=DIRECTION('',(0.,0.858002662062364,-0.513645239337324));
#9717=DIRECTION('',(1.192074081522E-16,0.513645239337324,0.858002662062364));
#9718=DIRECTION('',(-6.12303176911189E-17,-1.,0.));
#9719=DIRECTION('',(0.,1.,0.));
#9720=DIRECTION('',(0.,0.,1.));
#9721=DIRECTION('',(0.,1.,0.));
#9722=DIRECTION('',(0.,0.,1.));
#9723=DIRECTION('',(0.,0.,1.));
#9724=DIRECTION('',(-1.,0.,0.));
#9725=DIRECTION('',(0.,-0.858002662062364,0.513645239337323));
#9726=DIRECTION('',(0.,-0.513645239337323,-0.858002662062364));
#9727=DIRECTION('',(3.14506611851551E-17,0.513645239337324,0.858002662062364));
#9728=DIRECTION('',(-1.,0.,0.));
#9729=DIRECTION('',(3.14506611851551E-17,0.513645239337324,0.858002662062364));
#9730=DIRECTION('',(-1.,0.,0.));
#9731=DIRECTION('',(0.,-1.,0.));
#9732=DIRECTION('',(0.,0.,-1.));
#9733=DIRECTION('',(0.,0.,1.));
#9734=DIRECTION('',(0.,-1.,0.));
#9735=DIRECTION('',(0.,0.,-1.));
#9736=DIRECTION('',(-6.12303176911189E-17,-1.,0.));
#9737=DIRECTION('',(1.,-6.12303176911189E-17,0.));
#9738=DIRECTION('',(0.,0.858002662062364,-0.513645239337324));
#9739=DIRECTION('',(-1.192074081522E-16,-0.513645239337324,-0.858002662062364));
#9740=DIRECTION('',(-6.12303176911189E-17,-1.,0.));
#9741=DIRECTION('',(0.,0.858002662062364,-0.513645239337324));
#9742=DIRECTION('',(0.,0.513645239337324,0.858002662062364));
#9743=DIRECTION('',(-3.14506611851551E-17,-0.513645239337324,-0.858002662062364));
#9744=DIRECTION('',(-1.,0.,0.));
#9745=DIRECTION('',(-3.14506611851551E-17,-0.513645239337324,-0.858002662062364));
#9746=DIRECTION('',(0.,1.,0.));
#9747=DIRECTION('',(0.,0.,1.));
#9748=DIRECTION('',(0.,0.,1.));
#9749=DIRECTION('',(0.,1.,0.));
#9750=DIRECTION('',(0.,0.,1.));
#9751=DIRECTION('',(-1.,0.,0.));
#9752=DIRECTION('',(-6.12303176911189E-17,-1.,0.));
#9753=DIRECTION('',(1.,-6.12303176911189E-17,0.));
#9754=DIRECTION('',(0.,0.858002662062364,0.513645239337324));
#9755=DIRECTION('',(-1.192074081522E-16,-0.513645239337324,0.858002662062364));
#9756=DIRECTION('',(6.12303176911189E-17,1.,0.));
#9757=DIRECTION('',(0.,-0.858002662062364,-0.513645239337323));
#9758=DIRECTION('',(0.,0.513645239337323,-0.858002662062364));
#9759=DIRECTION('',(-3.14506611851551E-17,-0.513645239337324,0.858002662062364));
#9760=DIRECTION('',(-1.,0.,0.));
#9761=DIRECTION('',(-3.14506611851551E-17,-0.513645239337324,0.858002662062364));
#9762=DIRECTION('',(-1.,0.,0.));
#9763=DIRECTION('',(0.,0.858002662062364,0.513645239337324));
#9764=DIRECTION('',(0.,-0.513645239337324,0.858002662062364));
#9765=DIRECTION('',(3.14506611851551E-17,0.513645239337324,-0.858002662062364));
#9766=DIRECTION('',(-1.,0.,0.));
#9767=DIRECTION('',(3.14506611851551E-17,0.513645239337324,-0.858002662062364));
#9768=DIRECTION('',(0.,0.858002662062364,0.513645239337324));
#9769=DIRECTION('',(1.192074081522E-16,0.513645239337324,-0.858002662062364));
#9770=DIRECTION('',(6.12303176911189E-17,1.,0.));
#9771=DIRECTION('',(-1.,6.12303176911189E-17,0.));
#9772=DIRECTION('',(6.12303176911189E-17,1.,0.));
#9773=DIRECTION('',(0.,-1.,0.));
#9774=DIRECTION('',(0.,0.,-1.));
#9775=DIRECTION('',(0.,-1.,0.));
#9776=DIRECTION('',(0.,0.,-1.));
#9777=DIRECTION('',(0.,0.,1.));
#9778=DIRECTION('',(0.,1.,0.));
#9779=DIRECTION('',(0.,0.,1.));
#9780=DIRECTION('',(0.,0.,1.));
#9781=DIRECTION('',(0.,1.,0.));
#9782=DIRECTION('',(0.,0.,1.));
#9783=DIRECTION('',(-1.,0.,0.));
#9784=DIRECTION('',(-6.12303176911189E-17,-1.,0.));
#9785=DIRECTION('',(1.,-6.12303176911189E-17,0.));
#9786=DIRECTION('',(0.,0.858002662062364,0.513645239337324));
#9787=DIRECTION('',(-1.192074081522E-16,-0.513645239337324,0.858002662062364));
#9788=DIRECTION('',(6.12303176911189E-17,1.,0.));
#9789=DIRECTION('',(0.,-0.858002662062364,-0.513645239337323));
#9790=DIRECTION('',(0.,0.513645239337323,-0.858002662062364));
#9791=DIRECTION('',(-3.14506611851551E-17,-0.513645239337324,0.858002662062364));
#9792=DIRECTION('',(-1.,0.,0.));
#9793=DIRECTION('',(-3.14506611851551E-17,-0.513645239337324,0.858002662062364));
#9794=DIRECTION('',(-1.,0.,0.));
#9795=DIRECTION('',(0.,0.858002662062364,0.513645239337324));
#9796=DIRECTION('',(0.,-0.513645239337324,0.858002662062364));
#9797=DIRECTION('',(3.14506611851551E-17,0.513645239337324,-0.858002662062364));
#9798=DIRECTION('',(-1.,0.,0.));
#9799=DIRECTION('',(3.14506611851551E-17,0.513645239337324,-0.858002662062364));
#9800=DIRECTION('',(0.,0.858002662062364,0.513645239337324));
#9801=DIRECTION('',(1.192074081522E-16,0.513645239337324,-0.858002662062364));
#9802=DIRECTION('',(6.12303176911189E-17,1.,0.));
#9803=DIRECTION('',(-1.,6.12303176911189E-17,0.));
#9804=DIRECTION('',(6.12303176911189E-17,1.,0.));
#9805=DIRECTION('',(0.,-1.,0.));
#9806=DIRECTION('',(0.,0.,-1.));
#9807=DIRECTION('',(0.,-1.,0.));
#9808=DIRECTION('',(0.,0.,-1.));
#9809=DIRECTION('',(0.,0.,1.));
#9810=DIRECTION('',(0.,1.,0.));
#9811=DIRECTION('',(0.,0.,1.));
#9812=DIRECTION('',(1.,0.,0.));
#9813=DIRECTION('',(0.,0.,-1.));
#9814=DIRECTION('',(1.,0.,0.));
#9815=DIRECTION('',(0.,0.,-1.));
#9816=DIRECTION('',(-1.,-1.61497929896047E-16,0.));
#9817=DIRECTION('',(1.61497929896047E-16,-1.,0.));
#9818=DIRECTION('',(-1.61497929896047E-16,1.,0.));
#9819=DIRECTION('',(0.,0.,-1.));
#9820=DIRECTION('',(-1.61497929896047E-16,1.,0.));
#9821=DIRECTION('',(0.,0.,-1.));
#9822=DIRECTION('',(0.,-1.,0.));
#9823=DIRECTION('',(0.,0.,-1.));
#9824=DIRECTION('',(-1.,0.,0.));
#9825=DIRECTION('',(0.,0.,-1.));
#9826=DIRECTION('',(-1.,0.,0.));
#9827=DIRECTION('',(0.,0.,-1.));
#9828=DIRECTION('',(0.,-1.,0.));
#9829=DIRECTION('',(0.,0.,-1.));
#9830=DIRECTION('',(-1.,0.,0.));
#9831=DIRECTION('',(0.,0.,-1.));
#9832=DIRECTION('',(-1.,0.,0.));
#9833=DIRECTION('',(0.,0.,-1.));
#9834=DIRECTION('',(1.,-1.61497929896047E-16,0.));
#9835=DIRECTION('',(1.61497929896047E-16,1.,0.));
#9836=DIRECTION('',(-1.61497929896047E-16,-1.,0.));
#9837=DIRECTION('',(0.,0.,-1.));
#9838=DIRECTION('',(-1.61497929896047E-16,-1.,0.));
#9839=DIRECTION('',(0.,0.,-1.));
#9840=DIRECTION('',(0.,1.,0.));
#9841=DIRECTION('',(0.,0.,1.));
#9842=DIRECTION('',(1.,0.,0.));
#9843=DIRECTION('',(0.,0.,-1.));
#9844=DIRECTION('',(1.,0.,0.));
#9845=DIRECTION('',(0.,0.,-1.));
#9846=DIRECTION('',(0.,0.,1.));
#9847=DIRECTION('',(1.,0.,0.));
#9848=DIRECTION('',(0.,0.,1.));
#9849=DIRECTION('',(-1.,0.,0.));
#9850=DIRECTION('',(0.,0.,1.));
#9851=DIRECTION('',(1.,0.,0.));
#9852=DIRECTION('',(0.,0.,1.));
#9853=DIRECTION('',(-1.,0.,0.));
#9854=DIRECTION('',(0.,0.,-1.));
#9855=DIRECTION('',(-1.,0.,0.));
#9856=DIRECTION('',(-1.,0.,0.));
#9857=DIRECTION('',(-6.12303176911189E-17,-1.,0.));
#9858=DIRECTION('',(-6.12303176911189E-17,-1.,0.));
#9859=DIRECTION('',(-1.,6.12303176911189E-17,0.));
#9860=DIRECTION('',(-6.12303176911189E-17,-1.,0.));
#9861=DIRECTION('',(0.,0.,1.));
#9862=DIRECTION('',(6.12303176911189E-17,1.,-3.51076318528863E-16));
#9863=DIRECTION('',(0.,3.51076318528863E-16,1.));
#9864=DIRECTION('',(0.,-1.,3.51076318528863E-16));
#9865=DIRECTION('',(1.,0.,0.));
#9866=DIRECTION('',(6.12303176911189E-17,1.,-3.51076318528863E-16));
#9867=DIRECTION('',(-1.,6.12303176911189E-17,0.));
#9868=DIRECTION('',(-6.12303176911189E-17,-1.,0.));
#9869=DIRECTION('',(0.,0.,1.));
#9870=DIRECTION('',(-1.,6.12303176911189E-17,0.));
#9871=DIRECTION('',(-6.12303176911189E-17,-1.,0.));
#9872=DIRECTION('',(-6.12303176911189E-17,-1.,0.));
#9873=DIRECTION('',(0.,0.,1.));
#9874=DIRECTION('',(6.12303176911189E-17,1.,-3.51076318528863E-16));
#9875=DIRECTION('',(0.,3.51076318528863E-16,1.));
#9876=DIRECTION('',(0.,-1.,3.51076318528863E-16));
#9877=DIRECTION('',(1.,0.,0.));
#9878=DIRECTION('',(6.12303176911189E-17,1.,-3.51076318528863E-16));
#9879=DIRECTION('',(-1.,6.12303176911189E-17,0.));
#9880=DIRECTION('',(-6.12303176911189E-17,-1.,0.));
#9881=DIRECTION('',(0.,0.,1.));
#9882=DIRECTION('',(-6.12303176911189E-17,-1.,0.));
#9883=DIRECTION('',(0.,0.,-1.));
#9884=DIRECTION('',(-1.,0.,0.));
#9885=DIRECTION('',(-1.,0.,0.));
#9886=DIRECTION('',(-1.,6.12303176911189E-17,0.));
#9887=DIRECTION('',(-6.12303176911189E-17,-1.,0.));
#9888=DIRECTION('',(-6.12303176911189E-17,-1.,0.));
#9889=DIRECTION('',(0.,0.,1.));
#9890=DIRECTION('',(6.12303176911189E-17,1.,-3.51076318528863E-16));
#9891=DIRECTION('',(0.,3.51076318528863E-16,1.));
#9892=DIRECTION('',(0.,-1.,3.51076318528863E-16));
#9893=DIRECTION('',(1.,0.,0.));
#9894=DIRECTION('',(6.12303176911189E-17,1.,-3.51076318528863E-16));
#9895=DIRECTION('',(-1.,6.12303176911189E-17,0.));
#9896=DIRECTION('',(-6.12303176911189E-17,-1.,0.));
#9897=DIRECTION('',(0.,0.,1.));
#9898=DIRECTION('',(-6.12303176911189E-17,-1.,0.));
#9899=DIRECTION('',(0.,0.,-1.));
#9900=DIRECTION('',(-1.,0.,0.));
#9901=DIRECTION('',(-1.,0.,0.));
#9902=DIRECTION('',(-1.,0.,0.));
#9903=DIRECTION('',(0.,0.,1.));
#9904=DIRECTION('',(0.,1.,0.));
#9905=DIRECTION('',(0.,0.,-1.));
#9906=DIRECTION('',(0.,1.,0.));
#9907=DIRECTION('',(0.,0.,1.));
#9908=DIRECTION('',(1.,0.,0.));
#9909=DIRECTION('',(1.,0.,0.));
#9910=DIRECTION('',(0.,-1.,0.));
#9911=DIRECTION('',(-1.,0.,0.));
#9912=DIRECTION('',(0.,1.,0.));
#9913=DIRECTION('',(0.,0.,1.));
#9914=DIRECTION('',(1.,0.,0.));
#9915=DIRECTION('',(0.,0.,1.));
#9916=DIRECTION('',(1.,0.,0.));
#9917=DIRECTION('',(-1.,0.,0.));
#9918=DIRECTION('',(0.,0.,1.));
#9919=DIRECTION('',(0.,1.,0.));
#9920=DIRECTION('',(0.,0.,-1.));
#9921=DIRECTION('',(0.,3.51076318528863E-16,-1.));
#9922=DIRECTION('',(0.,1.,3.51076318528863E-16));
#9923=DIRECTION('',(-6.12303176911189E-17,-1.,-3.51076318528863E-16));
#9924=DIRECTION('',(1.,-1.63051656603918E-16,-5.72435753305359E-32));
#9925=DIRECTION('',(-6.12303176911189E-17,-1.,-3.51076318528863E-16));
#9926=DIRECTION('',(1.,-6.12303176911189E-17,0.));
#9927=DIRECTION('',(6.12303176911189E-17,1.,0.));
#9928=DIRECTION('',(0.,0.,1.));
#9929=DIRECTION('',(6.12303176911189E-17,1.,0.));
#9930=DIRECTION('',(0.,0.,1.));
#9931=DIRECTION('',(1.,0.,0.));
#9932=DIRECTION('',(-1.,1.63051656603918E-16,0.));
#9933=DIRECTION('',(6.12303176911189E-17,1.,0.));
#9934=DIRECTION('',(1.,-6.12303176911189E-17,0.));
#9935=DIRECTION('',(6.12303176911189E-17,1.,0.));
#9936=DIRECTION('',(0.,0.,1.));
#9937=DIRECTION('',(0.,3.51076318528863E-16,-1.));
#9938=DIRECTION('',(0.,1.,3.51076318528863E-16));
#9939=DIRECTION('',(-6.12303176911189E-17,-1.,-3.51076318528863E-16));
#9940=DIRECTION('',(1.,-1.63051656603918E-16,-5.72435753305359E-32));
#9941=DIRECTION('',(-6.12303176911189E-17,-1.,-3.51076318528863E-16));
#9942=DIRECTION('',(1.,-6.12303176911189E-17,0.));
#9943=DIRECTION('',(6.12303176911189E-17,1.,0.));
#9944=DIRECTION('',(0.,0.,1.));
#9945=DIRECTION('',(6.12303176911189E-17,1.,0.));
#9946=DIRECTION('',(0.,0.,1.));
#9947=DIRECTION('',(1.,0.,0.));
#9948=DIRECTION('',(-1.,1.63051656603918E-16,0.));
#9949=DIRECTION('',(6.12303176911189E-17,1.,0.));
#9950=DIRECTION('',(1.,-6.12303176911189E-17,0.));
#9951=DIRECTION('',(6.12303176911189E-17,1.,0.));
#9952=DIRECTION('',(0.,0.,1.));
#9953=DIRECTION('',(1.,0.,0.));
#9954=DIRECTION('',(0.,0.,-1.));
#9955=DIRECTION('',(0.,-1.,0.));
#9956=DIRECTION('',(0.,0.,-1.));
#9957=DIRECTION('',(0.,-1.,0.));
#9958=DIRECTION('',(0.,0.,1.));
#9959=DIRECTION('',(1.,0.,0.));
#9960=DIRECTION('',(-1.,0.,0.));
#9961=DIRECTION('',(0.,1.,0.));
#9962=DIRECTION('',(1.,0.,0.));
#9963=DIRECTION('',(0.,-1.,0.));
#9964=DIRECTION('',(0.,0.,1.));
#9965=DIRECTION('',(1.,0.,0.));
#9966=DIRECTION('',(0.,0.,1.));
#9967=DIRECTION('',(1.,0.,0.));
#9968=DIRECTION('',(1.,0.,0.));
#9969=DIRECTION('',(0.,0.,-1.));
#9970=DIRECTION('',(0.,-1.,0.));
#9971=DIRECTION('',(0.,0.,-1.));
#9972=DIRECTION('',(0.,0.,-1.));
#9973=DIRECTION('',(-1.,0.,0.));
#9974=DIRECTION('',(0.,0.,-1.));
#9975=DIRECTION('',(-1.,0.,0.));
#9976=DIRECTION('',(0.,0.,-1.));
#9977=DIRECTION('',(-1.,0.,0.));
#9978=DIRECTION('',(-1.,0.,0.));
#9979=DIRECTION('',(-1.05155393591369E-15,1.,0.));
#9980=DIRECTION('',(0.,0.,-1.));
#9981=DIRECTION('',(0.,-1.,0.));
#9982=DIRECTION('',(1.,-1.63051656603918E-16,0.));
#9983=DIRECTION('',(0.,0.,-1.));
#9984=DIRECTION('',(0.,-1.,0.));
#9985=DIRECTION('',(0.,-1.,0.));
#9986=DIRECTION('',(-1.,0.,0.));
#9987=DIRECTION('',(0.,0.,-1.));
#9988=DIRECTION('',(-1.,0.,0.));
#9989=DIRECTION('',(0.,0.,-1.));
#9990=DIRECTION('',(-1.,0.,0.));
#9991=DIRECTION('',(1.,0.,0.));
#9992=DIRECTION('',(1.05155393591368E-15,-1.,0.));
#9993=DIRECTION('',(0.,0.,-1.));
#9994=DIRECTION('',(0.,1.,0.));
#9995=DIRECTION('',(-1.,0.,0.));
#9996=DIRECTION('',(0.,0.,-1.));
#9997=DIRECTION('',(0.,-1.,0.));
#9998=DIRECTION('',(0.,1.,0.));
#9999=DIRECTION('',(1.,0.,0.));
#10000=DIRECTION('',(-1.,-1.05155393591368E-15,0.));
#10001=DIRECTION('',(1.05155393591368E-15,-1.,0.));
#10002=DIRECTION('',(0.,0.,1.));
#10003=DIRECTION('',(0.,0.,1.));
#10004=DIRECTION('',(1.,0.,0.));
#10005=DIRECTION('',(0.,0.,1.));
#10006=DIRECTION('',(0.,1.,0.));
#10007=DIRECTION('',(0.,0.,1.));
#10008=DIRECTION('',(0.,0.,1.));
#10009=DIRECTION('',(0.,0.,1.));
#10010=DIRECTION('',(1.,0.,0.));
#10011=DIRECTION('',(0.,0.,1.));
#10012=DIRECTION('',(1.,0.,0.));
#10013=DIRECTION('',(0.,0.,-1.));
#10014=DIRECTION('',(0.,-1.,0.));
#10015=DIRECTION('',(0.,0.,-1.));
#10016=DIRECTION('',(0.,0.,1.));
#10017=DIRECTION('',(1.,8.40337648187678E-16,0.));
#10018=DIRECTION('',(-8.40337648187678E-16,1.,0.));
#10019=DIRECTION('',(0.,0.,1.));
#10020=DIRECTION('',(0.,1.,0.));
#10021=DIRECTION('',(0.,0.,1.));
#10022=DIRECTION('',(1.,1.05155393591369E-15,0.));
#10023=DIRECTION('',(-1.05155393591369E-15,1.,0.));
#10024=DIRECTION('',(0.,0.,1.));
#10025=DIRECTION('',(0.,0.,1.));
#10026=DIRECTION('',(1.,0.,0.));
#10027=DIRECTION('',(0.,0.,1.));
#10028=DIRECTION('',(-1.63051656603918E-16,-1.,0.));
#10029=DIRECTION('',(1.,-1.63051656603918E-16,0.));
#10030=DIRECTION('',(0.,0.,1.));
#10031=DIRECTION('',(0.,0.,1.));
#10032=DIRECTION('',(1.,0.,0.));
#10033=DIRECTION('',(0.,0.,1.));
#10034=DIRECTION('',(-1.,0.,0.));
#10035=DIRECTION('',(0.,0.,1.));
#10036=DIRECTION('',(0.,1.,0.));
#10037=DIRECTION('',(0.,0.,1.));
#10038=DIRECTION('',(0.,0.,1.));
#10039=DIRECTION('',(-1.,1.86741699597262E-16,0.));
#10040=DIRECTION('',(-1.86741699597262E-16,-1.,0.));
#10041=DIRECTION('',(0.,0.,1.));
#10042=DIRECTION('',(0.,-1.,0.));
#10043=DIRECTION('',(0.,0.,-1.));
#10044=DIRECTION('',(0.,0.,-1.));
#10045=DIRECTION('',(-1.,0.,0.));
#10046=DIRECTION('',(0.,0.,-1.));
#10047=DIRECTION('',(-1.,0.,0.));
#10048=DIRECTION('',(0.,0.,-1.));
#10049=DIRECTION('',(-1.,0.,0.));
#10050=DIRECTION('',(0.,0.,-1.));
#10051=DIRECTION('',(-1.,0.,0.));
#10052=DIRECTION('',(0.,0.,-1.));
#10053=DIRECTION('',(-1.,0.,0.));
#10054=DIRECTION('',(0.808736084303188,-0.588171697675046,-6.540482383731E-17));
#10055=DIRECTION('',(0.588171697675047,0.808736084303188,0.));
#10056=DIRECTION('',(-6.17285238585653E-33,-1.11200222819026E-16,1.));
#10057=DIRECTION('',(-0.53281326968614,-0.846232840089751,-9.41012803747576E-17));
#10058=DIRECTION('',(0.846232840089751,-0.53281326968614,0.));
#10059=DIRECTION('',(0.,1.,-1.21234252451099E-16));
#10060=DIRECTION('',(0.,1.21234252451099E-16,1.));
#10061=DIRECTION('',(-1.,0.,0.));
#10062=DIRECTION('',(0.,-1.,-4.84937009804395E-16));
#10063=DIRECTION('',(0.,4.84937009804395E-16,-1.));
#10064=DIRECTION('',(-1.,0.,0.));
#10065=DIRECTION('',(0.,-8.673617379884E-16,1.));
#10066=DIRECTION('',(0.,-1.,-8.673617379884E-16));
#10067=DIRECTION('',(0.,0.,1.));
#10068=DIRECTION('',(1.,0.,0.));
#10069=DIRECTION('',(0.,0.,1.));
#10070=DIRECTION('',(1.,0.,0.));
#10071=DIRECTION('',(0.,0.,-1.));
#10072=DIRECTION('',(-1.,0.,0.));
#10073=DIRECTION('',(0.,0.,-1.));
#10074=DIRECTION('',(-1.,0.,0.));
#10075=DIRECTION('',(0.,0.,1.));
#10076=DIRECTION('',(1.,0.,0.));
#10077=DIRECTION('',(0.,0.,1.));
#10078=DIRECTION('',(1.,0.,0.));
#10079=DIRECTION('',(0.,0.,-1.));
#10080=DIRECTION('',(-1.,0.,0.));
#10081=DIRECTION('',(0.,0.,-1.));
#10082=DIRECTION('',(-1.,0.,0.));
#10083=DIRECTION('',(0.,1.,-1.20176889041852E-16));
#10084=DIRECTION('',(0.,1.20176889041852E-16,1.));
#10085=DIRECTION('',(0.,-1.,0.));
#10086=DIRECTION('',(0.,0.,1.));
#10087=DIRECTION('',(0.,1.,-1.20176889041852E-16));
#10088=DIRECTION('',(0.,-1.,0.));
#10089=DIRECTION('',(0.,0.,1.));
#10090=DIRECTION('',(0.,-1.,1.20176889041852E-16));
#10091=DIRECTION('',(0.,1.,-1.20176889041852E-16));
#10092=DIRECTION('',(0.,1.20176889041852E-16,1.));
#10093=DIRECTION('',(0.,1.,0.));
#10094=DIRECTION('',(0.,0.,1.));
#10095=DIRECTION('',(0.,1.,-1.20176889041852E-16));
#10096=DIRECTION('',(0.,1.,0.));
#10097=DIRECTION('',(0.,0.,1.));
#10098=DIRECTION('',(0.,-1.,1.20176889041852E-16));
#10099=DIRECTION('',(0.,-1.,0.));
#10100=DIRECTION('',(0.,0.,-1.));
#10101=DIRECTION('',(0.,0.,1.));
#10102=DIRECTION('',(-1.,0.,0.));
#10103=DIRECTION('',(0.,0.,1.));
#10104=DIRECTION('',(-1.,0.,0.));
#10105=DIRECTION('',(0.,-1.,0.));
#10106=DIRECTION('',(0.,0.,-1.));
#10107=DIRECTION('',(0.,0.,-1.));
#10108=DIRECTION('',(-1.,0.,0.));
#10109=DIRECTION('',(0.,0.,-1.));
#10110=DIRECTION('',(-1.,0.,0.));
#10111=DIRECTION('',(0.,-1.,0.));
#10112=DIRECTION('',(0.,0.,-1.));
#10113=DIRECTION('',(0.,0.,1.));
#10114=DIRECTION('',(-1.,0.,0.));
#10115=DIRECTION('',(0.,0.,1.));
#10116=DIRECTION('',(1.,0.,0.));
#10117=DIRECTION('',(0.,-1.,0.));
#10118=DIRECTION('',(0.,0.,-1.));
#10119=DIRECTION('',(0.,0.,-1.));
#10120=DIRECTION('',(-1.,0.,0.));
#10121=DIRECTION('',(0.,0.,-1.));
#10122=DIRECTION('',(1.,0.,0.));
#10123=DIRECTION('',(1.,0.,0.));
#10124=DIRECTION('',(0.,0.,-1.));
#10125=DIRECTION('',(0.,-1.,0.));
#10126=DIRECTION('',(0.,0.,-1.));
#10127=DIRECTION('',(0.,1.,0.));
#10128=DIRECTION('',(0.,0.,1.));
#10129=DIRECTION('',(0.,1.,0.));
#10130=DIRECTION('',(0.,0.,-1.));
#10131=DIRECTION('',(0.,1.,0.));
#10132=DIRECTION('',(-1.,0.,0.));
#10133=DIRECTION('',(0.,0.,1.));
#10134=DIRECTION('',(0.,0.,1.));
#10135=DIRECTION('',(0.,1.,0.));
#10136=DIRECTION('',(0.,1.,0.));
#10137=DIRECTION('',(0.,0.,1.));
#10138=DIRECTION('',(0.,-1.,0.));
#10139=DIRECTION('',(0.,0.,-1.));
#10140=DIRECTION('',(0.,1.,0.));
#10141=DIRECTION('',(1.,0.,0.));
#10142=DIRECTION('',(0.,0.,-1.));
#10143=DIRECTION('',(1.,0.,0.));
#10144=DIRECTION('',(0.,0.,-1.));
#10145=DIRECTION('',(0.,0.,-1.));
#10146=DIRECTION('',(-1.,0.,0.));
#10147=DIRECTION('',(1.,0.,0.));
#10148=DIRECTION('',(0.,0.,-1.));
#10149=DIRECTION('',(1.,0.,0.));
#10150=DIRECTION('',(0.,0.,-1.));
#10151=DIRECTION('',(1.,0.,0.));
#10152=DIRECTION('',(0.,0.,-1.));
#10153=DIRECTION('',(1.,0.,0.));
#10154=DIRECTION('',(0.,0.,-1.));
#10155=DIRECTION('',(0.,0.,-1.));
#10156=DIRECTION('',(-1.,0.,0.));
#10157=DIRECTION('',(-1.,0.,0.));
#10158=DIRECTION('',(0.,0.,1.));
#10159=DIRECTION('',(0.,1.,0.));
#10160=DIRECTION('',(0.,0.,1.));
#10161=DIRECTION('',(1.,0.,0.));
#10162=DIRECTION('',(0.,0.,-1.));
#10163=DIRECTION('',(0.,-1.,0.));
#10164=DIRECTION('',(1.,0.,0.));
#10165=DIRECTION('',(0.,0.,-1.));
#10166=DIRECTION('',(0.,0.,-1.));
#10167=DIRECTION('',(0.,1.,0.));
#10168=DIRECTION('',(0.,0.,1.));
#10169=DIRECTION('',(-1.,0.,0.));
#10170=DIRECTION('',(0.,0.,1.));
#10171=DIRECTION('',(0.,-1.,3.25299747515234E-16));
#10172=DIRECTION('',(-1.,0.,0.));
#10173=DIRECTION('',(0.,0.,1.));
#10174=DIRECTION('',(0.,0.,-1.));
#10175=DIRECTION('',(0.,1.,0.));
#10176=DIRECTION('',(0.,0.,1.));
#10177=DIRECTION('',(0.,-1.,0.));
#10178=DIRECTION('',(0.,0.,1.));
#10179=DIRECTION('',(0.,-1.,0.));
#10180=DIRECTION('',(0.,0.,-1.));
#10181=DIRECTION('',(-1.,0.,0.));
#10182=DIRECTION('',(0.,0.,1.));
#10183=DIRECTION('',(0.,1.,3.25299747515234E-16));
#10184=DIRECTION('',(-1.,0.,0.));
#10185=DIRECTION('',(0.,0.,1.));
#10186=DIRECTION('',(-1.,0.,0.));
#10187=DIRECTION('',(0.,0.,-1.));
#10188=DIRECTION('',(1.,0.,0.));
#10189=DIRECTION('',(0.,0.,-1.));
#10190=DIRECTION('',(0.,0.,1.));
#10191=DIRECTION('',(1.,0.,0.));
#10192=DIRECTION('',(1.,0.,0.));
#10193=DIRECTION('',(0.,0.,-1.));
#10194=DIRECTION('',(-1.,0.,0.));
#10195=DIRECTION('',(0.,0.,-1.));
#10196=DIRECTION('',(1.,0.,0.));
#10197=DIRECTION('',(0.,0.,-1.));
#10198=DIRECTION('',(1.,0.,0.));
#10199=DIRECTION('',(0.,0.,-1.));
#10200=DIRECTION('',(0.,0.,1.));
#10201=DIRECTION('',(1.,0.,0.));
#10202=DIRECTION('',(1.,0.,0.));
#10203=DIRECTION('',(0.,0.,-1.));
#10204=DIRECTION('',(0.,0.,-1.));
#10205=DIRECTION('',(0.,-1.,0.));
#10206=DIRECTION('',(0.,0.,-1.));
#10207=DIRECTION('',(1.,0.,0.));
#10208=DIRECTION('',(0.,0.,-1.));
#10209=DIRECTION('',(0.,-1.,0.));
#10210=DIRECTION('',(1.,0.,0.));
#10211=DIRECTION('',(0.,0.,-1.));
#10212=DIRECTION('',(0.,0.,1.));
#10213=DIRECTION('',(0.,-1.,0.));
#10214=DIRECTION('',(1.,0.,0.));
#10215=DIRECTION('',(0.,0.,-1.));
#10216=DIRECTION('',(0.,-1.,-3.25299747515234E-16));
#10217=DIRECTION('',(1.,0.,0.));
#10218=DIRECTION('',(0.,0.,-1.));
#10219=DIRECTION('',(0.,0.,1.));
#10220=DIRECTION('',(0.,1.,0.));
#10221=DIRECTION('',(0.,0.,-1.));
#10222=DIRECTION('',(0.,-1.,0.));
#10223=DIRECTION('',(0.,0.,-1.));
#10224=DIRECTION('',(0.,-1.,0.));
#10225=DIRECTION('',(0.,0.,1.));
#10226=DIRECTION('',(1.,0.,0.));
#10227=DIRECTION('',(0.,0.,-1.));
#10228=DIRECTION('',(0.,1.,-3.25299747515234E-16));
#10229=DIRECTION('',(1.,0.,0.));
#10230=DIRECTION('',(0.,0.,-1.));
#10231=DIRECTION('',(-1.,0.,0.));
#10232=DIRECTION('',(0.,0.,1.));
#10233=DIRECTION('',(-1.,0.,0.));
#10234=DIRECTION('',(0.,0.,1.));
#10235=DIRECTION('',(-1.25942736819045E-15,1.,0.));
#10236=DIRECTION('',(-1.,0.,0.));
#10237=DIRECTION('',(0.,0.,1.));
#10238=DIRECTION('',(0.,0.,-1.));
#10239=DIRECTION('',(0.,-1.,0.));
#10240=DIRECTION('',(0.,0.,1.));
#10241=DIRECTION('',(0.,-1.,0.));
#10242=DIRECTION('',(0.,0.,1.));
#10243=DIRECTION('',(0.,1.,0.));
#10244=DIRECTION('',(0.,0.,-1.));
#10245=DIRECTION('',(-1.,0.,0.));
#10246=DIRECTION('',(0.,0.,1.));
#10247=DIRECTION('',(-1.25942736819046E-15,-1.,-1.03195313565198E-45));
#10248=DIRECTION('',(-1.,0.,0.));
#10249=DIRECTION('',(0.,0.,1.));
#10250=DIRECTION('',(0.,0.,1.));
#10251=DIRECTION('',(-1.,0.,0.));
#10252=DIRECTION('',(0.,0.,1.));
#10253=DIRECTION('',(0.,0.,1.));
#10254=DIRECTION('',(0.,-1.,0.));
#10255=DIRECTION('',(0.,0.,-1.));
#10256=DIRECTION('',(0.,-1.,0.));
#10257=DIRECTION('',(0.,0.,1.));
#10258=DIRECTION('',(0.,1.,0.));
#10259=DIRECTION('',(0.,0.,1.));
#10260=DIRECTION('',(0.,-1.,0.));
#10261=DIRECTION('',(0.,0.,-1.));
#10262=DIRECTION('',(0.,1.,0.));
#10263=DIRECTION('',(1.,0.,0.));
#10264=DIRECTION('',(0.,0.,-1.));
#10265=DIRECTION('',(0.,1.,-1.20176889041852E-16));
#10266=DIRECTION('',(1.,0.,0.));
#10267=DIRECTION('',(0.,0.,-1.));
#10268=DIRECTION('',(-1.,0.,0.));
#10269=DIRECTION('',(0.,0.,-1.));
#10270=DIRECTION('',(0.,0.,1.));
#10271=DIRECTION('',(0.,0.,-1.));
#10272=DIRECTION('',(1.,0.,0.));
#10273=DIRECTION('',(0.,0.,-1.));
#10274=DIRECTION('',(0.,1.,0.));
#10275=DIRECTION('',(1.,0.,0.));
#10276=DIRECTION('',(0.,0.,-1.));
#10277=DIRECTION('',(-1.,0.,0.));
#10278=DIRECTION('',(0.,0.,-1.));
#10279=DIRECTION('',(0.,-1.,0.));
#10280=DIRECTION('',(0.,0.,1.));
#10281=DIRECTION('',(1.,0.,0.));
#10282=DIRECTION('',(0.,0.,-1.));
#10283=DIRECTION('',(0.,0.,1.));
#10284=DIRECTION('',(-1.,0.,0.));
#10285=DIRECTION('',(0.,0.,1.));
#10286=DIRECTION('',(1.,0.,0.));
#10287=DIRECTION('',(0.,1.,-1.20176889041852E-16));
#10288=DIRECTION('',(0.,1.20176889041852E-16,1.));
#10289=DIRECTION('',(0.,-1.,0.));
#10290=DIRECTION('',(0.,0.,1.));
#10291=DIRECTION('',(0.,1.,-1.20176889041852E-16));
#10292=DIRECTION('',(-1.,0.,0.));
#10293=DIRECTION('',(0.,0.,-1.));
#10294=DIRECTION('',(0.,-1.,0.));
#10295=DIRECTION('',(0.,0.,1.));
#10296=DIRECTION('',(-1.,0.,0.));
#10297=DIRECTION('',(0.,0.,-1.));
#10298=DIRECTION('',(1.,0.,0.));
#10299=DIRECTION('',(0.,0.,-1.));
#10300=DIRECTION('',(0.,-1.,0.));
#10301=DIRECTION('',(0.,0.,-1.));
#10302=DIRECTION('',(0.,-1.,0.));
#10303=DIRECTION('',(0.,0.,1.));
#10304=DIRECTION('',(0.,0.,-1.));
#10305=DIRECTION('',(1.,0.,0.));
#10306=DIRECTION('',(0.,0.,1.));
#10307=DIRECTION('',(1.,0.,0.));
#10308=DIRECTION('',(-1.,0.,0.));
#10309=DIRECTION('',(0.,0.,-1.));
#10310=DIRECTION('',(0.,-1.,0.));
#10311=DIRECTION('',(0.,0.,-1.));
#10312=DIRECTION('',(1.,0.,0.));
#10313=DIRECTION('',(0.,-1.,0.));
#10314=DIRECTION('',(0.,0.,-1.));
#10315=DIRECTION('',(1.,0.,0.));
#10316=DIRECTION('',(0.,0.,-1.));
#10317=DIRECTION('',(0.,1.,0.));
#10318=DIRECTION('',(0.,0.,1.));
#10319=DIRECTION('',(1.,0.,0.));
#10320=DIRECTION('',(0.,1.,0.));
#10321=DIRECTION('',(0.,0.,1.));
#10322=DIRECTION('',(-1.,0.,0.));
#10323=DIRECTION('',(-3.83387242987432E-31,6.29713684095225E-16,-1.));
#10324=DIRECTION('',(1.,-5.37671214882052E-16,4.0969140488613E-31));
#10325=DIRECTION('',(-3.83387242987432E-31,6.29713684095225E-16,-1.));
#10326=DIRECTION('',(0.,1.,0.));
#10327=DIRECTION('',(0.,0.,1.));
#10328=DIRECTION('',(-1.,0.,0.));
#10329=DIRECTION('',(0.,1.,0.));
#10330=DIRECTION('',(0.,0.,1.));
#10331=DIRECTION('',(1.,0.,0.));
#10332=DIRECTION('',(-3.83387242987432E-31,6.29713684095225E-16,-1.));
#10333=DIRECTION('',(-1.,5.37671214882051E-16,-4.0969140488613E-31));
#10334=DIRECTION('',(-3.83387242987432E-31,6.29713684095225E-16,-1.));
#10335=DIRECTION('',(0.,-1.,0.));
#10336=DIRECTION('',(0.,0.,-1.));
#10337=DIRECTION('',(-1.,0.,0.));
#10338=DIRECTION('',(0.,-1.,0.));
#10339=DIRECTION('',(0.,0.,-1.));
#10340=DIRECTION('',(0.,0.,-1.));
#10341=DIRECTION('',(-1.,0.,0.));
#10342=DIRECTION('',(0.,1.,0.));
#10343=DIRECTION('',(0.,0.,1.));
#10344=DIRECTION('',(1.,0.,0.));
#10345=DIRECTION('',(0.,1.,0.));
#10346=DIRECTION('',(0.,0.,1.));
#10347=DIRECTION('',(1.,0.,0.));
#10348=DIRECTION('',(-3.83387242987432E-31,6.29713684095225E-16,-1.));
#10349=DIRECTION('',(1.,1.18454826056243E-15,4.0969140488613E-31));
#10350=DIRECTION('',(-3.83387242987432E-31,6.29713684095225E-16,-1.));
#10351=DIRECTION('',(0.,1.,0.));
#10352=DIRECTION('',(0.,0.,1.));
#10353=DIRECTION('',(1.,0.,0.));
#10354=DIRECTION('',(0.,1.,0.));
#10355=DIRECTION('',(0.,0.,1.));
#10356=DIRECTION('',(1.,0.,0.));
#10357=DIRECTION('',(-3.83387242987432E-31,6.29713684095225E-16,-1.));
#10358=DIRECTION('',(1.,-1.81061604455841E-15,4.0969140488613E-31));
#10359=DIRECTION('',(-3.83387242987432E-31,6.29713684095225E-16,-1.));
#10360=DIRECTION('',(1.,0.,0.));
#10361=DIRECTION('',(0.,0.,-1.));
#10362=DIRECTION('',(0.,-1.,0.));
#10363=DIRECTION('',(0.,0.,-1.));
#10364=DIRECTION('',(0.,1.,0.));
#10365=DIRECTION('',(0.,0.,1.));
#10366=DIRECTION('',(0.,-1.,0.));
#10367=DIRECTION('',(0.,0.,1.));
#10368=DIRECTION('',(0.,1.,0.));
#10369=DIRECTION('',(0.,0.,-1.));
#10370=DIRECTION('',(0.,1.,0.));
#10371=DIRECTION('',(1.,0.,0.));
#10372=DIRECTION('',(0.,0.,-1.));
#10373=DIRECTION('',(1.,0.,0.));
#10374=DIRECTION('',(0.,0.,-1.));
#10375=DIRECTION('',(1.25942736819045E-15,-1.,0.));
#10376=DIRECTION('',(1.,0.,0.));
#10377=DIRECTION('',(0.,0.,-1.));
#10378=DIRECTION('',(0.,0.,1.));
#10379=DIRECTION('',(0.,-1.,0.));
#10380=DIRECTION('',(0.,0.,-1.));
#10381=DIRECTION('',(0.,1.,0.));
#10382=DIRECTION('',(0.,0.,-1.));
#10383=DIRECTION('',(0.,1.,0.));
#10384=DIRECTION('',(0.,0.,1.));
#10385=DIRECTION('',(1.,0.,0.));
#10386=DIRECTION('',(0.,0.,-1.));
#10387=DIRECTION('',(-1.25942736819047E-15,-1.,-1.03195313565198E-45));
#10388=DIRECTION('',(1.,0.,0.));
#10389=DIRECTION('',(0.,0.,-1.));
#10390=DIRECTION('',(0.,-1.,0.));
#10391=DIRECTION('',(0.,0.,-1.));
#10392=DIRECTION('',(1.,0.,0.));
#10393=DIRECTION('',(0.,-1.,0.));
#10394=DIRECTION('',(0.,0.,-1.));
#10395=DIRECTION('',(1.,0.,0.));
#10396=DIRECTION('',(-3.83387242987432E-31,6.29713684095225E-16,-1.));
#10397=DIRECTION('',(-1.,5.27861260575185E-16,-4.0969140488613E-31));
#10398=DIRECTION('',(-3.83387242987432E-31,6.29713684095225E-16,-1.));
#10399=DIRECTION('',(0.,-1.,0.));
#10400=DIRECTION('',(0.,0.,-1.));
#10401=DIRECTION('',(1.,0.,0.));
#10402=DIRECTION('',(0.,-1.,0.));
#10403=DIRECTION('',(0.,0.,-1.));
#10404=DIRECTION('',(1.,0.,0.));
#10405=DIRECTION('',(-3.83387242987432E-31,6.29713684095225E-16,-1.));
#10406=DIRECTION('',(1.,3.65783053807633E-16,4.0969140488613E-31));
#10407=DIRECTION('',(-3.83387242987432E-31,6.29713684095225E-16,-1.));
#10408=DIRECTION('',(0.,1.,0.));
#10409=DIRECTION('',(0.,0.,1.));
#10410=DIRECTION('',(1.,0.,0.));
#10411=DIRECTION('',(1.,0.,0.));
#10412=DIRECTION('',(0.,1.,0.));
#10413=DIRECTION('',(0.,0.,1.));
#10414=DIRECTION('',(1.,0.,0.));
#10415=DIRECTION('',(1.,0.,0.));
#10416=DIRECTION('',(0.,0.,1.));
#10417=DIRECTION('',(1.,0.,0.));
#10418=DIRECTION('',(-1.,-1.06392531374675E-15,0.));
#10419=DIRECTION('',(-1.,0.,0.));
#10420=DIRECTION('',(0.,-1.,0.));
#10421=DIRECTION('',(0.,0.,1.));
#10422=DIRECTION('',(1.,0.,0.));
#10423=DIRECTION('',(-1.,0.,0.));
#10424=DIRECTION('',(0.,0.,1.));
#10425=DIRECTION('',(1.,0.,0.));
#10426=DIRECTION('',(0.,-1.,0.));
#10427=DIRECTION('',(1.,0.,0.));
#10428=DIRECTION('',(-1.,-1.72887863483847E-15,0.));
#10429=DIRECTION('',(0.,0.,1.));
#10430=DIRECTION('',(1.,0.,0.));
#10431=DIRECTION('',(0.,0.,1.));
#10432=DIRECTION('',(1.,0.,0.));
#10433=DIRECTION('',(0.,0.,-1.));
#10434=DIRECTION('',(1.,0.,0.));
#10435=DIRECTION('',(1.,0.,0.));
#10436=DIRECTION('',(-1.,0.,0.));
#10437=DIRECTION('',(0.,1.,0.));
#10438=DIRECTION('',(0.,0.,1.));
#10439=DIRECTION('',(1.,0.,0.));
#10440=DIRECTION('',(-1.,0.,0.));
#10441=DIRECTION('',(0.,0.,1.));
#10442=DIRECTION('',(1.,0.,0.));
#10443=DIRECTION('',(0.,1.,0.));
#10444=DIRECTION('',(1.,0.,0.));
#10445=DIRECTION('',(1.,-2.26084129171184E-15,0.));
#10446=DIRECTION('',(0.,0.,1.));
#10447=DIRECTION('',(1.,0.,0.));
#10448=DIRECTION('',(1.,0.,0.));
#10449=DIRECTION('',(0.,1.,0.));
#10450=DIRECTION('',(1.,0.,0.));
#10451=DIRECTION('',(0.,1.,0.));
#10452=DIRECTION('',(0.,0.,1.));
#10453=DIRECTION('',(1.,0.,0.));
#10454=DIRECTION('',(1.,0.,0.));
#10455=DIRECTION('',(0.,-1.,0.));
#10456=DIRECTION('',(1.,0.,0.));
#10457=DIRECTION('',(0.,1.,0.));
#10458=DIRECTION('',(0.,-1.,0.));
#10459=DIRECTION('',(0.,0.,-1.));
#10460=DIRECTION('',(0.,0.,-1.));
#10461=DIRECTION('',(1.,0.,0.));
#10462=DIRECTION('',(0.,0.,-1.));
#10463=DIRECTION('',(-1.,0.,0.));
#10464=DIRECTION('',(0.,0.,1.));
#10465=DIRECTION('',(0.,0.,-1.));
#10466=DIRECTION('',(0.,-1.,0.));
#10467=DIRECTION('',(0.,0.,-1.));
#10468=DIRECTION('',(0.,-1.,0.));
#10469=DIRECTION('',(0.,0.,-1.));
#10470=DIRECTION('',(1.,0.,0.));
#10471=DIRECTION('',(-1.,0.,0.));
#10472=DIRECTION('',(0.,0.,1.));
#10473=DIRECTION('',(0.,-1.,0.));
#10474=DIRECTION('',(0.,0.,-1.));
#10475=DIRECTION('',(0.,0.,-1.));
#10476=DIRECTION('',(0.,1.,0.));
#10477=DIRECTION('',(0.,0.,1.));
#10478=DIRECTION('',(-1.,0.,0.));
#10479=DIRECTION('',(0.,1.,0.));
#10480=DIRECTION('',(0.,0.,1.));
#10481=DIRECTION('',(1.,0.,0.));
#10482=DIRECTION('',(0.,0.,-1.));
#10483=DIRECTION('',(0.,0.,-1.));
#10484=DIRECTION('',(0.,0.,1.));
#10485=DIRECTION('',(1.,0.,0.));
#10486=DIRECTION('',(0.,0.,-1.));
#10487=DIRECTION('',(1.,0.,0.));
#10488=DIRECTION('',(-1.,-1.72887863483847E-15,0.));
#10489=DIRECTION('',(0.,0.,1.));
#10490=DIRECTION('',(1.,0.,0.));
#10491=DIRECTION('',(0.,0.,1.));
#10492=DIRECTION('',(1.,0.,0.));
#10493=DIRECTION('',(-1.,-1.06392531374675E-15,0.));
#10494=DIRECTION('',(1.,0.,0.));
#10495=DIRECTION('',(0.,0.,-1.));
#10496=DIRECTION('',(0.,-1.,0.));
#10497=DIRECTION('',(0.,0.,-1.));
#10498=DIRECTION('',(0.,0.,-1.));
#10499=DIRECTION('',(0.,1.,0.));
#10500=DIRECTION('',(0.,0.,1.));
#10501=DIRECTION('',(1.,0.,0.));
#10502=DIRECTION('',(1.,0.,0.));
#10503=DIRECTION('',(0.,0.,-1.));
#10504=DIRECTION('',(0.,0.,-1.));
#10505=DIRECTION('',(0.,-1.,0.));
#10506=DIRECTION('',(0.,0.,-1.));
#10507=DIRECTION('',(0.,-1.,0.));
#10508=DIRECTION('',(0.,0.,-1.));
#10509=DIRECTION('',(-1.,0.,0.));
#10510=DIRECTION('',(0.,0.,1.));
#10511=DIRECTION('',(1.,0.,0.));
#10512=DIRECTION('',(1.,-1.06392531374675E-15,0.));
#10513=DIRECTION('',(0.,0.,1.));
#10514=DIRECTION('',(1.,0.,0.));
#10515=DIRECTION('',(1.,-2.26084129171184E-15,0.));
#10516=DIRECTION('',(0.,0.,1.));
#10517=DIRECTION('',(1.,0.,0.));
#10518=DIRECTION('',(0.,0.,1.));
#10519=DIRECTION('',(1.,0.,0.));
#10520=DIRECTION('',(0.,-1.,0.));
#10521=DIRECTION('',(0.,0.,-1.));
#10522=DIRECTION('',(1.,0.,0.));
#10523=DIRECTION('',(0.,-1.,0.));
#10524=DIRECTION('',(0.,0.,-1.));
#10525=DIRECTION('',(-1.,0.,0.));
#10526=DIRECTION('',(-3.83387242987432E-31,6.29713684095225E-16,-1.));
#10527=DIRECTION('',(-1.,-1.31528013783938E-15,-4.0969140488613E-31));
#10528=DIRECTION('',(-3.83387242987432E-31,6.29713684095225E-16,-1.));
#10529=DIRECTION('',(0.,-1.,0.));
#10530=DIRECTION('',(0.,0.,-1.));
#10531=DIRECTION('',(-1.,0.,0.));
#10532=DIRECTION('',(0.,-1.,0.));
#10533=DIRECTION('',(0.,0.,-1.));
#10534=DIRECTION('',(1.,0.,0.));
#10535=DIRECTION('',(-3.83387242987432E-31,6.29713684095225E-16,-1.));
#10536=DIRECTION('',(-1.,4.72008490926259E-16,-4.0969140488613E-31));
#10537=DIRECTION('',(-3.83387242987432E-31,6.29713684095225E-16,-1.));
#10538=DIRECTION('',(0.,-1.,0.));
#10539=DIRECTION('',(0.,0.,-1.));
#10540=DIRECTION('',(0.,-1.,0.));
#10541=DIRECTION('',(0.,0.,-1.));
#10542=DIRECTION('',(1.,0.,0.));
#10543=DIRECTION('',(0.,-1.,0.));
#10544=DIRECTION('',(0.,0.,-1.));
#10545=DIRECTION('',(-1.,-1.18276600634782E-15,0.));
#10546=DIRECTION('',(0.,0.,-1.));
#10547=DIRECTION('',(0.,0.,-1.));
#10548=DIRECTION('',(-1.,0.,0.));
#10549=DIRECTION('',(1.,0.,0.));
#10550=DIRECTION('',(0.,1.,0.));
#10551=DIRECTION('',(0.,0.,1.));
#10552=DIRECTION('',(1.,0.,0.));
#10553=DIRECTION('',(0.,-1.,0.));
#10554=DIRECTION('',(0.,0.,-1.));
#10555=DIRECTION('',(0.,-1.,0.));
#10556=DIRECTION('',(0.,0.,-1.));
#10557=DIRECTION('',(0.,0.,-1.));
#10558=DIRECTION('',(1.,-1.31418445149758E-16,0.));
#10559=DIRECTION('',(0.,-1.,0.));
#10560=DIRECTION('',(0.,0.,-1.));
#10561=DIRECTION('',(1.,0.,0.));
#10562=DIRECTION('',(0.,0.,1.));
#10563=DIRECTION('',(1.,0.,0.));
#10564=DIRECTION('',(0.,1.,0.));
#10565=DIRECTION('',(0.,0.,1.));
#10566=DIRECTION('',(1.,0.,0.));
#10567=DIRECTION('',(1.,0.,0.));
#10568=DIRECTION('',(0.,0.,-1.));
#10569=DIRECTION('',(-1.,0.,0.));
#10570=DIRECTION('',(1.,0.,0.));
#10571=DIRECTION('',(0.,-1.,0.));
#10572=DIRECTION('',(0.,0.,-1.));
#10573=DIRECTION('',(0.,-1.,0.));
#10574=DIRECTION('',(0.,0.,-1.));
#10575=DIRECTION('',(0.,0.,-1.));
#10576=DIRECTION('',(1.,-1.18276600634782E-15,0.));
#10577=DIRECTION('',(0.,-1.,0.));
#10578=DIRECTION('',(0.,0.,-1.));
#10579=DIRECTION('',(0.,0.,1.));
#10580=DIRECTION('',(1.,0.,0.));
#10581=DIRECTION('',(1.,0.,0.));
#10582=DIRECTION('',(0.,-1.,0.));
#10583=DIRECTION('',(0.,0.,-1.));
#10584=DIRECTION('',(0.,-1.,0.));
#10585=DIRECTION('',(0.,0.,-1.));
#10586=DIRECTION('',(0.,-1.,0.));
#10587=DIRECTION('',(0.,0.,-1.));
#10588=DIRECTION('',(-1.,-1.31418445149758E-16,0.));
#10589=DIRECTION('',(0.,0.,-1.));
#10590=DIRECTION('',(0.,0.,-1.));
#10591=DIRECTION('',(-1.,0.,0.));
#10592=DIRECTION('',(0.,0.,-1.));
#10593=DIRECTION('',(-1.,0.,0.));
#10594=DIRECTION('',(0.,0.,1.));
#10595=DIRECTION('',(1.,0.,0.));
#10596=DIRECTION('',(0.,0.,1.));
#10597=DIRECTION('',(1.,0.,0.));
#10598=DIRECTION('',(-1.06392531374675E-15,1.,0.));
#10599=DIRECTION('',(-1.,-1.06392531374675E-15,0.));
#10600=DIRECTION('',(-1.,-1.06392531374675E-15,0.));
#10601=DIRECTION('',(0.,0.,1.));
#10602=DIRECTION('',(0.,0.,1.));
#10603=DIRECTION('',(1.,0.,0.));
#10604=DIRECTION('',(0.,0.,1.));
#10605=DIRECTION('',(-1.72887863483847E-15,1.,0.));
#10606=DIRECTION('',(-1.,-1.72887863483847E-15,0.));
#10607=DIRECTION('',(-1.,-1.72887863483847E-15,0.));
#10608=DIRECTION('',(-2.26084129171184E-15,-1.,0.));
#10609=DIRECTION('',(1.,-2.26084129171184E-15,0.));
#10610=DIRECTION('',(1.,-2.26084129171184E-15,0.));
#10611=DIRECTION('',(0.,0.,1.));
#10612=DIRECTION('',(0.,0.,1.));
#10613=DIRECTION('',(1.,0.,0.));
#10614=DIRECTION('',(0.,0.,1.));
#10615=DIRECTION('',(0.,-1.,0.));
#10616=DIRECTION('',(0.,0.,-1.));
#10617=DIRECTION('',(1.,-1.06392531374675E-15,0.));
#10618=DIRECTION('',(0.,0.,-1.));
#10619=DIRECTION('',(-1.,0.,0.));
#10620=DIRECTION('',(0.,0.,-1.));
#10621=DIRECTION('',(-1.,0.,0.));
#10622=DIRECTION('',(0.,-3.25299747515234E-16,-1.));
#10623=DIRECTION('',(0.,1.,-3.25299747515234E-16));
#10624=DIRECTION('',(0.,1.,-3.25299747515234E-16));
#10625=DIRECTION('',(4.0969140488613E-31,5.15976567825987E-46,-1.));
#10626=DIRECTION('',(-1.25942736819045E-15,1.,0.));
#10627=DIRECTION('',(-0.42734175697985,0.904090162949125,-1.75078244783581E-31));
#10628=DIRECTION('',(4.0969140488613E-31,5.15976567825987E-46,-1.));
#10629=DIRECTION('',(1.25942736819045E-15,-1.,0.));
#10630=DIRECTION('',(-1.25942736819045E-15,1.,0.));
#10631=DIRECTION('',(4.0969140488613E-31,5.15976567825987E-46,-1.));
#10632=DIRECTION('',(1.25942736819045E-15,-1.,0.));
#10633=DIRECTION('',(0.,-3.25299747515234E-16,1.));
#10634=DIRECTION('',(0.,-1.,-3.25299747515234E-16));
#10635=DIRECTION('',(0.,-1.,-3.25299747515234E-16));
#10636=DIRECTION('',(4.0969140488613E-31,5.15976567825987E-46,-1.));
#10637=DIRECTION('',(-1.25942736819045E-15,1.,0.));
#10638=DIRECTION('',(-1.25942736819045E-15,1.,0.));
#10639=DIRECTION('',(4.0969140488613E-31,5.15976567825987E-46,-1.));
#10640=DIRECTION('',(1.25942736819045E-15,-1.,0.));
#10641=DIRECTION('',(0.42734175697985,0.904090162949125,1.75078244783582E-31));
#10642=DIRECTION('',(4.0969140488613E-31,5.15976567825987E-46,-1.));
#10643=DIRECTION('',(1.25942736819045E-15,-1.,0.));
#10644=DIRECTION('',(0.,-3.25299747515234E-16,-1.));
#10645=DIRECTION('',(0.,1.,-3.25299747515234E-16));
#10646=DIRECTION('',(0.,-1.,3.25299747515234E-16));
#10647=DIRECTION('',(-4.0969140488613E-31,-5.15976567825987E-46,1.));
#10648=DIRECTION('',(1.25942736819045E-15,-1.,0.));
#10649=DIRECTION('',(6.28821886242152E-15,1.,3.09220578780292E-45));
#10650=DIRECTION('',(-4.0969140488613E-31,-5.15976567825987E-46,1.));
#10651=DIRECTION('',(1.25942736819045E-15,-1.,0.));
#10652=DIRECTION('',(0.42734175697985,0.904090162949125,1.75078244783582E-31));
#10653=DIRECTION('',(-4.0969140488613E-31,-5.15976567825987E-46,1.));
#10654=DIRECTION('',(-1.25942736819045E-15,1.,0.));
#10655=DIRECTION('',(0.,-3.25299747515234E-16,1.));
#10656=DIRECTION('',(0.,-1.,-3.25299747515234E-16));
#10657=DIRECTION('',(0.,1.,3.25299747515234E-16));
#10658=DIRECTION('',(4.0969140488613E-31,5.15976567825987E-46,-1.));
#10659=DIRECTION('',(1.25942736819045E-15,-1.,0.));
#10660=DIRECTION('',(0.427341756979849,-0.904090162949125,1.75078244783581E-31));
#10661=DIRECTION('',(4.0969140488613E-31,5.15976567825987E-46,-1.));
#10662=DIRECTION('',(1.25942736819045E-15,-1.,0.));
#10663=DIRECTION('',(8.80707359880231E-15,-1.,3.09220578780287E-45));
#10664=DIRECTION('',(4.0969140488613E-31,5.15976567825987E-46,-1.));
#10665=DIRECTION('',(-1.25942736819045E-15,1.,0.));
#10666=DIRECTION('',(1.,0.,0.));
#10667=DIRECTION('',(0.,0.,-1.));
#10668=DIRECTION('',(-1.,0.,0.));
#10669=DIRECTION('',(0.,0.,1.));
#10670=DIRECTION('',(1.,0.,0.));
#10671=DIRECTION('',(0.,0.,-1.));
#10672=DIRECTION('',(-1.,0.,0.));
#10673=DIRECTION('',(0.,0.,1.));
#10674=DIRECTION('',(1.,0.,0.));
#10675=DIRECTION('',(0.,0.,-1.));
#10676=DIRECTION('',(-1.,0.,0.));
#10677=DIRECTION('',(0.,0.,1.));
#10678=DIRECTION('',(1.,0.,0.));
#10679=DIRECTION('',(0.,0.,-1.));
#10680=DIRECTION('',(-1.,0.,0.));
#10681=DIRECTION('',(0.,0.,1.));
#10682=DIRECTION('',(1.,0.,0.));
#10683=DIRECTION('',(0.,0.,-1.));
#10684=DIRECTION('',(1.,0.,0.));
#10685=DIRECTION('',(0.,0.,-1.));
#10686=DIRECTION('',(1.,0.,0.));
#10687=DIRECTION('',(0.,0.,-1.));
#10688=DIRECTION('',(1.,0.,0.));
#10689=DIRECTION('',(0.,0.,-1.));
#10690=DIRECTION('',(1.,0.,0.));
#10691=DIRECTION('',(0.,0.,-1.));
#10692=DIRECTION('',(1.,0.,0.));
#10693=DIRECTION('',(0.,0.,-1.));
#10694=DIRECTION('',(1.,0.,0.));
#10695=DIRECTION('',(0.,0.,-1.));
#10696=DIRECTION('',(1.,0.,0.));
#10697=DIRECTION('',(0.,0.,-1.));
#10698=DIRECTION('',(1.,0.,0.));
#10699=DIRECTION('',(0.,0.,-1.));
#10700=DIRECTION('',(0.,0.,1.));
#10701=DIRECTION('',(1.,0.,0.));
#10702=DIRECTION('',(0.,0.,-1.));
#10703=DIRECTION('',(0.,1.,0.));
#10704=DIRECTION('',(1.,0.,0.));
#10705=DIRECTION('',(0.,0.,-1.));
#10706=DIRECTION('',(0.,0.,-1.));
#10707=DIRECTION('',(1.,0.,0.));
#10708=DIRECTION('',(0.,0.,-1.));
#10709=DIRECTION('',(0.,1.,0.));
#10710=DIRECTION('',(0.,0.,1.));
#10711=DIRECTION('',(0.,0.,1.));
#10712=DIRECTION('',(1.,0.,0.));
#10713=DIRECTION('',(0.,0.,-1.));
#10714=DIRECTION('',(-1.,0.,0.));
#10715=DIRECTION('',(0.,1.,-1.20176889041852E-16));
#10716=DIRECTION('',(0.,1.20176889041852E-16,1.));
#10717=DIRECTION('',(0.,1.,0.));
#10718=DIRECTION('',(0.,0.,1.));
#10719=DIRECTION('',(1.,0.,0.));
#10720=DIRECTION('',(0.,0.,-1.));
#10721=DIRECTION('',(0.,1.,0.));
#10722=DIRECTION('',(0.,0.,1.));
#10723=DIRECTION('',(1.,0.,0.));
#10724=DIRECTION('',(0.,0.,-1.));
#10725=DIRECTION('',(0.,-1.,0.));
#10726=DIRECTION('',(0.,0.,-1.));
#10727=DIRECTION('',(0.,1.,0.));
#10728=DIRECTION('',(0.,0.,1.));
#10729=DIRECTION('',(0.,0.,-1.));
#10730=DIRECTION('',(-1.,0.,0.));
#10731=DIRECTION('',(0.,0.,-1.));
#10732=DIRECTION('',(-1.,0.,0.));
#10733=DIRECTION('',(1.,0.,0.));
#10734=DIRECTION('',(0.,0.,-1.));
#10735=DIRECTION('',(0.,0.,1.));
#10736=DIRECTION('',(1.,0.,0.));
#10737=DIRECTION('',(0.,-1.,0.));
#10738=DIRECTION('',(0.,1.,0.));
#10739=DIRECTION('',(-1.,0.,0.));
#10740=DIRECTION('',(0.,0.,1.));
#10741=DIRECTION('',(0.,0.,-1.));
#10742=DIRECTION('',(-1.,0.,0.));
#10743=DIRECTION('',(0.,-1.,0.));
#10744=DIRECTION('',(0.,1.,0.));
#10745=DIRECTION('',(-1.,0.,0.));
#10746=DIRECTION('',(0.,0.,1.));
#10747=DIRECTION('',(0.,1.,0.));
#10748=DIRECTION('',(0.,0.,1.));
#10749=DIRECTION('',(0.,-1.,0.));
#10750=DIRECTION('',(0.,0.,-1.));
#10751=DIRECTION('',(0.,1.,0.));
#10752=DIRECTION('',(0.,0.,1.));
#10753=DIRECTION('',(0.,-1.,0.));
#10754=DIRECTION('',(0.,0.,-1.));
#10755=DIRECTION('',(1.,-1.25942736819046E-15,-1.176465890861E-30));
#10756=DIRECTION('',(1.25942736819046E-15,1.,0.));
#10757=DIRECTION('',(-1.25942736819046E-15,-1.,-1.03195313565198E-45));
#10758=DIRECTION('',(1.,-1.25942736819046E-15,-1.176465890861E-30));
#10759=DIRECTION('',(1.25942736819046E-15,1.,0.));
#10760=DIRECTION('',(-1.25942736819046E-15,-1.,-1.03195313565198E-45));
#10761=DIRECTION('',(-4.0969140488613E-31,-5.15976567825987E-46,1.));
#10762=DIRECTION('',(1.,0.,4.0969140488613E-31));
#10763=DIRECTION('',(-4.0969140488613E-31,-5.15976567825987E-46,1.));
#10764=DIRECTION('',(1.25942736819045E-15,-1.,0.));
#10765=DIRECTION('',(-4.0969140488613E-31,-5.15976567825987E-46,1.));
#10766=DIRECTION('',(-1.25942736819045E-15,1.,0.));
#10767=DIRECTION('',(0.42734175697985,0.904090162949125,1.75078244783582E-31));
#10768=DIRECTION('',(-4.0969140488613E-31,-5.15976567825987E-46,1.));
#10769=DIRECTION('',(1.25942736819045E-15,-1.,0.));
#10770=DIRECTION('',(6.28821886242152E-15,1.,3.09220578780292E-45));
#10771=DIRECTION('',(-3.83387242987432E-31,6.29713684095225E-16,-1.));
#10772=DIRECTION('',(0.,1.,6.29713684095225E-16));
#10773=DIRECTION('',(-3.83387242987432E-31,6.29713684095225E-16,-1.));
#10774=DIRECTION('',(-3.83387242987432E-31,6.29713684095225E-16,-1.));
#10775=DIRECTION('',(0.,1.,6.29713684095225E-16));
#10776=DIRECTION('',(-3.83387242987432E-31,6.29713684095225E-16,-1.));
#10777=DIRECTION('',(-0.904090162949125,0.42734175697985,2.69102952155508E-16));
#10778=DIRECTION('',(-0.42734175697985,-0.904090162949125,0.));
#10779=DIRECTION('',(-3.83387242987432E-31,6.29713684095225E-16,-1.));
#10780=DIRECTION('',(-3.83387242987432E-31,6.29713684095225E-16,-1.));
#10781=DIRECTION('',(0.,1.,6.29713684095225E-16));
#10782=DIRECTION('',(-3.83387242987432E-31,6.29713684095225E-16,-1.));
#10783=DIRECTION('',(-1.,6.28821886242152E-15,4.34316470923997E-30));
#10784=DIRECTION('',(-6.28821886242152E-15,-1.,0.));
#10785=DIRECTION('',(-1.,-1.25942736819045E-15,-4.0969140488613E-31));
#10786=DIRECTION('',(1.25942736819045E-15,-1.,0.));
#10787=DIRECTION('',(-1.25942736819045E-15,1.,0.));
#10788=DIRECTION('',(4.0969140488613E-31,5.15976567825987E-46,-1.));
#10789=DIRECTION('',(-1.,0.,-4.0969140488613E-31));
#10790=DIRECTION('',(8.80707359880231E-15,-1.,3.09220578780287E-45));
#10791=DIRECTION('',(4.0969140488613E-31,5.15976567825987E-46,-1.));
#10792=DIRECTION('',(1.25942736819045E-15,-1.,0.));
#10793=DIRECTION('',(0.427341756979849,-0.904090162949125,1.75078244783581E-31));
#10794=DIRECTION('',(4.0969140488613E-31,5.15976567825987E-46,-1.));
#10795=DIRECTION('',(1.25942736819045E-15,-1.,0.));
#10796=DIRECTION('',(-1.25942736819045E-15,1.,0.));
#10797=DIRECTION('',(4.0969140488613E-31,5.15976567825987E-46,-1.));
#10798=DIRECTION('',(-1.25942736819045E-15,1.,0.));
#10799=DIRECTION('',(1.,8.80707359880231E-15,5.16254751901216E-30));
#10800=DIRECTION('',(-8.80707359880231E-15,1.,0.));
#10801=DIRECTION('',(-3.83387242987432E-31,6.29713684095225E-16,-1.));
#10802=DIRECTION('',(-3.83387242987432E-31,6.29713684095225E-16,-1.));
#10803=DIRECTION('',(-3.83387242987432E-31,6.29713684095225E-16,-1.));
#10804=DIRECTION('',(0.,1.,6.29713684095225E-16));
#10805=DIRECTION('',(-1.,-1.25942736819045E-15,-4.0969140488613E-31));
#10806=DIRECTION('',(1.25942736819045E-15,-1.,0.));
#10807=DIRECTION('',(-3.83387242987432E-31,6.29713684095225E-16,-1.));
#10808=DIRECTION('',(0.,1.,6.29713684095225E-16));
#10809=DIRECTION('',(-3.83387242987432E-31,6.29713684095225E-16,-1.));
#10810=DIRECTION('',(0.904090162949125,0.427341756979849,2.69102952155507E-16));
#10811=DIRECTION('',(-0.427341756979849,0.904090162949125,0.));
#10812=DIRECTION('',(-3.83387242987432E-31,6.29713684095225E-16,-1.));
#10813=DIRECTION('',(-3.83387242987432E-31,6.29713684095225E-16,-1.));
#10814=DIRECTION('',(0.,1.,6.29713684095225E-16));
#10815=DIRECTION('',(1.,-1.25942736819047E-15,-1.17646589086101E-30));
#10816=DIRECTION('',(1.25942736819047E-15,1.,0.));
#10817=DIRECTION('',(-1.25942736819047E-15,-1.,-1.03195313565198E-45));
#10818=DIRECTION('',(4.0969140488613E-31,5.15976567825987E-46,-1.));
#10819=DIRECTION('',(-1.,0.,-4.0969140488613E-31));
#10820=DIRECTION('',(-1.25942736819045E-15,1.,0.));
#10821=DIRECTION('',(4.0969140488613E-31,5.15976567825987E-46,-1.));
#10822=DIRECTION('',(-1.25942736819045E-15,1.,0.));
#10823=DIRECTION('',(-1.25942736819047E-15,-1.,-1.03195313565198E-45));
#10824=DIRECTION('',(4.0969140488613E-31,5.15976567825987E-46,-1.));
#10825=DIRECTION('',(1.25942736819045E-15,-1.,0.));
#10826=DIRECTION('',(0.42734175697985,0.904090162949125,1.75078244783582E-31));
#10827=DIRECTION('',(4.0969140488613E-31,5.15976567825987E-46,-1.));
#10828=DIRECTION('',(1.25942736819045E-15,-1.,0.));
#10829=DIRECTION('',(-3.83387242987432E-31,6.29713684095225E-16,-1.));
#10830=DIRECTION('',(0.,1.,6.29713684095225E-16));
#10831=DIRECTION('',(-3.83387242987432E-31,6.29713684095225E-16,-1.));
#10832=DIRECTION('',(-3.83387242987432E-31,6.29713684095225E-16,-1.));
#10833=DIRECTION('',(-0.904090162949124,0.42734175697985,2.69102952155508E-16));
#10834=DIRECTION('',(-0.42734175697985,-0.904090162949125,0.));
#10835=DIRECTION('',(-3.83387242987432E-31,6.29713684095225E-16,-1.));
#10836=DIRECTION('',(-3.83387242987432E-31,6.29713684095225E-16,-1.));
#10837=DIRECTION('',(0.,1.,6.29713684095225E-16));
#10838=DIRECTION('',(1.,-1.25942736819047E-15,-1.17646589086101E-30));
#10839=DIRECTION('',(1.25942736819047E-15,1.,0.));
#10840=DIRECTION('',(-3.83387242987432E-31,6.29713684095225E-16,-1.));
#10841=DIRECTION('',(0.,1.,6.29713684095225E-16));
#10842=DIRECTION('',(-3.83387242987432E-31,6.29713684095225E-16,-1.));
#10843=DIRECTION('',(-1.,-1.25942736819045E-15,-4.0969140488613E-31));
#10844=DIRECTION('',(1.25942736819045E-15,-1.,0.));
#10845=DIRECTION('',(1.,1.25942736819045E-15,4.0969140488613E-31));
#10846=DIRECTION('',(-1.25942736819045E-15,1.,0.));
#10847=DIRECTION('',(1.25942736819045E-15,-1.,0.));
#10848=DIRECTION('',(4.0969140488613E-31,5.15976567825987E-46,-1.));
#10849=DIRECTION('',(-1.,0.,-4.0969140488613E-31));
#10850=DIRECTION('',(-1.25942736819045E-15,1.,0.));
#10851=DIRECTION('',(4.0969140488613E-31,5.15976567825987E-46,-1.));
#10852=DIRECTION('',(1.25942736819045E-15,-1.,0.));
#10853=DIRECTION('',(-0.42734175697985,0.904090162949125,-1.75078244783581E-31));
#10854=DIRECTION('',(4.0969140488613E-31,5.15976567825987E-46,-1.));
#10855=DIRECTION('',(-1.25942736819045E-15,1.,0.));
#10856=DIRECTION('',(1.25942736819045E-15,-1.,0.));
#10857=DIRECTION('',(4.0969140488613E-31,5.15976567825987E-46,-1.));
#10858=DIRECTION('',(1.25942736819045E-15,-1.,0.));
#10859=DIRECTION('',(-1.,-1.25942736819045E-15,-4.0969140488613E-31));
#10860=DIRECTION('',(1.25942736819045E-15,-1.,0.));
#10861=DIRECTION('',(-3.83387242987432E-31,6.29713684095225E-16,-1.));
#10862=DIRECTION('',(-3.83387242987432E-31,6.29713684095225E-16,-1.));
#10863=DIRECTION('',(-3.83387242987432E-31,6.29713684095225E-16,-1.));
#10864=DIRECTION('',(0.,1.,6.29713684095225E-16));
#10865=DIRECTION('',(1.,1.25942736819045E-15,4.0969140488613E-31));
#10866=DIRECTION('',(-1.25942736819045E-15,1.,0.));
#10867=DIRECTION('',(-3.83387242987432E-31,6.29713684095225E-16,-1.));
#10868=DIRECTION('',(0.,1.,6.29713684095225E-16));
#10869=DIRECTION('',(-3.83387242987432E-31,6.29713684095225E-16,-1.));
#10870=DIRECTION('',(-0.904090162949125,-0.42734175697985,-2.69102952155507E-16));
#10871=DIRECTION('',(0.42734175697985,-0.904090162949125,0.));
#10872=DIRECTION('',(-3.83387242987432E-31,6.29713684095225E-16,-1.));
#10873=DIRECTION('',(-3.83387242987432E-31,6.29713684095225E-16,-1.));
#10874=DIRECTION('',(0.,1.,6.29713684095225E-16));
#10875=DIRECTION('',(0.,-1.,-3.25299747515234E-16));
#10876=DIRECTION('',(0.,3.25299747515234E-16,-1.));
#10877=DIRECTION('',(0.,1.,-3.25299747515234E-16));
#10878=DIRECTION('',(0.,3.25299747515234E-16,1.));
#10879=DIRECTION('',(0.,1.,3.25299747515234E-16));
#10880=DIRECTION('',(0.,-3.25299747515234E-16,1.));
#10881=DIRECTION('',(0.,-1.,3.25299747515234E-16));
#10882=DIRECTION('',(0.,-3.25299747515234E-16,-1.));
#10883=CARTESIAN_POINT('',(0.,0.,0.));
#10884=CARTESIAN_POINT('',(5.43500000000001,-4.64471374020375,-4.44638870565768));
#10885=CARTESIAN_POINT('',(5.703147,-4.64471374020375,-4.44638870565768));
#10886=CARTESIAN_POINT('',(5.703147,-4.64471374020375,-0.425277662964117));
#10887=CARTESIAN_POINT('',(5.703147,-4.64471374020375,-1.7093102410515));
#10888=CARTESIAN_POINT('',(5.43500000000001,-4.64471374020375,-1.7093102410515));
#10889=CARTESIAN_POINT('',(5.43500000000001,-4.64471374020375,-1.7093102410515));
#10890=CARTESIAN_POINT('',(5.43500000000001,-4.64471374020375,-4.44638870565768));
#10891=CARTESIAN_POINT('',(5.43500000000001,-4.64471374020375,-0.425277662964117));
#10892=CARTESIAN_POINT('',(5.43500000000001,-4.64471374020375,-0.425277662964117));
#10893=CARTESIAN_POINT('',(5.703147,-4.79156674020375,-4.44638870565768));
#10894=CARTESIAN_POINT('',(5.703147,-4.64471374020375,-4.44638870565768));
#10895=CARTESIAN_POINT('',(5.703147,-4.64471374020375,-4.5));
#10896=CARTESIAN_POINT('',(5.703147,-4.79156674020375,-1.7093102410515));
#10897=CARTESIAN_POINT('',(5.85,-4.79156674020375,-1.7093102410515));
#10898=CARTESIAN_POINT('',(5.85,-4.79156674020375,-4.44638870565768));
#10899=CARTESIAN_POINT('',(5.85,-4.79156674020375,-4.5));
#10900=CARTESIAN_POINT('',(5.703147,-4.79156674020375,-4.5));
#10901=CARTESIAN_POINT('',(5.85,-4.64471374020375,-4.44638870565768));
#10902=CARTESIAN_POINT('',(5.85,-5.46955182826127,-4.44638870565768));
#10903=CARTESIAN_POINT('',(5.85,-5.46955182826127,-1.7093102410515));
#10904=CARTESIAN_POINT('',(5.85,-5.46955182826127,-0.425277662964117));
#10905=CARTESIAN_POINT('',(5.85,-4.64471374020375,-1.7093102410515));
#10906=CARTESIAN_POINT('',(5.85,-4.79156674020375,-4.44638870565768));
#10907=CARTESIAN_POINT('',(5.85,-4.79156674020375,-0.425277662964117));
#10908=CARTESIAN_POINT('',(5.85,-4.64471374020375,-0.425277662964117));
#10909=CARTESIAN_POINT('',(5.31955182826128,-5.46955182826127,-4.44638870565768));
#10910=CARTESIAN_POINT('',(5.31955182826128,-6.,-4.44638870565768));
#10911=CARTESIAN_POINT('',(5.31955182826128,-6.,-1.7093102410515));
#10912=CARTESIAN_POINT('',(5.31955182826128,-6.,-0.425277662964117));
#10913=CARTESIAN_POINT('',(5.31955182826128,-5.46955182826127,-1.7093102410515));
#10914=CARTESIAN_POINT('',(5.31955182826128,-5.46955182826127,-0.425277662964117));
#10915=CARTESIAN_POINT('',(5.31955182826128,-6.,-4.44638870565768));
#10916=CARTESIAN_POINT('',(-5.31955182826128,-6.,-4.44638870565768));
#10917=CARTESIAN_POINT('',(-5.31955182826128,-6.,-1.7093102410515));
#10918=CARTESIAN_POINT('',(-5.31955182826128,-6.,-0.425277662964117));
#10919=CARTESIAN_POINT('',(5.31955182826128,-6.,-1.7093102410515));
#10920=CARTESIAN_POINT('',(5.31955182826128,-6.,-0.425277662964117));
#10921=CARTESIAN_POINT('',(-5.31955182826128,-5.46955182826127,-4.44638870565768));
#10922=CARTESIAN_POINT('',(-5.85,-5.46955182826127,-4.44638870565768));
#10923=CARTESIAN_POINT('',(-5.85,-5.46955182826127,-1.7093102410515));
#10924=CARTESIAN_POINT('',(-5.85,-5.46955182826127,-0.425277662964117));
#10925=CARTESIAN_POINT('',(-5.31955182826128,-5.46955182826127,-1.7093102410515));
#10926=CARTESIAN_POINT('',(-5.31955182826128,-5.46955182826127,-0.425277662964117));
#10927=CARTESIAN_POINT('',(-5.85,-4.64471374020375,-4.44638870565768));
#10928=CARTESIAN_POINT('',(-5.85,-4.79156674020375,-4.44638870565768));
#10929=CARTESIAN_POINT('',(-5.85,-4.79156674020375,-0.425277662964117));
#10930=CARTESIAN_POINT('',(-5.85,-4.79156674020375,-1.7093102410515));
#10931=CARTESIAN_POINT('',(-5.85,-4.64471374020375,-1.7093102410515));
#10932=CARTESIAN_POINT('',(-5.85,-4.64471374020375,-0.425277662964117));
#10933=CARTESIAN_POINT('',(-5.703147,-4.79156674020375,-4.44638870565768));
#10934=CARTESIAN_POINT('',(-5.85,-4.79156674020375,-4.44638870565768));
#10935=CARTESIAN_POINT('',(-5.85,-4.79156674020375,-4.5));
#10936=CARTESIAN_POINT('',(-5.703147,-4.79156674020375,-1.7093102410515));
#10937=CARTESIAN_POINT('',(-5.703147,-4.64471374020375,-1.7093102410515));
#10938=CARTESIAN_POINT('',(-5.703147,-4.64471374020375,-4.44638870565768));
#10939=CARTESIAN_POINT('',(-5.703147,-4.64471374020375,-4.5));
#10940=CARTESIAN_POINT('',(-5.703147,-4.79156674020375,-4.5));
#10941=CARTESIAN_POINT('',(-5.43500000000001,-4.64471374020375,-4.44638870565768));
#10942=CARTESIAN_POINT('',(-5.43500000000001,-4.64471374020375,-4.44638870565768));
#10943=CARTESIAN_POINT('',(-5.43500000000001,-4.64471374020375,-1.7093102410515));
#10944=CARTESIAN_POINT('',(-5.43500000000001,-4.64471374020375,-0.425277662964117));
#10945=CARTESIAN_POINT('',(-5.43500000000001,-4.64471374020375,-1.7093102410515));
#10946=CARTESIAN_POINT('',(-5.703147,-4.64471374020375,-4.44638870565768));
#10947=CARTESIAN_POINT('',(-5.703147,-4.64471374020375,-0.425277662964117));
#10948=CARTESIAN_POINT('',(-5.43500000000001,-4.64471374020375,-0.425277662964117));
#10949=CARTESIAN_POINT('',(-5.43500000000001,-4.64471374020375,-4.44638870565768));
#10950=CARTESIAN_POINT('',(-5.43500000000001,4.64471374020375,-4.44638870565768));
#10951=CARTESIAN_POINT('',(-5.43500000000001,4.64471374020375,-1.7093102410515));
#10952=CARTESIAN_POINT('',(-5.43500000000001,4.64471374020375,-0.425277662964117));
#10953=CARTESIAN_POINT('',(-5.43500000000001,-4.64471374020375,-1.7093102410515));
#10954=CARTESIAN_POINT('',(-5.43500000000001,-4.64471374020375,-0.425277662964117));
#10955=CARTESIAN_POINT('',(-5.43500000000001,4.64471374020375,-4.44638870565768));
#10956=CARTESIAN_POINT('',(-5.703147,4.64471374020375,-4.44638870565768));
#10957=CARTESIAN_POINT('',(-5.703147,4.64471374020375,-0.425277662964117));
#10958=CARTESIAN_POINT('',(-5.703147,4.64471374020375,-1.7093102410515));
#10959=CARTESIAN_POINT('',(-5.43500000000001,4.64471374020375,-1.7093102410515));
#10960=CARTESIAN_POINT('',(-5.43500000000001,4.64471374020375,-0.425277662964117));
#10961=CARTESIAN_POINT('',(-5.703147,4.79156674020375,-4.44638870565768));
#10962=CARTESIAN_POINT('',(-5.703147,4.64471374020375,-4.44638870565768));
#10963=CARTESIAN_POINT('',(-5.703147,4.64471374020375,-4.5));
#10964=CARTESIAN_POINT('',(-5.703147,4.79156674020375,-1.7093102410515));
#10965=CARTESIAN_POINT('',(-5.85,4.79156674020375,-1.7093102410515));
#10966=CARTESIAN_POINT('',(-5.85,4.79156674020375,-4.44638870565768));
#10967=CARTESIAN_POINT('',(-5.85,4.79156674020375,-4.5));
#10968=CARTESIAN_POINT('',(-5.703147,4.79156674020375,-4.5));
#10969=CARTESIAN_POINT('',(-5.85,4.64471374020375,-4.44638870565768));
#10970=CARTESIAN_POINT('',(-5.85,5.46955182826127,-4.44638870565768));
#10971=CARTESIAN_POINT('',(-5.85,5.46955182826127,-1.7093102410515));
#10972=CARTESIAN_POINT('',(-5.85,5.46955182826127,-0.425277662964117));
#10973=CARTESIAN_POINT('',(-5.85,4.64471374020375,-1.7093102410515));
#10974=CARTESIAN_POINT('',(-5.85,4.79156674020375,-4.44638870565768));
#10975=CARTESIAN_POINT('',(-5.85,4.79156674020375,-0.425277662964117));
#10976=CARTESIAN_POINT('',(-5.85,4.64471374020375,-0.425277662964117));
#10977=CARTESIAN_POINT('',(-5.31955182826128,5.46955182826127,-4.44638870565768));
#10978=CARTESIAN_POINT('',(-5.31955182826128,6.,-4.44638870565768));
#10979=CARTESIAN_POINT('',(-5.31955182826128,6.,-1.7093102410515));
#10980=CARTESIAN_POINT('',(-5.31955182826128,6.,-0.425277662964117));
#10981=CARTESIAN_POINT('',(-5.31955182826128,5.46955182826127,-1.7093102410515));
#10982=CARTESIAN_POINT('',(-5.31955182826128,5.46955182826127,-0.425277662964117));
#10983=CARTESIAN_POINT('',(-5.31955182826128,6.,-4.44638870565768));
#10984=CARTESIAN_POINT('',(5.31955182826128,6.,-4.44638870565768));
#10985=CARTESIAN_POINT('',(5.31955182826128,6.,-1.7093102410515));
#10986=CARTESIAN_POINT('',(5.31955182826128,6.,-0.425277662964117));
#10987=CARTESIAN_POINT('',(-5.31955182826128,6.,-1.7093102410515));
#10988=CARTESIAN_POINT('',(-5.31955182826128,6.,-0.425277662964117));
#10989=CARTESIAN_POINT('',(5.31955182826128,5.46955182826127,-4.44638870565768));
#10990=CARTESIAN_POINT('',(5.85,5.46955182826127,-4.44638870565768));
#10991=CARTESIAN_POINT('',(5.85,5.46955182826127,-1.7093102410515));
#10992=CARTESIAN_POINT('',(5.85,5.46955182826127,-0.425277662964117));
#10993=CARTESIAN_POINT('',(5.31955182826128,5.46955182826127,-1.7093102410515));
#10994=CARTESIAN_POINT('',(5.31955182826128,5.46955182826127,-0.425277662964117));
#10995=CARTESIAN_POINT('',(5.85,4.64471374020375,-4.44638870565768));
#10996=CARTESIAN_POINT('',(5.85,4.79156674020375,-4.44638870565768));
#10997=CARTESIAN_POINT('',(5.85,4.79156674020375,-0.425277662964117));
#10998=CARTESIAN_POINT('',(5.85,4.79156674020375,-1.7093102410515));
#10999=CARTESIAN_POINT('',(5.85,4.64471374020375,-1.7093102410515));
#11000=CARTESIAN_POINT('',(5.85,4.64471374020375,-0.425277662964117));
#11001=CARTESIAN_POINT('',(5.703147,4.79156674020375,-4.44638870565768));
#11002=CARTESIAN_POINT('',(5.85,4.79156674020375,-4.44638870565768));
#11003=CARTESIAN_POINT('',(5.85,4.79156674020375,-4.5));
#11004=CARTESIAN_POINT('',(5.703147,4.79156674020375,-1.7093102410515));
#11005=CARTESIAN_POINT('',(5.703147,4.64471374020375,-1.7093102410515));
#11006=CARTESIAN_POINT('',(5.703147,4.64471374020375,-4.44638870565768));
#11007=CARTESIAN_POINT('',(5.703147,4.64471374020375,-4.5));
#11008=CARTESIAN_POINT('',(5.703147,4.79156674020375,-4.5));
#11009=CARTESIAN_POINT('',(5.43500000000001,4.64471374020375,-4.44638870565768));
#11010=CARTESIAN_POINT('',(5.43500000000001,4.64471374020375,-4.44638870565768));
#11011=CARTESIAN_POINT('',(5.43500000000001,4.64471374020375,-1.7093102410515));
#11012=CARTESIAN_POINT('',(5.43500000000001,4.64471374020375,-0.425277662964117));
#11013=CARTESIAN_POINT('',(5.43500000000001,4.64471374020375,-1.7093102410515));
#11014=CARTESIAN_POINT('',(5.703147,4.64471374020375,-4.44638870565768));
#11015=CARTESIAN_POINT('',(5.703147,4.64471374020375,-0.425277662964117));
#11016=CARTESIAN_POINT('',(5.43500000000001,4.64471374020375,-0.425277662964117));
#11017=CARTESIAN_POINT('',(5.43500000000001,4.64471374020375,-4.44638870565768));
#11018=CARTESIAN_POINT('',(5.43500000000001,4.64471374020375,-1.7093102410515));
#11019=CARTESIAN_POINT('',(5.43500000000001,4.64471374020375,-0.425277662964117));
#11020=CARTESIAN_POINT('',(-5.2963073470649E-32,-9.54097911787244E-16,10.78));
#11021=CARTESIAN_POINT('',(-2.95803989154981,0.499999999999999,10.78));
#11022=CARTESIAN_POINT('',(-2.95803989154981,0.5,9.5));
#11023=CARTESIAN_POINT('',(-2.95803989154981,0.499999999999999,5.55579976271158));
#11024=CARTESIAN_POINT('',(-4.50618224167526E-32,-8.11761626578891E-16,
9.5));
#11025=CARTESIAN_POINT('',(-2.94431605857606,0.57532855588017,9.5));
#11026=CARTESIAN_POINT('',(-2.94431605857606,0.575328555880171,10.78));
#11027=CARTESIAN_POINT('',(-2.94431605857606,0.575328555880171,5.55579976271158));
#11028=CARTESIAN_POINT('',(-2.0714856571711E-32,-3.73165681349563E-16,5.55579976271158));
#11029=CARTESIAN_POINT('',(-5.2963073470649E-32,-9.54097911787244E-16,10.78));
#11030=CARTESIAN_POINT('',(2.95803989154981,-0.500000000000002,10.78));
#11031=CARTESIAN_POINT('',(2.95803989154981,-0.500000000000002,9.5));
#11032=CARTESIAN_POINT('',(2.95803989154981,-0.500000000000001,5.55579976271158));
#11033=CARTESIAN_POINT('',(-4.50618224167526E-32,-8.11761626578891E-16,
9.5));
#11034=CARTESIAN_POINT('',(2.94431605857606,-0.575328555880171,9.5));
#11035=CARTESIAN_POINT('',(2.94431605857606,-0.575328555880172,10.78));
#11036=CARTESIAN_POINT('',(2.94431605857606,-0.575328555880171,5.55579976271158));
#11037=CARTESIAN_POINT('',(-2.0714856571711E-32,-3.73165681349563E-16,5.55579976271158));
#11038=CARTESIAN_POINT('',(-1.72839866803983E-32,-3.11360623893273E-16,
5.));
#11039=CARTESIAN_POINT('',(2.95803989154981,-0.500000000000003,5.55579976271158));
#11040=CARTESIAN_POINT('',(2.79193634226012,-0.500000000000003,5.37029397766216));
#11041=CARTESIAN_POINT('',(2.62563108244765,-0.500000000000003,5.18497965930298));
#11042=CARTESIAN_POINT('',(2.45897325868218,-0.500000000000003,5.));
#11043=CARTESIAN_POINT('',(2.45897325868218,-0.500000000000003,5.));
#11044=CARTESIAN_POINT('',(2.38138507276366,-0.872181962656839,5.0303394874221));
#11045=CARTESIAN_POINT('',(2.57537125521854,-0.7698861918063,5.19680853856873));
#11046=CARTESIAN_POINT('',(2.76171930754342,-0.671618276958791,5.37373595215101));
#11047=CARTESIAN_POINT('',(2.94431605857606,-0.57532855588017,5.55579976271158));
#11048=CARTESIAN_POINT('',(2.38138507276365,-0.87218196265684,5.0303394874221));
#11049=CARTESIAN_POINT('',(2.63294336025921,-1.43791837795716,5.55579976271158));
#11050=CARTESIAN_POINT('',(2.55115875774954,-1.2539907152623,5.3746485387623));
#11051=CARTESIAN_POINT('',(2.4678235351071,-1.06657581990999,5.1979942143293));
#11052=CARTESIAN_POINT('',(2.38138507276365,-0.872181962656844,5.0303394874221));
#11053=CARTESIAN_POINT('',(2.63294336025921,-1.43791837795716,5.55579976271158));
#11054=CARTESIAN_POINT('',(-2.0714856571711E-32,-3.73165681349563E-16,5.55579976271158));
#11055=CARTESIAN_POINT('',(2.56997811836388,-1.54764739883826,5.55579976271158));
#11056=CARTESIAN_POINT('',(1.93946618025177,-1.63406461819144,5.0303394874221));
#11057=CARTESIAN_POINT('',(2.15674077864696,-1.604285219112,5.19680853856873));
#11058=CARTESIAN_POINT('',(2.36546027463494,-1.57567837223439,5.373735952151));
#11059=CARTESIAN_POINT('',(2.56997811836389,-1.54764739883826,5.55579976271158));
#11060=CARTESIAN_POINT('',(1.93946618025176,-1.63406461819144,5.03033948742211));
#11061=CARTESIAN_POINT('',(1.98236039686331,-2.25172095450301,5.55579976271158));
#11062=CARTESIAN_POINT('',(1.96841497494752,-2.05091350563806,5.3746485387623));
#11063=CARTESIAN_POINT('',(1.95420515054863,-1.84629878665789,5.1979942143293));
#11064=CARTESIAN_POINT('',(1.93946618025176,-1.63406461819144,5.03033948742211));
#11065=CARTESIAN_POINT('',(1.98236039686331,-2.25172095450301,5.55579976271158));
#11066=CARTESIAN_POINT('',(-2.0714856571711E-32,-3.73165681349563E-16,5.55579976271158));
#11067=CARTESIAN_POINT('',(1.88566288823953,-2.33329712465347,5.55579976271158));
#11068=CARTESIAN_POINT('',(1.26361904292918,-2.19885496454683,5.0303394874221));
#11069=CARTESIAN_POINT('',(1.47797553406667,-2.2451837722646,5.19680853856873));
#11070=CARTESIAN_POINT('',(1.6838918221299,-2.28968840128243,5.373735952151));
#11071=CARTESIAN_POINT('',(1.88566288823954,-2.33329712465347,5.55579976271158));
#11072=CARTESIAN_POINT('',(1.26361904292917,-2.19885496454683,5.03033948742211));
#11073=CARTESIAN_POINT('',(1.09267551308215,-2.7939327520738,5.55579976271158));
#11074=CARTESIAN_POINT('',(1.14825129545578,-2.60046585897419,5.3746485387623));
#11075=CARTESIAN_POINT('',(1.20488078383763,-2.4033308712668,5.1979942143293));
#11076=CARTESIAN_POINT('',(1.26361904292917,-2.19885496454684,5.0303394874221));
#11077=CARTESIAN_POINT('',(1.09267551308215,-2.7939327520738,5.55579976271158));
#11078=CARTESIAN_POINT('',(-2.0714856571711E-32,-3.73165681349563E-16,5.55579976271158));
#11079=CARTESIAN_POINT('',(0.973908884373185,-2.83751678143742,5.55579976271158));
#11080=CARTESIAN_POINT('',(0.435360799998435,-2.4984309505348,5.0303394874221));
#11081=CARTESIAN_POINT('',(0.620944627482158,-2.61528002709863,5.19680853856873));
#11082=CARTESIAN_POINT('',(0.799221164279465,-2.72752821693397,5.373735952151));
#11083=CARTESIAN_POINT('',(0.973908884373187,-2.83751678143742,5.55579976271158));
#11084=CARTESIAN_POINT('',(0.435360799998427,-2.49843095053479,5.03033948742211));
#11085=CARTESIAN_POINT('',(0.0711978362501912,-2.99915502568862,5.55579976271158));
#11086=CARTESIAN_POINT('',(0.189591563347799,-2.83636365092941,5.3746485387623));
#11087=CARTESIAN_POINT('',(0.310230012449284,-2.67048578341487,5.1979942143293));
#11088=CARTESIAN_POINT('',(0.435360799998423,-2.4984309505348,5.03033948742211));
#11089=CARTESIAN_POINT('',(0.0711978362501915,-2.99915502568862,5.55579976271158));
#11090=CARTESIAN_POINT('',(-2.0714856571711E-32,-3.73165681349563E-16,5.55579976271158));
#11091=CARTESIAN_POINT('',(-0.0553129043129011,-2.99949003709238,5.55579976271158));
#11092=CARTESIAN_POINT('',(-0.445408380653222,-2.49665929097452,5.0303394874221));
#11093=CARTESIAN_POINT('',(-0.310981365343394,-2.6699349132421,5.19680853856873));
#11094=CARTESIAN_POINT('',(-0.181847361231227,-2.83638787559397,5.373735952151));
#11095=CARTESIAN_POINT('',(-0.0553129043128989,-2.99949003709239,5.55579976271158));
#11096=CARTESIAN_POINT('',(-0.445408380653227,-2.49665929097451,5.03033948742211));
#11097=CARTESIAN_POINT('',(-0.958867350401695,-2.84263494039133,5.55579976271158));
#11098=CARTESIAN_POINT('',(-0.791935709373405,-2.73015412631329,5.3746485387623));
#11099=CARTESIAN_POINT('',(-0.621839076947802,-2.61554069791045,5.1979942143293));
#11100=CARTESIAN_POINT('',(-0.445408380653233,-2.49665929097451,5.0303394874221));
#11101=CARTESIAN_POINT('',(-0.958867350401694,-2.84263494039133,5.55579976271158));
#11102=CARTESIAN_POINT('',(-2.0714856571711E-32,-3.73165681349563E-16,5.55579976271158));
#11103=CARTESIAN_POINT('',(-1.07786314040732,-2.79968052651571,5.55579976271158));
#11104=CARTESIAN_POINT('',(-1.2724547370705,-2.19375367415586,5.0303394874221));
#11105=CARTESIAN_POINT('',(-1.20539841591238,-2.40255624480591,5.19680853856873));
#11106=CARTESIAN_POINT('',(-1.14098241119621,-2.60313729583057,5.373735952151));
#11107=CARTESIAN_POINT('',(-1.07786314040732,-2.79968052651571,5.55579976271158));
#11108=CARTESIAN_POINT('',(-1.2724547370705,-2.19375367415586,5.0303394874221));
#11109=CARTESIAN_POINT('',(-1.8732789832202,-2.34325112845924,5.55579976271158));
#11110=CARTESIAN_POINT('',(-1.67794384781788,-2.29464772128019,5.3746485387623));
#11111=CARTESIAN_POINT('',(-1.47890519629762,-2.24512280296849,5.1979942143293));
#11112=CARTESIAN_POINT('',(-1.2724547370705,-2.19375367415585,5.0303394874221));
#11113=CARTESIAN_POINT('',(-1.8732789832202,-2.34325112845924,5.55579976271158));
#11114=CARTESIAN_POINT('',(-2.0714856571711E-32,-3.73165681349563E-16,5.55579976271158));
#11115=CARTESIAN_POINT('',(-1.97040717420287,-2.26218822555725,5.55579976271158));
#11116=CARTESIAN_POINT('',(-1.94602427276522,-1.62624898787796,5.0303394874221));
#11117=CARTESIAN_POINT('',(-1.95442662773639,-1.84539383529233,5.19680853856873));
#11118=CARTESIAN_POINT('',(-1.96249814326396,-2.05590993997518,5.373735952151));
#11119=CARTESIAN_POINT('',(-1.97040717420287,-2.26218822555725,5.55579976271158));
#11120=CARTESIAN_POINT('',(-1.94602427276522,-1.62624898787795,5.03033948742211));
#11121=CARTESIAN_POINT('',(-2.56174552400902,-1.56123664773146,5.55579976271158));
#11122=CARTESIAN_POINT('',(-2.36156719440174,-1.58237293566711,5.3746485387623));
#11123=CARTESIAN_POINT('',(-2.15759352265782,-1.60390996350488,5.1979942143293));
#11124=CARTESIAN_POINT('',(-1.94602427276523,-1.62624898787795,5.03033948742211));
#11125=CARTESIAN_POINT('',(-2.56174552400902,-1.56123664773146,5.55579976271158));
#11126=CARTESIAN_POINT('',(-2.0714856571711E-32,-3.73165681349563E-16,5.55579976271158));
#11127=CARTESIAN_POINT('',(-2.62529102267678,-1.45184263825412,5.55579976271158));
#11128=CARTESIAN_POINT('',(-2.38487456090499,-0.862594672783081,5.0303394874221));
#11129=CARTESIAN_POINT('',(-2.46772214399036,-1.0656496941301,5.19680853856873));
#11130=CARTESIAN_POINT('',(-2.54730763586616,-1.26070950335958,5.373735952151));
#11131=CARTESIAN_POINT('',(-2.62529102267678,-1.45184263825413,5.55579976271158));
#11132=CARTESIAN_POINT('',(-2.38487456090499,-0.86259467278308,5.0303394874221));
#11133=CARTESIAN_POINT('',(-2.94122774726501,-0.590913985888326,5.55579976271158));
#11134=CARTESIAN_POINT('',(-2.76035068432092,-0.679240620675231,5.3746485387623));
#11135=CARTESIAN_POINT('',(-2.57604422749643,-0.769241911252567,5.1979942143293));
#11136=CARTESIAN_POINT('',(-2.38487456090498,-0.862594672783071,5.0303394874221));
#11137=CARTESIAN_POINT('',(-2.941227747265,-0.590913985888327,5.55579976271158));
#11138=CARTESIAN_POINT('',(-2.0714856571711E-32,-3.73165681349563E-16,5.55579976271158));
#11139=CARTESIAN_POINT('',(-2.95803989154981,-0.500000000000001,5.55579976271158));
#11140=CARTESIAN_POINT('',(-2.45897325868218,-0.500000000000003,5.));
#11141=CARTESIAN_POINT('',(-2.62563664186393,-0.500000000000003,5.18498582990396));
#11142=CARTESIAN_POINT('',(-2.79194096116585,-0.500000000000003,5.37029913609338));
#11143=CARTESIAN_POINT('',(-2.95803989154981,-0.500000000000003,5.55579976271158));
#11144=CARTESIAN_POINT('',(-2.45897325868218,-0.500000000000003,5.));
#11145=CARTESIAN_POINT('',(-1.72839866803983E-32,-3.11360623893273E-16,
5.));
#11146=CARTESIAN_POINT('',(-1.72839866803983E-32,-3.11360623893273E-16,
5.));
#11147=CARTESIAN_POINT('',(-2.95803989154981,0.500000000000002,5.55579976271158));
#11148=CARTESIAN_POINT('',(-2.79193634226012,0.500000000000002,5.37029397766217));
#11149=CARTESIAN_POINT('',(-2.62563108244765,0.500000000000002,5.18497965930298));
#11150=CARTESIAN_POINT('',(-2.45897325868218,0.500000000000002,5.));
#11151=CARTESIAN_POINT('',(-2.45897325868218,0.500000000000002,5.));
#11152=CARTESIAN_POINT('',(-2.38138507276366,0.872181962656839,5.0303394874221));
#11153=CARTESIAN_POINT('',(-2.57537125521854,0.769886191806299,5.19680853856873));
#11154=CARTESIAN_POINT('',(-2.76171930754342,0.67161827695879,5.373735952151));
#11155=CARTESIAN_POINT('',(-2.94431605857606,0.575328555880169,5.55579976271158));
#11156=CARTESIAN_POINT('',(-2.38138507276365,0.872181962656839,5.0303394874221));
#11157=CARTESIAN_POINT('',(-2.63294336025921,1.43791837795716,5.55579976271158));
#11158=CARTESIAN_POINT('',(-2.55115875774954,1.2539907152623,5.3746485387623));
#11159=CARTESIAN_POINT('',(-2.4678235351071,1.06657581990999,5.1979942143293));
#11160=CARTESIAN_POINT('',(-2.38138507276365,0.872181962656844,5.0303394874221));
#11161=CARTESIAN_POINT('',(-2.63294336025921,1.43791837795716,5.55579976271158));
#11162=CARTESIAN_POINT('',(-2.0714856571711E-32,-3.73165681349563E-16,5.55579976271158));
#11163=CARTESIAN_POINT('',(-2.56997811836388,1.54764739883826,5.55579976271158));
#11164=CARTESIAN_POINT('',(-1.93946618025177,1.63406461819144,5.0303394874221));
#11165=CARTESIAN_POINT('',(-2.15674077864696,1.604285219112,5.19680853856873));
#11166=CARTESIAN_POINT('',(-2.36546027463494,1.57567837223439,5.373735952151));
#11167=CARTESIAN_POINT('',(-2.56997811836389,1.54764739883826,5.55579976271158));
#11168=CARTESIAN_POINT('',(-1.93946618025176,1.63406461819144,5.03033948742211));
#11169=CARTESIAN_POINT('',(-1.98236039686331,2.25172095450301,5.55579976271158));
#11170=CARTESIAN_POINT('',(-1.96841497494752,2.05091350563806,5.3746485387623));
#11171=CARTESIAN_POINT('',(-1.95420515054863,1.84629878665789,5.1979942143293));
#11172=CARTESIAN_POINT('',(-1.93946618025176,1.63406461819144,5.0303394874221));
#11173=CARTESIAN_POINT('',(-1.98236039686331,2.25172095450301,5.55579976271158));
#11174=CARTESIAN_POINT('',(-2.0714856571711E-32,-3.73165681349563E-16,5.55579976271158));
#11175=CARTESIAN_POINT('',(-1.88566288823954,2.33329712465347,5.55579976271158));
#11176=CARTESIAN_POINT('',(-1.26361904292918,2.19885496454683,5.0303394874221));
#11177=CARTESIAN_POINT('',(-1.47797553406667,2.2451837722646,5.19680853856873));
#11178=CARTESIAN_POINT('',(-1.6838918221299,2.28968840128242,5.37373595215101));
#11179=CARTESIAN_POINT('',(-1.88566288823954,2.33329712465347,5.55579976271158));
#11180=CARTESIAN_POINT('',(-1.26361904292918,2.19885496454683,5.0303394874221));
#11181=CARTESIAN_POINT('',(-1.09267551308215,2.7939327520738,5.55579976271158));
#11182=CARTESIAN_POINT('',(-1.14825129545578,2.60046585897419,5.3746485387623));
#11183=CARTESIAN_POINT('',(-1.20488078383763,2.40333087126679,5.1979942143293));
#11184=CARTESIAN_POINT('',(-1.26361904292917,2.19885496454683,5.0303394874221));
#11185=CARTESIAN_POINT('',(-1.09267551308215,2.7939327520738,5.55579976271158));
#11186=CARTESIAN_POINT('',(-2.0714856571711E-32,-3.73165681349563E-16,5.55579976271158));
#11187=CARTESIAN_POINT('',(-0.973908884373184,2.83751678143742,5.55579976271158));
#11188=CARTESIAN_POINT('',(-0.435360799998435,2.4984309505348,5.0303394874221));
#11189=CARTESIAN_POINT('',(-0.620944627482157,2.61528002709862,5.19680853856873));
#11190=CARTESIAN_POINT('',(-0.799221164279465,2.72752821693397,5.37373595215101));
#11191=CARTESIAN_POINT('',(-0.973908884373187,2.83751678143742,5.55579976271158));
#11192=CARTESIAN_POINT('',(-0.435360799998427,2.49843095053479,5.03033948742211));
#11193=CARTESIAN_POINT('',(-0.0711978362501908,2.99915502568862,5.55579976271158));
#11194=CARTESIAN_POINT('',(-0.189591563347798,2.83636365092941,5.3746485387623));
#11195=CARTESIAN_POINT('',(-0.310230012449284,2.67048578341486,5.1979942143293));
#11196=CARTESIAN_POINT('',(-0.435360799998423,2.4984309505348,5.03033948742211));
#11197=CARTESIAN_POINT('',(-0.0711978362501912,2.99915502568862,5.55579976271158));
#11198=CARTESIAN_POINT('',(-2.0714856571711E-32,-3.73165681349563E-16,5.55579976271158));
#11199=CARTESIAN_POINT('',(0.0553129043128993,2.99949003709238,5.55579976271158));
#11200=CARTESIAN_POINT('',(0.44540838065322,2.49665929097452,5.0303394874221));
#11201=CARTESIAN_POINT('',(0.310981365343393,2.6699349132421,5.19680853856873));
#11202=CARTESIAN_POINT('',(0.181847361231226,2.83638787559397,5.373735952151));
#11203=CARTESIAN_POINT('',(0.0553129043128972,2.99949003709239,5.55579976271158));
#11204=CARTESIAN_POINT('',(0.445408380653226,2.49665929097451,5.03033948742211));
#11205=CARTESIAN_POINT('',(0.958867350401693,2.84263494039133,5.55579976271158));
#11206=CARTESIAN_POINT('',(0.791935709373403,2.73015412631329,5.3746485387623));
#11207=CARTESIAN_POINT('',(0.6218390769478,2.61554069791045,5.1979942143293));
#11208=CARTESIAN_POINT('',(0.445408380653231,2.49665929097451,5.03033948742211));
#11209=CARTESIAN_POINT('',(0.958867350401692,2.84263494039133,5.55579976271158));
#11210=CARTESIAN_POINT('',(-2.0714856571711E-32,-3.73165681349563E-16,5.55579976271158));
#11211=CARTESIAN_POINT('',(1.07786314040732,2.79968052651571,5.55579976271158));
#11212=CARTESIAN_POINT('',(1.2724547370705,2.19375367415586,5.0303394874221));
#11213=CARTESIAN_POINT('',(1.20539841591238,2.40255624480591,5.19680853856873));
#11214=CARTESIAN_POINT('',(1.14098241119621,2.60313729583057,5.37373595215101));
#11215=CARTESIAN_POINT('',(1.07786314040732,2.79968052651571,5.55579976271158));
#11216=CARTESIAN_POINT('',(1.2724547370705,2.19375367415586,5.0303394874221));
#11217=CARTESIAN_POINT('',(1.8732789832202,2.34325112845923,5.55579976271158));
#11218=CARTESIAN_POINT('',(1.67794384781788,2.29464772128019,5.3746485387623));
#11219=CARTESIAN_POINT('',(1.47890519629762,2.24512280296849,5.1979942143293));
#11220=CARTESIAN_POINT('',(1.2724547370705,2.19375367415585,5.0303394874221));
#11221=CARTESIAN_POINT('',(1.8732789832202,2.34325112845923,5.55579976271158));
#11222=CARTESIAN_POINT('',(-2.0714856571711E-32,-3.73165681349563E-16,5.55579976271158));
#11223=CARTESIAN_POINT('',(1.97040717420287,2.26218822555725,5.55579976271158));
#11224=CARTESIAN_POINT('',(1.94602427276522,1.62624898787796,5.0303394874221));
#11225=CARTESIAN_POINT('',(1.95442662773639,1.84539383529233,5.19680853856873));
#11226=CARTESIAN_POINT('',(1.96249814326396,2.05590993997518,5.373735952151));
#11227=CARTESIAN_POINT('',(1.97040717420287,2.26218822555725,5.55579976271158));
#11228=CARTESIAN_POINT('',(1.94602427276522,1.62624898787795,5.03033948742211));
#11229=CARTESIAN_POINT('',(2.56174552400902,1.56123664773146,5.55579976271158));
#11230=CARTESIAN_POINT('',(2.36156719440175,1.5823729356671,5.3746485387623));
#11231=CARTESIAN_POINT('',(2.15759352265782,1.60390996350487,5.1979942143293));
#11232=CARTESIAN_POINT('',(1.94602427276523,1.62624898787795,5.03033948742211));
#11233=CARTESIAN_POINT('',(2.56174552400902,1.56123664773146,5.55579976271158));
#11234=CARTESIAN_POINT('',(-2.0714856571711E-32,-3.73165681349563E-16,5.55579976271158));
#11235=CARTESIAN_POINT('',(2.62529102267678,1.45184263825412,5.55579976271158));
#11236=CARTESIAN_POINT('',(2.38487456090499,0.86259467278308,5.0303394874221));
#11237=CARTESIAN_POINT('',(2.46772214399036,1.0656496941301,5.19680853856873));
#11238=CARTESIAN_POINT('',(2.54730763586616,1.26070950335958,5.37373595215101));
#11239=CARTESIAN_POINT('',(2.62529102267678,1.45184263825413,5.55579976271158));
#11240=CARTESIAN_POINT('',(2.38487456090499,0.862594672783079,5.0303394874221));
#11241=CARTESIAN_POINT('',(2.941227747265,0.590913985888326,5.55579976271158));
#11242=CARTESIAN_POINT('',(2.76035068432092,0.679240620675231,5.3746485387623));
#11243=CARTESIAN_POINT('',(2.57604422749643,0.769241911252567,5.1979942143293));
#11244=CARTESIAN_POINT('',(2.38487456090498,0.862594672783071,5.0303394874221));
#11245=CARTESIAN_POINT('',(2.941227747265,0.590913985888327,5.55579976271158));
#11246=CARTESIAN_POINT('',(-2.0714856571711E-32,-3.73165681349563E-16,5.55579976271158));
#11247=CARTESIAN_POINT('',(2.95803989154981,0.499999999999999,5.55579976271158));
#11248=CARTESIAN_POINT('',(2.45897325868218,0.500000000000002,5.));
#11249=CARTESIAN_POINT('',(2.62563664186393,0.500000000000002,5.18498582990396));
#11250=CARTESIAN_POINT('',(2.79194096116585,0.500000000000002,5.37029913609338));
#11251=CARTESIAN_POINT('',(2.95803989154981,0.500000000000002,5.55579976271158));
#11252=CARTESIAN_POINT('',(2.45897325868218,0.500000000000002,5.));
#11253=CARTESIAN_POINT('',(-1.72839866803983E-32,-3.11360623893273E-16,
5.));
#11254=CARTESIAN_POINT('',(-4.50618224167526E-32,-8.11761626578891E-16,
9.5));
#11255=CARTESIAN_POINT('',(-2.95803989154981,-0.500000000000002,9.50000000000001));
#11256=CARTESIAN_POINT('',(-2.76620920645281,-0.500000000000002,9.66699561832891));
#11257=CARTESIAN_POINT('',(-2.57417764054745,-0.500000000000002,9.83374007707557));
#11258=CARTESIAN_POINT('',(-2.38175853638142,-0.500000000000002,10.));
#11259=CARTESIAN_POINT('',(-2.95803989154981,-0.500000000000002,9.5));
#11260=CARTESIAN_POINT('',(-2.38175853638142,-0.500000000000002,10.));
#11261=CARTESIAN_POINT('',(-4.50618224167526E-32,-8.11761626578891E-16,
9.5));
#11262=CARTESIAN_POINT('',(-2.941227747265,-0.590913985888327,9.5));
#11263=CARTESIAN_POINT('',(-2.38487456090498,-0.862594672783072,9.90958905423635));
#11264=CARTESIAN_POINT('',(-2.57444865339547,-0.770021068590688,9.77999524408688));
#11265=CARTESIAN_POINT('',(-2.75912476731999,-0.679839265530791,9.64216192026548));
#11266=CARTESIAN_POINT('',(-2.941227747265,-0.590913985888327,9.5));
#11267=CARTESIAN_POINT('',(-2.38487456090498,-0.862594672783076,9.90958905423635));
#11268=CARTESIAN_POINT('',(-2.62529102267678,-1.45184263825413,9.5));
#11269=CARTESIAN_POINT('',(-2.54672128621986,-1.25927239155122,9.64298328976155));
#11270=CARTESIAN_POINT('',(-2.4669523697605,-1.06376301841967,9.7810343812344));
#11271=CARTESIAN_POINT('',(-2.38487456090498,-0.862594672783077,9.90958905423636));
#11272=CARTESIAN_POINT('',(-2.62529102267678,-1.45184263825412,9.5));
#11273=CARTESIAN_POINT('',(-4.50618224167526E-32,-8.11761626578891E-16,
9.5));
#11274=CARTESIAN_POINT('',(-2.56174552400902,-1.56123664773146,9.5));
#11275=CARTESIAN_POINT('',(-1.94602427276522,-1.62624898787795,9.90958905423635));
#11276=CARTESIAN_POINT('',(-2.15582768594477,-1.60409641342324,9.77999524408688));
#11277=CARTESIAN_POINT('',(-2.36021046064298,-1.58251618951198,9.64216192026548));
#11278=CARTESIAN_POINT('',(-2.56174552400902,-1.56123664773146,9.5));
#11279=CARTESIAN_POINT('',(-1.94602427276522,-1.62624898787795,9.90958905423635));
#11280=CARTESIAN_POINT('',(-1.97040717420287,-2.26218822555725,9.5));
#11281=CARTESIAN_POINT('',(-1.9624386760148,-2.05435895322356,9.64298328976155));
#11282=CARTESIAN_POINT('',(-1.95434855766981,-1.843357661757,9.7810343812344));
#11283=CARTESIAN_POINT('',(-1.94602427276522,-1.62624898787796,9.90958905423636));
#11284=CARTESIAN_POINT('',(-1.97040717420287,-2.26218822555725,9.5));
#11285=CARTESIAN_POINT('',(-4.50618224167526E-32,-8.11761626578891E-16,
9.5));
#11286=CARTESIAN_POINT('',(-1.8732789832202,-2.34325112845924,9.5));
#11287=CARTESIAN_POINT('',(-1.2724547370705,-2.19375367415585,9.90958905423635));
#11288=CARTESIAN_POINT('',(-1.47718208294106,-2.24469405685524,9.77999524408688));
#11289=CARTESIAN_POINT('',(-1.67661993941584,-2.2943183055865,9.64216192026548));
#11290=CARTESIAN_POINT('',(-1.87327898322021,-2.34325112845924,9.5));
#11291=CARTESIAN_POINT('',(-1.2724547370705,-2.19375367415586,9.90958905423635));
#11292=CARTESIAN_POINT('',(-1.07786314040732,-2.79968052651571,9.5));
#11293=CARTESIAN_POINT('',(-1.14145699897208,-2.60165950602806,9.64298328976155));
#11294=CARTESIAN_POINT('',(-1.20602146641131,-2.40061616602476,9.7810343812344));
#11295=CARTESIAN_POINT('',(-1.2724547370705,-2.19375367415586,9.90958905423636));
#11296=CARTESIAN_POINT('',(-1.07786314040732,-2.79968052651571,9.5));
#11297=CARTESIAN_POINT('',(-4.50618224167526E-32,-8.11761626578891E-16,
9.5));
#11298=CARTESIAN_POINT('',(-0.958867350401694,-2.84263494039133,9.5));
#11299=CARTESIAN_POINT('',(-0.44540838065323,-2.49665929097451,9.90958905423635));
#11300=CARTESIAN_POINT('',(-0.620366519848965,-2.61454846887446,9.77999524408688));
#11301=CARTESIAN_POINT('',(-0.790804309220181,-2.72939177347534,9.64216192026548));
#11302=CARTESIAN_POINT('',(-0.958867350401696,-2.84263494039133,9.5));
#11303=CARTESIAN_POINT('',(-0.445408380653227,-2.49665929097451,9.90958905423635));
#11304=CARTESIAN_POINT('',(-0.055312904312899,-2.99949003709239,9.5));
#11305=CARTESIAN_POINT('',(-0.182798761742194,-2.8351615260006,9.64298328976155));
#11306=CARTESIAN_POINT('',(-0.312230387322403,-2.66832493134866,9.7810343812344));
#11307=CARTESIAN_POINT('',(-0.445408380653224,-2.49665929097451,9.90958905423635));
#11308=CARTESIAN_POINT('',(-0.0553129043129004,-2.99949003709239,9.5));
#11309=CARTESIAN_POINT('',(-4.50618224167526E-32,-8.11761626578891E-16,
9.5));
#11310=CARTESIAN_POINT('',(0.0711978362501917,-2.99915502568862,9.5));
#11311=CARTESIAN_POINT('',(0.435360799998425,-2.4984309505348,9.90958905423635));
#11312=CARTESIAN_POINT('',(0.311274401171647,-2.66904974892162,9.77999524408688));
#11313=CARTESIAN_POINT('',(0.190393991696037,-2.83526031195058,9.64216192026548));
#11314=CARTESIAN_POINT('',(0.0711978362501909,-2.99915502568862,9.5));
#11315=CARTESIAN_POINT('',(0.435360799998427,-2.4984309505348,9.90958905423635));
#11316=CARTESIAN_POINT('',(0.973908884373187,-2.83751678143742,9.5));
#11317=CARTESIAN_POINT('',(0.797907703976206,-2.72670122340969,9.64298328976155));
#11318=CARTESIAN_POINT('',(0.619220284507335,-2.61419432967003,9.7810343812344));
#11319=CARTESIAN_POINT('',(0.435360799998431,-2.4984309505348,9.90958905423636));
#11320=CARTESIAN_POINT('',(0.973908884373185,-2.83751678143742,9.5));
#11321=CARTESIAN_POINT('',(-4.50618224167526E-32,-8.11761626578891E-16,
9.5));
#11322=CARTESIAN_POINT('',(1.09267551308215,-2.7939327520738,9.5));
#11323=CARTESIAN_POINT('',(1.26361904292917,-2.19885496454683,9.90958905423635));
#11324=CARTESIAN_POINT('',(1.20537103549006,-2.40162423826979,9.77999524408688));
#11325=CARTESIAN_POINT('',(1.14862796729766,-2.59915461281889,9.64216192026548));
#11326=CARTESIAN_POINT('',(1.09267551308215,-2.7939327520738,9.5));
#11327=CARTESIAN_POINT('',(1.26361904292917,-2.19885496454683,9.90958905423635));
#11328=CARTESIAN_POINT('',(1.88566288823954,-2.33329712465347,9.5));
#11329=CARTESIAN_POINT('',(1.68237472473153,-2.2893605114514,9.64298328976155));
#11330=CARTESIAN_POINT('',(1.47598385130739,-2.24475331043394,9.7810343812344));
#11331=CARTESIAN_POINT('',(1.26361904292917,-2.19885496454683,9.90958905423636));
#11332=CARTESIAN_POINT('',(1.88566288823954,-2.33329712465347,9.5));
#11333=CARTESIAN_POINT('',(-4.50618224167526E-32,-8.11761626578891E-16,
9.5));
#11334=CARTESIAN_POINT('',(1.98236039686331,-2.25172095450301,9.5));
#11335=CARTESIAN_POINT('',(1.93946618025176,-1.63406461819144,9.90958905423635));
#11336=CARTESIAN_POINT('',(1.95408213354651,-1.84452740028378,9.77999524408688));
#11337=CARTESIAN_POINT('',(1.96832045809982,-2.04955250794455,9.64216192026548));
#11338=CARTESIAN_POINT('',(1.98236039686331,-2.25172095450301,9.5));
#11339=CARTESIAN_POINT('',(1.93946618025176,-1.63406461819144,9.90958905423635));
#11340=CARTESIAN_POINT('',(2.56997811836389,-1.54764739883826,9.5));
#11341=CARTESIAN_POINT('',(2.36392252447767,-1.57588913444937,9.64298328976155));
#11342=CARTESIAN_POINT('',(2.1547219824381,-1.60456191292898,9.7810343812344));
#11343=CARTESIAN_POINT('',(1.93946618025176,-1.63406461819144,9.90958905423636));
#11344=CARTESIAN_POINT('',(2.56997811836388,-1.54764739883826,9.5));
#11345=CARTESIAN_POINT('',(-4.50618224167526E-32,-8.11761626578891E-16,
9.5));
#11346=CARTESIAN_POINT('',(2.63294336025921,-1.43791837795716,9.5));
#11347=CARTESIAN_POINT('',(2.38138507276365,-0.872181962656844,9.90958905423635));
#11348=CARTESIAN_POINT('',(2.46710208711642,-1.06495333549837,9.77999524408688));
#11349=CARTESIAN_POINT('',(2.55060445233901,-1.2527441224386,9.64216192026548));
#11350=CARTESIAN_POINT('',(2.63294336025921,-1.43791837795716,9.5));
#11351=CARTESIAN_POINT('',(2.38138507276365,-0.872181962656842,9.90958905423635));
#11352=CARTESIAN_POINT('',(2.94431605857606,-0.57532855588017,9.5));
#11353=CARTESIAN_POINT('',(2.760346379991,-0.672342270186139,9.64298328976155));
#11354=CARTESIAN_POINT('',(2.57356884217715,-0.770836667913037,9.7810343812344));
#11355=CARTESIAN_POINT('',(2.38138507276365,-0.872181962656842,9.90958905423636));
#11356=CARTESIAN_POINT('',(2.38175853638142,-0.500000000000002,10.));
#11357=CARTESIAN_POINT('',(2.57419288832064,-0.500000000000002,9.83372690222161));
#11358=CARTESIAN_POINT('',(2.7662214985299,-0.500000000000002,9.66698491762681));
#11359=CARTESIAN_POINT('',(2.95803989154981,-0.500000000000002,9.5));
#11360=CARTESIAN_POINT('',(2.38175853638142,-0.500000000000002,10.));
#11361=CARTESIAN_POINT('',(-4.81482486096809E-32,-8.67361737988404E-16,
10.));
#11362=CARTESIAN_POINT('',(-4.50618224167526E-32,-8.11761626578891E-16,
9.5));
#11363=CARTESIAN_POINT('',(2.95803989154981,0.5,9.50000000000001));
#11364=CARTESIAN_POINT('',(2.76620920645281,0.5,9.66699561832891));
#11365=CARTESIAN_POINT('',(2.57417764054745,0.499999999999999,9.83374007707557));
#11366=CARTESIAN_POINT('',(2.38175853638142,0.499999999999999,10.));
#11367=CARTESIAN_POINT('',(2.95803989154981,0.5,9.5));
#11368=CARTESIAN_POINT('',(2.38175853638142,0.499999999999999,10.));
#11369=CARTESIAN_POINT('',(-4.50618224167526E-32,-8.11761626578891E-16,
9.5));
#11370=CARTESIAN_POINT('',(2.941227747265,0.590913985888326,9.5));
#11371=CARTESIAN_POINT('',(2.38487456090498,0.862594672783071,9.90958905423635));
#11372=CARTESIAN_POINT('',(2.57444865339547,0.770021068590687,9.77999524408688));
#11373=CARTESIAN_POINT('',(2.75912476731999,0.67983926553079,9.64216192026548));
#11374=CARTESIAN_POINT('',(2.941227747265,0.590913985888326,9.5));
#11375=CARTESIAN_POINT('',(2.38487456090498,0.862594672783075,9.90958905423635));
#11376=CARTESIAN_POINT('',(2.62529102267678,1.45184263825413,9.5));
#11377=CARTESIAN_POINT('',(2.54672128621986,1.25927239155122,9.64298328976155));
#11378=CARTESIAN_POINT('',(2.4669523697605,1.06376301841967,9.7810343812344));
#11379=CARTESIAN_POINT('',(2.38487456090498,0.862594672783075,9.90958905423636));
#11380=CARTESIAN_POINT('',(2.62529102267678,1.45184263825412,9.5));
#11381=CARTESIAN_POINT('',(-4.50618224167526E-32,-8.11761626578891E-16,
9.5));
#11382=CARTESIAN_POINT('',(2.56174552400902,1.56123664773146,9.5));
#11383=CARTESIAN_POINT('',(1.94602427276522,1.62624898787795,9.90958905423635));
#11384=CARTESIAN_POINT('',(2.15582768594478,1.60409641342324,9.77999524408688));
#11385=CARTESIAN_POINT('',(2.36021046064298,1.58251618951198,9.64216192026548));
#11386=CARTESIAN_POINT('',(2.56174552400902,1.56123664773146,9.5));
#11387=CARTESIAN_POINT('',(1.94602427276522,1.62624898787795,9.90958905423635));
#11388=CARTESIAN_POINT('',(1.97040717420287,2.26218822555725,9.5));
#11389=CARTESIAN_POINT('',(1.9624386760148,2.05435895322355,9.64298328976155));
#11390=CARTESIAN_POINT('',(1.95434855766981,1.843357661757,9.7810343812344));
#11391=CARTESIAN_POINT('',(1.94602427276522,1.62624898787795,9.90958905423636));
#11392=CARTESIAN_POINT('',(1.97040717420287,2.26218822555725,9.5));
#11393=CARTESIAN_POINT('',(-4.50618224167526E-32,-8.11761626578891E-16,
9.5));
#11394=CARTESIAN_POINT('',(1.8732789832202,2.34325112845923,9.5));
#11395=CARTESIAN_POINT('',(1.2724547370705,2.19375367415585,9.90958905423635));
#11396=CARTESIAN_POINT('',(1.47718208294106,2.24469405685524,9.77999524408688));
#11397=CARTESIAN_POINT('',(1.67661993941584,2.29431830558649,9.64216192026548));
#11398=CARTESIAN_POINT('',(1.87327898322021,2.34325112845923,9.5));
#11399=CARTESIAN_POINT('',(1.2724547370705,2.19375367415586,9.90958905423635));
#11400=CARTESIAN_POINT('',(1.07786314040732,2.79968052651571,9.5));
#11401=CARTESIAN_POINT('',(1.14145699897208,2.60165950602805,9.64298328976155));
#11402=CARTESIAN_POINT('',(1.20602146641131,2.40061616602476,9.7810343812344));
#11403=CARTESIAN_POINT('',(1.2724547370705,2.19375367415586,9.90958905423636));
#11404=CARTESIAN_POINT('',(1.07786314040732,2.79968052651571,9.5));
#11405=CARTESIAN_POINT('',(-4.50618224167526E-32,-8.11761626578891E-16,
9.5));
#11406=CARTESIAN_POINT('',(0.958867350401693,2.84263494039133,9.5));
#11407=CARTESIAN_POINT('',(0.445408380653229,2.49665929097451,9.90958905423635));
#11408=CARTESIAN_POINT('',(0.620366519848963,2.61454846887446,9.77999524408688));
#11409=CARTESIAN_POINT('',(0.790804309220179,2.72939177347534,9.64216192026548));
#11410=CARTESIAN_POINT('',(0.958867350401694,2.84263494039133,9.5));
#11411=CARTESIAN_POINT('',(0.445408380653226,2.49665929097451,9.90958905423635));
#11412=CARTESIAN_POINT('',(0.0553129043128971,2.99949003709238,9.5));
#11413=CARTESIAN_POINT('',(0.182798761742192,2.83516152600059,9.64298328976155));
#11414=CARTESIAN_POINT('',(0.312230387322402,2.66832493134865,9.7810343812344));
#11415=CARTESIAN_POINT('',(0.445408380653223,2.49665929097451,9.90958905423636));
#11416=CARTESIAN_POINT('',(0.0553129043128987,2.99949003709238,9.5));
#11417=CARTESIAN_POINT('',(-4.50618224167526E-32,-8.11761626578891E-16,
9.5));
#11418=CARTESIAN_POINT('',(-0.0711978362501914,2.99915502568862,9.5));
#11419=CARTESIAN_POINT('',(-0.435360799998425,2.4984309505348,9.90958905423635));
#11420=CARTESIAN_POINT('',(-0.311274401171646,2.66904974892162,9.77999524408688));
#11421=CARTESIAN_POINT('',(-0.190393991696036,2.83526031195058,9.64216192026548));
#11422=CARTESIAN_POINT('',(-0.0711978362501906,2.99915502568862,9.5));
#11423=CARTESIAN_POINT('',(-0.435360799998427,2.49843095053479,9.90958905423635));
#11424=CARTESIAN_POINT('',(-0.973908884373187,2.83751678143742,9.5));
#11425=CARTESIAN_POINT('',(-0.797907703976206,2.72670122340969,9.64298328976155));
#11426=CARTESIAN_POINT('',(-0.619220284507335,2.61419432967003,9.7810343812344));
#11427=CARTESIAN_POINT('',(-0.435360799998431,2.4984309505348,9.90958905423636));
#11428=CARTESIAN_POINT('',(-0.973908884373185,2.83751678143742,9.5));
#11429=CARTESIAN_POINT('',(-4.50618224167526E-32,-8.11761626578891E-16,
9.5));
#11430=CARTESIAN_POINT('',(-1.09267551308215,2.7939327520738,9.5));
#11431=CARTESIAN_POINT('',(-1.26361904292917,2.19885496454683,9.90958905423635));
#11432=CARTESIAN_POINT('',(-1.20537103549006,2.40162423826978,9.77999524408688));
#11433=CARTESIAN_POINT('',(-1.14862796729766,2.59915461281889,9.64216192026548));
#11434=CARTESIAN_POINT('',(-1.09267551308215,2.7939327520738,9.5));
#11435=CARTESIAN_POINT('',(-1.26361904292917,2.19885496454683,9.90958905423635));
#11436=CARTESIAN_POINT('',(-1.88566288823954,2.33329712465347,9.5));
#11437=CARTESIAN_POINT('',(-1.68237472473153,2.2893605114514,9.64298328976155));
#11438=CARTESIAN_POINT('',(-1.47598385130739,2.24475331043393,9.7810343812344));
#11439=CARTESIAN_POINT('',(-1.26361904292917,2.19885496454683,9.90958905423636));
#11440=CARTESIAN_POINT('',(-1.88566288823954,2.33329712465347,9.5));
#11441=CARTESIAN_POINT('',(-4.50618224167526E-32,-8.11761626578891E-16,
9.5));
#11442=CARTESIAN_POINT('',(-1.98236039686331,2.25172095450301,9.5));
#11443=CARTESIAN_POINT('',(-1.93946618025176,1.63406461819144,9.90958905423635));
#11444=CARTESIAN_POINT('',(-1.95408213354651,1.84452740028378,9.77999524408688));
#11445=CARTESIAN_POINT('',(-1.96832045809982,2.04955250794455,9.64216192026548));
#11446=CARTESIAN_POINT('',(-1.98236039686331,2.25172095450301,9.5));
#11447=CARTESIAN_POINT('',(-1.93946618025176,1.63406461819144,9.90958905423635));
#11448=CARTESIAN_POINT('',(-2.56997811836389,1.54764739883826,9.5));
#11449=CARTESIAN_POINT('',(-2.36392252447767,1.57588913444937,9.64298328976155));
#11450=CARTESIAN_POINT('',(-2.1547219824381,1.60456191292898,9.7810343812344));
#11451=CARTESIAN_POINT('',(-1.93946618025176,1.63406461819144,9.90958905423636));
#11452=CARTESIAN_POINT('',(-2.56997811836388,1.54764739883826,9.5));
#11453=CARTESIAN_POINT('',(-4.50618224167526E-32,-8.11761626578891E-16,
9.5));
#11454=CARTESIAN_POINT('',(-2.63294336025921,1.43791837795716,9.5));
#11455=CARTESIAN_POINT('',(-2.38138507276365,0.872181962656843,9.90958905423635));
#11456=CARTESIAN_POINT('',(-2.46710208711642,1.06495333549837,9.77999524408688));
#11457=CARTESIAN_POINT('',(-2.55060445233901,1.2527441224386,9.64216192026548));
#11458=CARTESIAN_POINT('',(-2.63294336025921,1.43791837795716,9.5));
#11459=CARTESIAN_POINT('',(-2.38138507276365,0.872181962656841,9.90958905423635));
#11460=CARTESIAN_POINT('',(-2.94431605857606,0.575328555880169,9.5));
#11461=CARTESIAN_POINT('',(-2.760346379991,0.672342270186138,9.64298328976155));
#11462=CARTESIAN_POINT('',(-2.57356884217715,0.770836667913036,9.7810343812344));
#11463=CARTESIAN_POINT('',(-2.38138507276365,0.872181962656841,9.90958905423636));
#11464=CARTESIAN_POINT('',(-2.38175853638142,0.499999999999999,10.));
#11465=CARTESIAN_POINT('',(-2.57419288832064,0.499999999999999,9.83372690222161));
#11466=CARTESIAN_POINT('',(-2.76622149852989,0.499999999999999,9.66698491762681));
#11467=CARTESIAN_POINT('',(-2.95803989154981,0.5,9.5));
#11468=CARTESIAN_POINT('',(-2.38175853638142,0.499999999999999,10.));
#11469=CARTESIAN_POINT('',(-4.81482486096809E-32,-8.67361737988404E-16,
10.));
#11470=CARTESIAN_POINT('',(-5.2963073470649E-32,-9.54097911787244E-16,10.78));
#11471=CARTESIAN_POINT('',(-2.95803989154981,-0.500000000000002,10.78));
#11472=CARTESIAN_POINT('',(-2.941227747265,-0.590913985888327,10.78));
#11473=CARTESIAN_POINT('',(-5.2963073470649E-32,-9.54097911787244E-16,10.78));
#11474=CARTESIAN_POINT('',(2.95803989154981,0.499999999999999,10.78));
#11475=CARTESIAN_POINT('',(2.941227747265,0.590913985888325,10.78));
#11476=CARTESIAN_POINT('',(1.49014689884598E-16,2.43367494247399,10.));
#11477=CARTESIAN_POINT('',(1.49014689884598E-16,-0.500000000000002,10.));
#11478=CARTESIAN_POINT('',(1.49014689884598E-16,2.43367494247399,10.));
#11479=CARTESIAN_POINT('',(1.49014689884598E-16,0.499999999999999,10.));
#11480=CARTESIAN_POINT('',(-5.2963073470649E-32,-9.54097911787244E-16,10.78));
#11481=CARTESIAN_POINT('',(-0.958867350401694,-2.84263494039133,10.78));
#11482=CARTESIAN_POINT('',(-1.07786314040732,-2.79968052651571,10.78));
#11483=CARTESIAN_POINT('',(-1.93150863194792,-2.35773986506659,4.83152428460364));
#11484=CARTESIAN_POINT('',(-1.2724547370705,-2.19375367415585,4.83152428460364));
#11485=CARTESIAN_POINT('',(-1.8732789832202,-2.34325112845924,10.78));
#11486=CARTESIAN_POINT('',(-1.2724547370705,-2.19375367415585,4.83152428460364));
#11487=CARTESIAN_POINT('',(-5.2963073470649E-32,-9.54097911787244E-16,10.78));
#11488=CARTESIAN_POINT('',(-2.56174552400902,-1.56123664773146,10.78));
#11489=CARTESIAN_POINT('',(-2.62529102267678,-1.45184263825412,10.78));
#11490=CARTESIAN_POINT('',(-2.99514742646886,-0.564583705335628,4.83152428460364));
#11491=CARTESIAN_POINT('',(-2.38487456090498,-0.862594672783071,4.83152428460364));
#11492=CARTESIAN_POINT('',(-2.38487456090498,-0.862594672783071,4.83152428460364));
#11493=CARTESIAN_POINT('',(-2.65732345278923,1.49274744477083,4.83152428460364));
#11494=CARTESIAN_POINT('',(-2.38138507276365,0.872181962656844,4.83152428460364));
#11495=CARTESIAN_POINT('',(-2.63294336025921,1.43791837795716,10.78));
#11496=CARTESIAN_POINT('',(-2.38138507276365,0.872181962656844,4.83152428460364));
#11497=CARTESIAN_POINT('',(-5.2963073470649E-32,-9.54097911787244E-16,10.78));
#11498=CARTESIAN_POINT('',(-1.98236039686331,2.25172095450301,10.78));
#11499=CARTESIAN_POINT('',(-1.88566288823954,2.33329712465347,10.78));
#11500=CARTESIAN_POINT('',(-1.076108302689,2.85160547542912,4.83152428460364));
#11501=CARTESIAN_POINT('',(-1.26361904292917,2.19885496454683,4.83152428460364));
#11502=CARTESIAN_POINT('',(-1.09267551308215,2.7939327520738,10.78));
#11503=CARTESIAN_POINT('',(-1.26361904292917,2.19885496454683,4.83152428460364));
#11504=CARTESIAN_POINT('',(-5.2963073470649E-32,-9.54097911787244E-16,10.78));
#11505=CARTESIAN_POINT('',(0.958867350401692,2.84263494039133,10.78));
#11506=CARTESIAN_POINT('',(1.07786314040732,2.79968052651571,10.78));
#11507=CARTESIAN_POINT('',(1.93150863194792,2.35773986506659,4.83152428460364));
#11508=CARTESIAN_POINT('',(1.2724547370705,2.19375367415585,4.83152428460364));
#11509=CARTESIAN_POINT('',(1.8732789832202,2.34325112845923,10.78));
#11510=CARTESIAN_POINT('',(1.2724547370705,2.19375367415585,4.83152428460364));
#11511=CARTESIAN_POINT('',(-5.2963073470649E-32,-9.54097911787244E-16,10.78));
#11512=CARTESIAN_POINT('',(2.56174552400902,1.56123664773146,10.78));
#11513=CARTESIAN_POINT('',(2.62529102267678,1.45184263825412,10.78));
#11514=CARTESIAN_POINT('',(2.99514742646886,0.564583705335628,4.83152428460364));
#11515=CARTESIAN_POINT('',(2.38487456090498,0.862594672783071,4.83152428460364));
#11516=CARTESIAN_POINT('',(2.38487456090498,0.862594672783071,4.83152428460364));
#11517=CARTESIAN_POINT('',(2.65732345278923,-1.49274744477083,4.83152428460364));
#11518=CARTESIAN_POINT('',(2.38138507276365,-0.872181962656844,4.83152428460364));
#11519=CARTESIAN_POINT('',(2.63294336025921,-1.43791837795716,10.78));
#11520=CARTESIAN_POINT('',(2.38138507276365,-0.872181962656844,4.83152428460364));
#11521=CARTESIAN_POINT('',(-5.2963073470649E-32,-9.54097911787244E-16,10.78));
#11522=CARTESIAN_POINT('',(2.56997811836388,-1.54764739883826,10.78));
#11523=CARTESIAN_POINT('',(-5.2963073470649E-32,-9.54097911787244E-16,10.78));
#11524=CARTESIAN_POINT('',(1.98236039686331,-2.25172095450301,10.78));
#11525=CARTESIAN_POINT('',(1.88566288823953,-2.33329712465347,10.78));
#11526=CARTESIAN_POINT('',(1.076108302689,-2.85160547542912,4.83152428460364));
#11527=CARTESIAN_POINT('',(1.26361904292917,-2.19885496454683,4.83152428460364));
#11528=CARTESIAN_POINT('',(1.09267551308215,-2.7939327520738,10.78));
#11529=CARTESIAN_POINT('',(1.26361904292917,-2.19885496454683,4.83152428460364));
#11530=CARTESIAN_POINT('',(-5.2963073470649E-32,-9.54097911787244E-16,10.78));
#11531=CARTESIAN_POINT('',(0.0711978362501915,-2.99915502568862,10.78));
#11532=CARTESIAN_POINT('',(-0.055312904312901,-2.99949003709239,10.78));
#11533=CARTESIAN_POINT('',(-1.00862988185103,-2.87616561206943,4.83152428460364));
#11534=CARTESIAN_POINT('',(-0.445408380653227,-2.49665929097451,4.83152428460364));
#11535=CARTESIAN_POINT('',(-0.445408380653227,-2.49665929097451,4.83152428460364));
#11536=CARTESIAN_POINT('',(-5.2963073470649E-32,-9.54097911787244E-16,10.78));
#11537=CARTESIAN_POINT('',(-1.97040717420287,-2.26218822555725,10.78));
#11538=CARTESIAN_POINT('',(-2.62141893500046,-1.55493589380224,4.83152428460364));
#11539=CARTESIAN_POINT('',(-1.94602427276522,-1.62624898787795,4.83152428460364));
#11540=CARTESIAN_POINT('',(-1.94602427276522,-1.62624898787795,4.83152428460364));
#11541=CARTESIAN_POINT('',(-5.2963073470649E-32,-9.54097911787244E-16,10.78));
#11542=CARTESIAN_POINT('',(-2.56997811836388,1.54764739883826,10.78));
#11543=CARTESIAN_POINT('',(-1.98651754461783,2.3115819067338,4.83152428460364));
#11544=CARTESIAN_POINT('',(-1.93946618025176,1.63406461819144,4.83152428460364));
#11545=CARTESIAN_POINT('',(-1.93946618025176,1.63406461819144,4.83152428460364));
#11546=CARTESIAN_POINT('',(-5.2963073470649E-32,-9.54097911787244E-16,10.78));
#11547=CARTESIAN_POINT('',(-0.973908884373184,2.83751678143742,10.78));
#11548=CARTESIAN_POINT('',(-0.0359045177887735,3.04768333857307,4.83152428460364));
#11549=CARTESIAN_POINT('',(-0.435360799998427,2.49843095053479,4.83152428460364));
#11550=CARTESIAN_POINT('',(-0.0711978362501912,2.99915502568862,10.78));
#11551=CARTESIAN_POINT('',(-0.435360799998427,2.49843095053479,4.83152428460364));
#11552=CARTESIAN_POINT('',(-5.2963073470649E-32,-9.54097911787244E-16,10.78));
#11553=CARTESIAN_POINT('',(0.0553129043128993,2.99949003709238,10.78));
#11554=CARTESIAN_POINT('',(1.00862988185103,2.87616561206943,4.83152428460364));
#11555=CARTESIAN_POINT('',(0.445408380653226,2.49665929097451,4.83152428460364));
#11556=CARTESIAN_POINT('',(0.445408380653226,2.49665929097451,4.83152428460364));
#11557=CARTESIAN_POINT('',(-5.2963073470649E-32,-9.54097911787244E-16,10.78));
#11558=CARTESIAN_POINT('',(1.97040717420287,2.26218822555725,10.78));
#11559=CARTESIAN_POINT('',(2.62141893500046,1.55493589380224,4.83152428460364));
#11560=CARTESIAN_POINT('',(1.94602427276522,1.62624898787795,4.83152428460364));
#11561=CARTESIAN_POINT('',(1.94602427276522,1.62624898787795,4.83152428460364));
#11562=CARTESIAN_POINT('',(1.98651754461783,-2.3115819067338,4.83152428460364));
#11563=CARTESIAN_POINT('',(1.93946618025176,-1.63406461819144,4.83152428460364));
#11564=CARTESIAN_POINT('',(1.93946618025176,-1.63406461819144,4.83152428460364));
#11565=CARTESIAN_POINT('',(-5.2963073470649E-32,-9.54097911787244E-16,10.78));
#11566=CARTESIAN_POINT('',(0.973908884373185,-2.83751678143742,10.78));
#11567=CARTESIAN_POINT('',(-5.2963073470649E-32,-9.54097911787244E-16,10.78));
#11568=CARTESIAN_POINT('',(1.35802752488843E-32,2.44640490201857E-16,0.));
#11569=CARTESIAN_POINT('',(4.15,2.44640490201857E-16,0.));
#11570=CARTESIAN_POINT('',(2.91330285560697E-33,5.24813986197157E-17,1.72804592212799));
#11571=CARTESIAN_POINT('',(2.91330285560697E-33,-4.15,1.72804592212799));
#11572=CARTESIAN_POINT('',(2.91330285560697E-33,5.24813986197157E-17,1.72804592212799));
#11573=CARTESIAN_POINT('',(0.,0.,2.2));
#11574=CARTESIAN_POINT('',(0.,-3.65823934281741,2.2));
#11575=CARTESIAN_POINT('',(2.2399515715086E-16,3.65823934281741,2.2));
#11576=CARTESIAN_POINT('',(0.,0.,2.2));
#11577=CARTESIAN_POINT('',(0.,-3.07182054213659,2.2));
#11578=CARTESIAN_POINT('',(-5.2963073470649E-32,-9.54097911787244E-16,10.78));
#11579=CARTESIAN_POINT('',(9.94095823291773E-33,1.79080383173896E-16,0.589568126447535));
#11580=CARTESIAN_POINT('',(9.94095823291773E-33,-3.07182054213659,0.589568126447535));
#11581=CARTESIAN_POINT('',(1.88088547685128E-16,3.07182054213659,0.589568126447535));
#11582=CARTESIAN_POINT('',(9.94095823291773E-33,1.79080383173896E-16,0.589568126447535));
#11583=CARTESIAN_POINT('',(9.94095823291773E-33,-3.0012874243393,0.589568126447535));
#11584=CARTESIAN_POINT('',(-5.2963073470649E-32,-9.54097911787244E-16,10.78));
#11585=CARTESIAN_POINT('',(-1.41814240574998E-32,-2.55469824403755E-16,
4.49738590379915));
#11586=CARTESIAN_POINT('',(-1.41814240574998E-32,-3.0012874243393,4.49738590379915));
#11587=CARTESIAN_POINT('',(1.83769782474655E-16,3.0012874243393,4.49738590379915));
#11588=CARTESIAN_POINT('',(-1.41814240574998E-32,-2.55469824403755E-16,
4.49738590379915));
#11589=CARTESIAN_POINT('',(-1.41814240574998E-32,-2.50929262680024,4.49738590379915));
#11590=CARTESIAN_POINT('',(-5.2963073470649E-32,-9.54097911787244E-16,10.78));
#11591=CARTESIAN_POINT('',(-1.72839866803983E-32,-3.11360623893273E-16,
5.));
#11592=CARTESIAN_POINT('',(-1.72839866803983E-32,-3.11360623893273E-16,
5.));
#11593=CARTESIAN_POINT('',(4.00329796274193,-1.25078851945335,-0.885798258168593));
#11594=CARTESIAN_POINT('',(5.31955182826128,-1.25078851945335,-0.425277662964117));
#11595=CARTESIAN_POINT('',(5.3456211404397,-1.25078851945335,-0.425277662964117));
#11596=CARTESIAN_POINT('',(4.00329796274193,-1.25078851945335,-0.425277662964117));
#11597=CARTESIAN_POINT('',(5.3456211404397,-1.25078851945335,-0.885798258168593));
#11598=CARTESIAN_POINT('',(5.3456211404397,-1.25078851945335,0.));
#11599=CARTESIAN_POINT('',(4.00329796274193,-1.25078851945335,0.));
#11600=CARTESIAN_POINT('',(4.00329796274193,-1.25078851945335,0.));
#11601=CARTESIAN_POINT('',(4.00329796274193,-1.25078851945335,-0.885798258168593));
#11602=CARTESIAN_POINT('',(5.3456211404397,-1.25078851945335,-0.885798258168593));
#11603=CARTESIAN_POINT('',(5.3456211404397,-5.46955182826127,-0.425277662964117));
#11604=CARTESIAN_POINT('',(5.3456211404397,1.25078851945335,-0.425277662964117));
#11605=CARTESIAN_POINT('',(5.3456211404397,1.25078851945335,-0.885798258168593));
#11606=CARTESIAN_POINT('',(5.3456211404397,1.25078851945335,0.));
#11607=CARTESIAN_POINT('',(5.3456211404397,-1.25078851945335,0.));
#11608=CARTESIAN_POINT('',(5.3456211404397,1.25078851945335,-0.885798258168593));
#11609=CARTESIAN_POINT('',(5.31955182826129,1.25078851945335,-0.425277662964117));
#11610=CARTESIAN_POINT('',(4.00329796274193,1.25078851945335,-0.425277662964117));
#11611=CARTESIAN_POINT('',(4.00329796274193,1.25078851945335,-0.885798258168593));
#11612=CARTESIAN_POINT('',(4.00329796274193,1.25078851945335,0.));
#11613=CARTESIAN_POINT('',(5.3456211404397,1.25078851945335,0.));
#11614=CARTESIAN_POINT('',(0.,0.,-0.885798258168593));
#11615=CARTESIAN_POINT('',(0.,0.,-0.425277662964117));
#11616=CARTESIAN_POINT('',(-4.00329796274193,1.25078851945335,-0.425277662964117));
#11617=CARTESIAN_POINT('',(-4.00329796274193,1.25078851945335,-0.885798258168593));
#11618=CARTESIAN_POINT('',(-4.00329796274193,1.25078851945335,0.));
#11619=CARTESIAN_POINT('',(0.,0.,0.));
#11620=CARTESIAN_POINT('',(-4.00329796274193,1.25078851945335,-0.885798258168593));
#11621=CARTESIAN_POINT('',(5.31955182826128,1.25078851945335,-0.425277662964117));
#11622=CARTESIAN_POINT('',(-5.3456211404397,1.25078851945335,-0.425277662964117));
#11623=CARTESIAN_POINT('',(-5.3456211404397,1.25078851945335,-0.885798258168593));
#11624=CARTESIAN_POINT('',(-5.3456211404397,1.25078851945335,0.));
#11625=CARTESIAN_POINT('',(-4.00329796274193,1.25078851945335,0.));
#11626=CARTESIAN_POINT('',(-5.3456211404397,1.25078851945335,-0.885798258168593));
#11627=CARTESIAN_POINT('',(-5.3456211404397,-5.46955182826127,-0.425277662964117));
#11628=CARTESIAN_POINT('',(-5.3456211404397,-1.25078851945335,-0.425277662964117));
#11629=CARTESIAN_POINT('',(-5.3456211404397,-1.25078851945335,-0.885798258168593));
#11630=CARTESIAN_POINT('',(-5.3456211404397,-1.25078851945335,0.));
#11631=CARTESIAN_POINT('',(-5.3456211404397,1.25078851945335,0.));
#11632=CARTESIAN_POINT('',(-5.3456211404397,-1.25078851945335,-0.885798258168593));
#11633=CARTESIAN_POINT('',(5.31955182826128,-1.25078851945335,-0.425277662964117));
#11634=CARTESIAN_POINT('',(-4.00329796274193,-1.25078851945335,-0.425277662964117));
#11635=CARTESIAN_POINT('',(-4.00329796274193,-1.25078851945335,-0.885798258168593));
#11636=CARTESIAN_POINT('',(-4.00329796274193,-1.25078851945335,0.));
#11637=CARTESIAN_POINT('',(-5.3456211404397,-1.25078851945335,0.));
#11638=CARTESIAN_POINT('',(0.,0.,-0.885798258168593));
#11639=CARTESIAN_POINT('',(0.,0.,-0.425277662964117));
#11640=CARTESIAN_POINT('',(0.,0.,0.));
#11641=CARTESIAN_POINT('',(0.,0.,0.));
#11642=CARTESIAN_POINT('',(-0.0304199999999912,-8.09215645897003,-16.0167731151221));
#11643=CARTESIAN_POINT('',(-0.0304199999999912,-8.09215645897003,-4.31395817823927));
#11644=CARTESIAN_POINT('',(-0.0304199999999912,-8.51173645897003,-4.31395817823927));
#11645=CARTESIAN_POINT('',(-0.449999999999997,-8.09215645897003,-4.31395817823927));
#11646=CARTESIAN_POINT('',(-0.0304199999999912,-8.51173645897003,-4.31395817823927));
#11647=CARTESIAN_POINT('',(-0.0304199999999912,-8.51173645897003,-4.16015297626341));
#11648=CARTESIAN_POINT('',(-0.0304199999999912,-8.09215645897003,-4.16015297626341));
#11649=CARTESIAN_POINT('',(-0.449999999999997,-8.09215645897003,-4.16015297626341));
#11650=CARTESIAN_POINT('',(-0.449999999999997,-8.09215645897003,-16.0167731151221));
#11651=CARTESIAN_POINT('',(0.775,-8.51173645897003,-4.31395817823927));
#11652=CARTESIAN_POINT('',(0.775,-8.51173645897003,-4.31395817823927));
#11653=CARTESIAN_POINT('',(0.0304199999999912,-8.51173645897003,-4.31395817823927));
#11654=CARTESIAN_POINT('',(0.0304199999999912,-8.51173645897003,-4.16015297626341));
#11655=CARTESIAN_POINT('',(0.0304199999999912,-8.51173645897003,-4.16015297626341));
#11656=CARTESIAN_POINT('',(0.775,-8.51173645897003,-4.16015297626341));
#11657=CARTESIAN_POINT('',(0.0304199999999912,-8.09215645897003,-4.31395817823927));
#11658=CARTESIAN_POINT('',(0.0304199999999912,-8.09215645897003,-4.31395817823927));
#11659=CARTESIAN_POINT('',(0.449999999999997,-8.09215645897003,-4.31395817823927));
#11660=CARTESIAN_POINT('',(0.449999999999997,-8.09215645897003,-4.31395817823927));
#11661=CARTESIAN_POINT('',(0.449999999999997,-8.09215645897003,-4.16015297626341));
#11662=CARTESIAN_POINT('',(0.0304199999999912,-8.09215645897003,-4.16015297626341));
#11663=CARTESIAN_POINT('',(-2.53041999999999,-8.09215645897003,-16.0167731151221));
#11664=CARTESIAN_POINT('',(-2.53041999999999,-8.09215645897003,-4.31395817823927));
#11665=CARTESIAN_POINT('',(-2.53041999999999,-8.51173645897003,-4.31395817823927));
#11666=CARTESIAN_POINT('',(-2.95,-8.09215645897003,-4.31395817823927));
#11667=CARTESIAN_POINT('',(-2.53041999999999,-8.51173645897003,-4.31395817823927));
#11668=CARTESIAN_POINT('',(-2.53041999999999,-8.51173645897003,-4.16015297626341));
#11669=CARTESIAN_POINT('',(-2.53041999999999,-8.09215645897003,-4.16015297626341));
#11670=CARTESIAN_POINT('',(-2.95,-8.09215645897003,-4.16015297626341));
#11671=CARTESIAN_POINT('',(-2.95,-8.09215645897003,-16.0167731151221));
#11672=CARTESIAN_POINT('',(-1.725,-8.51173645897003,-4.31395817823927));
#11673=CARTESIAN_POINT('',(-1.725,-8.51173645897003,-4.31395817823927));
#11674=CARTESIAN_POINT('',(-2.46958000000001,-8.51173645897003,-4.31395817823927));
#11675=CARTESIAN_POINT('',(-2.46958000000001,-8.51173645897003,-4.16015297626341));
#11676=CARTESIAN_POINT('',(-2.46958000000001,-8.51173645897003,-4.16015297626341));
#11677=CARTESIAN_POINT('',(-1.725,-8.51173645897003,-4.16015297626341));
#11678=CARTESIAN_POINT('',(-2.46958000000001,-8.09215645897003,-4.31395817823927));
#11679=CARTESIAN_POINT('',(-2.46958000000001,-8.09215645897003,-4.31395817823927));
#11680=CARTESIAN_POINT('',(-2.05,-8.09215645897003,-4.31395817823927));
#11681=CARTESIAN_POINT('',(-2.05,-8.09215645897003,-4.31395817823927));
#11682=CARTESIAN_POINT('',(-2.05,-8.09215645897003,-4.16015297626341));
#11683=CARTESIAN_POINT('',(-2.46958000000001,-8.09215645897003,-4.16015297626341));
#11684=CARTESIAN_POINT('',(2.46958000000001,-8.09215645897003,-16.0167731151221));
#11685=CARTESIAN_POINT('',(2.46958000000001,-8.09215645897003,-4.31395817823927));
#11686=CARTESIAN_POINT('',(2.46958000000001,-8.51173645897003,-4.31395817823927));
#11687=CARTESIAN_POINT('',(2.05,-8.09215645897003,-4.31395817823927));
#11688=CARTESIAN_POINT('',(2.46958000000001,-8.51173645897003,-4.31395817823927));
#11689=CARTESIAN_POINT('',(2.46958000000001,-8.51173645897003,-4.16015297626341));
#11690=CARTESIAN_POINT('',(2.46958000000001,-8.09215645897003,-4.16015297626341));
#11691=CARTESIAN_POINT('',(2.05,-8.09215645897003,-4.16015297626341));
#11692=CARTESIAN_POINT('',(2.05,-8.09215645897003,-16.0167731151221));
#11693=CARTESIAN_POINT('',(3.275,-8.51173645897003,-4.31395817823927));
#11694=CARTESIAN_POINT('',(3.275,-8.51173645897003,-4.31395817823927));
#11695=CARTESIAN_POINT('',(2.53041999999999,-8.51173645897003,-4.31395817823927));
#11696=CARTESIAN_POINT('',(2.53041999999999,-8.51173645897003,-4.16015297626341));
#11697=CARTESIAN_POINT('',(2.53041999999999,-8.51173645897003,-4.16015297626341));
#11698=CARTESIAN_POINT('',(3.275,-8.51173645897003,-4.16015297626341));
#11699=CARTESIAN_POINT('',(2.53041999999999,-8.09215645897003,-4.31395817823927));
#11700=CARTESIAN_POINT('',(2.53041999999999,-8.09215645897003,-4.31395817823927));
#11701=CARTESIAN_POINT('',(2.95,-8.09215645897003,-4.31395817823927));
#11702=CARTESIAN_POINT('',(2.95,-8.09215645897003,-4.31395817823927));
#11703=CARTESIAN_POINT('',(2.95,-8.09215645897003,-4.16015297626341));
#11704=CARTESIAN_POINT('',(2.53041999999999,-8.09215645897003,-4.16015297626341));
#11705=CARTESIAN_POINT('',(2.53041999999999,8.09215645897003,-16.0167731151221));
#11706=CARTESIAN_POINT('',(2.53041999999999,8.09215645897003,-4.31395817823927));
#11707=CARTESIAN_POINT('',(2.53041999999999,8.51173645897003,-4.31395817823927));
#11708=CARTESIAN_POINT('',(2.95,8.09215645897003,-4.31395817823927));
#11709=CARTESIAN_POINT('',(2.53041999999999,8.51173645897003,-4.31395817823927));
#11710=CARTESIAN_POINT('',(2.53041999999999,8.51173645897003,-4.16015297626341));
#11711=CARTESIAN_POINT('',(2.53041999999999,8.09215645897003,-4.16015297626341));
#11712=CARTESIAN_POINT('',(2.95,8.09215645897003,-4.16015297626341));
#11713=CARTESIAN_POINT('',(2.95,8.09215645897003,-4.16015297626341));
#11714=CARTESIAN_POINT('',(3.275,8.51173645897003,-4.31395817823927));
#11715=CARTESIAN_POINT('',(3.275,8.51173645897003,-4.31395817823927));
#11716=CARTESIAN_POINT('',(2.46958000000001,8.51173645897003,-4.31395817823927));
#11717=CARTESIAN_POINT('',(2.46958000000001,8.51173645897003,-4.31395817823927));
#11718=CARTESIAN_POINT('',(2.46958000000001,8.51173645897003,-4.16015297626341));
#11719=CARTESIAN_POINT('',(3.275,8.51173645897003,-4.16015297626341));
#11720=CARTESIAN_POINT('',(2.46958000000001,8.09215645897003,-4.31395817823927));
#11721=CARTESIAN_POINT('',(2.46958000000001,8.09215645897003,-4.31395817823927));
#11722=CARTESIAN_POINT('',(2.05,8.09215645897003,-4.31395817823927));
#11723=CARTESIAN_POINT('',(2.05,8.09215645897003,-16.0167731151221));
#11724=CARTESIAN_POINT('',(2.05,8.09215645897003,-4.16015297626341));
#11725=CARTESIAN_POINT('',(2.46958000000001,8.09215645897003,-4.16015297626341));
#11726=CARTESIAN_POINT('',(-2.46958000000001,8.09215645897003,-16.0167731151221));
#11727=CARTESIAN_POINT('',(-2.46958000000001,8.09215645897003,-4.31395817823927));
#11728=CARTESIAN_POINT('',(-2.46958000000001,8.51173645897003,-4.31395817823927));
#11729=CARTESIAN_POINT('',(-2.05,8.09215645897003,-4.31395817823927));
#11730=CARTESIAN_POINT('',(-2.46958000000001,8.51173645897003,-4.31395817823927));
#11731=CARTESIAN_POINT('',(-2.46958000000001,8.51173645897003,-4.16015297626341));
#11732=CARTESIAN_POINT('',(-2.46958000000001,8.09215645897003,-4.16015297626341));
#11733=CARTESIAN_POINT('',(-2.05,8.09215645897003,-4.16015297626341));
#11734=CARTESIAN_POINT('',(-2.05,8.09215645897003,-4.16015297626341));
#11735=CARTESIAN_POINT('',(-1.725,8.51173645897003,-4.31395817823927));
#11736=CARTESIAN_POINT('',(-1.725,8.51173645897003,-4.31395817823927));
#11737=CARTESIAN_POINT('',(-2.53041999999999,8.51173645897003,-4.31395817823927));
#11738=CARTESIAN_POINT('',(-2.53041999999999,8.51173645897003,-4.31395817823927));
#11739=CARTESIAN_POINT('',(-2.53041999999999,8.51173645897003,-4.16015297626341));
#11740=CARTESIAN_POINT('',(-1.725,8.51173645897003,-4.16015297626341));
#11741=CARTESIAN_POINT('',(-2.53041999999999,8.09215645897003,-4.31395817823927));
#11742=CARTESIAN_POINT('',(-2.53041999999999,8.09215645897003,-4.31395817823927));
#11743=CARTESIAN_POINT('',(-2.95,8.09215645897003,-4.31395817823927));
#11744=CARTESIAN_POINT('',(-2.95,8.09215645897003,-16.0167731151221));
#11745=CARTESIAN_POINT('',(-2.95,8.09215645897003,-4.16015297626341));
#11746=CARTESIAN_POINT('',(-2.53041999999999,8.09215645897003,-4.16015297626341));
#11747=CARTESIAN_POINT('',(0.449999999999997,-7.5988579541285,-16.0167731151221));
#11748=CARTESIAN_POINT('',(0.449999999999997,-8.51173645897003,-4.16015297626341));
#11749=CARTESIAN_POINT('',(0.449999999999997,-7.5988579541285,-4.16015297626341));
#11750=CARTESIAN_POINT('',(0.449999999999997,-7.49743835004467,-4.31395817823927));
#11751=CARTESIAN_POINT('',(0.449999999999997,-7.5988579541285,-4.31395817823927));
#11752=CARTESIAN_POINT('',(0.449999999999997,-7.5988579541285,-16.0167731151221));
#11753=CARTESIAN_POINT('',(0.775,-8.51173645897003,-4.16015297626341));
#11754=CARTESIAN_POINT('',(0.775,-7.5988579541285,-4.16015297626341));
#11755=CARTESIAN_POINT('',(-0.449999999999997,-7.5988579541285,-4.16015297626341));
#11756=CARTESIAN_POINT('',(-0.449999999999997,-8.51173645897003,-4.16015297626341));
#11757=CARTESIAN_POINT('',(-0.449999999999997,-7.5988579541285,-16.0167731151221));
#11758=CARTESIAN_POINT('',(-0.449999999999997,-7.49743835004467,-4.31395817823927));
#11759=CARTESIAN_POINT('',(-0.449999999999997,-7.5988579541285,-4.31395817823927));
#11760=CARTESIAN_POINT('',(-0.449999999999997,-7.5988579541285,-16.0167731151221));
#11761=CARTESIAN_POINT('',(0.775,-7.49743835004467,-4.31395817823927));
#11762=CARTESIAN_POINT('',(0.775,-7.5988579541285,-4.31395817823927));
#11763=CARTESIAN_POINT('',(-0.628146999999999,-7.5988579541285,-4.31395817823927));
#11764=CARTESIAN_POINT('',(-0.628146999999999,-7.49743835004467,-4.31395817823927));
#11765=CARTESIAN_POINT('',(-0.628146999999999,-7.49743835004467,-4.31395817823927));
#11766=CARTESIAN_POINT('',(0.775,-7.49743835004467,-4.31395817823927));
#11767=CARTESIAN_POINT('',(0.628146999999998,-7.49743835004467,-4.31395817823927));
#11768=CARTESIAN_POINT('',(0.628146999999998,-7.5988579541285,-4.31395817823927));
#11769=CARTESIAN_POINT('',(0.628146999999998,-7.5988579541285,-4.31395817823927));
#11770=CARTESIAN_POINT('',(0.775,-7.5988579541285,-4.31395817823927));
#11771=CARTESIAN_POINT('',(-2.05,-7.5988579541285,-16.0167731151221));
#11772=CARTESIAN_POINT('',(-2.05,-8.51173645897003,-4.16015297626341));
#11773=CARTESIAN_POINT('',(-2.05,-7.5988579541285,-4.16015297626341));
#11774=CARTESIAN_POINT('',(-2.05,-7.49743835004467,-4.31395817823927));
#11775=CARTESIAN_POINT('',(-2.05,-7.5988579541285,-4.31395817823927));
#11776=CARTESIAN_POINT('',(-2.05,-7.5988579541285,-16.0167731151221));
#11777=CARTESIAN_POINT('',(-1.725,-8.51173645897003,-4.16015297626341));
#11778=CARTESIAN_POINT('',(-1.725,-7.5988579541285,-4.16015297626341));
#11779=CARTESIAN_POINT('',(-2.95,-7.5988579541285,-4.16015297626341));
#11780=CARTESIAN_POINT('',(-2.95,-8.51173645897003,-4.16015297626341));
#11781=CARTESIAN_POINT('',(-2.95,-7.5988579541285,-16.0167731151221));
#11782=CARTESIAN_POINT('',(-2.95,-7.49743835004467,-4.31395817823927));
#11783=CARTESIAN_POINT('',(-2.95,-7.5988579541285,-4.31395817823927));
#11784=CARTESIAN_POINT('',(-2.95,-7.5988579541285,-16.0167731151221));
#11785=CARTESIAN_POINT('',(-1.725,-7.49743835004467,-4.31395817823927));
#11786=CARTESIAN_POINT('',(-1.725,-7.5988579541285,-4.31395817823927));
#11787=CARTESIAN_POINT('',(-3.128147,-7.5988579541285,-4.31395817823927));
#11788=CARTESIAN_POINT('',(-3.128147,-7.49743835004467,-4.31395817823927));
#11789=CARTESIAN_POINT('',(-3.128147,-7.49743835004467,-4.31395817823927));
#11790=CARTESIAN_POINT('',(-1.725,-7.49743835004467,-4.31395817823927));
#11791=CARTESIAN_POINT('',(-1.871853,-7.49743835004467,-4.31395817823927));
#11792=CARTESIAN_POINT('',(-1.871853,-7.5988579541285,-4.31395817823927));
#11793=CARTESIAN_POINT('',(-1.871853,-7.5988579541285,-4.31395817823927));
#11794=CARTESIAN_POINT('',(-1.725,-7.5988579541285,-4.31395817823927));
#11795=CARTESIAN_POINT('',(2.95,-7.5988579541285,-16.0167731151221));
#11796=CARTESIAN_POINT('',(2.95,-8.51173645897003,-4.16015297626341));
#11797=CARTESIAN_POINT('',(2.95,-7.5988579541285,-4.16015297626341));
#11798=CARTESIAN_POINT('',(2.95,-7.49743835004467,-4.31395817823927));
#11799=CARTESIAN_POINT('',(2.95,-7.5988579541285,-4.31395817823927));
#11800=CARTESIAN_POINT('',(2.95,-7.5988579541285,-16.0167731151221));
#11801=CARTESIAN_POINT('',(3.275,-8.51173645897003,-4.16015297626341));
#11802=CARTESIAN_POINT('',(3.275,-7.5988579541285,-4.16015297626341));
#11803=CARTESIAN_POINT('',(2.05,-7.5988579541285,-4.16015297626341));
#11804=CARTESIAN_POINT('',(2.05,-8.51173645897003,-4.16015297626341));
#11805=CARTESIAN_POINT('',(2.05,-7.5988579541285,-16.0167731151221));
#11806=CARTESIAN_POINT('',(2.05,-7.49743835004467,-4.31395817823927));
#11807=CARTESIAN_POINT('',(2.05,-7.5988579541285,-4.31395817823927));
#11808=CARTESIAN_POINT('',(2.05,-7.5988579541285,-16.0167731151221));
#11809=CARTESIAN_POINT('',(3.275,-7.49743835004467,-4.31395817823927));
#11810=CARTESIAN_POINT('',(3.275,-7.5988579541285,-4.31395817823927));
#11811=CARTESIAN_POINT('',(1.871853,-7.5988579541285,-4.31395817823927));
#11812=CARTESIAN_POINT('',(1.871853,-7.49743835004467,-4.31395817823927));
#11813=CARTESIAN_POINT('',(1.871853,-7.49743835004467,-4.31395817823927));
#11814=CARTESIAN_POINT('',(3.275,-7.49743835004467,-4.31395817823927));
#11815=CARTESIAN_POINT('',(3.128147,-7.49743835004467,-4.31395817823927));
#11816=CARTESIAN_POINT('',(3.128147,-7.5988579541285,-4.31395817823927));
#11817=CARTESIAN_POINT('',(3.128147,-7.5988579541285,-4.31395817823927));
#11818=CARTESIAN_POINT('',(3.275,-7.5988579541285,-4.31395817823927));
#11819=CARTESIAN_POINT('',(2.95,7.5988579541285,-16.0167731151221));
#11820=CARTESIAN_POINT('',(2.95,7.49743835004467,-4.31395817823927));
#11821=CARTESIAN_POINT('',(2.95,7.5988579541285,-4.31395817823927));
#11822=CARTESIAN_POINT('',(2.95,8.51173645897003,-4.16015297626341));
#11823=CARTESIAN_POINT('',(2.95,7.5988579541285,-4.16015297626341));
#11824=CARTESIAN_POINT('',(2.95,7.5988579541285,-16.0167731151221));
#11825=CARTESIAN_POINT('',(3.275,8.51173645897003,-4.16015297626341));
#11826=CARTESIAN_POINT('',(2.05,8.51173645897003,-4.16015297626341));
#11827=CARTESIAN_POINT('',(2.05,7.5988579541285,-4.16015297626341));
#11828=CARTESIAN_POINT('',(3.275,7.5988579541285,-4.16015297626341));
#11829=CARTESIAN_POINT('',(2.05,7.5988579541285,-16.0167731151221));
#11830=CARTESIAN_POINT('',(2.05,7.49743835004467,-4.31395817823927));
#11831=CARTESIAN_POINT('',(2.05,7.5988579541285,-4.31395817823927));
#11832=CARTESIAN_POINT('',(2.05,7.5988579541285,-16.0167731151221));
#11833=CARTESIAN_POINT('',(3.275,7.49743835004467,-4.31395817823927));
#11834=CARTESIAN_POINT('',(3.275,7.5988579541285,-4.31395817823927));
#11835=CARTESIAN_POINT('',(3.128147,7.5988579541285,-4.31395817823927));
#11836=CARTESIAN_POINT('',(3.128147,7.49743835004467,-4.31395817823927));
#11837=CARTESIAN_POINT('',(3.128147,7.49743835004467,-4.31395817823927));
#11838=CARTESIAN_POINT('',(3.275,7.49743835004467,-4.31395817823927));
#11839=CARTESIAN_POINT('',(1.871853,7.49743835004467,-4.31395817823927));
#11840=CARTESIAN_POINT('',(1.871853,7.49743835004467,-4.31395817823927));
#11841=CARTESIAN_POINT('',(1.871853,7.5988579541285,-4.31395817823927));
#11842=CARTESIAN_POINT('',(3.275,7.5988579541285,-4.31395817823927));
#11843=CARTESIAN_POINT('',(-2.05,7.5988579541285,-16.0167731151221));
#11844=CARTESIAN_POINT('',(-2.05,7.49743835004467,-4.31395817823927));
#11845=CARTESIAN_POINT('',(-2.05,7.5988579541285,-4.31395817823927));
#11846=CARTESIAN_POINT('',(-2.05,8.51173645897003,-4.16015297626341));
#11847=CARTESIAN_POINT('',(-2.05,7.5988579541285,-4.16015297626341));
#11848=CARTESIAN_POINT('',(-2.05,7.5988579541285,-16.0167731151221));
#11849=CARTESIAN_POINT('',(-1.725,8.51173645897003,-4.16015297626341));
#11850=CARTESIAN_POINT('',(-2.95,8.51173645897003,-4.16015297626341));
#11851=CARTESIAN_POINT('',(-2.95,7.5988579541285,-4.16015297626341));
#11852=CARTESIAN_POINT('',(-1.725,7.5988579541285,-4.16015297626341));
#11853=CARTESIAN_POINT('',(-2.95,7.5988579541285,-16.0167731151221));
#11854=CARTESIAN_POINT('',(-2.95,7.49743835004467,-4.31395817823927));
#11855=CARTESIAN_POINT('',(-2.95,7.5988579541285,-4.31395817823927));
#11856=CARTESIAN_POINT('',(-2.95,7.5988579541285,-16.0167731151221));
#11857=CARTESIAN_POINT('',(-1.725,7.49743835004467,-4.31395817823927));
#11858=CARTESIAN_POINT('',(-1.725,7.5988579541285,-4.31395817823927));
#11859=CARTESIAN_POINT('',(-1.871853,7.5988579541285,-4.31395817823927));
#11860=CARTESIAN_POINT('',(-1.871853,7.49743835004467,-4.31395817823927));
#11861=CARTESIAN_POINT('',(-1.871853,7.49743835004467,-4.31395817823927));
#11862=CARTESIAN_POINT('',(-1.725,7.49743835004467,-4.31395817823927));
#11863=CARTESIAN_POINT('',(-3.128147,7.49743835004467,-4.31395817823927));
#11864=CARTESIAN_POINT('',(-3.128147,7.49743835004467,-4.31395817823927));
#11865=CARTESIAN_POINT('',(-3.128147,7.5988579541285,-4.31395817823927));
#11866=CARTESIAN_POINT('',(-1.725,7.5988579541285,-4.31395817823927));
#11867=CARTESIAN_POINT('',(-2.,0.,-5.3));
#11868=CARTESIAN_POINT('',(-2.,0.,-5.3));
#11869=CARTESIAN_POINT('',(-2.6,0.,-5.3));
#11870=CARTESIAN_POINT('',(2.5,0.,-5.3));
#11871=CARTESIAN_POINT('',(2.5,0.,-5.3));
#11872=CARTESIAN_POINT('',(2.,0.,-5.3));
#11873=CARTESIAN_POINT('',(0.628146999999998,-7.49743835004467,-4.16710517823927));
#11874=CARTESIAN_POINT('',(0.628146999999998,-7.40952446857594,-4.16710517823927));
#11875=CARTESIAN_POINT('',(0.775,-7.40952446857594,-4.16710517823927));
#11876=CARTESIAN_POINT('',(0.775,-7.49743835004467,-4.16710517823927));
#11877=CARTESIAN_POINT('',(0.775,-7.5988579541285,-4.16710517823927));
#11878=CARTESIAN_POINT('',(0.628146999999998,-7.5988579541285,-4.16710517823927));
#11879=CARTESIAN_POINT('',(0.775,-7.5988579541285,-16.0167731151221));
#11880=CARTESIAN_POINT('',(0.775,-7.5988579541285,-16.0167731151221));
#11881=CARTESIAN_POINT('',(0.775,-7.5988579541285,-4.16015297626341));
#11882=CARTESIAN_POINT('',(0.775,-7.5988579541285,-4.16015297626341));
#11883=CARTESIAN_POINT('',(0.775,-7.5988579541285,-4.16015297626341));
#11884=CARTESIAN_POINT('',(-0.775,-7.5988579541285,-4.16015297626341));
#11885=CARTESIAN_POINT('',(-0.775,-7.5988579541285,-4.16015297626341));
#11886=CARTESIAN_POINT('',(-0.775,-6.96323024524288,-3.09838850433318));
#11887=CARTESIAN_POINT('',(0.775,-7.5988579541285,-4.16015297626341));
#11888=CARTESIAN_POINT('',(0.775,-7.5988579541285,-4.16015297626341));
#11889=CARTESIAN_POINT('',(0.775,-6.96323024524288,-3.09838850433318));
#11890=CARTESIAN_POINT('',(0.775,-6.96323024524288,-3.09838850433318));
#11891=CARTESIAN_POINT('',(-0.775,-7.5988579541285,-16.0167731151221));
#11892=CARTESIAN_POINT('',(-0.775,-7.5988579541285,-16.0167731151221));
#11893=CARTESIAN_POINT('',(-0.775,-7.5988579541285,-4.16710517823927));
#11894=CARTESIAN_POINT('',(-0.628146999999999,-7.5988579541285,-4.16710517823927));
#11895=CARTESIAN_POINT('',(-0.628146999999998,-8.991855843894E-18,-4.16710517823927));
#11896=CARTESIAN_POINT('',(-0.628146999999999,-7.40952446857594,-4.16710517823927));
#11897=CARTESIAN_POINT('',(-0.775,-7.40952446857594,-4.16710517823927));
#11898=CARTESIAN_POINT('',(-0.775,0.,-4.16710517823927));
#11899=CARTESIAN_POINT('',(0.775,-6.86662242707644,-3.26023140394588));
#11900=CARTESIAN_POINT('',(-0.775,-6.86662242707644,-3.26023140394588));
#11901=CARTESIAN_POINT('',(-0.775,-6.86662242707644,-3.26023140394588));
#11902=CARTESIAN_POINT('',(0.775,-6.86662242707644,-3.26023140394588));
#11903=CARTESIAN_POINT('',(0.775,-6.86662242707644,-3.26023140394588));
#11904=CARTESIAN_POINT('',(0.775,-6.86662242707644,-3.26023140394588));
#11905=CARTESIAN_POINT('',(-1.871853,-7.49743835004467,-4.16710517823927));
#11906=CARTESIAN_POINT('',(-1.871853,-7.40952446857594,-4.16710517823927));
#11907=CARTESIAN_POINT('',(-1.725,-7.40952446857594,-4.16710517823927));
#11908=CARTESIAN_POINT('',(-1.725,-7.49743835004467,-4.16710517823927));
#11909=CARTESIAN_POINT('',(-1.725,-7.5988579541285,-4.16710517823927));
#11910=CARTESIAN_POINT('',(-1.871853,-7.5988579541285,-4.16710517823927));
#11911=CARTESIAN_POINT('',(-1.725,-7.5988579541285,-16.0167731151221));
#11912=CARTESIAN_POINT('',(-1.725,-7.5988579541285,-16.0167731151221));
#11913=CARTESIAN_POINT('',(-1.725,-7.5988579541285,-4.16015297626341));
#11914=CARTESIAN_POINT('',(-1.725,-7.5988579541285,-4.16015297626341));
#11915=CARTESIAN_POINT('',(-1.725,-7.5988579541285,-4.16015297626341));
#11916=CARTESIAN_POINT('',(-3.275,-7.5988579541285,-4.16015297626341));
#11917=CARTESIAN_POINT('',(-3.275,-7.5988579541285,-4.16015297626341));
#11918=CARTESIAN_POINT('',(-3.275,-6.96323024524288,-3.09838850433318));
#11919=CARTESIAN_POINT('',(-1.725,-7.5988579541285,-4.16015297626341));
#11920=CARTESIAN_POINT('',(-1.725,-7.5988579541285,-4.16015297626341));
#11921=CARTESIAN_POINT('',(-1.725,-6.96323024524288,-3.09838850433318));
#11922=CARTESIAN_POINT('',(-1.725,-6.96323024524288,-3.09838850433318));
#11923=CARTESIAN_POINT('',(-3.275,-7.5988579541285,-16.0167731151221));
#11924=CARTESIAN_POINT('',(-3.275,-7.5988579541285,-16.0167731151221));
#11925=CARTESIAN_POINT('',(-3.275,-7.5988579541285,-4.16710517823927));
#11926=CARTESIAN_POINT('',(-3.128147,-7.5988579541285,-4.16710517823927));
#11927=CARTESIAN_POINT('',(-3.128147,-8.991855843894E-18,-4.16710517823927));
#11928=CARTESIAN_POINT('',(-3.128147,-7.40952446857594,-4.16710517823927));
#11929=CARTESIAN_POINT('',(-3.275,-7.40952446857594,-4.16710517823927));
#11930=CARTESIAN_POINT('',(-3.275,0.,-4.16710517823927));
#11931=CARTESIAN_POINT('',(-1.725,-6.86662242707644,-3.26023140394588));
#11932=CARTESIAN_POINT('',(-3.275,-6.86662242707644,-3.26023140394588));
#11933=CARTESIAN_POINT('',(-3.275,-6.86662242707644,-3.26023140394588));
#11934=CARTESIAN_POINT('',(-1.725,-6.86662242707644,-3.26023140394588));
#11935=CARTESIAN_POINT('',(-1.725,-6.86662242707644,-3.26023140394588));
#11936=CARTESIAN_POINT('',(-1.725,-6.86662242707644,-3.26023140394588));
#11937=CARTESIAN_POINT('',(3.128147,-7.49743835004467,-4.16710517823927));
#11938=CARTESIAN_POINT('',(3.128147,-7.40952446857594,-4.16710517823927));
#11939=CARTESIAN_POINT('',(3.275,-7.40952446857594,-4.16710517823927));
#11940=CARTESIAN_POINT('',(3.275,-7.49743835004467,-4.16710517823927));
#11941=CARTESIAN_POINT('',(3.275,-7.5988579541285,-4.16710517823927));
#11942=CARTESIAN_POINT('',(3.128147,-7.5988579541285,-4.16710517823927));
#11943=CARTESIAN_POINT('',(3.275,-7.5988579541285,-16.0167731151221));
#11944=CARTESIAN_POINT('',(3.275,-7.5988579541285,-16.0167731151221));
#11945=CARTESIAN_POINT('',(3.275,-7.5988579541285,-4.16015297626341));
#11946=CARTESIAN_POINT('',(3.275,-7.5988579541285,-4.16015297626341));
#11947=CARTESIAN_POINT('',(3.275,-7.5988579541285,-4.16015297626341));
#11948=CARTESIAN_POINT('',(1.725,-7.5988579541285,-4.16015297626341));
#11949=CARTESIAN_POINT('',(1.725,-7.5988579541285,-4.16015297626341));
#11950=CARTESIAN_POINT('',(1.725,-6.96323024524288,-3.09838850433318));
#11951=CARTESIAN_POINT('',(3.275,-7.5988579541285,-4.16015297626341));
#11952=CARTESIAN_POINT('',(3.275,-7.5988579541285,-4.16015297626341));
#11953=CARTESIAN_POINT('',(3.275,-6.96323024524288,-3.09838850433318));
#11954=CARTESIAN_POINT('',(3.275,-6.96323024524288,-3.09838850433318));
#11955=CARTESIAN_POINT('',(1.725,-7.5988579541285,-16.0167731151221));
#11956=CARTESIAN_POINT('',(1.725,-7.5988579541285,-16.0167731151221));
#11957=CARTESIAN_POINT('',(1.725,-7.5988579541285,-4.16710517823927));
#11958=CARTESIAN_POINT('',(1.871853,-7.5988579541285,-4.16710517823927));
#11959=CARTESIAN_POINT('',(1.871853,-8.991855843894E-18,-4.16710517823927));
#11960=CARTESIAN_POINT('',(1.871853,-7.40952446857594,-4.16710517823927));
#11961=CARTESIAN_POINT('',(1.725,-7.40952446857594,-4.16710517823927));
#11962=CARTESIAN_POINT('',(1.725,0.,-4.16710517823927));
#11963=CARTESIAN_POINT('',(3.275,-6.86662242707644,-3.26023140394588));
#11964=CARTESIAN_POINT('',(1.725,-6.86662242707644,-3.26023140394588));
#11965=CARTESIAN_POINT('',(1.725,-6.86662242707644,-3.26023140394588));
#11966=CARTESIAN_POINT('',(3.275,-6.86662242707644,-3.26023140394588));
#11967=CARTESIAN_POINT('',(3.275,-6.86662242707644,-3.26023140394588));
#11968=CARTESIAN_POINT('',(3.275,-6.86662242707644,-3.26023140394588));
#11969=CARTESIAN_POINT('',(3.275,7.5988579541285,-16.0167731151221));
#11970=CARTESIAN_POINT('',(3.275,7.5988579541285,-16.0167731151221));
#11971=CARTESIAN_POINT('',(3.275,7.5988579541285,-4.16710517823927));
#11972=CARTESIAN_POINT('',(3.275,7.5988579541285,-4.16015297626341));
#11973=CARTESIAN_POINT('',(3.128147,7.5988579541285,-4.16710517823927));
#11974=CARTESIAN_POINT('',(3.275,7.5988579541285,-4.16015297626341));
#11975=CARTESIAN_POINT('',(3.128147,8.991855843894E-18,-4.16710517823927));
#11976=CARTESIAN_POINT('',(3.128147,7.40952446857594,-4.16710517823927));
#11977=CARTESIAN_POINT('',(3.275,7.40952446857594,-4.16710517823927));
#11978=CARTESIAN_POINT('',(3.275,7.5988579541285,-4.16710517823927));
#11979=CARTESIAN_POINT('',(3.275,7.5988579541285,-4.16015297626341));
#11980=CARTESIAN_POINT('',(1.725,7.5988579541285,-4.16015297626341));
#11981=CARTESIAN_POINT('',(1.725,7.5988579541285,-4.16015297626341));
#11982=CARTESIAN_POINT('',(1.725,6.96323024524288,-3.09838850433318));
#11983=CARTESIAN_POINT('',(3.275,6.96323024524288,-3.09838850433318));
#11984=CARTESIAN_POINT('',(3.275,6.96323024524288,-3.09838850433318));
#11985=CARTESIAN_POINT('',(3.275,7.5988579541285,-4.16015297626341));
#11986=CARTESIAN_POINT('',(3.275,7.5988579541285,-4.16015297626341));
#11987=CARTESIAN_POINT('',(3.275,6.86662242707644,-3.26023140394588));
#11988=CARTESIAN_POINT('',(3.275,6.86662242707644,-3.26023140394588));
#11989=CARTESIAN_POINT('',(3.275,6.86662242707644,-3.26023140394588));
#11990=CARTESIAN_POINT('',(3.275,6.86662242707644,-3.26023140394588));
#11991=CARTESIAN_POINT('',(1.725,6.86662242707644,-3.26023140394588));
#11992=CARTESIAN_POINT('',(1.725,6.86662242707644,-3.26023140394588));
#11993=CARTESIAN_POINT('',(1.725,7.40952446857594,-4.16710517823927));
#11994=CARTESIAN_POINT('',(1.871853,7.40952446857594,-4.16710517823927));
#11995=CARTESIAN_POINT('',(1.871853,7.49743835004467,-4.16710517823927));
#11996=CARTESIAN_POINT('',(1.725,0.,-4.16710517823927));
#11997=CARTESIAN_POINT('',(1.725,7.5988579541285,-4.16710517823927));
#11998=CARTESIAN_POINT('',(1.871853,7.5988579541285,-4.16710517823927));
#11999=CARTESIAN_POINT('',(1.725,7.5988579541285,-16.0167731151221));
#12000=CARTESIAN_POINT('',(1.725,7.5988579541285,-16.0167731151221));
#12001=CARTESIAN_POINT('',(-1.725,7.5988579541285,-16.0167731151221));
#12002=CARTESIAN_POINT('',(-1.725,7.5988579541285,-16.0167731151221));
#12003=CARTESIAN_POINT('',(-1.725,7.5988579541285,-4.16710517823927));
#12004=CARTESIAN_POINT('',(-1.725,7.5988579541285,-4.16015297626341));
#12005=CARTESIAN_POINT('',(-1.871853,7.5988579541285,-4.16710517823927));
#12006=CARTESIAN_POINT('',(-1.725,7.5988579541285,-4.16015297626341));
#12007=CARTESIAN_POINT('',(-1.871853,8.991855843894E-18,-4.16710517823927));
#12008=CARTESIAN_POINT('',(-1.871853,7.40952446857594,-4.16710517823927));
#12009=CARTESIAN_POINT('',(-1.725,7.40952446857594,-4.16710517823927));
#12010=CARTESIAN_POINT('',(-1.725,7.5988579541285,-4.16710517823927));
#12011=CARTESIAN_POINT('',(-1.725,7.5988579541285,-4.16015297626341));
#12012=CARTESIAN_POINT('',(-3.275,7.5988579541285,-4.16015297626341));
#12013=CARTESIAN_POINT('',(-3.275,7.5988579541285,-4.16015297626341));
#12014=CARTESIAN_POINT('',(-3.275,6.96323024524288,-3.09838850433318));
#12015=CARTESIAN_POINT('',(-1.725,6.96323024524288,-3.09838850433318));
#12016=CARTESIAN_POINT('',(-1.725,6.96323024524288,-3.09838850433318));
#12017=CARTESIAN_POINT('',(-1.725,7.5988579541285,-4.16015297626341));
#12018=CARTESIAN_POINT('',(-1.725,7.5988579541285,-4.16015297626341));
#12019=CARTESIAN_POINT('',(-1.725,6.86662242707644,-3.26023140394588));
#12020=CARTESIAN_POINT('',(-1.725,6.86662242707644,-3.26023140394588));
#12021=CARTESIAN_POINT('',(-1.725,6.86662242707644,-3.26023140394588));
#12022=CARTESIAN_POINT('',(-1.725,6.86662242707644,-3.26023140394588));
#12023=CARTESIAN_POINT('',(-3.275,6.86662242707644,-3.26023140394588));
#12024=CARTESIAN_POINT('',(-3.275,6.86662242707644,-3.26023140394588));
#12025=CARTESIAN_POINT('',(-3.275,7.40952446857594,-4.16710517823927));
#12026=CARTESIAN_POINT('',(-3.128147,7.40952446857594,-4.16710517823927));
#12027=CARTESIAN_POINT('',(-3.128147,7.49743835004467,-4.16710517823927));
#12028=CARTESIAN_POINT('',(-3.275,0.,-4.16710517823927));
#12029=CARTESIAN_POINT('',(-3.275,7.5988579541285,-4.16710517823927));
#12030=CARTESIAN_POINT('',(-3.128147,7.5988579541285,-4.16710517823927));
#12031=CARTESIAN_POINT('',(-3.275,7.5988579541285,-16.0167731151221));
#12032=CARTESIAN_POINT('',(-3.275,7.5988579541285,-16.0167731151221));
#12033=CARTESIAN_POINT('',(-2.97091848207573,2.68536487912478,-3.87487786437296));
#12034=CARTESIAN_POINT('',(-2.97091848207573,2.68536487912478,-4.5));
#12035=CARTESIAN_POINT('',(-5.18996724656072,2.68536487912478,-4.5));
#12036=CARTESIAN_POINT('',(-2.97091848207573,2.68536487912478,-4.5));
#12037=CARTESIAN_POINT('',(-5.18996724656072,2.68536487912478,-3.87487786437296));
#12038=CARTESIAN_POINT('',(-5.18996724656072,2.68536487912478,-3.87487786437296));
#12039=CARTESIAN_POINT('',(-2.97091848207573,2.68536487912478,-3.87487786437296));
#12040=CARTESIAN_POINT('',(-2.97091848207573,2.68536487912478,-3.87487786437296));
#12041=CARTESIAN_POINT('',(-2.97091848207573,2.68536487912478,-3.87487786437296));
#12042=CARTESIAN_POINT('',(-5.33682024656072,-2.68536487912478,-3.87487786437296));
#12043=CARTESIAN_POINT('',(-5.33682024656072,-2.68536487912478,-4.5));
#12044=CARTESIAN_POINT('',(-5.33682024656072,-2.53851187912478,-4.5));
#12045=CARTESIAN_POINT('',(-5.33682024656073,2.53851187912478,-4.5));
#12046=CARTESIAN_POINT('',(-5.33682024656072,-2.53851187912478,-3.87487786437296));
#12047=CARTESIAN_POINT('',(-5.33682024656072,-2.53851187912478,-3.87487786437296));
#12048=CARTESIAN_POINT('',(-5.33682024656072,-2.68536487912478,-3.87487786437296));
#12049=CARTESIAN_POINT('',(-5.33682024656073,2.53851187912478,-3.87487786437296));
#12050=CARTESIAN_POINT('',(-5.33682024656073,2.53851187912478,-3.87487786437296));
#12051=CARTESIAN_POINT('',(-2.97091848207573,-2.68536487912478,-3.87487786437296));
#12052=CARTESIAN_POINT('',(-2.97091848207573,-2.68536487912478,-3.87487786437296));
#12053=CARTESIAN_POINT('',(-2.97091848207573,-2.68536487912478,-3.87487786437296));
#12054=CARTESIAN_POINT('',(-5.18996724656072,-2.68536487912478,-3.87487786437296));
#12055=CARTESIAN_POINT('',(-5.18996724656072,-2.68536487912478,-3.87487786437296));
#12056=CARTESIAN_POINT('',(-5.18996724656072,-2.68536487912478,-4.5));
#12057=CARTESIAN_POINT('',(-2.97091848207573,-2.68536487912478,-4.5));
#12058=CARTESIAN_POINT('',(-2.97091848207573,-2.68536487912478,-4.5));
#12059=CARTESIAN_POINT('',(-2.97091848207573,-2.68536487912478,-3.87487786437296));
#12060=CARTESIAN_POINT('',(2.97091848207573,-2.68536487912478,-3.87487786437296));
#12061=CARTESIAN_POINT('',(2.97091848207573,-2.68536487912478,-4.5));
#12062=CARTESIAN_POINT('',(5.18996724656072,-2.68536487912478,-4.5));
#12063=CARTESIAN_POINT('',(2.97091848207573,-2.68536487912478,-4.5));
#12064=CARTESIAN_POINT('',(5.18996724656072,-2.68536487912478,-3.87487786437296));
#12065=CARTESIAN_POINT('',(5.18996724656072,-2.68536487912478,-3.87487786437296));
#12066=CARTESIAN_POINT('',(2.97091848207573,-2.68536487912478,-3.87487786437296));
#12067=CARTESIAN_POINT('',(2.97091848207573,-2.68536487912478,-3.87487786437296));
#12068=CARTESIAN_POINT('',(2.97091848207573,-2.68536487912478,-3.87487786437296));
#12069=CARTESIAN_POINT('',(5.33682024656072,-2.68536487912478,-3.87487786437296));
#12070=CARTESIAN_POINT('',(5.33682024656072,-2.68536487912478,-4.5));
#12071=CARTESIAN_POINT('',(5.33682024656073,2.53851187912478,-4.5));
#12072=CARTESIAN_POINT('',(5.33682024656072,-2.53851187912478,-4.5));
#12073=CARTESIAN_POINT('',(5.33682024656073,2.53851187912478,-3.87487786437296));
#12074=CARTESIAN_POINT('',(5.33682024656073,2.53851187912478,-3.87487786437296));
#12075=CARTESIAN_POINT('',(5.33682024656072,-2.68536487912478,-3.87487786437296));
#12076=CARTESIAN_POINT('',(5.33682024656072,-2.53851187912478,-3.87487786437296));
#12077=CARTESIAN_POINT('',(5.33682024656072,-2.53851187912478,-3.87487786437296));
#12078=CARTESIAN_POINT('',(2.97091848207573,2.68536487912478,-3.87487786437296));
#12079=CARTESIAN_POINT('',(2.97091848207573,2.68536487912478,-3.87487786437296));
#12080=CARTESIAN_POINT('',(2.97091848207573,2.68536487912478,-3.87487786437296));
#12081=CARTESIAN_POINT('',(5.18996724656072,2.68536487912478,-3.87487786437296));
#12082=CARTESIAN_POINT('',(5.18996724656072,2.68536487912478,-3.87487786437296));
#12083=CARTESIAN_POINT('',(5.18996724656072,2.68536487912478,-4.5));
#12084=CARTESIAN_POINT('',(2.97091848207573,2.68536487912478,-4.5));
#12085=CARTESIAN_POINT('',(2.97091848207573,2.68536487912478,-4.5));
#12086=CARTESIAN_POINT('',(2.97091848207573,2.68536487912478,-3.87487786437296));
#12087=CARTESIAN_POINT('',(-2.,0.,-5.3));
#12088=CARTESIAN_POINT('',(-2.,0.,-4.5));
#12089=CARTESIAN_POINT('',(-2.6,0.,-4.5));
#12090=CARTESIAN_POINT('',(2.5,0.,-5.3));
#12091=CARTESIAN_POINT('',(2.5,0.,-4.5));
#12092=CARTESIAN_POINT('',(2.,0.,-4.5));
#12093=CARTESIAN_POINT('',(0.775,-6.,-3.26023140394588));
#12094=CARTESIAN_POINT('',(5.31955182826128,-6.,-3.26023140394588));
#12095=CARTESIAN_POINT('',(0.775,-6.,-3.26023140394588));
#12096=CARTESIAN_POINT('',(-0.775,-6.,-3.26023140394588));
#12097=CARTESIAN_POINT('',(0.775,-6.,-3.26023140394588));
#12098=CARTESIAN_POINT('',(-0.775,-6.,-3.26023140394588));
#12099=CARTESIAN_POINT('',(0.775,0.,0.));
#12100=CARTESIAN_POINT('',(0.775,-6.,-4.44638870565768));
#12101=CARTESIAN_POINT('',(0.775,-6.,-3.09838850433318));
#12102=CARTESIAN_POINT('',(0.775,-6.96323024524288,-3.09838850433318));
#12103=CARTESIAN_POINT('',(0.775,-6.96323024524288,-3.09838850433318));
#12104=CARTESIAN_POINT('',(5.31955182826128,-6.,-3.09838850433318));
#12105=CARTESIAN_POINT('',(-0.775,-6.,-3.09838850433318));
#12106=CARTESIAN_POINT('',(-0.775,-6.96323024524288,-3.09838850433318));
#12107=CARTESIAN_POINT('',(-0.775,0.,0.));
#12108=CARTESIAN_POINT('',(-0.775,-6.,-4.44638870565768));
#12109=CARTESIAN_POINT('',(-1.725,0.,0.));
#12110=CARTESIAN_POINT('',(-1.725,-6.,-3.26023140394588));
#12111=CARTESIAN_POINT('',(-1.725,-6.,-3.26023140394588));
#12112=CARTESIAN_POINT('',(-1.725,-6.,-4.44638870565768));
#12113=CARTESIAN_POINT('',(-1.725,-6.,-3.09838850433318));
#12114=CARTESIAN_POINT('',(-1.725,-6.96323024524288,-3.09838850433318));
#12115=CARTESIAN_POINT('',(-1.725,-6.96323024524288,-3.09838850433318));
#12116=CARTESIAN_POINT('',(5.31955182826128,-6.,-3.09838850433318));
#12117=CARTESIAN_POINT('',(-3.275,-6.,-3.09838850433318));
#12118=CARTESIAN_POINT('',(-3.275,-6.96323024524288,-3.09838850433318));
#12119=CARTESIAN_POINT('',(-3.275,0.,0.));
#12120=CARTESIAN_POINT('',(-3.275,-6.,-4.44638870565768));
#12121=CARTESIAN_POINT('',(-3.275,-6.,-3.26023140394588));
#12122=CARTESIAN_POINT('',(-3.275,-6.,-3.26023140394588));
#12123=CARTESIAN_POINT('',(-1.725,-6.,-3.26023140394588));
#12124=CARTESIAN_POINT('',(5.31955182826128,-6.,-3.26023140394588));
#12125=CARTESIAN_POINT('',(3.275,0.,0.));
#12126=CARTESIAN_POINT('',(3.275,-6.,-3.26023140394588));
#12127=CARTESIAN_POINT('',(3.275,-6.,-3.26023140394588));
#12128=CARTESIAN_POINT('',(3.275,-6.,-4.44638870565768));
#12129=CARTESIAN_POINT('',(3.275,-6.,-3.09838850433318));
#12130=CARTESIAN_POINT('',(3.275,-6.96323024524288,-3.09838850433318));
#12131=CARTESIAN_POINT('',(3.275,-6.96323024524288,-3.09838850433318));
#12132=CARTESIAN_POINT('',(5.31955182826128,-6.,-3.09838850433318));
#12133=CARTESIAN_POINT('',(1.725,-6.,-3.09838850433318));
#12134=CARTESIAN_POINT('',(1.725,-6.96323024524288,-3.09838850433318));
#12135=CARTESIAN_POINT('',(1.725,0.,0.));
#12136=CARTESIAN_POINT('',(1.725,-6.,-4.44638870565768));
#12137=CARTESIAN_POINT('',(1.725,-6.,-3.26023140394588));
#12138=CARTESIAN_POINT('',(1.725,-6.,-3.26023140394588));
#12139=CARTESIAN_POINT('',(3.275,-6.,-3.26023140394588));
#12140=CARTESIAN_POINT('',(5.31955182826128,-6.,-3.26023140394588));
#12141=CARTESIAN_POINT('',(-2.97091848207573,-4.64471374020375,-3.87487786437296));
#12142=CARTESIAN_POINT('',(-2.97091848207573,-4.64471374020375,-4.5));
#12143=CARTESIAN_POINT('',(-2.97091848207573,-4.64471374020375,-4.5));
#12144=CARTESIAN_POINT('',(-2.97091848207573,-4.64471374020375,-3.87487786437296));
#12145=CARTESIAN_POINT('',(-2.97091848207573,-4.64471374020375,-3.87487786437296));
#12146=CARTESIAN_POINT('',(-2.97091848207573,-4.64471374020375,-3.87487786437296));
#12147=CARTESIAN_POINT('',(0.,0.,-3.87487786437296));
#12148=CARTESIAN_POINT('',(-5.43500000000001,-4.64471374020375,-3.87487786437296));
#12149=CARTESIAN_POINT('',(-5.43500000000001,-4.64471374020375,-3.87487786437296));
#12150=CARTESIAN_POINT('',(-5.43500000000001,-4.64471374020375,-3.87487786437296));
#12151=CARTESIAN_POINT('',(-5.43500000000001,4.64471374020375,-3.87487786437296));
#12152=CARTESIAN_POINT('',(-5.43500000000001,4.64471374020375,-3.87487786437296));
#12153=CARTESIAN_POINT('',(-2.97091848207573,4.64471374020375,-3.87487786437296));
#12154=CARTESIAN_POINT('',(-2.97091848207573,4.64471374020375,-3.87487786437296));
#12155=CARTESIAN_POINT('',(-5.18996724656072,2.53851187912478,-3.87487786437296));
#12156=CARTESIAN_POINT('',(-5.18996724656072,-2.53851187912478,-3.87487786437296));
#12157=CARTESIAN_POINT('',(-2.97091848207573,4.64471374020375,-3.87487786437296));
#12158=CARTESIAN_POINT('',(-2.97091848207573,4.64471374020375,-4.5));
#12159=CARTESIAN_POINT('',(-2.97091848207573,4.64471374020375,-4.5));
#12160=CARTESIAN_POINT('',(-2.97091848207573,4.64471374020375,-3.87487786437296));
#12161=CARTESIAN_POINT('',(3.275,6.96323024524288,-3.09838850433318));
#12162=CARTESIAN_POINT('',(1.725,6.96323024524288,-3.09838850433318));
#12163=CARTESIAN_POINT('',(1.725,6.,-3.09838850433318));
#12164=CARTESIAN_POINT('',(-5.31955182826128,6.,-3.09838850433318));
#12165=CARTESIAN_POINT('',(3.275,6.,-3.09838850433318));
#12166=CARTESIAN_POINT('',(3.275,6.96323024524288,-3.09838850433318));
#12167=CARTESIAN_POINT('',(3.275,0.,0.));
#12168=CARTESIAN_POINT('',(3.275,6.,-4.44638870565768));
#12169=CARTESIAN_POINT('',(3.275,6.,-3.26023140394588));
#12170=CARTESIAN_POINT('',(3.275,5.72794080501096,-3.26023140394588));
#12171=CARTESIAN_POINT('',(3.275,6.,-3.26023140394588));
#12172=CARTESIAN_POINT('',(-5.31955182826128,6.,-3.26023140394588));
#12173=CARTESIAN_POINT('',(1.725,6.,-3.26023140394588));
#12174=CARTESIAN_POINT('',(1.725,6.,-3.26023140394588));
#12175=CARTESIAN_POINT('',(1.725,0.,0.));
#12176=CARTESIAN_POINT('',(1.725,6.,-4.44638870565768));
#12177=CARTESIAN_POINT('',(-1.725,6.96323024524288,-3.09838850433318));
#12178=CARTESIAN_POINT('',(-3.275,6.96323024524288,-3.09838850433318));
#12179=CARTESIAN_POINT('',(-3.275,6.,-3.09838850433318));
#12180=CARTESIAN_POINT('',(-5.31955182826128,6.,-3.09838850433318));
#12181=CARTESIAN_POINT('',(-1.725,6.,-3.09838850433318));
#12182=CARTESIAN_POINT('',(-1.725,6.96323024524288,-3.09838850433318));
#12183=CARTESIAN_POINT('',(-1.725,0.,0.));
#12184=CARTESIAN_POINT('',(-1.725,6.,-4.44638870565768));
#12185=CARTESIAN_POINT('',(-1.725,6.,-3.26023140394588));
#12186=CARTESIAN_POINT('',(-1.725,5.72794080501096,-3.26023140394588));
#12187=CARTESIAN_POINT('',(-1.725,6.,-3.26023140394588));
#12188=CARTESIAN_POINT('',(-5.31955182826128,6.,-3.26023140394588));
#12189=CARTESIAN_POINT('',(-3.275,6.,-3.26023140394588));
#12190=CARTESIAN_POINT('',(-3.275,6.,-3.26023140394588));
#12191=CARTESIAN_POINT('',(-3.275,0.,0.));
#12192=CARTESIAN_POINT('',(-3.275,6.,-4.44638870565768));
#12193=CARTESIAN_POINT('',(2.97091848207573,4.64471374020375,-3.87487786437296));
#12194=CARTESIAN_POINT('',(2.97091848207573,4.64471374020375,-4.5));
#12195=CARTESIAN_POINT('',(2.97091848207573,4.64471374020375,-4.5));
#12196=CARTESIAN_POINT('',(2.97091848207573,4.64471374020375,-3.87487786437296));
#12197=CARTESIAN_POINT('',(2.97091848207573,4.64471374020375,-3.87487786437296));
#12198=CARTESIAN_POINT('',(2.97091848207573,4.64471374020375,-3.87487786437296));
#12199=CARTESIAN_POINT('',(0.,0.,-3.87487786437296));
#12200=CARTESIAN_POINT('',(5.43500000000001,4.64471374020375,-3.87487786437296));
#12201=CARTESIAN_POINT('',(5.43500000000001,4.64471374020375,-3.87487786437296));
#12202=CARTESIAN_POINT('',(5.43500000000001,-2.68536487912478,-3.87487786437296));
#12203=CARTESIAN_POINT('',(5.43500000000001,-4.64471374020375,-3.87487786437296));
#12204=CARTESIAN_POINT('',(5.43500000000001,-4.64471374020375,-3.87487786437296));
#12205=CARTESIAN_POINT('',(2.97091848207573,-4.64471374020375,-3.87487786437296));
#12206=CARTESIAN_POINT('',(2.97091848207573,-4.64471374020375,-3.87487786437296));
#12207=CARTESIAN_POINT('',(5.18996724656072,-2.53851187912478,-3.87487786437296));
#12208=CARTESIAN_POINT('',(5.18996724656072,2.53851187912478,-3.87487786437296));
#12209=CARTESIAN_POINT('',(2.97091848207573,-4.64471374020375,-3.87487786437296));
#12210=CARTESIAN_POINT('',(2.97091848207573,-4.64471374020375,-4.5));
#12211=CARTESIAN_POINT('',(2.97091848207573,-4.64471374020375,-4.5));
#12212=CARTESIAN_POINT('',(2.97091848207573,-4.64471374020375,-3.87487786437296));
#12213=CARTESIAN_POINT('',(5.31955182826128,-5.46955182826127,-4.5));
#12214=CARTESIAN_POINT('',(-5.18996724656072,-2.53851187912478,-4.5));
#12215=CARTESIAN_POINT('',(-5.18996724656072,2.53851187912478,-4.5));
#12216=CARTESIAN_POINT('',(-5.43500000000001,4.64471374020375,-4.5));
#12217=CARTESIAN_POINT('',(-5.85,4.64471374020375,-4.5));
#12218=CARTESIAN_POINT('',(-5.85,5.46955182826127,-4.5));
#12219=CARTESIAN_POINT('',(-5.31955182826128,5.46955182826127,-4.5));
#12220=CARTESIAN_POINT('',(-5.31955182826128,6.,-4.5));
#12221=CARTESIAN_POINT('',(-5.31955182826128,6.,-4.5));
#12222=CARTESIAN_POINT('',(5.31955182826128,6.,-4.5));
#12223=CARTESIAN_POINT('',(5.31955182826128,5.46955182826127,-4.5));
#12224=CARTESIAN_POINT('',(5.85,5.46955182826127,-4.5));
#12225=CARTESIAN_POINT('',(5.85,4.64471374020375,-4.5));
#12226=CARTESIAN_POINT('',(5.43500000000001,4.64471374020375,-4.5));
#12227=CARTESIAN_POINT('',(5.18996724656072,2.53851187912478,-4.5));
#12228=CARTESIAN_POINT('',(5.18996724656072,-2.53851187912478,-4.5));
#12229=CARTESIAN_POINT('',(5.43500000000001,-4.64471374020375,-4.5));
#12230=CARTESIAN_POINT('',(5.85,-4.64471374020375,-4.5));
#12231=CARTESIAN_POINT('',(5.85,-5.46955182826127,-4.5));
#12232=CARTESIAN_POINT('',(5.31955182826128,-5.46955182826127,-4.5));
#12233=CARTESIAN_POINT('',(5.31955182826128,-6.,-4.5));
#12234=CARTESIAN_POINT('',(5.31955182826128,-6.,-4.5));
#12235=CARTESIAN_POINT('',(-5.31955182826128,-6.,-4.5));
#12236=CARTESIAN_POINT('',(-5.31955182826128,-5.46955182826127,-4.5));
#12237=CARTESIAN_POINT('',(-5.85,-5.46955182826127,-4.5));
#12238=CARTESIAN_POINT('',(-5.85,-4.64471374020375,-4.5));
#12239=CARTESIAN_POINT('',(-5.43500000000001,-4.64471374020375,-4.5));
#12240=CARTESIAN_POINT('',(5.85,-4.64471374020375,-4.44638870565768));
#12241=CARTESIAN_POINT('',(5.85,-5.46955182826127,-4.44638870565768));
#12242=CARTESIAN_POINT('',(5.31955182826128,-5.46955182826127,-4.44638870565768));
#12243=CARTESIAN_POINT('',(5.31955182826128,-6.,-4.44638870565768));
#12244=CARTESIAN_POINT('',(5.31955182826128,-6.,-4.44638870565768));
#12245=CARTESIAN_POINT('',(-5.31955182826128,-6.,-4.44638870565768));
#12246=CARTESIAN_POINT('',(-5.31955182826128,-5.46955182826127,-4.44638870565768));
#12247=CARTESIAN_POINT('',(-5.85,-5.46955182826127,-4.44638870565768));
#12248=CARTESIAN_POINT('',(-5.85,-4.64471374020375,-4.44638870565768));
#12249=CARTESIAN_POINT('',(-5.43500000000001,-4.64471374020375,-4.44638870565768));
#12250=CARTESIAN_POINT('',(-5.43500000000001,-4.64471374020375,-4.44638870565768));
#12251=CARTESIAN_POINT('',(-5.43500000000001,-4.64471374020375,-4.44638870565768));
#12252=CARTESIAN_POINT('',(-5.43500000000001,4.64471374020375,-4.44638870565768));
#12253=CARTESIAN_POINT('',(-5.43500000000001,4.64471374020375,-4.44638870565768));
#12254=CARTESIAN_POINT('',(-5.85,4.64471374020375,-4.44638870565768));
#12255=CARTESIAN_POINT('',(-5.85,5.46955182826127,-4.44638870565768));
#12256=CARTESIAN_POINT('',(-5.31955182826128,5.46955182826127,-4.44638870565768));
#12257=CARTESIAN_POINT('',(-5.31955182826128,6.,-4.44638870565768));
#12258=CARTESIAN_POINT('',(-5.31955182826128,6.,-4.44638870565768));
#12259=CARTESIAN_POINT('',(5.31955182826128,6.,-4.44638870565768));
#12260=CARTESIAN_POINT('',(5.31955182826128,5.46955182826127,-4.44638870565768));
#12261=CARTESIAN_POINT('',(5.85,5.46955182826127,-4.44638870565768));
#12262=CARTESIAN_POINT('',(5.85,4.64471374020375,-4.44638870565768));
#12263=CARTESIAN_POINT('',(5.43500000000001,4.64471374020375,-4.44638870565768));
#12264=CARTESIAN_POINT('',(5.43500000000001,4.64471374020375,-4.44638870565768));
#12265=CARTESIAN_POINT('',(5.43500000000001,4.64471374020375,-4.44638870565768));
#12266=CARTESIAN_POINT('',(5.43500000000001,-4.64471374020375,-4.44638870565768));
#12267=CARTESIAN_POINT('',(5.43500000000001,-4.64471374020375,-4.44638870565768));
#12268=CARTESIAN_POINT('',(5.31955182826128,-5.46955182826127,-0.425277662964117));
#12269=CARTESIAN_POINT('',(-5.703147,4.79156674020375,-0.425277662964117));
#12270=CARTESIAN_POINT('',(-5.703147,-4.79156674020375,-0.425277662964117));
#12271=CARTESIAN_POINT('',(5.703147,-4.79156674020375,-0.425277662964117));
#12272=CARTESIAN_POINT('',(5.703147,4.79156674020375,-0.425277662964117));
#12273=CARTESIAN_POINT('',(0.0359045177887739,-3.04768333857307,4.83152428460364));
#12274=CARTESIAN_POINT('',(0.435360799998427,-2.49843095053479,4.83152428460364));
#12275=CARTESIAN_POINT('',(0.435360799998427,-2.49843095053479,4.83152428460364));
#12276=CARTESIAN_POINT('',(9.83670059871231,-0.500000000000002,12.1544280634573));
#12277=CARTESIAN_POINT('',(9.83670059871231,-0.500000000000003,5.));
#12278=CARTESIAN_POINT('',(9.83670059871231,0.500000000000002,5.));
#12279=CARTESIAN_POINT('',(9.83670059871231,0.500000000000002,5.));
#12280=CARTESIAN_POINT('',(9.83670059871231,-0.500000000000003,5.));
#12281=CARTESIAN_POINT('',(-5.703147,-4.79156674020375,-4.44638870565768));
#12282=CARTESIAN_POINT('',(5.703147,-4.79156674020375,-4.44638870565768));
#12283=CARTESIAN_POINT('',(5.18996724656072,-2.53851187912478,-3.87487786437296));
#12284=CARTESIAN_POINT('',(5.18996724656072,2.53851187912478,-3.87487786437296));
#12285=CARTESIAN_POINT('',(5.703147,4.79156674020375,-4.44638870565768));
#12286=CARTESIAN_POINT('',(-5.703147,4.79156674020375,-4.44638870565768));
#12287=CARTESIAN_POINT('',(-5.18996724656072,2.53851187912478,-3.87487786437296));
#12288=CARTESIAN_POINT('',(-5.18996724656072,-2.53851187912478,-3.87487786437296));
#12289=CARTESIAN_POINT('',(5.83399999999999,-1.80434388197207,-1.85137538242662));
#12290=CARTESIAN_POINT('',(5.83399999999999,1.80434388197207,-1.85137538242662));
#12291=CARTESIAN_POINT('',(6.05,1.80434388197207,-1.85137538242662));
#12292=CARTESIAN_POINT('',(5.9967067779967,1.80434388197207,-1.7093102410515));
#12293=CARTESIAN_POINT('',(5.9967067779967,-1.80434388197207,-1.7093102410515));
#12294=CARTESIAN_POINT('',(5.9967067779967,-1.80434388197207,-1.7093102410515));
#12295=CARTESIAN_POINT('',(5.83399999999999,-1.80434388197207,-1.85137538242662));
#12296=CARTESIAN_POINT('',(6.05,-1.80434388197207,-1.85137538242662));
#12297=CARTESIAN_POINT('',(6.05,1.80434388197207,-1.85137538242662));
#12298=CARTESIAN_POINT('',(-5.83399999999999,-1.80434388197207,-1.85137538242662));
#12299=CARTESIAN_POINT('',(-5.83399999999999,-1.80434388197207,-1.85137538242662));
#12300=CARTESIAN_POINT('',(-6.05,-1.80434388197207,-1.85137538242662));
#12301=CARTESIAN_POINT('',(-5.9967067779967,-1.80434388197207,-1.7093102410515));
#12302=CARTESIAN_POINT('',(-5.9967067779967,-1.80434388197207,-1.7093102410515));
#12303=CARTESIAN_POINT('',(-5.9967067779967,1.80434388197207,-1.7093102410515));
#12304=CARTESIAN_POINT('',(-5.83399999999999,1.80434388197207,-1.85137538242662));
#12305=CARTESIAN_POINT('',(-6.05,1.80434388197207,-1.85137538242662));
#12306=CARTESIAN_POINT('',(-6.05,1.80434388197207,-1.85137538242662));
#12307=CARTESIAN_POINT('',(13.4488919638241,4.43072645573674,-5.62468758726713));
#12308=CARTESIAN_POINT('',(-5.445,4.43072645573674,-6.31465948878551));
#12309=CARTESIAN_POINT('',(-5.445,4.43072645573674,-1.7093102410515));
#12310=CARTESIAN_POINT('',(-5.445,4.43072645573674,-0.41086108075936));
#12311=CARTESIAN_POINT('',(13.4488919638241,4.43072645573674,-1.7093102410515));
#12312=CARTESIAN_POINT('',(-5.85,4.43072645573674,-1.7093102410515));
#12313=CARTESIAN_POINT('',(-5.85,4.43072645573674,-5.62468758726713));
#12314=CARTESIAN_POINT('',(-5.85,4.43072645573674,-0.41086108075936));
#12315=CARTESIAN_POINT('',(13.4488919638241,4.43072645573674,-0.41086108075936));
#12316=CARTESIAN_POINT('',(13.4488919638241,4.43072645573674,-5.62468758726713));
#12317=CARTESIAN_POINT('',(5.85,4.43072645573673,-4.5));
#12318=CARTESIAN_POINT('',(5.85,4.43072645573674,-0.41086108075936));
#12319=CARTESIAN_POINT('',(5.85,4.43072645573673,-1.7093102410515));
#12320=CARTESIAN_POINT('',(13.4488919638241,4.43072645573674,-1.7093102410515));
#12321=CARTESIAN_POINT('',(5.445,4.43072645573674,-1.7093102410515));
#12322=CARTESIAN_POINT('',(5.445,4.43072645573674,-0.405));
#12323=CARTESIAN_POINT('',(5.445,4.43072645573674,-0.41086108075936));
#12324=CARTESIAN_POINT('',(13.4488919638241,4.43072645573674,-0.41086108075936));
#12325=CARTESIAN_POINT('',(13.4488919638241,-4.43072645573674,-5.62468758726713));
#12326=CARTESIAN_POINT('',(-5.445,-4.43072645573674,-6.31465948878551));
#12327=CARTESIAN_POINT('',(-5.44500000000001,-4.43072645573674,-3.59177924662384));
#12328=CARTESIAN_POINT('',(-5.445,-4.43072645573674,-1.7093102410515));
#12329=CARTESIAN_POINT('',(13.4488919638241,-4.43072645573674,-1.7093102410515));
#12330=CARTESIAN_POINT('',(-5.85,-4.43072645573674,-1.7093102410515));
#12331=CARTESIAN_POINT('',(-5.85,-4.43072645573674,-5.62468758726713));
#12332=CARTESIAN_POINT('',(-5.85,-4.43072645573674,-3.59177924662384));
#12333=CARTESIAN_POINT('',(-24.5001088948177,-4.43072645573674,-3.59177924662384));
#12334=CARTESIAN_POINT('',(13.4488919638241,-4.43072645573674,-5.62468758726713));
#12335=CARTESIAN_POINT('',(5.85,-4.43072645573674,-4.5));
#12336=CARTESIAN_POINT('',(5.85,-4.43072645573674,-1.7093102410515));
#12337=CARTESIAN_POINT('',(5.85,-4.43072645573674,-3.59177924662384));
#12338=CARTESIAN_POINT('',(13.4488919638241,-4.43072645573674,-1.7093102410515));
#12339=CARTESIAN_POINT('',(5.445,-4.43072645573674,-1.7093102410515));
#12340=CARTESIAN_POINT('',(5.445,-4.43072645573674,-0.405));
#12341=CARTESIAN_POINT('',(5.44500000000001,-4.43072645573674,-3.59177924662384));
#12342=CARTESIAN_POINT('',(-24.5001088948177,-4.43072645573674,-3.59177924662384));
#12343=CARTESIAN_POINT('',(5.445,-34.5560489359238,-0.405));
#12344=CARTESIAN_POINT('',(5.445,-34.5560489359238,-1.7093102410515));
#12345=CARTESIAN_POINT('',(5.445,-4.43072645573674,-0.405));
#12346=CARTESIAN_POINT('',(5.445,-4.43072645573674,-0.41086108075936));
#12347=CARTESIAN_POINT('',(5.445,-34.5560489359238,-0.41086108075936));
#12348=CARTESIAN_POINT('',(5.445,-1.49379461170408,-0.41086108075936));
#12349=CARTESIAN_POINT('',(5.445,-1.49379461170408,-0.405));
#12350=CARTESIAN_POINT('',(5.445,-1.49379461170408,-0.418414812262117));
#12351=CARTESIAN_POINT('',(5.445,-34.5560489359238,-0.418414812262117));
#12352=CARTESIAN_POINT('',(5.445,1.49379461170408,-0.418414812262117));
#12353=CARTESIAN_POINT('',(5.445,1.49379461170408,-0.405));
#12354=CARTESIAN_POINT('',(5.445,1.49379461170408,-0.41086108075936));
#12355=CARTESIAN_POINT('',(5.445,-34.5560489359238,-0.41086108075936));
#12356=CARTESIAN_POINT('',(-5.445,-34.5560489359238,-6.31465948878551));
#12357=CARTESIAN_POINT('',(-5.445,-4.43072645573674,-6.31465948878551));
#12358=CARTESIAN_POINT('',(-5.445,-4.43072645573674,-0.410861080759359));
#12359=CARTESIAN_POINT('',(-5.445,-34.5560489359238,-1.7093102410515));
#12360=CARTESIAN_POINT('',(-5.445,-34.5560489359238,-0.41086108075936));
#12361=CARTESIAN_POINT('',(-5.445,1.49379461170408,-0.41086108075936));
#12362=CARTESIAN_POINT('',(-5.445,1.49379461170408,-6.31465948878551));
#12363=CARTESIAN_POINT('',(-5.445,1.49379461170408,-0.418414812262117));
#12364=CARTESIAN_POINT('',(-5.445,-34.5560489359238,-0.418414812262118));
#12365=CARTESIAN_POINT('',(-5.445,-1.49379461170408,-0.418414812262117));
#12366=CARTESIAN_POINT('',(-5.445,-1.49379461170408,-6.31465948878551));
#12367=CARTESIAN_POINT('',(-5.445,-1.49379461170408,-0.41086108075936));
#12368=CARTESIAN_POINT('',(-5.445,-34.5560489359238,-0.41086108075936));
#12369=CARTESIAN_POINT('',(-5.83399999999999,1.80434388197207,-2.38537538242662));
#12370=CARTESIAN_POINT('',(-5.99670677800522,1.80434388197323,-1.7093102410515));
#12371=CARTESIAN_POINT('',(-5.99670677800513,1.86781134650761,-1.7093102410515));
#12372=CARTESIAN_POINT('',(-5.98590274265834,1.99007637915546,-1.7093102410515));
#12373=CARTESIAN_POINT('',(-5.91346863914704,2.11675331177445,-1.7093102410515));
#12374=CARTESIAN_POINT('',(-5.85000000002467,2.1276798763005,-1.7093102410515));
#12375=CARTESIAN_POINT('',(-5.85,2.12767987622299,-1.7093102410515));
#12376=CARTESIAN_POINT('',(-5.85,1.80434388197207,-2.38537538242662));
#12377=CARTESIAN_POINT('',(-5.85,2.55375047425745,-2.38537538242662));
#12378=CARTESIAN_POINT('',(-5.83399999999999,2.33834388197207,-2.38537538242662));
#12379=CARTESIAN_POINT('',(-6.05,2.33834388197207,-2.38537538242662));
#12380=CARTESIAN_POINT('',(-6.05,1.80434388197207,-2.38537538242662));
#12381=CARTESIAN_POINT('',(-5.83399999999999,-1.80434388197207,-2.38537538242662));
#12382=CARTESIAN_POINT('',(-5.85,-1.80434388197207,-2.38537538242662));
#12383=CARTESIAN_POINT('',(-5.85,-2.12767987622299,-1.7093102410515));
#12384=CARTESIAN_POINT('',(-5.85,-2.55375047425745,-2.38537538242662));
#12385=CARTESIAN_POINT('',(-5.84999999999994,-2.127679876223,-1.7093102410515));
#12386=CARTESIAN_POINT('',(-5.91352553895307,-2.11674351601122,-1.7093102410515));
#12387=CARTESIAN_POINT('',(-5.9856659188077,-1.99071639091154,-1.7093102410515));
#12388=CARTESIAN_POINT('',(-5.99670677799708,-1.86781494129872,-1.7093102410515));
#12389=CARTESIAN_POINT('',(-5.99670677799708,-1.80434388197209,-1.7093102410515));
#12390=CARTESIAN_POINT('',(-6.05,-1.80434388197207,-2.38537538242662));
#12391=CARTESIAN_POINT('',(-6.05,-2.33834388197207,-2.38537538242662));
#12392=CARTESIAN_POINT('',(-5.83399999999999,-2.33834388197207,-2.38537538242662));
#12393=CARTESIAN_POINT('',(-5.85,6.,-4.5));
#12394=CARTESIAN_POINT('',(-5.85,6.,-1.7093102410515));
#12395=CARTESIAN_POINT('',(-5.85,-2.55375047425745,-2.38537538242662));
#12396=CARTESIAN_POINT('',(-5.85,-2.55375047425745,-2.42927006423484));
#12397=CARTESIAN_POINT('',(-5.85,-1.8150041232554,-2.42927006423484));
#12398=CARTESIAN_POINT('',(-5.85,-1.8150041232554,-3.16801641523689));
#12399=CARTESIAN_POINT('',(-5.85,-1.8150041232554,-3.16801641523689));
#12400=CARTESIAN_POINT('',(-5.85,1.80434388197207,-3.16801641523689));
#12401=CARTESIAN_POINT('',(-5.85,1.80434388197207,-2.41860982295151));
#12402=CARTESIAN_POINT('',(-5.85,2.55375047425745,-2.41860982295151));
#12403=CARTESIAN_POINT('',(-5.85,2.55375047425745,-2.41860982295151));
#12404=CARTESIAN_POINT('',(-5.85,6.,-1.7093102410515));
#12405=CARTESIAN_POINT('',(-5.85,4.43072645573674,-5.62468758726713));
#12406=CARTESIAN_POINT('',(-5.85,4.43072645573674,-3.59177924662384));
#12407=CARTESIAN_POINT('',(-5.85,4.71278980101762,-3.89381002257104));
#12408=CARTESIAN_POINT('',(-5.85,4.35892834890151,-4.10726819898174));
#12409=CARTESIAN_POINT('',(-5.85,6.,-4.10726819898174));
#12410=CARTESIAN_POINT('',(-5.85,3.12513391679835,-4.10726819898174));
#12411=CARTESIAN_POINT('',(-5.85,2.77127246468224,-3.89381002257104));
#12412=CARTESIAN_POINT('',(-5.85,3.05333580996312,-3.59177924662384));
#12413=CARTESIAN_POINT('',(-5.85,3.05333580996312,-4.5));
#12414=CARTESIAN_POINT('',(-5.85,3.05333580996312,-3.49866763069579));
#12415=CARTESIAN_POINT('',(-5.85,6.,-3.49866763069579));
#12416=CARTESIAN_POINT('',(-5.85,1.,-3.49866763069579));
#12417=CARTESIAN_POINT('',(-5.85,1.,-4.5));
#12418=CARTESIAN_POINT('',(-5.85,1.,-3.992));
#12419=CARTESIAN_POINT('',(-5.85,6.,-3.992));
#12420=CARTESIAN_POINT('',(-5.85,-0.999999999999985,-3.992));
#12421=CARTESIAN_POINT('',(-5.85,-0.999999999999985,-4.5));
#12422=CARTESIAN_POINT('',(-5.85,-0.999999999999985,-3.49866763069579));
#12423=CARTESIAN_POINT('',(-5.85,6.,-3.49866763069579));
#12424=CARTESIAN_POINT('',(-5.85,-3.05333580996312,-3.49866763069579));
#12425=CARTESIAN_POINT('',(-5.85,-3.05333580996312,-4.5));
#12426=CARTESIAN_POINT('',(-5.85,-3.05333580996312,-3.59177924662384));
#12427=CARTESIAN_POINT('',(-5.85,-2.77127246468224,-3.89381002257104));
#12428=CARTESIAN_POINT('',(-5.85,-3.12513391679835,-4.10726819898174));
#12429=CARTESIAN_POINT('',(-5.85,-4.43072645573674,-4.10726819898174));
#12430=CARTESIAN_POINT('',(-5.85,-4.35892834890151,-4.10726819898174));
#12431=CARTESIAN_POINT('',(-5.85,-4.71278980101762,-3.89381002257104));
#12432=CARTESIAN_POINT('',(5.83399999999999,-1.80434388197207,-2.38537538242662));
#12433=CARTESIAN_POINT('',(5.99670677800522,-1.80434388197323,-1.7093102410515));
#12434=CARTESIAN_POINT('',(5.99670677800513,-1.86781134650761,-1.7093102410515));
#12435=CARTESIAN_POINT('',(5.98590274265834,-1.99007637915546,-1.7093102410515));
#12436=CARTESIAN_POINT('',(5.91346863914705,-2.11675331177445,-1.7093102410515));
#12437=CARTESIAN_POINT('',(5.85000000002468,-2.1276798763005,-1.7093102410515));
#12438=CARTESIAN_POINT('',(5.85,-2.12767987622299,-1.7093102410515));
#12439=CARTESIAN_POINT('',(5.85,-1.80434388197207,-2.38537538242662));
#12440=CARTESIAN_POINT('',(5.85,-2.55375047425745,-2.38537538242662));
#12441=CARTESIAN_POINT('',(5.83399999999999,-2.33834388197207,-2.38537538242662));
#12442=CARTESIAN_POINT('',(6.05,-2.33834388197207,-2.38537538242662));
#12443=CARTESIAN_POINT('',(6.05,-1.80434388197207,-2.38537538242662));
#12444=CARTESIAN_POINT('',(5.83399999999999,1.80434388197207,-2.38537538242662));
#12445=CARTESIAN_POINT('',(5.85,1.80434388197207,-2.38537538242662));
#12446=CARTESIAN_POINT('',(5.85,2.55375047425745,-2.38537538242662));
#12447=CARTESIAN_POINT('',(5.85,2.12767987622299,-1.7093102410515));
#12448=CARTESIAN_POINT('',(5.84999999999995,2.127679876223,-1.7093102410515));
#12449=CARTESIAN_POINT('',(5.91352553895307,2.11674351601122,-1.7093102410515));
#12450=CARTESIAN_POINT('',(5.9856659188077,1.99071639091154,-1.7093102410515));
#12451=CARTESIAN_POINT('',(5.99670677799708,1.86781494129872,-1.7093102410515));
#12452=CARTESIAN_POINT('',(5.99670677799708,1.80434388197209,-1.7093102410515));
#12453=CARTESIAN_POINT('',(6.05,1.80434388197207,-2.38537538242662));
#12454=CARTESIAN_POINT('',(6.05,2.33834388197207,-2.38537538242662));
#12455=CARTESIAN_POINT('',(5.83399999999999,2.33834388197207,-2.38537538242662));
#12456=CARTESIAN_POINT('',(5.85,-6.,-4.5));
#12457=CARTESIAN_POINT('',(5.85,4.43072645573673,-4.5));
#12458=CARTESIAN_POINT('',(5.85,4.43072645573674,-3.59177924662384));
#12459=CARTESIAN_POINT('',(5.85,-6.,-1.7093102410515));
#12460=CARTESIAN_POINT('',(5.85,2.55375047425745,-2.38537538242662));
#12461=CARTESIAN_POINT('',(5.85,2.55375047425745,-2.41860982295151));
#12462=CARTESIAN_POINT('',(5.85,1.80434388197207,-2.41860982295151));
#12463=CARTESIAN_POINT('',(5.85,1.80434388197207,-3.16801641523689));
#12464=CARTESIAN_POINT('',(5.85,1.80434388197207,-3.16801641523689));
#12465=CARTESIAN_POINT('',(5.85,-1.8150041232554,-3.16801641523689));
#12466=CARTESIAN_POINT('',(5.85,-1.8150041232554,-2.42927006423484));
#12467=CARTESIAN_POINT('',(5.85,-2.55375047425745,-2.42927006423484));
#12468=CARTESIAN_POINT('',(5.85,-2.55375047425745,-2.42927006423484));
#12469=CARTESIAN_POINT('',(5.85,-6.,-1.7093102410515));
#12470=CARTESIAN_POINT('',(5.85,-4.71278980101762,-3.89381002257104));
#12471=CARTESIAN_POINT('',(5.85,-4.35892834890151,-4.10726819898174));
#12472=CARTESIAN_POINT('',(5.85,-3.05333580996312,-4.10726819898174));
#12473=CARTESIAN_POINT('',(5.85,-3.12513391679835,-4.10726819898174));
#12474=CARTESIAN_POINT('',(5.85,-2.77127246468224,-3.89381002257104));
#12475=CARTESIAN_POINT('',(5.85,-3.05333580996312,-3.59177924662384));
#12476=CARTESIAN_POINT('',(5.85,-3.05333580996312,-4.5));
#12477=CARTESIAN_POINT('',(5.85,-3.05333580996312,-3.49866763069579));
#12478=CARTESIAN_POINT('',(5.85,-6.,-3.49866763069579));
#12479=CARTESIAN_POINT('',(5.85,-0.999999999999985,-3.49866763069579));
#12480=CARTESIAN_POINT('',(5.85,-0.999999999999985,-4.5));
#12481=CARTESIAN_POINT('',(5.85,-0.999999999999985,-3.992));
#12482=CARTESIAN_POINT('',(5.85,1.,-3.992));
#12483=CARTESIAN_POINT('',(5.85,1.,-3.992));
#12484=CARTESIAN_POINT('',(5.85,1.,-4.5));
#12485=CARTESIAN_POINT('',(5.85,1.,-3.49866763069579));
#12486=CARTESIAN_POINT('',(5.85,-6.,-3.49866763069579));
#12487=CARTESIAN_POINT('',(5.85,3.05333580996312,-3.49866763069579));
#12488=CARTESIAN_POINT('',(5.85,3.05333580996312,-4.5));
#12489=CARTESIAN_POINT('',(5.85,3.05333580996312,-3.59177924662384));
#12490=CARTESIAN_POINT('',(5.85,2.77127246468224,-3.89381002257104));
#12491=CARTESIAN_POINT('',(5.85,3.12513391679835,-4.10726819898174));
#12492=CARTESIAN_POINT('',(5.85,-6.,-4.10726819898174));
#12493=CARTESIAN_POINT('',(5.85,4.35892834890151,-4.10726819898174));
#12494=CARTESIAN_POINT('',(5.85,4.71278980101762,-3.89381002257104));
#12495=CARTESIAN_POINT('',(-5.445,-34.5560489359238,-6.31465948878551));
#12496=CARTESIAN_POINT('',(-5.44500000000001,-4.71278980101762,-3.89381002257104));
#12497=CARTESIAN_POINT('',(-5.44500000000001,-4.29999159011906,-3.91330251982662));
#12498=CARTESIAN_POINT('',(-5.445,-4.43072645573674,-3.91330251982662));
#12499=CARTESIAN_POINT('',(-5.44500000000001,-3.1840706755808,-3.91330251982662));
#12500=CARTESIAN_POINT('',(-5.44500000000001,-2.77127246468224,-3.89381002257104));
#12501=CARTESIAN_POINT('',(-5.44500000000001,-3.05333580996312,-3.59177924662384));
#12502=CARTESIAN_POINT('',(-5.445,-3.05333580996312,-6.31465948878551));
#12503=CARTESIAN_POINT('',(-5.44500000000001,-3.05333580996312,-3.49866763069579));
#12504=CARTESIAN_POINT('',(-5.445,-34.5560489359238,-3.49866763069579));
#12505=CARTESIAN_POINT('',(-5.44500000000001,-0.999999999999985,-3.49866763069579));
#12506=CARTESIAN_POINT('',(-5.445,-0.999999999999985,-6.31465948878551));
#12507=CARTESIAN_POINT('',(-5.445,-0.999999999999985,-4.0356));
#12508=CARTESIAN_POINT('',(-5.445,-34.5560489359238,-4.0356));
#12509=CARTESIAN_POINT('',(-5.445,1.,-4.0356));
#12510=CARTESIAN_POINT('',(-5.445,1.,-6.31465948878551));
#12511=CARTESIAN_POINT('',(-5.445,1.,-3.49866763069579));
#12512=CARTESIAN_POINT('',(-5.445,-34.5560489359238,-3.49866763069579));
#12513=CARTESIAN_POINT('',(-5.44500000000001,3.05333580996312,-3.49866763069579));
#12514=CARTESIAN_POINT('',(-5.445,3.05333580996312,-6.31465948878551));
#12515=CARTESIAN_POINT('',(-5.44500000000001,3.05333580996312,-3.59177924662384));
#12516=CARTESIAN_POINT('',(-5.44500000000001,2.77127246468224,-3.89381002257104));
#12517=CARTESIAN_POINT('',(-5.44500000000001,3.1840706755808,-3.91330251982662));
#12518=CARTESIAN_POINT('',(-5.445,4.43072645573674,-3.91330251982662));
#12519=CARTESIAN_POINT('',(-5.44500000000001,4.29999159011906,-3.91330251982662));
#12520=CARTESIAN_POINT('',(-5.44500000000001,4.71278980101762,-3.89381002257104));
#12521=CARTESIAN_POINT('',(-5.44500000000001,4.43072645573674,-3.59177924662384));
#12522=CARTESIAN_POINT('',(-5.445,4.43072645573674,-6.31465948878551));
#12523=CARTESIAN_POINT('',(-5.85,6.,-4.5));
#12524=CARTESIAN_POINT('',(-5.85,-4.43072645573674,-5.62468758726713));
#12525=CARTESIAN_POINT('',(-5.85,-4.43072645573674,-0.41086108075936));
#12526=CARTESIAN_POINT('',(-5.85,-4.43072645573674,-0.41086108075936));
#12527=CARTESIAN_POINT('',(-5.85,-4.48840373795727,-0.41086108075936));
#12528=CARTESIAN_POINT('',(-5.85,-4.48840373795727,8.06163102769685));
#12529=CARTESIAN_POINT('',(-5.85,-4.48840373795727,0.));
#12530=CARTESIAN_POINT('',(-5.85,6.,0.));
#12531=CARTESIAN_POINT('',(-5.85,-1.49379461170408,0.));
#12532=CARTESIAN_POINT('',(-5.85,-1.49379461170408,-0.4));
#12533=CARTESIAN_POINT('',(-5.85,-1.49379461170408,-0.418414812262117));
#12534=CARTESIAN_POINT('',(-5.85,-1.49379461170408,-0.418414812262117));
#12535=CARTESIAN_POINT('',(-5.85,1.49379461170408,-0.418414812262117));
#12536=CARTESIAN_POINT('',(-5.85,1.49379461170408,-0.4));
#12537=CARTESIAN_POINT('',(-5.85,1.49379461170408,0.));
#12538=CARTESIAN_POINT('',(-5.85,6.,0.));
#12539=CARTESIAN_POINT('',(-5.85,4.48840373795727,0.));
#12540=CARTESIAN_POINT('',(-5.85,4.48840373795727,8.06163102769685));
#12541=CARTESIAN_POINT('',(-5.85,4.48840373795727,-0.41086108075936));
#12542=CARTESIAN_POINT('',(-5.85,4.43072645573674,-0.41086108075936));
#12543=CARTESIAN_POINT('',(-5.85,1.80434388197207,-2.38537538242662));
#12544=CARTESIAN_POINT('',(-5.85,1.80434388197207,-1.63596879014124));
#12545=CARTESIAN_POINT('',(-5.85,1.80434388197207,-1.63596879014124));
#12546=CARTESIAN_POINT('',(-5.85,-1.80434388197207,-1.63596879014124));
#12547=CARTESIAN_POINT('',(-5.85,-1.80434388197207,-2.38537538242662));
#12548=CARTESIAN_POINT('',(6.05,1.80434388197207,-2.38537538242662));
#12549=CARTESIAN_POINT('',(6.05,2.33834388197207,-2.41860982295151));
#12550=CARTESIAN_POINT('',(6.05,2.33834388197207,-2.41860982295151));
#12551=CARTESIAN_POINT('',(6.05,-2.33834388197207,-2.38537538242662));
#12552=CARTESIAN_POINT('',(6.05,-2.33834388197207,-2.42927006423484));
#12553=CARTESIAN_POINT('',(6.05,-1.8150041232554,-2.42927006423484));
#12554=CARTESIAN_POINT('',(6.05,-1.8150041232554,-2.95260982295151));
#12555=CARTESIAN_POINT('',(6.05,-1.8150041232554,-2.95260982295151));
#12556=CARTESIAN_POINT('',(6.05,1.80434388197207,-2.95260982295151));
#12557=CARTESIAN_POINT('',(6.05,1.80434388197207,-2.41860982295151));
#12558=CARTESIAN_POINT('',(5.83399999999999,-1.80434388197207,-2.38537538242662));
#12559=CARTESIAN_POINT('',(5.83399999999999,-1.80434388197207,-1.85137538242662));
#12560=CARTESIAN_POINT('',(5.85,-1.80434388197207,-1.63596879014124));
#12561=CARTESIAN_POINT('',(5.85,-1.80434388197207,-2.38537538242662));
#12562=CARTESIAN_POINT('',(5.83399999999999,-2.33834388197207,-2.42927006423484));
#12563=CARTESIAN_POINT('',(5.83399999999999,-2.33834388197207,-2.42927006423484));
#12564=CARTESIAN_POINT('',(5.83399999999999,-1.80434388197207,-1.85137538242662));
#12565=CARTESIAN_POINT('',(5.83399999999999,1.80434388197207,-1.85137538242662));
#12566=CARTESIAN_POINT('',(5.85,1.80434388197207,-1.63596879014124));
#12567=CARTESIAN_POINT('',(5.85,-1.80434388197207,-1.63596879014124));
#12568=CARTESIAN_POINT('',(5.83399999999999,-1.8150041232554,-2.42927006423484));
#12569=CARTESIAN_POINT('',(5.83399999999999,-1.8150041232554,-2.95260982295151));
#12570=CARTESIAN_POINT('',(5.83399999999999,1.80434388197207,-2.38537538242662));
#12571=CARTESIAN_POINT('',(5.85,1.80434388197207,-2.38537538242662));
#12572=CARTESIAN_POINT('',(5.83399999999999,1.80434388197207,-2.95260982295151));
#12573=CARTESIAN_POINT('',(5.83399999999999,1.80434388197207,-2.95260982295151));
#12574=CARTESIAN_POINT('',(5.83399999999999,2.33834388197207,-2.38537538242662));
#12575=CARTESIAN_POINT('',(5.83399999999999,2.33834388197207,-2.41860982295151));
#12576=CARTESIAN_POINT('',(5.83399999999999,1.80434388197207,-2.41860982295151));
#12577=CARTESIAN_POINT('',(13.4488919638241,4.43072645573674,-5.62468758726713));
#12578=CARTESIAN_POINT('',(-24.5001088948177,4.43072645573674,-3.59177924662384));
#12579=CARTESIAN_POINT('',(13.4488919638241,4.43072645573674,-5.62468758726713));
#12580=CARTESIAN_POINT('',(-24.5001088948177,4.43072645573674,-3.59177924662384));
#12581=CARTESIAN_POINT('',(5.44500000000001,4.43072645573674,-3.59177924662384));
#12582=CARTESIAN_POINT('',(5.445,4.43072645573674,-0.405));
#12583=CARTESIAN_POINT('',(-27.6334873940779,3.05333580996312,-4.5));
#12584=CARTESIAN_POINT('',(-24.5001088948177,3.05333580996312,-4.19584079851823));
#12585=CARTESIAN_POINT('',(-5.8292947643326,3.05333580996312,-4.19584079851823));
#12586=CARTESIAN_POINT('',(-5.44500000000001,3.05333580996312,-4.19584079851823));
#12587=CARTESIAN_POINT('',(-5.65019999999999,3.05333580996312,-4.10726819898174));
#12588=CARTESIAN_POINT('',(-5.65019999999999,3.05333580996312,-4.30706819898174));
#12589=CARTESIAN_POINT('',(-27.6334873940779,3.05333580996312,-4.30706819898174));
#12590=CARTESIAN_POINT('',(-3.99706317645835,3.05333580996313,-4.30706819898174));
#12591=CARTESIAN_POINT('',(-3.99706317645835,3.05333580996313,-3.91330251982662));
#12592=CARTESIAN_POINT('',(-3.99706317645835,3.05333580996313,-3.91330251982662));
#12593=CARTESIAN_POINT('',(-5.44500000000001,3.05333580996313,-3.91330251982662));
#12594=CARTESIAN_POINT('',(-5.44500000000001,3.05333580996313,-3.91330251982662));
#12595=CARTESIAN_POINT('',(-5.44500000000001,3.05333580996313,-3.91330251982662));
#12596=CARTESIAN_POINT('',(-27.6334873940779,3.05333580996312,-4.5));
#12597=CARTESIAN_POINT('',(-27.6334873940779,3.05333580996312,-4.30706819898174));
#12598=CARTESIAN_POINT('',(5.6502,3.05333580996312,-4.30706819898174));
#12599=CARTESIAN_POINT('',(3.99706317645835,3.05333580996313,-4.30706819898174));
#12600=CARTESIAN_POINT('',(5.6502,3.05333580996312,-4.10726819898174));
#12601=CARTESIAN_POINT('',(5.8292947643326,3.05333580996312,-4.19584079851823));
#12602=CARTESIAN_POINT('',(-24.5001088948177,3.05333580996312,-4.19584079851823));
#12603=CARTESIAN_POINT('',(5.445,3.05333580996313,-4.19584079851822));
#12604=CARTESIAN_POINT('',(5.445,3.05333580996313,-3.91330251982662));
#12605=CARTESIAN_POINT('',(5.445,3.05333580996313,-3.91330251982662));
#12606=CARTESIAN_POINT('',(5.445,3.05333580996313,-3.91330251982662));
#12607=CARTESIAN_POINT('',(3.99706317645835,3.05333580996313,-3.91330251982662));
#12608=CARTESIAN_POINT('',(3.99706317645835,3.05333580996313,-3.91330251982662));
#12609=CARTESIAN_POINT('',(13.4488919638241,-4.43072645573674,-5.62468758726713));
#12610=CARTESIAN_POINT('',(13.4488919638241,-4.43072645573674,-0.41086108075936));
#12611=CARTESIAN_POINT('',(13.4488919638241,-4.43072645573674,-5.62468758726713));
#12612=CARTESIAN_POINT('',(5.85,-4.43072645573674,-4.5));
#12613=CARTESIAN_POINT('',(5.85,-4.43072645573674,-0.410861080759359));
#12614=CARTESIAN_POINT('',(13.4488919638241,-4.43072645573674,-0.41086108075936));
#12615=CARTESIAN_POINT('',(-27.6334873940779,-3.05333580996312,-4.5));
#12616=CARTESIAN_POINT('',(-27.6334873940779,-3.05333580996312,-4.30706819898174));
#12617=CARTESIAN_POINT('',(-5.65019999999999,-3.05333580996312,-4.30706819898174));
#12618=CARTESIAN_POINT('',(-3.99706317645835,-3.05333580996313,-4.30706819898174));
#12619=CARTESIAN_POINT('',(-5.65019999999999,-3.05333580996312,-4.10726819898174));
#12620=CARTESIAN_POINT('',(-5.8292947643326,-3.05333580996312,-4.19584079851823));
#12621=CARTESIAN_POINT('',(-24.5001088948177,-3.05333580996312,-4.19584079851823));
#12622=CARTESIAN_POINT('',(-5.44500000000001,-3.05333580996313,-4.19584079851822));
#12623=CARTESIAN_POINT('',(-5.44500000000001,-3.05333580996313,-3.91330251982662));
#12624=CARTESIAN_POINT('',(-5.44500000000001,-3.05333580996313,-3.91330251982662));
#12625=CARTESIAN_POINT('',(-5.44500000000001,-3.05333580996313,-3.91330251982662));
#12626=CARTESIAN_POINT('',(-3.99706317645835,-3.05333580996313,-3.91330251982662));
#12627=CARTESIAN_POINT('',(-3.99706317645835,-3.05333580996313,-3.91330251982662));
#12628=CARTESIAN_POINT('',(-27.6334873940779,-3.05333580996312,-4.5));
#12629=CARTESIAN_POINT('',(-24.5001088948177,-3.05333580996312,-4.19584079851823));
#12630=CARTESIAN_POINT('',(5.44500000000001,-3.05333580996313,-4.19584079851822));
#12631=CARTESIAN_POINT('',(5.8292947643326,-3.05333580996312,-4.19584079851823));
#12632=CARTESIAN_POINT('',(5.6502,-3.05333580996312,-4.10726819898174));
#12633=CARTESIAN_POINT('',(5.6502,-3.05333580996312,-4.30706819898174));
#12634=CARTESIAN_POINT('',(-27.6334873940779,-3.05333580996312,-4.30706819898174));
#12635=CARTESIAN_POINT('',(3.99706317645835,-3.05333580996313,-4.30706819898174));
#12636=CARTESIAN_POINT('',(3.99706317645835,-3.05333580996313,-3.91330251982662));
#12637=CARTESIAN_POINT('',(3.99706317645835,-3.05333580996313,-3.91330251982662));
#12638=CARTESIAN_POINT('',(5.445,-3.05333580996313,-3.91330251982662));
#12639=CARTESIAN_POINT('',(5.445,-3.05333580996313,-3.91330251982662));
#12640=CARTESIAN_POINT('',(5.445,-3.05333580996313,-3.91330251982662));
#12641=CARTESIAN_POINT('',(5.85,-6.,-4.5));
#12642=CARTESIAN_POINT('',(5.85,-6.,-0.41086108075936));
#12643=CARTESIAN_POINT('',(5.85,4.48840373795727,-0.410861080759359));
#12644=CARTESIAN_POINT('',(5.85,4.48840373795727,8.06163102769685));
#12645=CARTESIAN_POINT('',(5.85,4.48840373795727,0.));
#12646=CARTESIAN_POINT('',(5.85,-6.,0.));
#12647=CARTESIAN_POINT('',(5.85,1.49379461170408,0.));
#12648=CARTESIAN_POINT('',(5.85,1.49379461170408,-0.4));
#12649=CARTESIAN_POINT('',(5.85,1.49379461170408,-0.418414812262117));
#12650=CARTESIAN_POINT('',(5.85,1.49379461170408,-0.418414812262117));
#12651=CARTESIAN_POINT('',(5.85,-1.49379461170408,-0.418414812262118));
#12652=CARTESIAN_POINT('',(5.85,-1.49379461170408,-0.4));
#12653=CARTESIAN_POINT('',(5.85,-1.49379461170408,0.));
#12654=CARTESIAN_POINT('',(5.85,-6.,0.));
#12655=CARTESIAN_POINT('',(5.85,-4.48840373795727,0.));
#12656=CARTESIAN_POINT('',(5.85,-4.48840373795727,8.06163102769685));
#12657=CARTESIAN_POINT('',(5.85,-4.48840373795727,-0.410861080759359));
#12658=CARTESIAN_POINT('',(5.85,-6.,-0.41086108075936));
#12659=CARTESIAN_POINT('',(5.445,-34.5560489359238,-0.405));
#12660=CARTESIAN_POINT('',(5.44500000000001,4.71278980101762,-3.89381002257104));
#12661=CARTESIAN_POINT('',(5.445,4.29999159011906,-3.91330251982662));
#12662=CARTESIAN_POINT('',(5.445,3.05333580996313,-3.91330251982662));
#12663=CARTESIAN_POINT('',(5.44500000000001,3.1840706755808,-3.91330251982662));
#12664=CARTESIAN_POINT('',(5.44500000000001,2.77127246468224,-3.89381002257104));
#12665=CARTESIAN_POINT('',(5.44500000000001,3.05333580996312,-3.59177924662384));
#12666=CARTESIAN_POINT('',(5.445,3.05333580996312,-0.405));
#12667=CARTESIAN_POINT('',(5.445,3.05333580996312,-3.49866763069579));
#12668=CARTESIAN_POINT('',(5.445,-34.5560489359238,-3.49866763069579));
#12669=CARTESIAN_POINT('',(5.44500000000001,1.,-3.49866763069579));
#12670=CARTESIAN_POINT('',(5.445,1.,-0.405));
#12671=CARTESIAN_POINT('',(5.445,1.,-4.0356));
#12672=CARTESIAN_POINT('',(5.445,-34.5560489359238,-4.0356));
#12673=CARTESIAN_POINT('',(5.445,-0.999999999999985,-4.0356));
#12674=CARTESIAN_POINT('',(5.445,-0.999999999999985,-0.405));
#12675=CARTESIAN_POINT('',(5.445,-0.999999999999985,-3.49866763069579));
#12676=CARTESIAN_POINT('',(5.445,-34.5560489359238,-3.49866763069579));
#12677=CARTESIAN_POINT('',(5.44500000000001,-3.05333580996312,-3.49866763069579));
#12678=CARTESIAN_POINT('',(5.445,-3.05333580996312,-0.405));
#12679=CARTESIAN_POINT('',(5.44500000000001,-3.05333580996312,-3.59177924662384));
#12680=CARTESIAN_POINT('',(5.44500000000001,-2.77127246468224,-3.89381002257104));
#12681=CARTESIAN_POINT('',(5.445,-3.1840706755808,-3.91330251982662));
#12682=CARTESIAN_POINT('',(5.445,-3.05333580996313,-3.91330251982662));
#12683=CARTESIAN_POINT('',(5.44500000000001,-4.29999159011906,-3.91330251982662));
#12684=CARTESIAN_POINT('',(5.44500000000001,-4.71278980101762,-3.89381002257104));
#12685=CARTESIAN_POINT('',(13.4488919638241,4.43072645573674,-5.62468758726713));
#12686=CARTESIAN_POINT('',(13.4488919638241,4.43072645573674,-4.30706819898174));
#12687=CARTESIAN_POINT('',(-5.6502,4.43072645573674,-4.30706819898174));
#12688=CARTESIAN_POINT('',(-3.503821112542,4.43072645573674,-4.30706819898174));
#12689=CARTESIAN_POINT('',(-5.65019999999999,4.43072645573674,-4.10726819898174));
#12690=CARTESIAN_POINT('',(-5.8292947643326,4.43072645573674,-4.19584079851823));
#12691=CARTESIAN_POINT('',(-24.5001088948177,4.43072645573674,-4.19584079851823));
#12692=CARTESIAN_POINT('',(-5.44500000000001,4.43072645573674,-4.19584079851823));
#12693=CARTESIAN_POINT('',(-5.445,4.43072645573674,-3.91330251982662));
#12694=CARTESIAN_POINT('',(-5.445,4.43072645573674,-3.91330251982662));
#12695=CARTESIAN_POINT('',(-3.503821112542,4.43072645573674,-3.91330251982662));
#12696=CARTESIAN_POINT('',(-3.503821112542,4.43072645573674,-3.91330251982662));
#12697=CARTESIAN_POINT('',(-3.503821112542,4.43072645573674,-3.91330251982662));
#12698=CARTESIAN_POINT('',(13.4488919638241,4.43072645573674,-5.62468758726713));
#12699=CARTESIAN_POINT('',(-24.5001088948177,4.43072645573674,-4.19584079851823));
#12700=CARTESIAN_POINT('',(5.445,4.43072645573674,-4.19584079851823));
#12701=CARTESIAN_POINT('',(5.8292947643326,4.43072645573673,-4.19584079851823));
#12702=CARTESIAN_POINT('',(5.6502,4.43072645573673,-4.10726819898174));
#12703=CARTESIAN_POINT('',(5.6502,4.43072645573674,-4.30706819898174));
#12704=CARTESIAN_POINT('',(13.4488919638241,4.43072645573674,-4.30706819898174));
#12705=CARTESIAN_POINT('',(3.503821112542,4.43072645573674,-4.30706819898174));
#12706=CARTESIAN_POINT('',(3.503821112542,4.43072645573674,-3.91330251982662));
#12707=CARTESIAN_POINT('',(3.503821112542,4.43072645573674,-3.91330251982662));
#12708=CARTESIAN_POINT('',(3.503821112542,4.43072645573674,-3.91330251982662));
#12709=CARTESIAN_POINT('',(5.445,4.43072645573674,-3.91330251982662));
#12710=CARTESIAN_POINT('',(5.445,4.43072645573674,-3.91330251982662));
#12711=CARTESIAN_POINT('',(-27.6334873940779,3.05333580996312,-4.5));
#12712=CARTESIAN_POINT('',(-24.5001088948177,3.05333580996312,-3.59177924662384));
#12713=CARTESIAN_POINT('',(-27.6334873940779,3.05333580996312,-3.49866763069579));
#12714=CARTESIAN_POINT('',(-27.6334873940779,3.05333580996312,-4.5));
#12715=CARTESIAN_POINT('',(-24.5001088948177,3.05333580996312,-3.59177924662384));
#12716=CARTESIAN_POINT('',(-27.6334873940779,3.05333580996312,-3.49866763069579));
#12717=CARTESIAN_POINT('',(-5.445,-34.5560489359238,-0.41086108075936));
#12718=CARTESIAN_POINT('',(-5.44500000000004,-1.49379461170409,-0.41086108075936));
#12719=CARTESIAN_POINT('',(4.2195063426325,-1.49379461170408,-0.41086108075936));
#12720=CARTESIAN_POINT('',(5.48952147279101,-4.48840373795727,-0.410861080759359));
#12721=CARTESIAN_POINT('',(5.48952147279101,-4.48840373795727,-0.410861080759359));
#12722=CARTESIAN_POINT('',(5.48952147279101,-6.,-0.410861080759359));
#12723=CARTESIAN_POINT('',(5.48952147279101,-5.52,-0.410861080759359));
#12724=CARTESIAN_POINT('',(5.00952147279101,-5.52,-0.410861080759359));
#12725=CARTESIAN_POINT('',(5.00952147279101,-6.,-0.41086108075936));
#12726=CARTESIAN_POINT('',(-5.85,-6.,-0.41086108075936));
#12727=CARTESIAN_POINT('',(-5.00952147279101,-6.,-0.41086108075936));
#12728=CARTESIAN_POINT('',(-5.00952147279101,-5.52,-0.41086108075936));
#12729=CARTESIAN_POINT('',(-5.48952147279101,-5.52,-0.410861080759359));
#12730=CARTESIAN_POINT('',(-5.48952147279101,-6.,-0.410861080759359));
#12731=CARTESIAN_POINT('',(-5.48952147279101,-4.48840373795727,-0.410861080759359));
#12732=CARTESIAN_POINT('',(-5.48952147279101,-4.48840373795727,-0.410861080759359));
#12733=CARTESIAN_POINT('',(-5.44500000000006,-1.49379461170408,-0.41086108075936));
#12734=CARTESIAN_POINT('',(-4.2195063426325,-1.49379461170408,-0.41086108075936));
#12735=CARTESIAN_POINT('',(0.,0.,-0.41086108075936));
#12736=CARTESIAN_POINT('',(0.,0.,0.));
#12737=CARTESIAN_POINT('',(0.,0.,0.));
#12738=CARTESIAN_POINT('',(-4.2195063426325,1.49379461170408,0.));
#12739=CARTESIAN_POINT('',(4.2195063426325,1.49379461170408,0.));
#12740=CARTESIAN_POINT('',(5.85,1.49379461170408,0.));
#12741=CARTESIAN_POINT('',(0.,4.48840373795727,0.));
#12742=CARTESIAN_POINT('',(5.48952147279101,4.48840373795727,0.));
#12743=CARTESIAN_POINT('',(5.48952147279101,0.,0.));
#12744=CARTESIAN_POINT('',(5.48952147279101,5.52,0.));
#12745=CARTESIAN_POINT('',(5.00952147279101,5.52,0.));
#12746=CARTESIAN_POINT('',(5.00952147279101,6.,0.));
#12747=CARTESIAN_POINT('',(5.85,6.,0.));
#12748=CARTESIAN_POINT('',(-5.00952147279101,6.,0.));
#12749=CARTESIAN_POINT('',(-5.00952147279101,5.52,0.));
#12750=CARTESIAN_POINT('',(-5.48952147279101,5.52,0.));
#12751=CARTESIAN_POINT('',(-5.48952147279101,0.,0.));
#12752=CARTESIAN_POINT('',(-5.48952147279101,4.48840373795727,0.));
#12753=CARTESIAN_POINT('',(0.,4.48840373795727,0.));
#12754=CARTESIAN_POINT('',(-5.85,1.49379461170408,0.));
#12755=CARTESIAN_POINT('',(0.,0.,-4.5));
#12756=CARTESIAN_POINT('',(-27.6334873940779,-0.999999999999985,-4.5));
#12757=CARTESIAN_POINT('',(5.90940000000001,-0.999999999999985,-4.5));
#12758=CARTESIAN_POINT('',(7.5,-1.,-4.5));
#12759=CARTESIAN_POINT('',(5.90940000000001,0.,-4.5));
#12760=CARTESIAN_POINT('',(5.90940000000001,1.,-4.5));
#12761=CARTESIAN_POINT('',(-27.6334873940779,1.,-4.5));
#12762=CARTESIAN_POINT('',(7.5,0.999999999999999,-4.5));
#12763=CARTESIAN_POINT('',(7.5,-1.,-4.5));
#12764=CARTESIAN_POINT('',(0.,0.,-4.5));
#12765=CARTESIAN_POINT('',(-27.6334873940779,1.,-4.5));
#12766=CARTESIAN_POINT('',(-7.5,0.999999999999999,-4.5));
#12767=CARTESIAN_POINT('',(-5.90940000000001,1.,-4.5));
#12768=CARTESIAN_POINT('',(-5.90940000000001,0.,-4.5));
#12769=CARTESIAN_POINT('',(-5.90940000000001,-0.999999999999985,-4.5));
#12770=CARTESIAN_POINT('',(-27.6334873940779,-0.999999999999985,-4.5));
#12771=CARTESIAN_POINT('',(-7.5,-1.,-4.5));
#12772=CARTESIAN_POINT('',(-7.5,-1.,-4.5));
#12773=CARTESIAN_POINT('',(-5.85,-6.,-4.5));
#12774=CARTESIAN_POINT('',(5.00952147279101,-6.,0.));
#12775=CARTESIAN_POINT('',(5.00952147279101,-6.,0.));
#12776=CARTESIAN_POINT('',(-5.85,-6.,0.));
#12777=CARTESIAN_POINT('',(-5.00952147279101,-6.,0.));
#12778=CARTESIAN_POINT('',(-5.00952147279101,-6.,-4.5));
#12779=CARTESIAN_POINT('',(-5.48952147279101,-6.,8.06163102769685));
#12780=CARTESIAN_POINT('',(-5.48952147279101,-5.52,8.06163102769685));
#12781=CARTESIAN_POINT('',(-5.48952147279101,-5.52,0.));
#12782=CARTESIAN_POINT('',(-5.48952147279101,0.,0.));
#12783=CARTESIAN_POINT('',(-5.48952147279101,-4.48840373795727,0.));
#12784=CARTESIAN_POINT('',(-5.48952147279101,-4.48840373795727,8.06163102769685));
#12785=CARTESIAN_POINT('',(-5.48952147279101,-4.48840373795727,8.06163102769685));
#12786=CARTESIAN_POINT('',(0.,-4.48840373795727,0.));
#12787=CARTESIAN_POINT('',(5.48952147279101,-6.,8.06163102769685));
#12788=CARTESIAN_POINT('',(5.48952147279101,0.,0.));
#12789=CARTESIAN_POINT('',(5.48952147279101,-4.48840373795727,0.));
#12790=CARTESIAN_POINT('',(5.48952147279101,-5.52,0.));
#12791=CARTESIAN_POINT('',(5.48952147279101,-5.52,-0.404999999999999));
#12792=CARTESIAN_POINT('',(5.48952147279101,-4.48840373795727,8.06163102769685));
#12793=CARTESIAN_POINT('',(5.48952147279101,-4.48840373795727,8.06163102769685));
#12794=CARTESIAN_POINT('',(0.,-4.48840373795727,0.));
#12795=CARTESIAN_POINT('',(5.85,6.,-4.5));
#12796=CARTESIAN_POINT('',(5.85,6.,-0.41086108075936));
#12797=CARTESIAN_POINT('',(-5.00952147279101,6.,-0.41086108075936));
#12798=CARTESIAN_POINT('',(5.00952147279101,6.,-0.41086108075936));
#12799=CARTESIAN_POINT('',(-5.00952147279101,6.,0.));
#12800=CARTESIAN_POINT('',(5.00952147279101,6.,-4.5));
#12801=CARTESIAN_POINT('',(0.,0.,0.));
#12802=CARTESIAN_POINT('',(0.,0.,0.));
#12803=CARTESIAN_POINT('',(4.2195063426325,-1.49379461170408,0.));
#12804=CARTESIAN_POINT('',(-4.2195063426325,-1.49379461170408,0.));
#12805=CARTESIAN_POINT('',(-5.85,-1.49379461170408,0.));
#12806=CARTESIAN_POINT('',(-5.00952147279101,-5.52,0.));
#12807=CARTESIAN_POINT('',(5.00952147279101,-5.52,0.));
#12808=CARTESIAN_POINT('',(5.85,-1.49379461170408,0.));
#12809=CARTESIAN_POINT('',(5.48952147279101,6.,8.06163102769685));
#12810=CARTESIAN_POINT('',(5.48952147279101,6.,-0.410861080759359));
#12811=CARTESIAN_POINT('',(5.48952147279101,5.52,-0.410861080759359));
#12812=CARTESIAN_POINT('',(5.48952147279101,4.48840373795727,-0.410861080759359));
#12813=CARTESIAN_POINT('',(5.48952147279101,5.52,8.06163102769685));
#12814=CARTESIAN_POINT('',(5.48952147279101,4.48840373795727,8.06163102769685));
#12815=CARTESIAN_POINT('',(5.48952147279101,4.48840373795727,8.06163102769685));
#12816=CARTESIAN_POINT('',(5.48952147279101,4.48840373795727,-0.410861080759359));
#12817=CARTESIAN_POINT('',(-5.48952147279101,6.,8.06163102769685));
#12818=CARTESIAN_POINT('',(-5.48952147279101,5.52,-0.404999999999999));
#12819=CARTESIAN_POINT('',(-5.48952147279101,5.52,-0.410861080759359));
#12820=CARTESIAN_POINT('',(-5.48952147279101,6.,-0.410861080759359));
#12821=CARTESIAN_POINT('',(-5.48952147279101,4.48840373795727,-0.410861080759359));
#12822=CARTESIAN_POINT('',(-5.48952147279101,4.48840373795727,8.06163102769685));
#12823=CARTESIAN_POINT('',(-5.48952147279101,4.48840373795727,8.06163102769685));
#12824=CARTESIAN_POINT('',(-5.48952147279101,4.48840373795727,-0.410861080759359));
#12825=CARTESIAN_POINT('',(-5.445,-34.5560489359238,-0.41086108075936));
#12826=CARTESIAN_POINT('',(-5.44499999999997,1.49379461170409,-0.41086108075936));
#12827=CARTESIAN_POINT('',(4.2195063426325,1.49379461170408,-0.41086108075936));
#12828=CARTESIAN_POINT('',(0.,0.,-0.41086108075936));
#12829=CARTESIAN_POINT('',(-4.2195063426325,1.49379461170408,-0.41086108075936));
#12830=CARTESIAN_POINT('',(-5.44499999999992,1.49379461170408,-0.41086108075936));
#12831=CARTESIAN_POINT('',(-5.00952147279101,5.52,-0.410861080759359));
#12832=CARTESIAN_POINT('',(5.00952147279101,5.52,-0.41086108075936));
#12833=CARTESIAN_POINT('',(13.4488919638241,-4.43072645573674,-5.62468758726713));
#12834=CARTESIAN_POINT('',(-24.5001088948177,-4.43072645573674,-4.19584079851823));
#12835=CARTESIAN_POINT('',(-5.8292947643326,-4.43072645573674,-4.19584079851823));
#12836=CARTESIAN_POINT('',(-5.44500000000001,-4.43072645573674,-4.19584079851823));
#12837=CARTESIAN_POINT('',(-5.65019999999999,-4.43072645573674,-4.10726819898174));
#12838=CARTESIAN_POINT('',(-5.6502,-4.43072645573674,-4.30706819898174));
#12839=CARTESIAN_POINT('',(13.4488919638241,-4.43072645573674,-4.30706819898174));
#12840=CARTESIAN_POINT('',(-3.503821112542,-4.43072645573673,-4.30706819898174));
#12841=CARTESIAN_POINT('',(-3.503821112542,-4.43072645573673,-3.91330251982662));
#12842=CARTESIAN_POINT('',(-3.503821112542,-4.43072645573673,-3.91330251982662));
#12843=CARTESIAN_POINT('',(-3.503821112542,-4.43072645573673,-3.91330251982662));
#12844=CARTESIAN_POINT('',(-5.445,-4.43072645573674,-3.91330251982662));
#12845=CARTESIAN_POINT('',(-5.445,-4.43072645573674,-3.91330251982662));
#12846=CARTESIAN_POINT('',(13.4488919638241,-4.43072645573674,-5.62468758726713));
#12847=CARTESIAN_POINT('',(13.4488919638241,-4.43072645573674,-4.30706819898174));
#12848=CARTESIAN_POINT('',(5.6502,-4.43072645573674,-4.30706819898174));
#12849=CARTESIAN_POINT('',(3.503821112542,-4.43072645573673,-4.30706819898174));
#12850=CARTESIAN_POINT('',(5.6502,-4.43072645573674,-4.10726819898174));
#12851=CARTESIAN_POINT('',(5.8292947643326,-4.43072645573674,-4.19584079851823));
#12852=CARTESIAN_POINT('',(-24.5001088948177,-4.43072645573674,-4.19584079851823));
#12853=CARTESIAN_POINT('',(5.445,-4.43072645573673,-4.19584079851823));
#12854=CARTESIAN_POINT('',(5.445,-4.43072645573673,-3.91330251982662));
#12855=CARTESIAN_POINT('',(5.445,-4.43072645573673,-3.91330251982662));
#12856=CARTESIAN_POINT('',(3.503821112542,-4.43072645573673,-3.91330251982662));
#12857=CARTESIAN_POINT('',(3.503821112542,-4.43072645573673,-3.91330251982662));
#12858=CARTESIAN_POINT('',(3.503821112542,-4.43072645573673,-3.91330251982662));
#12859=CARTESIAN_POINT('',(-27.6334873940779,-0.999999999999985,-3.49866763069579));
#12860=CARTESIAN_POINT('',(-5.90940000000001,-0.999999999999985,-4.0356));
#12861=CARTESIAN_POINT('',(-27.6334873940779,-0.999999999999985,-3.49866763069579));
#12862=CARTESIAN_POINT('',(-5.958,-0.999999999999985,-3.992));
#12863=CARTESIAN_POINT('',(-5.958,-0.999999999999999,-4.1));
#12864=CARTESIAN_POINT('',(-5.85,-0.999999999999999,-4.1));
#12865=CARTESIAN_POINT('',(-7.5,-1.,-4.1));
#12866=CARTESIAN_POINT('',(-7.5,-1.,-4.1));
#12867=CARTESIAN_POINT('',(-27.6334873940779,-3.05333580996312,-3.49866763069579));
#12868=CARTESIAN_POINT('',(-27.6334873940779,-3.05333580996312,-3.49866763069579));
#12869=CARTESIAN_POINT('',(-27.6334873940779,-3.05333580996312,-4.5));
#12870=CARTESIAN_POINT('',(-24.5001088948177,-3.05333580996312,-3.59177924662384));
#12871=CARTESIAN_POINT('',(-27.6334873940779,1.,-3.49866763069579));
#12872=CARTESIAN_POINT('',(-5.90940000000001,1.,-4.0356));
#12873=CARTESIAN_POINT('',(-7.5,0.999999999999999,-4.1));
#12874=CARTESIAN_POINT('',(-7.5,0.999999999999999,-4.1));
#12875=CARTESIAN_POINT('',(-7.5,0.999999999999999,-4.1));
#12876=CARTESIAN_POINT('',(-5.958,0.999999999999999,-4.1));
#12877=CARTESIAN_POINT('',(-5.958,1.,-3.992));
#12878=CARTESIAN_POINT('',(-27.6334873940779,1.,-3.49866763069579));
#12879=CARTESIAN_POINT('',(-27.6334873940779,3.05333580996312,-3.49866763069579));
#12880=CARTESIAN_POINT('',(-27.6334873940779,-3.05333580996312,-4.5));
#12881=CARTESIAN_POINT('',(-24.5001088948177,-3.05333580996312,-3.59177924662384));
#12882=CARTESIAN_POINT('',(-27.6334873940779,-3.05333580996312,-3.49866763069579));
#12883=CARTESIAN_POINT('',(-27.6334873940779,-3.05333580996312,-3.49866763069579));
#12884=CARTESIAN_POINT('',(-27.6334873940779,-0.999999999999985,-3.49866763069579));
#12885=CARTESIAN_POINT('',(-27.6334873940779,-0.999999999999985,-3.49866763069579));
#12886=CARTESIAN_POINT('',(5.90940000000001,-0.999999999999985,-4.0356));
#12887=CARTESIAN_POINT('',(7.5,-1.,-4.1));
#12888=CARTESIAN_POINT('',(7.5,-1.,-4.1));
#12889=CARTESIAN_POINT('',(5.85,-0.999999999999999,-4.1));
#12890=CARTESIAN_POINT('',(5.958,-0.999999999999999,-4.1));
#12891=CARTESIAN_POINT('',(5.958,-0.999999999999985,-3.992));
#12892=CARTESIAN_POINT('',(-27.6334873940779,3.05333580996312,-3.49866763069579));
#12893=CARTESIAN_POINT('',(-27.6334873940779,1.,-3.49866763069579));
#12894=CARTESIAN_POINT('',(-27.6334873940779,1.,-3.49866763069579));
#12895=CARTESIAN_POINT('',(5.90940000000001,1.,-4.0356));
#12896=CARTESIAN_POINT('',(5.958,1.,-3.992));
#12897=CARTESIAN_POINT('',(5.958,0.999999999999999,-4.1));
#12898=CARTESIAN_POINT('',(7.5,0.999999999999999,-4.1));
#12899=CARTESIAN_POINT('',(7.5,0.999999999999999,-4.1));
#12900=CARTESIAN_POINT('',(7.5,0.999999999999999,-4.1));
#12901=CARTESIAN_POINT('',(5.00952147279101,5.52,-4.5));
#12902=CARTESIAN_POINT('',(-5.00952147279101,-5.52,-4.5));
#12903=CARTESIAN_POINT('',(5.00952147279101,-5.52,8.06163102769685));
#12904=CARTESIAN_POINT('',(-5.00952147279101,5.52,8.06163102769685));
#12905=CARTESIAN_POINT('',(5.85,-1.49379461170408,-0.4));
#12906=CARTESIAN_POINT('',(5.85,-1.49379461170408,-0.418414812262117));
#12907=CARTESIAN_POINT('',(4.2195063426325,-1.49379461170408,-0.4));
#12908=CARTESIAN_POINT('',(0.,0.,-0.4));
#12909=CARTESIAN_POINT('',(-4.2195063426325,-1.49379461170408,-0.4));
#12910=CARTESIAN_POINT('',(-5.85,-1.49379461170408,-0.4));
#12911=CARTESIAN_POINT('',(-4.2195063426325,-1.49379461170408,-0.418414812262117));
#12912=CARTESIAN_POINT('',(-5.85,1.49379461170408,-0.4));
#12913=CARTESIAN_POINT('',(-5.85,1.49379461170408,-0.418414812262117));
#12914=CARTESIAN_POINT('',(-4.2195063426325,1.49379461170408,-0.4));
#12915=CARTESIAN_POINT('',(0.,0.,-0.4));
#12916=CARTESIAN_POINT('',(4.2195063426325,1.49379461170408,-0.4));
#12917=CARTESIAN_POINT('',(5.85,1.49379461170408,-0.4));
#12918=CARTESIAN_POINT('',(4.2195063426325,1.49379461170408,-0.418414812262117));
#12919=CARTESIAN_POINT('',(0.,0.,-0.418414812262117));
#12920=CARTESIAN_POINT('',(0.,0.,-0.418414812262117));
#12921=CARTESIAN_POINT('',(-33.8747503148583,2.2711990325283,-4.30706819898174));
#12922=CARTESIAN_POINT('',(5.6502,2.2711990325283,-4.30706819898174));
#12923=CARTESIAN_POINT('',(3.99706317645835,3.23861774869829,-4.30706819898174));
#12924=CARTESIAN_POINT('',(3.82955159827575,3.15943903946258,-4.30706819898174));
#12925=CARTESIAN_POINT('',(3.4009596301383,4.06617416652002,-4.30706819898174));
#12926=CARTESIAN_POINT('',(3.4009596301383,4.06617416652002,-4.30706819898174));
#12927=CARTESIAN_POINT('',(3.75383746184121,4.23297106220492,-4.30706819898174));
#12928=CARTESIAN_POINT('',(3.36352480701502,4.23297106220492,-4.30706819898174));
#12929=CARTESIAN_POINT('',(3.36352480701502,4.23297106220492,-4.30706819898174));
#12930=CARTESIAN_POINT('',(3.36352480701502,4.29043015020976,-4.30706819898174));
#12931=CARTESIAN_POINT('',(3.503821112542,4.29043015020976,-4.30706819898174));
#12932=CARTESIAN_POINT('',(-33.8747503148583,-2.2711990325283,-4.30706819898174));
#12933=CARTESIAN_POINT('',(5.6502,-4.43072645573674,-4.30706819898174));
#12934=CARTESIAN_POINT('',(3.503821112542,-4.29043015020976,-4.30706819898174));
#12935=CARTESIAN_POINT('',(3.36352480701502,-4.29043015020976,-4.30706819898174));
#12936=CARTESIAN_POINT('',(3.36352480701502,-4.23297106220491,-4.30706819898174));
#12937=CARTESIAN_POINT('',(3.36352480701502,-4.23297106220491,-4.30706819898174));
#12938=CARTESIAN_POINT('',(3.75383746184121,-4.23297106220491,-4.30706819898174));
#12939=CARTESIAN_POINT('',(3.4009596301383,-4.06617416652002,-4.30706819898174));
#12940=CARTESIAN_POINT('',(3.4009596301383,-4.06617416652002,-4.30706819898174));
#12941=CARTESIAN_POINT('',(3.82955159827575,-3.15943903946257,-4.30706819898174));
#12942=CARTESIAN_POINT('',(3.99706317645835,-3.23861774869828,-4.30706819898174));
#12943=CARTESIAN_POINT('',(-33.8747503148583,2.2711990325283,-4.30706819898174));
#12944=CARTESIAN_POINT('',(-5.65019999999999,2.2711990325283,-4.30706819898174));
#12945=CARTESIAN_POINT('',(-3.503821112542,4.29043015020976,-4.30706819898174));
#12946=CARTESIAN_POINT('',(-3.36352480701502,4.29043015020977,-4.30706819898174));
#12947=CARTESIAN_POINT('',(-3.36352480701502,4.23297106220492,-4.30706819898174));
#12948=CARTESIAN_POINT('',(-3.36352480701502,4.23297106220492,-4.30706819898174));
#12949=CARTESIAN_POINT('',(-3.75383746184121,4.23297106220492,-4.30706819898174));
#12950=CARTESIAN_POINT('',(-3.4009596301383,4.06617416652002,-4.30706819898174));
#12951=CARTESIAN_POINT('',(-3.4009596301383,4.06617416652002,-4.30706819898174));
#12952=CARTESIAN_POINT('',(-3.82955159827575,3.15943903946258,-4.30706819898174));
#12953=CARTESIAN_POINT('',(-3.99706317645835,3.23861774869829,-4.30706819898174));
#12954=CARTESIAN_POINT('',(-33.8747503148583,-2.2711990325283,-4.30706819898174));
#12955=CARTESIAN_POINT('',(-5.65019999999999,-3.05333580996312,-4.30706819898174));
#12956=CARTESIAN_POINT('',(-3.99706317645835,-3.23861774869828,-4.30706819898174));
#12957=CARTESIAN_POINT('',(-3.82955159827575,-3.15943903946257,-4.30706819898174));
#12958=CARTESIAN_POINT('',(-3.4009596301383,-4.06617416652002,-4.30706819898174));
#12959=CARTESIAN_POINT('',(-3.4009596301383,-4.06617416652002,-4.30706819898174));
#12960=CARTESIAN_POINT('',(-3.75383746184121,-4.23297106220491,-4.30706819898174));
#12961=CARTESIAN_POINT('',(-3.36352480701503,-4.23297106220491,-4.30706819898174));
#12962=CARTESIAN_POINT('',(-3.36352480701503,-4.23297106220491,-4.30706819898174));
#12963=CARTESIAN_POINT('',(-3.36352480701502,-4.29043015020976,-4.30706819898174));
#12964=CARTESIAN_POINT('',(-3.503821112542,-4.29043015020976,-4.30706819898174));
#12965=CARTESIAN_POINT('',(-24.5001088948177,-4.71278980101762,-3.89381002257104));
#12966=CARTESIAN_POINT('',(-5.85,-4.35892834890151,-4.10726819898174));
#12967=CARTESIAN_POINT('',(-5.85,-4.37929892524587,-4.14103763263318));
#12968=CARTESIAN_POINT('',(-5.8418534623181,-4.40353498731923,-4.17044697392903));
#12969=CARTESIAN_POINT('',(-5.8292947643326,-4.43072645573674,-4.19584079851823));
#12970=CARTESIAN_POINT('',(-5.44500000000001,-4.71278980101762,-3.89381002257104));
#12971=CARTESIAN_POINT('',(-24.5001088948177,4.71278980101762,-3.89381002257104));
#12972=CARTESIAN_POINT('',(-5.8292947643326,4.43072645573674,-4.19584079851823));
#12973=CARTESIAN_POINT('',(-5.84183515846047,4.40357461792165,-4.17048398452923));
#12974=CARTESIAN_POINT('',(-5.85,4.3792600543329,-4.14097319416593));
#12975=CARTESIAN_POINT('',(-5.85,4.35892834890151,-4.10726819898174));
#12976=CARTESIAN_POINT('',(-5.44500000000001,4.71278980101762,-3.89381002257104));
#12977=CARTESIAN_POINT('',(-24.5001088948177,2.77127246468224,-3.89381002257104));
#12978=CARTESIAN_POINT('',(-5.85,3.12513391679835,-4.10726819898174));
#12979=CARTESIAN_POINT('',(-5.85,3.10476334045399,-4.14103763263318));
#12980=CARTESIAN_POINT('',(-5.8418534623181,3.08052727838063,-4.17044697392903));
#12981=CARTESIAN_POINT('',(-5.8292947643326,3.05333580996312,-4.19584079851823));
#12982=CARTESIAN_POINT('',(-5.44500000000001,2.77127246468224,-3.89381002257104));
#12983=CARTESIAN_POINT('',(-24.5001088948177,-2.77127246468224,-3.89381002257104));
#12984=CARTESIAN_POINT('',(-5.8292947643326,-3.05333580996312,-4.19584079851823));
#12985=CARTESIAN_POINT('',(-5.84183515846047,-3.08048764777821,-4.17048398452923));
#12986=CARTESIAN_POINT('',(-5.85,-3.10480221136696,-4.14097319416593));
#12987=CARTESIAN_POINT('',(-5.85,-3.12513391679835,-4.10726819898174));
#12988=CARTESIAN_POINT('',(-5.44500000000001,-2.77127246468224,-3.89381002257104));
#12989=CARTESIAN_POINT('',(-24.5001088948177,-4.71278980101762,-3.89381002257104));
#12990=CARTESIAN_POINT('',(5.8292947643326,-4.43072645573674,-4.19584079851823));
#12991=CARTESIAN_POINT('',(5.84183515846047,-4.40357461792165,-4.17048398452923));
#12992=CARTESIAN_POINT('',(5.85,-4.3792600543329,-4.14097319416593));
#12993=CARTESIAN_POINT('',(5.85,-4.35892834890151,-4.10726819898174));
#12994=CARTESIAN_POINT('',(5.44500000000001,-4.71278980101762,-3.89381002257104));
#12995=CARTESIAN_POINT('',(-24.5001088948177,4.71278980101762,-3.89381002257104));
#12996=CARTESIAN_POINT('',(5.85,4.35892834890151,-4.10726819898174));
#12997=CARTESIAN_POINT('',(5.85,4.37929892524587,-4.14103763263318));
#12998=CARTESIAN_POINT('',(5.84185346231811,4.40353498731923,-4.17044697392903));
#12999=CARTESIAN_POINT('',(5.8292947643326,4.43072645573674,-4.19584079851823));
#13000=CARTESIAN_POINT('',(5.44500000000001,4.71278980101762,-3.89381002257104));
#13001=CARTESIAN_POINT('',(-24.5001088948177,2.77127246468224,-3.89381002257104));
#13002=CARTESIAN_POINT('',(5.8292947643326,3.05333580996312,-4.19584079851823));
#13003=CARTESIAN_POINT('',(5.84183515846047,3.08048764777821,-4.17048398452923));
#13004=CARTESIAN_POINT('',(5.85,3.10480221136696,-4.14097319416593));
#13005=CARTESIAN_POINT('',(5.85,3.12513391679835,-4.10726819898174));
#13006=CARTESIAN_POINT('',(5.44500000000001,2.77127246468224,-3.89381002257104));
#13007=CARTESIAN_POINT('',(-24.5001088948177,-2.77127246468224,-3.89381002257104));
#13008=CARTESIAN_POINT('',(5.85,-3.12513391679835,-4.10726819898174));
#13009=CARTESIAN_POINT('',(5.85,-3.10476334045399,-4.14103763263318));
#13010=CARTESIAN_POINT('',(5.84185346231811,-3.08052727838063,-4.17044697392903));
#13011=CARTESIAN_POINT('',(5.8292947643326,-3.05333580996312,-4.19584079851823));
#13012=CARTESIAN_POINT('',(5.44500000000001,-2.77127246468224,-3.89381002257104));
#13013=CARTESIAN_POINT('',(-6.05,1.80434388197207,-2.38537538242662));
#13014=CARTESIAN_POINT('',(-6.05,2.33834388197207,-2.41860982295151));
#13015=CARTESIAN_POINT('',(-6.05,2.33834388197207,-2.41860982295151));
#13016=CARTESIAN_POINT('',(-6.05,1.80434388197207,-2.41860982295151));
#13017=CARTESIAN_POINT('',(-6.05,1.80434388197207,-2.95260982295151));
#13018=CARTESIAN_POINT('',(-6.05,-1.8150041232554,-2.95260982295151));
#13019=CARTESIAN_POINT('',(-6.05,-1.8150041232554,-2.95260982295151));
#13020=CARTESIAN_POINT('',(-6.05,-1.8150041232554,-2.42927006423484));
#13021=CARTESIAN_POINT('',(-6.05,-2.33834388197207,-2.42927006423484));
#13022=CARTESIAN_POINT('',(-6.05,-2.33834388197207,-2.38537538242662));
#13023=CARTESIAN_POINT('',(-5.83399999999999,-1.80434388197207,-2.38537538242662));
#13024=CARTESIAN_POINT('',(-5.83399999999999,-1.80434388197207,-1.85137538242662));
#13025=CARTESIAN_POINT('',(-5.83399999999999,-2.33834388197207,-2.42927006423484));
#13026=CARTESIAN_POINT('',(-5.83399999999999,-2.33834388197207,-2.42927006423484));
#13027=CARTESIAN_POINT('',(-5.83399999999999,-1.80434388197207,-1.85137538242662));
#13028=CARTESIAN_POINT('',(-5.83399999999999,1.80434388197207,-1.85137538242662));
#13029=CARTESIAN_POINT('',(-5.83399999999999,-1.8150041232554,-2.42927006423484));
#13030=CARTESIAN_POINT('',(-5.83399999999999,-1.8150041232554,-2.95260982295151));
#13031=CARTESIAN_POINT('',(-5.83399999999999,1.80434388197207,-2.38537538242662));
#13032=CARTESIAN_POINT('',(-5.83399999999999,1.80434388197207,-2.95260982295151));
#13033=CARTESIAN_POINT('',(-5.83399999999999,1.80434388197207,-2.95260982295151));
#13034=CARTESIAN_POINT('',(-5.83399999999999,2.33834388197207,-2.38537538242662));
#13035=CARTESIAN_POINT('',(-5.83399999999999,2.33834388197207,-2.41860982295151));
#13036=CARTESIAN_POINT('',(-5.83399999999999,1.80434388197207,-2.41860982295151));
#13037=CARTESIAN_POINT('',(0.,0.,-4.1));
#13038=CARTESIAN_POINT('',(5.958,-0.999999999999986,-4.1));
#13039=CARTESIAN_POINT('',(7.5,-1.,-4.1));
#13040=CARTESIAN_POINT('',(7.5,-1.,-4.1));
#13041=CARTESIAN_POINT('',(0.,0.,-4.1));
#13042=CARTESIAN_POINT('',(-5.958,0.,-4.1));
#13043=CARTESIAN_POINT('',(-7.5,-1.,-4.1));
#13044=CARTESIAN_POINT('',(-7.5,-1.,-4.1));
#13045=CARTESIAN_POINT('',(5.90940000000001,0.,-4.0356));
#13046=CARTESIAN_POINT('',(-5.90940000000001,0.,-4.0356));
#13047=CARTESIAN_POINT('',(5.958,0.,-3.992));
#13048=CARTESIAN_POINT('',(-5.958,6.,-3.992));
#13049=CARTESIAN_POINT('',(-5.445,4.43072645573674,-3.91330251982662));
#13050=CARTESIAN_POINT('',(-5.445,4.43072645573674,-3.91330251982662));
#13051=CARTESIAN_POINT('',(-5.445,4.43072645573674,-3.91330251982662));
#13052=CARTESIAN_POINT('',(-5.445,4.43072645573674,-3.91330251982662));
#13053=CARTESIAN_POINT('',(-3.503821112542,4.29043015020976,-3.91330251982662));
#13054=CARTESIAN_POINT('',(-3.503821112542,4.29043015020976,-3.91330251982662));
#13055=CARTESIAN_POINT('',(-3.36352480701502,4.29043015020977,-3.91330251982662));
#13056=CARTESIAN_POINT('',(-3.99706317645835,3.23861774869829,-3.91330251982662));
#13057=CARTESIAN_POINT('',(-3.82955159827575,3.15943903946258,-3.91330251982662));
#13058=CARTESIAN_POINT('',(-3.4009596301383,4.06617416652002,-3.91330251982662));
#13059=CARTESIAN_POINT('',(-3.4009596301383,4.06617416652002,-3.91330251982662));
#13060=CARTESIAN_POINT('',(-3.75383746184121,4.23297106220492,-3.91330251982662));
#13061=CARTESIAN_POINT('',(-3.36352480701502,4.23297106220492,-3.91330251982662));
#13062=CARTESIAN_POINT('',(-3.36352480701502,4.23297106220492,-3.91330251982662));
#13063=CARTESIAN_POINT('',(-3.503821112542,4.29043015020976,-3.91330251982662));
#13064=CARTESIAN_POINT('',(-3.36352480701502,4.29043015020977,-3.91330251982662));
#13065=CARTESIAN_POINT('',(-3.99706317645835,3.23861774869829,-3.91330251982662));
#13066=CARTESIAN_POINT('',(-3.82955159827575,3.15943903946258,-3.91330251982662));
#13067=CARTESIAN_POINT('',(-3.4009596301383,4.06617416652002,-3.91330251982662));
#13068=CARTESIAN_POINT('',(-3.4009596301383,4.06617416652002,-3.91330251982662));
#13069=CARTESIAN_POINT('',(-3.75383746184121,4.23297106220492,-3.91330251982662));
#13070=CARTESIAN_POINT('',(-3.36352480701502,4.23297106220492,-3.91330251982662));
#13071=CARTESIAN_POINT('',(-3.36352480701502,4.23297106220492,-3.91330251982662));
#13072=CARTESIAN_POINT('',(-5.445,-4.43072645573674,-3.91330251982662));
#13073=CARTESIAN_POINT('',(-5.445,-4.43072645573674,-3.91330251982662));
#13074=CARTESIAN_POINT('',(-3.503821112542,-4.29043015020976,-3.91330251982662));
#13075=CARTESIAN_POINT('',(-3.36352480701503,-4.23297106220491,-3.91330251982662));
#13076=CARTESIAN_POINT('',(-3.36352480701503,-4.23297106220491,-3.91330251982662));
#13077=CARTESIAN_POINT('',(-3.36352480701502,-4.29043015020976,-3.91330251982662));
#13078=CARTESIAN_POINT('',(-3.75383746184121,-4.23297106220491,-3.91330251982662));
#13079=CARTESIAN_POINT('',(-3.4009596301383,-4.06617416652002,-3.91330251982662));
#13080=CARTESIAN_POINT('',(-3.4009596301383,-4.06617416652002,-3.91330251982662));
#13081=CARTESIAN_POINT('',(-3.82955159827575,-3.15943903946257,-3.91330251982662));
#13082=CARTESIAN_POINT('',(-3.99706317645835,-3.23861774869828,-3.91330251982662));
#13083=CARTESIAN_POINT('',(-5.445,-4.43072645573674,-3.91330251982662));
#13084=CARTESIAN_POINT('',(-3.503821112542,-4.29043015020976,-3.91330251982662));
#13085=CARTESIAN_POINT('',(-3.36352480701503,-4.23297106220491,-3.91330251982662));
#13086=CARTESIAN_POINT('',(-3.36352480701503,-4.23297106220491,-3.91330251982662));
#13087=CARTESIAN_POINT('',(-3.36352480701502,-4.29043015020976,-3.91330251982662));
#13088=CARTESIAN_POINT('',(-3.503821112542,-4.29043015020976,-3.91330251982662));
#13089=CARTESIAN_POINT('',(-5.445,-4.43072645573674,-3.91330251982662));
#13090=CARTESIAN_POINT('',(-3.99706317645835,-3.23861774869828,-3.91330251982662));
#13091=CARTESIAN_POINT('',(-3.82955159827575,-3.15943903946257,-3.91330251982662));
#13092=CARTESIAN_POINT('',(-3.4009596301383,-4.06617416652002,-3.91330251982662));
#13093=CARTESIAN_POINT('',(-3.4009596301383,-4.06617416652002,-3.91330251982662));
#13094=CARTESIAN_POINT('',(-3.75383746184121,-4.23297106220491,-3.91330251982662));
#13095=CARTESIAN_POINT('',(5.445,-3.05333580996313,-3.91330251982662));
#13096=CARTESIAN_POINT('',(5.445,-3.05333580996313,-3.91330251982662));
#13097=CARTESIAN_POINT('',(3.75383746184121,-4.23297106220491,-3.91330251982662));
#13098=CARTESIAN_POINT('',(3.36352480701502,-4.23297106220491,-3.91330251982662));
#13099=CARTESIAN_POINT('',(3.36352480701502,-4.29043015020976,-3.91330251982662));
#13100=CARTESIAN_POINT('',(3.36352480701502,-4.23297106220491,-3.91330251982662));
#13101=CARTESIAN_POINT('',(3.503821112542,-4.29043015020976,-3.91330251982662));
#13102=CARTESIAN_POINT('',(5.445,-3.05333580996313,-3.91330251982662));
#13103=CARTESIAN_POINT('',(3.99706317645835,-3.23861774869828,-3.91330251982662));
#13104=CARTESIAN_POINT('',(3.82955159827575,-3.15943903946257,-3.91330251982662));
#13105=CARTESIAN_POINT('',(3.4009596301383,-4.06617416652002,-3.91330251982662));
#13106=CARTESIAN_POINT('',(3.4009596301383,-4.06617416652002,-3.91330251982662));
#13107=CARTESIAN_POINT('',(3.75383746184121,-4.23297106220491,-3.91330251982662));
#13108=CARTESIAN_POINT('',(3.75383746184121,-4.23297106220491,-3.91330251982662));
#13109=CARTESIAN_POINT('',(3.36352480701502,-4.23297106220491,-3.91330251982662));
#13110=CARTESIAN_POINT('',(3.4009596301383,-4.06617416652002,-3.91330251982662));
#13111=CARTESIAN_POINT('',(3.4009596301383,-4.06617416652002,-3.91330251982662));
#13112=CARTESIAN_POINT('',(3.82955159827575,-3.15943903946257,-3.91330251982662));
#13113=CARTESIAN_POINT('',(3.99706317645835,-3.23861774869828,-3.91330251982662));
#13114=CARTESIAN_POINT('',(5.445,-3.05333580996313,-3.91330251982662));
#13115=CARTESIAN_POINT('',(3.503821112542,-4.29043015020976,-3.91330251982662));
#13116=CARTESIAN_POINT('',(3.36352480701502,-4.29043015020976,-3.91330251982662));
#13117=CARTESIAN_POINT('',(3.36352480701502,-4.23297106220491,-3.91330251982662));
#13118=CARTESIAN_POINT('',(5.445,3.05333580996313,-3.91330251982662));
#13119=CARTESIAN_POINT('',(5.445,3.05333580996313,-3.91330251982662));
#13120=CARTESIAN_POINT('',(3.503821112542,4.29043015020976,-3.91330251982662));
#13121=CARTESIAN_POINT('',(3.36352480701502,4.23297106220492,-3.91330251982662));
#13122=CARTESIAN_POINT('',(3.36352480701502,4.23297106220492,-3.91330251982662));
#13123=CARTESIAN_POINT('',(3.36352480701502,4.29043015020976,-3.91330251982662));
#13124=CARTESIAN_POINT('',(3.75383746184121,4.23297106220492,-3.91330251982662));
#13125=CARTESIAN_POINT('',(3.4009596301383,4.06617416652002,-3.91330251982662));
#13126=CARTESIAN_POINT('',(3.4009596301383,4.06617416652002,-3.91330251982662));
#13127=CARTESIAN_POINT('',(3.82955159827575,3.15943903946258,-3.91330251982662));
#13128=CARTESIAN_POINT('',(3.99706317645835,3.23861774869829,-3.91330251982662));
#13129=CARTESIAN_POINT('',(5.445,3.05333580996313,-3.91330251982662));
#13130=CARTESIAN_POINT('',(3.503821112542,4.29043015020976,-3.91330251982662));
#13131=CARTESIAN_POINT('',(3.36352480701502,4.23297106220492,-3.91330251982662));
#13132=CARTESIAN_POINT('',(3.36352480701502,4.23297106220492,-3.91330251982662));
#13133=CARTESIAN_POINT('',(3.36352480701502,4.29043015020976,-3.91330251982662));
#13134=CARTESIAN_POINT('',(3.503821112542,4.29043015020976,-3.91330251982662));
#13135=CARTESIAN_POINT('',(5.445,3.05333580996313,-3.91330251982662));
#13136=CARTESIAN_POINT('',(3.99706317645835,3.23861774869829,-3.91330251982662));
#13137=CARTESIAN_POINT('',(3.82955159827575,3.15943903946258,-3.91330251982662));
#13138=CARTESIAN_POINT('',(3.4009596301383,4.06617416652002,-3.91330251982662));
#13139=CARTESIAN_POINT('',(3.4009596301383,4.06617416652002,-3.91330251982662));
#13140=CARTESIAN_POINT('',(3.75383746184121,4.23297106220492,-3.91330251982662));
#13141=CARTESIAN_POINT('',(-5.65019999999999,-2.2711990325283,-4.10726819898174));
#13142=CARTESIAN_POINT('',(5.6502,-6.,-4.10726819898174));
#13143=CARTESIAN_POINT('',(5.6502,-2.2711990325283,-4.10726819898174));
#13144=CARTESIAN_POINT('',(-5.65019999999999,6.,-4.10726819898174));
#13145=MECHANICAL_DESIGN_GEOMETRIC_PRESENTATION_REPRESENTATION('',(#6435,
#6436,#6437,#6438,#6439,#6440,#6441,#6442,#6443,#6444,#6445,#6446,#6447,
#6448,#6449,#6450,#6451,#6452,#6453,#6454,#6455,#6456,#6457,#6458,#6459,
#6460,#6461,#6462,#6463,#6464,#6465,#6466,#6467,#6468,#6469,#6470,#6471,
#6472,#6473,#6474,#6475,#6476,#6477,#6478,#6479,#6480,#6481,#6482,#6483,
#6484,#6485,#6486,#6487,#6488,#6489,#6490,#6491,#6492,#6493,#6494,#6495,
#6496,#6497,#6498,#6499,#6500,#6501,#6502,#6503,#6504,#6505,#6506,#6507,
#6508,#6509,#6510,#6511,#6512,#6513,#6514,#6515,#6516,#6517,#6518,#6519,
#6520,#6521,#6522,#6523,#6524,#6525,#6526,#6527,#6528,#6529,#6530,#6531,
#6532,#6533,#6534,#6535,#6536,#6537,#6538,#6539,#6540,#6541,#6542,#6543,
#6544,#6545,#6546,#6547,#6548,#6549,#6550,#6551,#6552,#6553,#6554,#6555,
#6556,#6557,#6558,#6559,#6560,#6561,#6562,#6563,#6564,#6565,#6566,#6567,
#6568,#6569,#6570,#6571,#6572,#6573,#6574,#6575,#6576,#6577,#6578,#6579,
#6580,#6581,#6582,#6583,#6584,#6585,#6586,#6587,#6588,#6589,#6590,#6591,
#6592,#6593,#6594,#6595,#6596,#6597,#6598,#6599,#6600,#6601,#6602,#6603,
#6604,#6605,#6606,#6607,#6608,#6609,#6610,#6611,#6612,#6613,#6614,#6615,
#6616,#6617,#6618,#6619,#6620,#6621,#6622,#6623,#6624,#6625,#6626,#6627,
#6628,#6629,#6630,#6631,#6632,#6633,#6634,#6635,#6636,#6637,#6638,#6639,
#6640,#6641,#6642,#6643,#6644,#6645,#6646,#6647,#6648,#6649,#6650,#6651,
#6652,#6653,#6654,#6655,#6656,#6657,#6658),#13146);
#13146=(
GEOMETRIC_REPRESENTATION_CONTEXT(3)
GLOBAL_UNCERTAINTY_ASSIGNED_CONTEXT((#13147))
GLOBAL_UNIT_ASSIGNED_CONTEXT((#13150,#13149,#13148))
REPRESENTATION_CONTEXT('RIC11-31S10K2-GSMT','TOP_LEVEL_ASSEMBLY_PART')
);
#13147=UNCERTAINTY_MEASURE_WITH_UNIT(LENGTH_MEASURE(0.005),#13150,
'DISTANCE_ACCURACY_VALUE','Maximum Tolerance applied to model');
#13148=(
NAMED_UNIT(*)
SI_UNIT($,.STERADIAN.)
SOLID_ANGLE_UNIT()
);
#13149=(
NAMED_UNIT(*)
PLANE_ANGLE_UNIT()
SI_UNIT($,.RADIAN.)
);
#13150=(
LENGTH_UNIT()
NAMED_UNIT(*)
SI_UNIT(.MILLI.,.METRE.)
);
#13151=PRODUCT_DEFINITION_SHAPE('','',#13152);
#13152=PRODUCT_DEFINITION('','',#13154,#13153);
#13153=PRODUCT_DEFINITION_CONTEXT('',#13160,'design');
#13154=PRODUCT_DEFINITION_FORMATION_WITH_SPECIFIED_SOURCE('','',#13156,
 .NOT_KNOWN.);
#13155=PRODUCT_RELATED_PRODUCT_CATEGORY('','',(#13156));
#13156=PRODUCT('RIC11-31S10K2-GSMT','RIC11-31S10K2-GSMT',
'RIC11-31S10K2-GSMT',(#13158));
#13157=PRODUCT_CATEGORY('','');
#13158=PRODUCT_CONTEXT('',#13160,'mechanical');
#13159=APPLICATION_PROTOCOL_DEFINITION('international standard',
'automotive_design',2010,#13160);
#13160=APPLICATION_CONTEXT(
'core data for automotive mechanical design processes');
ENDSEC;
END-ISO-10303-21;
