ISO-10303-21;
HEADER;
FILE_DESCRIPTION (( 'STEP AP214' ),
    '1' );
FILE_NAME ('IS_MPLCV_0654(3126)_L7.9W7.1T5.4.STEP',
    '2020-05-14T00:25:37',
    ( '' ),
    ( '' ),
    'SwSTEP 2.0',
    'SolidWorks 2014',
    '' );
FILE_SCHEMA (( 'AUTOMOTIVE_DESIGN' ));
ENDSEC;

DATA;
#1 = LINE ( 'NONE', #934, #656 ) ;
#2 = VECTOR ( 'NONE', #2879, 1000.000000000000200 ) ;
#3 = ORIENTED_EDGE ( 'NONE', *, *, #1939, .T. ) ;
#4 = SURFACE_STYLE_USAGE ( .BOTH. , #2946 ) ;
#5 = DIRECTION ( 'NONE',  ( -1.000000000000000000, 0.0000000000000000000, 0.0000000000000000000 ) ) ;
#6 = LINE ( 'NONE', #4532, #2863 ) ;
#7 = LINE ( 'NONE', #4528, #3853 ) ;
#8 = CARTESIAN_POINT ( 'NONE',  ( 2.111010162719252100, 5.400000000000000400, 0.3229061631450061400 ) ) ;
#9 = DIRECTION ( 'NONE',  ( -1.000000000000000000, 0.0000000000000000000, 2.465190328815661900E-032 ) ) ;
#11 = ORIENTED_EDGE ( 'NONE', *, *, #2491, .F. ) ;
#10 = PRESENTATION_STYLE_ASSIGNMENT (( #936 ) ) ;
#12 = AXIS2_PLACEMENT_3D ( 'NONE', #4147, #450, #3032 ) ;
#13 = ORIENTED_EDGE ( 'NONE', *, *, #4662, .F. ) ;
#14 = VERTEX_POINT ( 'NONE', #2331 ) ;
#15 = EDGE_CURVE ( 'NONE', #2144, #4039, #3735, .T. ) ;
#16 = COLOUR_RGB ( '',0.8980392156862745400, 0.9215686274509803400, 0.9294117647058823800 ) ;
#17 = VECTOR ( 'NONE', #2357, 1000.000000000000000 ) ;
#18 = SURFACE_STYLE_USAGE ( .BOTH. , #4154 ) ;
#19 = VERTEX_POINT ( 'NONE', #1610 ) ;
#20 = CARTESIAN_POINT ( 'NONE',  ( 6.336332184114900700, 3.592192050598437300, -3.759903086752308900 ) ) ;
#21 = DIRECTION ( 'NONE',  ( -1.000000000000000000, 0.0000000000000000000, 0.0000000000000000000 ) ) ;
#22 = VECTOR ( 'NONE', #244, 1000.000000000000000 ) ;
#23 = ORIENTED_EDGE ( 'NONE', *, *, #2315, .T. ) ;
#24 = VERTEX_POINT ( 'NONE', #1983 ) ;
#25 =( GEOMETRIC_REPRESENTATION_CONTEXT ( 3 ) GLOBAL_UNCERTAINTY_ASSIGNED_CONTEXT ( ( #146 ) ) GLOBAL_UNIT_ASSIGNED_CONTEXT ( ( #1015, #4375, #4310 ) ) REPRESENTATION_CONTEXT ( 'NONE', 'WORKASPACE' ) );
#26 = LINE ( 'NONE', #3457, #3874 ) ;
#27 = DIRECTION ( 'NONE',  ( 1.000000000000000000, 0.0000000000000000000, 0.0000000000000000000 ) ) ;
#28 = FACE_OUTER_BOUND ( 'NONE', #2157, .T. ) ;
#29 = DIRECTION ( 'NONE',  ( 0.0000000000000000000, 0.0000000000000000000, -1.000000000000000000 ) ) ;
#30 = EDGE_CURVE ( 'NONE', #2116, #2233, #2234, .T. ) ;
#31 = CIRCLE ( 'NONE', #4244, 0.1499999999999999700 ) ;
#32 = CARTESIAN_POINT ( 'NONE',  ( 3.275485935262683100, 5.400000000000000400, -2.982741098268310700 ) ) ;
#33 = LINE ( 'NONE', #3371, #4750 ) ;
#34 = CARTESIAN_POINT ( 'NONE',  ( 6.257487020181726800, 3.464214845810474700, -3.844392158992839800 ) ) ;
#35 = ORIENTED_EDGE ( 'NONE', *, *, #705, .F. ) ;
#36 = CARTESIAN_POINT ( 'NONE',  ( 6.159489662753302700, 0.1000000000000000100, -5.442037603657841100 ) ) ;
#37 = VECTOR ( 'NONE', #925, 1000.000000000000100 ) ;
#38 = PLANE ( 'NONE',  #1421 ) ;
#39 = CARTESIAN_POINT ( 'NONE',  ( 2.280473191349524000, 5.405000000000000200, -3.590874150936058200 ) ) ;
#40 =( NAMED_UNIT ( * ) PLANE_ANGLE_UNIT ( ) SI_UNIT ( $, .RADIAN. ) );
#41 =( LENGTH_UNIT ( ) NAMED_UNIT ( * ) SI_UNIT ( .MILLI., .METRE. ) );
#42 = CARTESIAN_POINT ( 'NONE',  ( 3.382941362698836500, 5.405000000000000200, -3.359212844580303300 ) ) ;
#43 = CARTESIAN_POINT ( 'NONE',  ( -1.432673481685627900, 3.477047873583785100, -3.823056339637389100 ) ) ;
#44 = DIRECTION ( 'NONE',  ( -0.0000000000000000000, -1.000000000000000000, -0.0000000000000000000 ) ) ;
#45 = EDGE_CURVE ( 'NONE', #262, #2975, #4790, .T. ) ;
#46 = CARTESIAN_POINT ( 'NONE',  ( 3.429962027637210000, 5.405000000000000200, -3.520805435344759500 ) ) ;
#47 =( NAMED_UNIT ( * ) SI_UNIT ( $, .STERADIAN. ) SOLID_ANGLE_UNIT ( ) );
#48 = FILL_AREA_STYLE_COLOUR ( '', #3043 ) ;
#49 = CARTESIAN_POINT ( 'NONE',  ( 3.755772969893660400, 5.405000000000000200, -3.359212844580303300 ) ) ;
#50 = AXIS2_PLACEMENT_3D ( 'NONE', #993, #638, #3592 ) ;
#51 = ORIENTED_EDGE ( 'NONE', *, *, #2980, .F. ) ;
#52 = ORIENTED_EDGE ( 'NONE', *, *, #2560, .F. ) ;
#53 = LINE ( 'NONE', #4208, #3413 ) ;
#54 = SURFACE_STYLE_USAGE ( .BOTH. , #1145 ) ;
#55 = EDGE_CURVE ( 'NONE', #24, #4386, #1123, .T. ) ;
#56 =( LENGTH_UNIT ( ) NAMED_UNIT ( * ) SI_UNIT ( .MILLI., .METRE. ) );
#57 = DIRECTION ( 'NONE',  ( 0.0000000000000000000, -1.000000000000000000, -0.0000000000000000000 ) ) ;
#58 = DIRECTION ( 'NONE',  ( 0.0000000000000000000, -1.000000000000000000, 0.0000000000000000000 ) ) ;
#59 = COLOUR_RGB ( '',0.8980392156862745400, 0.9215686274509803400, 0.9294117647058823800 ) ;
#60 = VERTEX_POINT ( 'NONE', #4186 ) ;
#61 = AXIS2_PLACEMENT_3D ( 'NONE', #3354, #4121, #2666 ) ;
#62 = LINE ( 'NONE', #399, #4820 ) ;
#63 = EDGE_LOOP ( 'NONE', ( #1822, #1110, #2669, #907, #1473, #3020, #2870 ) ) ;
#64 = CARTESIAN_POINT ( 'NONE',  ( 2.470912718707049200, 5.405000000000000200, -3.686201945071338100 ) ) ;
#65 = LINE ( 'NONE', #4749, #2395 ) ;
#66 = VECTOR ( 'NONE', #121, 1000.000000000000000 ) ;
#67 = DIRECTION ( 'NONE',  ( -0.4443210308329222900, 0.0000000000000000000, 0.8958676361826948300 ) ) ;
#68 =( NAMED_UNIT ( * ) SI_UNIT ( $, .STERADIAN. ) SOLID_ANGLE_UNIT ( ) );
#69 =( NAMED_UNIT ( * ) PLANE_ANGLE_UNIT ( ) SI_UNIT ( $, .RADIAN. ) );
#70 = ORIENTED_EDGE ( 'NONE', *, *, #278, .F. ) ;
#71 =( NAMED_UNIT ( * ) PLANE_ANGLE_UNIT ( ) SI_UNIT ( $, .RADIAN. ) );
#72 = DIRECTION ( 'NONE',  ( -0.7145695586382637700, 0.0000000000000000000, 0.6995643972269577300 ) ) ;
#73 = CARTESIAN_POINT ( 'NONE',  ( 6.230874624234481000, 3.495063602825175600, -4.017315112144894200 ) ) ;
#74 = PRESENTATION_LAYER_ASSIGNMENT (  '', '', ( #2310 ) ) ;
#76 = ORIENTED_EDGE ( 'NONE', *, *, #284, .T. ) ;
#75 = PRESENTATION_STYLE_ASSIGNMENT (( #1245 ) ) ;
#77 = CARTESIAN_POINT ( 'NONE',  ( -1.440510337246696700, 3.449640000000000500, -5.259758836854994800 ) ) ;
#78 = ORIENTED_EDGE ( 'NONE', *, *, #3115, .F. ) ;
#79 = SURFACE_STYLE_FILL_AREA ( #294 ) ;
#80 = ORIENTED_EDGE ( 'NONE', *, *, #4593, .F. ) ;
#81 = ORIENTED_EDGE ( 'NONE', *, *, #3641, .T. ) ;
#82 = VERTEX_POINT ( 'NONE', #4592 ) ;
#83 = FILL_AREA_STYLE_COLOUR ( '', #2347 ) ;
#84 = EDGE_CURVE ( 'NONE', #4372, #2002, #3863, .T. ) ;
#85 = LINE ( 'NONE', #3490, #2580 ) ;
#86 = FACE_OUTER_BOUND ( 'NONE', #3834, .T. ) ;
#87 = FILL_AREA_STYLE ('',( #48 ) ) ;
#88 = DIRECTION ( 'NONE',  ( 0.0000000000000000000, -1.000000000000000000, 0.0000000000000000000 ) ) ;
#89 = DIRECTION ( 'NONE',  ( 0.0000000000000000000, -1.000000000000000000, -0.0000000000000000000 ) ) ;
#90 = LINE ( 'NONE', #1495, #4696 ) ;
#91 = EDGE_CURVE ( 'NONE', #1070, #4603, #2574, .T. ) ;
#92 = STYLED_ITEM ( 'NONE', ( #4766 ), #4012 ) ;
#93 = CARTESIAN_POINT ( 'NONE',  ( -1.540510337246696400, 0.05000000000000100200, -5.259758836854994800 ) ) ;
#94 = CARTESIAN_POINT ( 'NONE',  ( -1.530171863366555800, 3.580086072749104600, -3.761038818266148300 ) ) ;
#95 = PRESENTATION_STYLE_ASSIGNMENT (( #1156 ) ) ;
#96 = CARTESIAN_POINT ( 'NONE',  ( -1.540510337246696400, -5.521864977630730200E-017, -2.559758836854994200 ) ) ;
#97 = ORIENTED_EDGE ( 'NONE', *, *, #339, .F. ) ;
#98 = EDGE_CURVE ( 'NONE', #4308, #2816, #2406, .T. ) ;
#99 = CARTESIAN_POINT ( 'NONE',  ( 1.909489662753303100, 0.0000000000000000000, 0.3229061631450061400 ) ) ;
#100 =( LENGTH_UNIT ( ) NAMED_UNIT ( * ) SI_UNIT ( .MILLI., .METRE. ) );
#101 =( NAMED_UNIT ( * ) PLANE_ANGLE_UNIT ( ) SI_UNIT ( $, .RADIAN. ) );
#102 = FILL_AREA_STYLE ('',( #804 ) ) ;
#103 = CARTESIAN_POINT ( 'NONE',  ( -0.1405103372466964300, 0.0000000000000000000, -2.559758836854994200 ) ) ;
#104 = DIRECTION ( 'NONE',  ( -0.6995643972269578500, 0.0000000000000000000, -0.7145695586382638800 ) ) ;
#105 = CARTESIAN_POINT ( 'NONE',  ( 6.212783087247676600, 3.499531415645378700, -4.021465019935939200 ) ) ;
#106 = PRESENTATION_LAYER_ASSIGNMENT (  '', '', ( #2196 ) ) ;
#107 = EDGE_CURVE ( 'NONE', #2896, #726, #670, .T. ) ;
#108 = CARTESIAN_POINT ( 'NONE',  ( 0.9496575785984551200, 5.405000000000000200, -3.686201945071338600 ) ) ;
#109 = SURFACE_SIDE_STYLE ('',( #4736 ) ) ;
#110 = EDGE_LOOP ( 'NONE', ( #1251, #1806, #1474, #702 ) ) ;
#111 = CARTESIAN_POINT ( 'NONE',  ( -1.390510337246696900, 0.1500000000000000200, -5.259758836854994800 ) ) ;
#112 = ORIENTED_EDGE ( 'NONE', *, *, #1758, .T. ) ;
#113 =( NAMED_UNIT ( * ) PLANE_ANGLE_UNIT ( ) SI_UNIT ( $, .RADIAN. ) );
#114 = FILL_AREA_STYLE ('',( #1210 ) ) ;
#115 = VERTEX_POINT ( 'NONE', #998 ) ;
#116 = MECHANICAL_DESIGN_GEOMETRIC_PRESENTATION_REPRESENTATION (  '', ( #2602 ), #4616 ) ;
#117 = VERTEX_POINT ( 'NONE', #3969 ) ;
#118 = VECTOR ( 'NONE', #3983, 1000.000000000000100 ) ;
#119 = DIRECTION ( 'NONE',  ( -7.562438100085998600E-017, 0.0000000000000000000, -1.000000000000000000 ) ) ;
#120 = EDGE_CURVE ( 'NONE', #1657, #14, #4627, .T. ) ;
#121 = DIRECTION ( 'NONE',  ( 0.0000000000000000000, 1.000000000000000000, 0.0000000000000000000 ) ) ;
#122 = CARTESIAN_POINT ( 'NONE',  ( -1.440510337246696700, 3.449640000000000500, -3.912733651848326700 ) ) ;
#123 = CARTESIAN_POINT ( 'NONE',  ( 2.468727555777992400, 5.405000000000000200, -2.817423836854994400 ) ) ;
#124 = ORIENTED_EDGE ( 'NONE', *, *, #333, .F. ) ;
#125 = ADVANCED_FACE ( 'NONE', ( #773 ), #352, .F. ) ;
#126 = PRESENTATION_LAYER_ASSIGNMENT (  '', '', ( #478 ) ) ;
#127 = ORIENTED_EDGE ( 'NONE', *, *, #4073, .T. ) ;
#128 = ORIENTED_EDGE ( 'NONE', *, *, #2298, .T. ) ;
#129 = CARTESIAN_POINT ( 'NONE',  ( -1.501768653131307000, 3.598675746248155300, -4.059767133843374500 ) ) ;
#130 = CARTESIAN_POINT ( 'NONE',  ( 2.100930858683645500, 5.405000000000000200, -3.686201945071338100 ) ) ;
#131 = VECTOR ( 'NONE', #4441, 1000.000000000000100 ) ;
#132 = LINE ( 'NONE', #3775, #3976 ) ;
#133 = PRESENTATION_STYLE_ASSIGNMENT (( #2432 ) ) ;
#135 = VERTEX_POINT ( 'NONE', #4430 ) ;
#134 = LINE ( 'NONE', #573, #1416 ) ;
#136 =( LENGTH_UNIT ( ) NAMED_UNIT ( * ) SI_UNIT ( .MILLI., .METRE. ) );
#137 = VERTEX_POINT ( 'NONE', #2927 ) ;
#138 = ORIENTED_EDGE ( 'NONE', *, *, #4102, .F. ) ;
#139 = VECTOR ( 'NONE', #1580, 1000.000000000000000 ) ;
#140 = EDGE_LOOP ( 'NONE', ( #757, #1120, #4632, #2159 ) ) ;
#141 = CARTESIAN_POINT ( 'NONE',  ( -1.340510337246696700, 3.599640000000000400, -2.559758836854994200 ) ) ;
#142 = VERTEX_POINT ( 'NONE', #4214 ) ;
#143 = CARTESIAN_POINT ( 'NONE',  ( -1.537931261334268400, 3.565491055443748000, -3.763697720928496100 ) ) ;
#144 = DIRECTION ( 'NONE',  ( 0.0000000000000000000, -1.000000000000000000, -0.0000000000000000000 ) ) ;
#145 = EDGE_LOOP ( 'NONE', ( #4511, #2633, #23, #4335, #1417, #704, #3539, #3668 ) ) ;
#146 = UNCERTAINTY_MEASURE_WITH_UNIT (LENGTH_MEASURE( 1.000000000000000100E-005 ), #1015, 'distance_accuracy_value', 'NONE');
#147 = SURFACE_SIDE_STYLE ('',( #2744 ) ) ;
#148 = MECHANICAL_DESIGN_GEOMETRIC_PRESENTATION_REPRESENTATION (  '', ( #3713 ), #398 ) ;
#149 = LINE ( 'NONE', #1492, #1131 ) ;
#150 = PLANE ( 'NONE',  #1852 ) ;
#151 = LINE ( 'NONE', #4526, #2826 ) ;
#152 = DIRECTION ( 'NONE',  ( 1.000000000000000000, 0.0000000000000000000, 0.0000000000000000000 ) ) ;
#153 = LINE ( 'NONE', #4257, #4348 ) ;
#154 = CARTESIAN_POINT ( 'NONE',  ( 6.259489662753303200, 3.499640000000000300, -5.259758836854994800 ) ) ;
#155 = PLANE ( 'NONE',  #1077 ) ;
#156 = ADVANCED_FACE ( 'NONE', ( #4693 ), #328, .F. ) ;
#157 = ORIENTED_EDGE ( 'NONE', *, *, #4597, .T. ) ;
#158 =( LENGTH_UNIT ( ) NAMED_UNIT ( * ) SI_UNIT ( .MILLI., .METRE. ) );
#159 = EDGE_CURVE ( 'NONE', #4090, #2475, #433, .T. ) ;
#160 = VECTOR ( 'NONE', #9, 1000.000000000000000 ) ;
#161 = PRESENTATION_LAYER_ASSIGNMENT (  '', '', ( #3233 ) ) ;
#162 = DIRECTION ( 'NONE',  ( 1.000000000000000000, -0.0000000000000000000, 1.512487620017200200E-016 ) ) ;
#163 = CARTESIAN_POINT ( 'NONE',  ( 6.159489662753302700, 0.1000000000000000100, -5.442037603657841100 ) ) ;
#164 = CARTESIAN_POINT ( 'NONE',  ( -1.340510337246696700, 3.599640000000000400, -2.559758836854994200 ) ) ;
#165 = DIRECTION ( 'NONE',  ( 1.000000000000000000, 0.0000000000000000000, -2.465190328815661900E-032 ) ) ;
#166 =( NAMED_UNIT ( * ) SI_UNIT ( $, .STERADIAN. ) SOLID_ANGLE_UNIT ( ) );
#167 = DIRECTION ( 'NONE',  ( -1.000000000000000000, 0.0000000000000000000, 2.465190328815661900E-032 ) ) ;
#168 = FILL_AREA_STYLE ('',( #2452 ) ) ;
#169 = DIRECTION ( 'NONE',  ( 0.0000000000000000000, 0.0000000000000000000, 1.000000000000000000 ) ) ;
#170 = DIRECTION ( 'NONE',  ( -7.562438100085998600E-017, 0.0000000000000000000, -1.000000000000000000 ) ) ;
#171 = UNCERTAINTY_MEASURE_WITH_UNIT (LENGTH_MEASURE( 1.000000000000000100E-005 ), #3934, 'distance_accuracy_value', 'NONE');
#172 = EDGE_CURVE ( 'NONE', #4138, #814, #2755, .T. ) ;
#173 =( GEOMETRIC_REPRESENTATION_CONTEXT ( 3 ) GLOBAL_UNCERTAINTY_ASSIGNED_CONTEXT ( ( #2790 ) ) GLOBAL_UNIT_ASSIGNED_CONTEXT ( ( #4545, #3059, #2317 ) ) REPRESENTATION_CONTEXT ( 'NONE', 'WORKASPACE' ) );
#174 = CARTESIAN_POINT ( 'NONE',  ( -1.340510337246696900, 3.599640000000000400, -5.259758836854994800 ) ) ;
#175 = CARTESIAN_POINT ( 'NONE',  ( -1.428483805717315500, 3.482632057686136500, -4.003789430025134000 ) ) ;
#176 = ORIENTED_EDGE ( 'NONE', *, *, #4597, .F. ) ;
#177 = ADVANCED_FACE ( 'NONE', ( #2514 ), #259, .T. ) ;
#178 = ORIENTED_EDGE ( 'NONE', *, *, #1438, .T. ) ;
#179 = AXIS2_PLACEMENT_3D ( 'NONE', #111, #4634, #908 ) ;
#180 = CARTESIAN_POINT ( 'NONE',  ( -1.517352858608293600, 3.592192050598437700, -4.059614586957679600 ) ) ;
#181 = DIRECTION ( 'NONE',  ( 0.0000000000000000000, 0.0000000000000000000, -1.000000000000000000 ) ) ;
#182 = CARTESIAN_POINT ( 'NONE',  ( -0.1405103372466964300, 0.1000000000000000100, -5.259758836854994800 ) ) ;
#183 = EDGE_LOOP ( 'NONE', ( #1636, #3157, #752, #1007 ) ) ;
#184 = VECTOR ( 'NONE', #1767, 1000.000000000000000 ) ;
#185 = EDGE_LOOP ( 'NONE', ( #4656, #3776, #383, #2924, #1250, #2621, #841, #2288, #497, #1948, #2494 ) ) ;
#186 = PLANE ( 'NONE',  #1850 ) ;
#187 = DIRECTION ( 'NONE',  ( -0.9601763114346042500, 0.0000000000000000000, -0.2793947940814895400 ) ) ;
#188 = FILL_AREA_STYLE_COLOUR ( '', #997 ) ;
#189 = ORIENTED_EDGE ( 'NONE', *, *, #684, .T. ) ;
#190 = LINE ( 'NONE', #1871, #4025 ) ;
#191 = ORIENTED_EDGE ( 'NONE', *, *, #2366, .F. ) ;
#192 = STYLED_ITEM ( 'NONE', ( #960 ), #3239 ) ;
#193 = COLOUR_RGB ( '',0.6509803921568627600, 0.6196078431372549200, 0.5882352941176470800 ) ;
#194 = CARTESIAN_POINT ( 'NONE',  ( 5.824079466128335300, 3.599640000000000400, -3.909758836854994300 ) ) ;
#195 = VECTOR ( 'NONE', #593, 1000.000000000000000 ) ;
#196 = SURFACE_STYLE_FILL_AREA ( #4409 ) ;
#197 = FILL_AREA_STYLE ('',( #4691 ) ) ;
#198 = CARTESIAN_POINT ( 'NONE',  ( -1.390510337246696900, 3.499640000000000300, -4.021562235729983400 ) ) ;
#199 = LINE ( 'NONE', #99, #3672 ) ;
#200 = VERTEX_POINT ( 'NONE', #1897 ) ;
#201 = DIRECTION ( 'NONE',  ( -0.0000000000000000000, 1.000000000000000000, 0.0000000000000000000 ) ) ;
#202 = VECTOR ( 'NONE', #1847, 1000.000000000000000 ) ;
#204 = ORIENTED_EDGE ( 'NONE', *, *, #1792, .T. ) ;
#203 = COLOUR_RGB ( '',0.8980392156862745400, 0.9215686274509803400, 0.9294117647058823800 ) ;
#205 = PRESENTATION_STYLE_ASSIGNMENT (( #1337 ) ) ;
#206 = ORIENTED_EDGE ( 'NONE', *, *, #2456, .F. ) ;
#207 = ORIENTED_EDGE ( 'NONE', *, *, #2925, .F. ) ;
#208 = ORIENTED_EDGE ( 'NONE', *, *, #1620, .T. ) ;
#209 = DIRECTION ( 'NONE',  ( -2.465190328815661900E-032, 0.0000000000000000000, -1.000000000000000000 ) ) ;
#210 = DIRECTION ( 'NONE',  ( 0.9610853065513903500, 0.0000000000000000000, 0.2762517575166175700 ) ) ;
#211 = ADVANCED_FACE ( 'NONE', ( #2972 ), #2686, .F. ) ;
#212 = CARTESIAN_POINT ( 'NONE',  ( 2.981147139190194900, 5.400000000000000400, -2.817423836854994400 ) ) ;
#213 = LINE ( 'NONE', #4452, #3743 ) ;
#214 = VECTOR ( 'NONE', #559, 1000.000000000000000 ) ;
#215 = VECTOR ( 'NONE', #2222, 1000.000000000000000 ) ;
#216 = DIRECTION ( 'NONE',  ( -0.0000000000000000000, -0.0000000000000000000, -1.000000000000000000 ) ) ;
#217 = DIRECTION ( 'NONE',  ( -1.000000000000000000, 0.0000000000000000000, -0.0000000000000000000 ) ) ;
#218 = EDGE_CURVE ( 'NONE', #3382, #4020, #3431, .T. ) ;
#219 = DIRECTION ( 'NONE',  ( 1.000000000000000000, 0.0000000000000000000, -2.465190328815661900E-032 ) ) ;
#220 = DIRECTION ( 'NONE',  ( 0.0000000000000000000, -0.0000000000000000000, 1.000000000000000000 ) ) ;
#221 = VECTOR ( 'NONE', #3046, 1000.000000000000000 ) ;
#222 = LINE ( 'NONE', #3022, #3944 ) ;
#223 = DIRECTION ( 'NONE',  ( -1.000000000000000000, 0.0000000000000000000, 2.465190328815661900E-032 ) ) ;
#224 = LINE ( 'NONE', #1912, #160 ) ;
#225 = DIRECTION ( 'NONE',  ( 0.0000000000000000000, -1.000000000000000000, -0.0000000000000000000 ) ) ;
#226 = CARTESIAN_POINT ( 'NONE',  ( 4.577490409989048100, 5.405000000000000200, -3.518438160091719600 ) ) ;
#227 = CARTESIAN_POINT ( 'NONE',  ( -1.340510337246697100, 0.0000000000000000000, -5.442037603657841100 ) ) ;
#228 = EDGE_CURVE ( 'NONE', #2172, #1070, #3314, .T. ) ;
#229 = STYLED_ITEM ( 'NONE', ( #1230 ), #4295 ) ;
#230 = CARTESIAN_POINT ( 'NONE',  ( 0.6866324320865855300, 5.400000000000000400, -3.686201945071338600 ) ) ;
#231 = DIRECTION ( 'NONE',  ( 0.0000000000000000000, 1.000000000000000000, 0.0000000000000000000 ) ) ;
#232 =( LENGTH_UNIT ( ) NAMED_UNIT ( * ) SI_UNIT ( .MILLI., .METRE. ) );
#233 = ADVANCED_FACE ( 'NONE', ( #959 ), #2257, .F. ) ;
#234 =( LENGTH_UNIT ( ) NAMED_UNIT ( * ) SI_UNIT ( .MILLI., .METRE. ) );
#235 = ORIENTED_EDGE ( 'NONE', *, *, #2980, .T. ) ;
#236 = CARTESIAN_POINT ( 'NONE',  ( 1.571483454697584200, 5.405000000000000200, -3.520834493059950000 ) ) ;
#237 = DIRECTION ( 'NONE',  ( 0.0000000000000000000, 0.0000000000000000000, 1.000000000000000000 ) ) ;
#238 = CYLINDRICAL_SURFACE ( 'NONE', #2545, 0.5999999999999998700 ) ;
#239 = ORIENTED_EDGE ( 'NONE', *, *, #91, .T. ) ;
#240 = MECHANICAL_DESIGN_GEOMETRIC_PRESENTATION_REPRESENTATION (  '', ( #2310 ), #1820 ) ;
#241 = LINE ( 'NONE', #766, #2490 ) ;
#242 = ORIENTED_EDGE ( 'NONE', *, *, #4649, .T. ) ;
#243 = SURFACE_SIDE_STYLE ('',( #3028 ) ) ;
#244 = DIRECTION ( 'NONE',  ( 0.0000000000000000000, -0.0000000000000000000, -1.000000000000000000 ) ) ;
#245 = ORIENTED_EDGE ( 'NONE', *, *, #1419, .F. ) ;
#246 = EDGE_LOOP ( 'NONE', ( #2492, #2270, #844, #1491 ) ) ;
#247 = EDGE_CURVE ( 'NONE', #4689, #4044, #1182, .T. ) ;
#248 = COLOUR_RGB ( '',0.8980392156862745400, 0.9215686274509803400, 0.9294117647058823800 ) ;
#249 = CARTESIAN_POINT ( 'NONE',  ( -1.340510337246696700, -0.0000000000000000000, -2.442037603657841900 ) ) ;
#250 = STYLED_ITEM ( 'NONE', ( #3271 ), #2732 ) ;
#251 = ORIENTED_EDGE ( 'NONE', *, *, #1386, .F. ) ;
#252 = DIRECTION ( 'NONE',  ( 0.9610029908221278100, 0.0000000000000000000, 0.2765379750249961600 ) ) ;
#253 = LINE ( 'NONE', #256, #3721 ) ;
#254 = VECTOR ( 'NONE', #1084, 1000.000000000000200 ) ;
#255 = EDGE_LOOP ( 'NONE', ( #1228, #3505, #3799, #3049, #3305, #11, #4688, #3737, #3752, #2396 ) ) ;
#256 = CARTESIAN_POINT ( 'NONE',  ( 3.126372311979501700, 5.405000000000000200, -3.686201945071338100 ) ) ;
#257 = EDGE_CURVE ( 'NONE', #4502, #420, #4683, .T. ) ;
#258 = APPLICATION_CONTEXT ( 'automotive_design' ) ;
#259 = CYLINDRICAL_SURFACE ( 'NONE', #4267, 0.04999999999999991300 ) ;
#260 = VECTOR ( 'NONE', #527, 1000.000000000000000 ) ;
#262 = VERTEX_POINT ( 'NONE', #3292 ) ;
#261 = LINE ( 'NONE', #519, #2974 ) ;
#263 = VERTEX_POINT ( 'NONE', #1863 ) ;
#264 = PLANE ( 'NONE',  #50 ) ;
#265 = ADVANCED_FACE ( 'NONE', ( #1063 ), #1708, .F. ) ;
#266 = ORIENTED_EDGE ( 'NONE', *, *, #1460, .T. ) ;
#267 = ORIENTED_EDGE ( 'NONE', *, *, #3849, .F. ) ;
#268 = EDGE_CURVE ( 'NONE', #2391, #1657, #4036, .T. ) ;
#269 = DIRECTION ( 'NONE',  ( 1.512487620017200000E-016, 0.0000000000000000000, -1.000000000000000000 ) ) ;
#270 = ORIENTED_EDGE ( 'NONE', *, *, #576, .F. ) ;
#271 = LINE ( 'NONE', #2334, #17 ) ;
#273 = ORIENTED_EDGE ( 'NONE', *, *, #2094, .F. ) ;
#272 = VECTOR ( 'NONE', #67, 1000.000000000000100 ) ;
#274 = LINE ( 'NONE', #2402, #1188 ) ;
#275 = ORIENTED_EDGE ( 'NONE', *, *, #3168, .F. ) ;
#276 = PLANE ( 'NONE',  #4111 ) ;
#277 = ORIENTED_EDGE ( 'NONE', *, *, #2415, .T. ) ;
#278 = EDGE_CURVE ( 'NONE', #2273, #4336, #2455, .T. ) ;
#279 = FACE_OUTER_BOUND ( 'NONE', #1066, .T. ) ;
#280 = CARTESIAN_POINT ( 'NONE',  ( 3.382941362698836500, 5.405000000000000200, -3.359212844580303300 ) ) ;
#281 = ORIENTED_EDGE ( 'NONE', *, *, #3349, .F. ) ;
#282 = CARTESIAN_POINT ( 'NONE',  ( 0.5804344111939931900, 5.400000000000000400, -3.315721371127209800 ) ) ;
#283 = AXIS2_PLACEMENT_3D ( 'NONE', #4539, #4126, #3013 ) ;
#284 = EDGE_CURVE ( 'NONE', #768, #3382, #2919, .T. ) ;
#285 = CARTESIAN_POINT ( 'NONE',  ( 4.339626981466238000, 5.400000000000000400, -3.518457043705699700 ) ) ;
#286 = PRESENTATION_STYLE_ASSIGNMENT (( #2259 ) ) ;
#287 = CARTESIAN_POINT ( 'NONE',  ( 1.723698103768899900, 0.0000000000000000000, 0.2448548433824906700 ) ) ;
#288 = CARTESIAN_POINT ( 'NONE',  ( 1.559489662753303000, 0.1000000000000000100, -2.442037603657841900 ) ) ;
#289 = ADVANCED_FACE ( 'NONE', ( #3040 ), #3395, .F. ) ;
#290 = AXIS2_PLACEMENT_3D ( 'NONE', #4146, #4015, #1163 ) ;
#291 = EDGE_CURVE ( 'NONE', #4342, #2521, #1361, .T. ) ;
#292 = UNCERTAINTY_MEASURE_WITH_UNIT (LENGTH_MEASURE( 1.000000000000000100E-005 ), #1715, 'distance_accuracy_value', 'NONE');
#293 = CARTESIAN_POINT ( 'NONE',  ( 0.1895896627533029700, 5.400000000000000400, -2.817423836854994400 ) ) ;
#294 = FILL_AREA_STYLE ('',( #1451 ) ) ;
#295 = CARTESIAN_POINT ( 'NONE',  ( 2.058393005879270100, 5.405000000000000200, -2.817423836854994000 ) ) ;
#296 = B_SPLINE_CURVE_WITH_KNOTS ( 'NONE', 3,
 ( #2377, #2708, #2351, #143, #2307, #4599, #94, #474, #543, #2723, #1590, #3422, #2327, #1200, #3130, #1214 ),
 .UNSPECIFIED., .F., .F.,
 ( 4, 3, 3, 3, 3, 4 ),
 ( 0.0000000000000000000, 1.671630824124349100E-005, 3.347221779266994700E-005, 4.974481432830312300E-005, 6.619063902955780000E-005, 7.904720848346251300E-005 ),
 .UNSPECIFIED. ) ;
#297 = EDGE_LOOP ( 'NONE', ( #4276, #124, #2552, #1002 ) ) ;
#298 = DIRECTION ( 'NONE',  ( 0.0000000000000000000, 1.000000000000000000, 0.0000000000000000000 ) ) ;
#299 = CARTESIAN_POINT ( 'NONE',  ( -1.440510337246696700, 3.499640000000000300, -5.259758836854994800 ) ) ;
#300 = VERTEX_POINT ( 'NONE', #778 ) ;
#301 = ORIENTED_EDGE ( 'NONE', *, *, #1955, .T. ) ;
#302 = ORIENTED_EDGE ( 'NONE', *, *, #637, .F. ) ;
#303 = EDGE_LOOP ( 'NONE', ( #1295, #1168, #650, #2134, #1800, #665, #2818, #2168, #3629, #2589, #3532, #622, #1418, #4077, #4265, #1172, #4314, #3328, #3374, #4718, #3253, #1097, #1814 ) ) ;
#304 = EDGE_CURVE ( 'NONE', #3365, #1754, #7, .T. ) ;
#305 =( GEOMETRIC_REPRESENTATION_CONTEXT ( 3 ) GLOBAL_UNCERTAINTY_ASSIGNED_CONTEXT ( ( #4352 ) ) GLOBAL_UNIT_ASSIGNED_CONTEXT ( ( #3052, #1162, #809 ) ) REPRESENTATION_CONTEXT ( 'NONE', 'WORKASPACE' ) );
#306 =( LENGTH_UNIT ( ) NAMED_UNIT ( * ) SI_UNIT ( .MILLI., .METRE. ) );
#307 = ADVANCED_FACE ( 'NONE', ( #4215 ), #855, .F. ) ;
#308 = EDGE_LOOP ( 'NONE', ( #3424, #2737, #97, #1042 ) ) ;
#309 = DIRECTION ( 'NONE',  ( 0.9999960426590096500, 0.0000000000000000000, 0.002813301676023186900 ) ) ;
#310 = FILL_AREA_STYLE ('',( #4028 ) ) ;
#311 = VECTOR ( 'NONE', #4557, 1000.000000000000000 ) ;
#312 = VECTOR ( 'NONE', #1215, 1000.000000000000000 ) ;
#313 =( GEOMETRIC_REPRESENTATION_CONTEXT ( 3 ) GLOBAL_UNCERTAINTY_ASSIGNED_CONTEXT ( ( #1253 ) ) GLOBAL_UNIT_ASSIGNED_CONTEXT ( ( #2590, #1476, #3706 ) ) REPRESENTATION_CONTEXT ( 'NONE', 'WORKASPACE' ) );
#314 = CARTESIAN_POINT ( 'NONE',  ( 6.309489662753303000, 3.599640000000000400, -4.059758836854994600 ) ) ;
#315 = CARTESIAN_POINT ( 'NONE',  ( -1.540510337246696800, 3.599640000000000400, -3.909758836854994300 ) ) ;
#316 = EDGE_LOOP ( 'NONE', ( #617, #708, #1508, #4294 ) ) ;
#317 = SURFACE_STYLE_FILL_AREA ( #3056 ) ;
#318 = EDGE_CURVE ( 'NONE', #4308, #823, #4087, .T. ) ;
#319 = ORIENTED_EDGE ( 'NONE', *, *, #807, .F. ) ;
#320 = LINE ( 'NONE', #987, #1377 ) ;
#321 = ORIENTED_EDGE ( 'NONE', *, *, #1005, .T. ) ;
#322 = VERTEX_POINT ( 'NONE', #1548 ) ;
#323 =( NAMED_UNIT ( * ) SI_UNIT ( $, .STERADIAN. ) SOLID_ANGLE_UNIT ( ) );
#324 = LINE ( 'NONE', #4808, #4163 ) ;
#325 = CARTESIAN_POINT ( 'NONE',  ( 0.7611839598098247800, 5.400000000000000400, -2.817423836854994400 ) ) ;
#326 = CARTESIAN_POINT ( 'NONE',  ( 6.259489662753303200, 3.499640000000000300, -5.259758836854994800 ) ) ;
#327 = CYLINDRICAL_SURFACE ( 'NONE', #2800, 0.1499999999999999700 ) ;
#328 = PLANE ( 'NONE',  #1101 ) ;
#329 = CARTESIAN_POINT ( 'NONE',  ( -1.423278880700230300, 3.487738179474661100, -3.809781058090357500 ) ) ;
#330 = LINE ( 'NONE', #3283, #4798 ) ;
#331 = CARTESIAN_POINT ( 'NONE',  ( 5.559489662753303900, 0.0000000000000000000, -6.177093836854995200 ) ) ;
#332 = EDGE_CURVE ( 'NONE', #1756, #2512, #132, .T. ) ;
#333 = EDGE_CURVE ( 'NONE', #721, #142, #3306, .T. ) ;
#334 = CARTESIAN_POINT ( 'NONE',  ( 1.851478306351302900, 5.400000000000000400, -3.198634632207176600 ) ) ;
#335 = EDGE_CURVE ( 'NONE', #652, #1797, #608, .T. ) ;
#336 =( NAMED_UNIT ( * ) PLANE_ANGLE_UNIT ( ) SI_UNIT ( $, .RADIAN. ) );
#337 = MECHANICAL_DESIGN_GEOMETRIC_PRESENTATION_REPRESENTATION (  '', ( #4450 ), #4420 ) ;
#338 = SURFACE_STYLE_USAGE ( .BOTH. , #2154 ) ;
#339 = EDGE_CURVE ( 'NONE', #1891, #2232, #1178, .T. ) ;
#340 = CARTESIAN_POINT ( 'NONE',  ( 6.332743830971129000, 3.594241370396711300, -4.059692743571146100 ) ) ;
#341 =( LENGTH_UNIT ( ) NAMED_UNIT ( * ) SI_UNIT ( .MILLI., .METRE. ) );
#342 = AXIS2_PLACEMENT_3D ( 'NONE', #1336, #590, #217 ) ;
#343 = CARTESIAN_POINT ( 'NONE',  ( 3.637534488846304800, 5.405000000000000200, -2.817423836854994400 ) ) ;
#344 = UNCERTAINTY_MEASURE_WITH_UNIT (LENGTH_MEASURE( 1.000000000000000100E-005 ), #4606, 'distance_accuracy_value', 'NONE');
#345 = EDGE_CURVE ( 'NONE', #641, #3439, #3033, .T. ) ;
#346 = ORIENTED_EDGE ( 'NONE', *, *, #1241, .F. ) ;
#347 = DIRECTION ( 'NONE',  ( 0.0000000000000000000, -1.000000000000000000, -0.0000000000000000000 ) ) ;
#348 = CARTESIAN_POINT ( 'NONE',  ( 6.351782664544780100, 3.576310245583160400, -3.761584201512605300 ) ) ;
#349 = CARTESIAN_POINT ( 'NONE',  ( -1.340510337246696700, 0.1000000000000000100, -5.442037603657841100 ) ) ;
#350 = ORIENTED_EDGE ( 'NONE', *, *, #3960, .T. ) ;
#351 = LINE ( 'NONE', #2763, #1354 ) ;
#352 = PLANE ( 'NONE',  #2039 ) ;
#353 = ORIENTED_EDGE ( 'NONE', *, *, #3323, .F. ) ;
#354 =( NAMED_UNIT ( * ) SI_UNIT ( $, .STERADIAN. ) SOLID_ANGLE_UNIT ( ) );
#355 = PLANE ( 'NONE',  #2882 ) ;
#356 = ORIENTED_EDGE ( 'NONE', *, *, #4581, .F. ) ;
#357 = FILL_AREA_STYLE ('',( #4078 ) ) ;
#358 = PRESENTATION_STYLE_ASSIGNMENT (( #2092 ) ) ;
#359 = ORIENTED_EDGE ( 'NONE', *, *, #1079, .F. ) ;
#360 = AXIS2_PLACEMENT_3D ( 'NONE', #2272, #2938, #1848 ) ;
#361 = LINE ( 'NONE', #3954, #4677 ) ;
#362 = EDGE_CURVE ( 'NONE', #4402, #2751, #4210, .T. ) ;
#363 = MECHANICAL_DESIGN_GEOMETRIC_PRESENTATION_REPRESENTATION (  '', ( #800 ), #897 ) ;
#364 = LINE ( 'NONE', #4117, #2166 ) ;
#365 = DIRECTION ( 'NONE',  ( 0.7145695586382639900, 0.0000000000000000000, -0.6995643972269577300 ) ) ;
#366 = CARTESIAN_POINT ( 'NONE',  ( 6.326023994027869100, 3.596827030943925400, -3.759785215157411800 ) ) ;
#367 = FILL_AREA_STYLE_COLOUR ( '', #916 ) ;
#368 = SURFACE_STYLE_FILL_AREA ( #357 ) ;
#369 = ORIENTED_EDGE ( 'NONE', *, *, #1562, .F. ) ;
#370 = EDGE_LOOP ( 'NONE', ( #2120, #442, #3266, #4786 ) ) ;
#371 = LINE ( 'NONE', #2170, #843 ) ;
#372 = ORIENTED_EDGE ( 'NONE', *, *, #684, .F. ) ;
#373 = ORIENTED_EDGE ( 'NONE', *, *, #55, .T. ) ;
#374 = PRESENTATION_LAYER_ASSIGNMENT (  '', '', ( #1283 ) ) ;
#375 = PLANE ( 'NONE',  #1740 ) ;
#376 = VERTEX_POINT ( 'NONE', #1594 ) ;
#377 = FILL_AREA_STYLE ('',( #1443 ) ) ;
#378 = ORIENTED_EDGE ( 'NONE', *, *, #278, .T. ) ;
#379 = DIRECTION ( 'NONE',  ( -1.000000000000000000, 0.0000000000000000000, 0.0000000000000000000 ) ) ;
#380 = PRESENTATION_STYLE_ASSIGNMENT (( #4061 ) ) ;
#381 = VERTEX_POINT ( 'NONE', #77 ) ;
#382 = EDGE_CURVE ( 'NONE', #3865, #3899, #485, .T. ) ;
#383 = ORIENTED_EDGE ( 'NONE', *, *, #4297, .F. ) ;
#384 = CARTESIAN_POINT ( 'NONE',  ( 6.234009317302704500, 3.493215067880360600, -3.804052953275459400 ) ) ;
#385 = AXIS2_PLACEMENT_3D ( 'NONE', #3225, #3247, #2523 ) ;
#386 = LINE ( 'NONE', #1572, #2525 ) ;
#387 = UNCERTAINTY_MEASURE_WITH_UNIT (LENGTH_MEASURE( 1.000000000000000100E-005 ), #4189, 'distance_accuracy_value', 'NONE');
#388 = VECTOR ( 'NONE', #4008, 1000.000000000000100 ) ;
#389 =( NAMED_UNIT ( * ) PLANE_ANGLE_UNIT ( ) SI_UNIT ( $, .RADIAN. ) );
#390 = CARTESIAN_POINT ( 'NONE',  ( 6.359489662753303700, 3.549640000000000100, -3.768337480617685000 ) ) ;
#391 = DIRECTION ( 'NONE',  ( -0.0000000000000000000, 1.000000000000000000, -0.0000000000000000000 ) ) ;
#392 = VECTOR ( 'NONE', #3156, 1000.000000000000000 ) ;
#393 = VECTOR ( 'NONE', #3343, 1000.000000000000000 ) ;
#394 = ORIENTED_EDGE ( 'NONE', *, *, #3061, .T. ) ;
#395 = FILL_AREA_STYLE_COLOUR ( '', #59 ) ;
#396 = DIRECTION ( 'NONE',  ( 1.000000000000000000, 3.944189269736235900E-017, 0.0000000000000000000 ) ) ;
#397 = SURFACE_STYLE_FILL_AREA ( #2137 ) ;
#398 =( GEOMETRIC_REPRESENTATION_CONTEXT ( 3 ) GLOBAL_UNCERTAINTY_ASSIGNED_CONTEXT ( ( #3797 ) ) GLOBAL_UNIT_ASSIGNED_CONTEXT ( ( #234, #3175, #2837 ) ) REPRESENTATION_CONTEXT ( 'NONE', 'WORKASPACE' ) );
#399 = CARTESIAN_POINT ( 'NONE',  ( 2.014275471456824300, 5.405000000000000200, -3.686201945071338100 ) ) ;
#400 = PRESENTATION_LAYER_ASSIGNMENT (  '', '', ( #1001 ) ) ;
#401 = DIRECTION ( 'NONE',  ( -1.000000000000000000, 0.0000000000000000000, 2.465190328815661900E-032 ) ) ;
#402 = EDGE_CURVE ( 'NONE', #1157, #1712, #1464, .T. ) ;
#403 = DIRECTION ( 'NONE',  ( -0.2745159998572679900, 0.0000000000000000000, 0.9615825319869140100 ) ) ;
#404 = DIRECTION ( 'NONE',  ( 0.0000000000000000000, 0.0000000000000000000, 1.000000000000000000 ) ) ;
#405 = CARTESIAN_POINT ( 'NONE',  ( 6.359489662753302900, 0.05000000000000012800, -5.259758836854994800 ) ) ;
#406 = DIRECTION ( 'NONE',  ( 0.2755265765475027300, 0.0000000000000000000, -0.9612934544747576700 ) ) ;
#407 = ORIENTED_EDGE ( 'NONE', *, *, #3399, .T. ) ;
#408 = CARTESIAN_POINT ( 'NONE',  ( 6.259622042894847000, 3.454416999495634400, -3.868993129560276400 ) ) ;
#409 = VERTEX_POINT ( 'NONE', #4354 ) ;
#410 = ORIENTED_EDGE ( 'NONE', *, *, #3104, .F. ) ;
#411 =( NAMED_UNIT ( * ) SI_UNIT ( $, .STERADIAN. ) SOLID_ANGLE_UNIT ( ) );
#412 = VECTOR ( 'NONE', #423, 1000.000000000000000 ) ;
#413 = ORIENTED_EDGE ( 'NONE', *, *, #2481, .F. ) ;
#414 = SURFACE_SIDE_STYLE ('',( #2473 ) ) ;
#415 = ORIENTED_EDGE ( 'NONE', *, *, #1204, .F. ) ;
#416 = ORIENTED_EDGE ( 'NONE', *, *, #4127, .T. ) ;
#417 = ORIENTED_EDGE ( 'NONE', *, *, #2005, .F. ) ;
#418 = COLOUR_RGB ( '',0.8980392156862745400, 0.9215686274509803400, 0.9294117647058823800 ) ;
#419 = VERTEX_POINT ( 'NONE', #4451 ) ;
#420 = VERTEX_POINT ( 'NONE', #2586 ) ;
#421 = CARTESIAN_POINT ( 'NONE',  ( 4.959489662753302500, 0.1000000000000000100, -2.559758836854994200 ) ) ;
#422 = EDGE_CURVE ( 'NONE', #2975, #115, #549, .T. ) ;
#423 = DIRECTION ( 'NONE',  ( 0.0000000000000000000, 1.000000000000000000, 0.0000000000000000000 ) ) ;
#424 = DIRECTION ( 'NONE',  ( -0.2732148821745951600, 0.0000000000000000000, 0.9619530280415578000 ) ) ;
#425 = COLOUR_RGB ( '',0.8980392156862745400, 0.9215686274509803400, 0.9294117647058823800 ) ;
#426 = CARTESIAN_POINT ( 'NONE',  ( -1.403343576836019600, 3.498179768285076400, -3.799257992005769900 ) ) ;
#427 = AXIS2_PLACEMENT_3D ( 'NONE', #4765, #691, #1091 ) ;
#428 = VECTOR ( 'NONE', #974, 1000.000000000000000 ) ;
#429 = CARTESIAN_POINT ( 'NONE',  ( 6.209489662753303400, 0.1500000000000000200, -2.559758836854994200 ) ) ;
#430 = DIRECTION ( 'NONE',  ( -1.000000000000000000, 0.0000000000000000000, 2.465190328815661900E-032 ) ) ;
#431 = AXIS2_PLACEMENT_3D ( 'NONE', #2578, #1481, #3710 ) ;
#432 = EDGE_LOOP ( 'NONE', ( #777, #416, #3211, #70 ) ) ;
#433 = LINE ( 'NONE', #36, #1652 ) ;
#434 = CYLINDRICAL_SURFACE ( 'NONE', #4457, 0.04999999999999969700 ) ;
#435 = AXIS2_PLACEMENT_3D ( 'NONE', #4158, #3436, #4535 ) ;
#436 = CARTESIAN_POINT ( 'NONE',  ( -1.390510337246696900, 0.1500000000000000200, -5.259758836854994800 ) ) ;
#438 = EDGE_LOOP ( 'NONE', ( #1293, #2249, #3442, #2809, #4769, #3945, #4253, #2208, #1903, #2411, #1475, #373 ) ) ;
#437 = FACE_OUTER_BOUND ( 'NONE', #1670, .T. ) ;
#439 = DIRECTION ( 'NONE',  ( 0.0000000000000000000, -1.000000000000000000, -0.0000000000000000000 ) ) ;
#440 = CARTESIAN_POINT ( 'NONE',  ( 6.159489662753302700, 3.599640000000000400, -3.759758836854994300 ) ) ;
#441 = LINE ( 'NONE', #2813, #4631 ) ;
#442 = ORIENTED_EDGE ( 'NONE', *, *, #4400, .T. ) ;
#443 = VERTEX_POINT ( 'NONE', #1943 ) ;
#444 = FACE_OUTER_BOUND ( 'NONE', #900, .T. ) ;
#445 = AXIS2_PLACEMENT_3D ( 'NONE', #920, #4643, #152 ) ;
#446 = VECTOR ( 'NONE', #853, 1000.000000000000000 ) ;
#447 = DIRECTION ( 'NONE',  ( 0.0000000000000000000, 0.0000000000000000000, 1.000000000000000000 ) ) ;
#448 = DIRECTION ( 'NONE',  ( 0.0000000000000000000, 1.000000000000000000, 0.0000000000000000000 ) ) ;
#449 = CARTESIAN_POINT ( 'NONE',  ( 6.248256358377608100, 3.481217576068669700, -4.001824734505689200 ) ) ;
#450 = DIRECTION ( 'NONE',  ( -2.465190328815661900E-032, 0.0000000000000000000, -1.000000000000000000 ) ) ;
#451 = DIRECTION ( 'NONE',  ( 0.0000000000000000000, -1.000000000000000000, -0.0000000000000000000 ) ) ;
#452 = CYLINDRICAL_SURFACE ( 'NONE', #3463, 0.04999999999999991300 ) ;
#453 = DIRECTION ( 'NONE',  ( 0.002813301676023186900, 0.0000000000000000000, -0.9999960426590096500 ) ) ;
#454 = UNCERTAINTY_MEASURE_WITH_UNIT (LENGTH_MEASURE( 1.000000000000000100E-005 ), #4709, 'distance_accuracy_value', 'NONE');
#455 = VECTOR ( 'NONE', #1860, 1000.000000000000000 ) ;
#456 = ORIENTED_EDGE ( 'NONE', *, *, #332, .T. ) ;
#457 = SURFACE_STYLE_FILL_AREA ( #890 ) ;
#458 = CARTESIAN_POINT ( 'NONE',  ( 3.259489662753303200, 0.1000000000000000100, -5.442037603657841900 ) ) ;
#459 = CARTESIAN_POINT ( 'NONE',  ( -1.154009524251970300, 5.400000000000000400, 0.7789392431425141700 ) ) ;
#460 = DIRECTION ( 'NONE',  ( 1.000000000000000000, 0.0000000000000000000, 0.0000000000000000000 ) ) ;
#461 = CARTESIAN_POINT ( 'NONE',  ( 6.258080938964091000, 3.463147187864286500, -3.973168863550728500 ) ) ;
#462 = DIRECTION ( 'NONE',  ( 0.0000000000000000000, -1.000000000000000000, -0.0000000000000000000 ) ) ;
#463 = DIRECTION ( 'NONE',  ( 0.0000000000000000000, -1.000000000000000000, -0.0000000000000000000 ) ) ;
#464 = EDGE_CURVE ( 'NONE', #2003, #3803, #4499, .T. ) ;
#465 = PLANE ( 'NONE',  #3821 ) ;
#466 = DIRECTION ( 'NONE',  ( 0.0000000000000000000, 1.000000000000000000, -0.0000000000000000000 ) ) ;
#467 = AXIS2_PLACEMENT_3D ( 'NONE', #4558, #3445, #424 ) ;
#468 = DIRECTION ( 'NONE',  ( -0.0000000000000000000, -0.0000000000000000000, -1.000000000000000000 ) ) ;
#469 = CARTESIAN_POINT ( 'NONE',  ( -0.7405103372466975700, 5.400000000000000400, -6.777093836854994900 ) ) ;
#470 = CARTESIAN_POINT ( 'NONE',  ( 4.092203185916966700, 5.405000000000000200, -3.518457043707875700 ) ) ;
#471 = AXIS2_PLACEMENT_3D ( 'NONE', #1483, #1838, #4100 ) ;
#472 = EDGE_LOOP ( 'NONE', ( #4374, #4610, #2820, #3867 ) ) ;
#473 = EDGE_CURVE ( 'NONE', #1596, #4393, #4618, .T. ) ;
#474 = CARTESIAN_POINT ( 'NONE',  ( -1.526885925502022600, 3.584366602179497100, -3.760476007947326500 ) ) ;
#475 = CARTESIAN_POINT ( 'NONE',  ( 3.429962027637210000, 5.400000000000000400, -3.520805435344759500 ) ) ;
#476 = LINE ( 'NONE', #3145, #4311 ) ;
#477 = DIRECTION ( 'NONE',  ( 0.0000000000000000000, -1.000000000000000000, -0.0000000000000000000 ) ) ;
#478 = STYLED_ITEM ( 'NONE', ( #4137 ), #4333 ) ;
#479 = SURFACE_STYLE_FILL_AREA ( #4534 ) ;
#480 = EDGE_LOOP ( 'NONE', ( #4671, #2004, #3928, #2632 ) ) ;
#481 = FACE_OUTER_BOUND ( 'NONE', #1408, .T. ) ;
#482 = DIRECTION ( 'NONE',  ( 0.0000000000000000000, 0.0000000000000000000, -1.000000000000000000 ) ) ;
#483 = DIRECTION ( 'NONE',  ( -0.0000000000000000000, -1.000000000000000000, -0.0000000000000000000 ) ) ;
#484 = CARTESIAN_POINT ( 'NONE',  ( -1.340510337246696700, 0.1000000000000000100, -5.442037603657841100 ) ) ;
#485 = LINE ( 'NONE', #2650, #312 ) ;
#486 = LINE ( 'NONE', #2842, #2 ) ;
#487 = FACE_OUTER_BOUND ( 'NONE', #2799, .T. ) ;
#488 = FILL_AREA_STYLE_COLOUR ( '', #4347 ) ;
#489 = CARTESIAN_POINT ( 'NONE',  ( 6.209489662753303400, 3.499640000000000300, -4.021562235729983400 ) ) ;
#490 = DIRECTION ( 'NONE',  ( -0.0000000000000000000, 0.0000000000000000000, -1.000000000000000000 ) ) ;
#491 = ORIENTED_EDGE ( 'NONE', *, *, #1056, .T. ) ;
#492 = ORIENTED_EDGE ( 'NONE', *, *, #2323, .T. ) ;
#493 = COLOUR_RGB ( '',0.6509803921568627600, 0.6196078431372549200, 0.5882352941176470800 ) ;
#494 = VERTEX_POINT ( 'NONE', #2338 ) ;
#495 = CARTESIAN_POINT ( 'NONE',  ( 2.707969162787354600, 5.400000000000000400, -0.6770938368549936900 ) ) ;
#496 = ORIENTED_EDGE ( 'NONE', *, *, #1842, .F. ) ;
#497 = ORIENTED_EDGE ( 'NONE', *, *, #2179, .F. ) ;
#499 = ORIENTED_EDGE ( 'NONE', *, *, #4821, .T. ) ;
#498 = LINE ( 'NONE', #2564, #2182 ) ;
#500 = EDGE_CURVE ( 'NONE', #4435, #1949, #2749, .T. ) ;
#501 = AXIS2_PLACEMENT_3D ( 'NONE', #792, #1504, #4112 ) ;
#502 = EDGE_LOOP ( 'NONE', ( #2759, #3912, #2776, #3242, #1017, #2823, #3231 ) ) ;
#503 = DIRECTION ( 'NONE',  ( 0.0000000000000000000, -0.0000000000000000000, -1.000000000000000000 ) ) ;
#504 =( NAMED_UNIT ( * ) PLANE_ANGLE_UNIT ( ) SI_UNIT ( $, .RADIAN. ) );
#505 = CARTESIAN_POINT ( 'NONE',  ( 3.275485935262683100, 5.405000000000000200, -2.982741098268310700 ) ) ;
#506 = VECTOR ( 'NONE', #119, 1000.000000000000000 ) ;
#507 = CIRCLE ( 'NONE', #1640, 0.5999999999999998700 ) ;
#508 = EDGE_CURVE ( 'NONE', #534, #4742, #3614, .T. ) ;
#509 = CARTESIAN_POINT ( 'NONE',  ( 1.909489662753303100, 5.400000000000000400, 0.3229061631450061400 ) ) ;
#510 = CARTESIAN_POINT ( 'NONE',  ( 2.058393005879270100, 5.405000000000000200, -2.817423836854994000 ) ) ;
#511 = LINE ( 'NONE', #605, #2651 ) ;
#512 = UNCERTAINTY_MEASURE_WITH_UNIT (LENGTH_MEASURE( 1.000000000000000100E-005 ), #136, 'distance_accuracy_value', 'NONE');
#513 = LINE ( 'NONE', #750, #1201 ) ;
#514 =( LENGTH_UNIT ( ) NAMED_UNIT ( * ) SI_UNIT ( .MILLI., .METRE. ) );
#515 = ORIENTED_EDGE ( 'NONE', *, *, #3885, .F. ) ;
#516 = EDGE_CURVE ( 'NONE', #2107, #3719, #711, .T. ) ;
#517 =( NAMED_UNIT ( * ) SI_UNIT ( $, .STERADIAN. ) SOLID_ANGLE_UNIT ( ) );
#518 = PRESENTATION_STYLE_ASSIGNMENT (( #747 ) ) ;
#519 = CARTESIAN_POINT ( 'NONE',  ( 0.1895896627533029700, 5.400000000000000400, -2.817423836854994400 ) ) ;
#520 = CARTESIAN_POINT ( 'NONE',  ( 6.359489662753302900, 0.05000000000000100200, -2.559758836854994200 ) ) ;
#521 = CARTESIAN_POINT ( 'NONE',  ( -1.340510337246696700, 3.499640000000000300, -2.559758836854994200 ) ) ;
#522 = DIRECTION ( 'NONE',  ( -1.000000000000000000, 0.0000000000000000000, 2.465190328815661900E-032 ) ) ;
#523 = CARTESIAN_POINT ( 'NONE',  ( -1.421773378693155900, 3.488827815713520900, -4.010925258400974700 ) ) ;
#524 = ADVANCED_FACE ( 'NONE', ( #2626 ), #186, .F. ) ;
#525 = AXIS2_PLACEMENT_3D ( 'NONE', #732, #4815, #379 ) ;
#526 = CARTESIAN_POINT ( 'NONE',  ( -1.440510337246696700, 0.1000000000000000100, -5.259758836854994800 ) ) ;
#527 = DIRECTION ( 'NONE',  ( 0.0000000000000000000, -1.000000000000000000, -0.0000000000000000000 ) ) ;
#528 = STYLED_ITEM ( 'NONE', ( #3058 ), #2181 ) ;
#529 = COLOUR_RGB ( '',0.7921568627450980000, 0.8196078431372548800, 0.9333333333333333500 ) ;
#530 = ADVANCED_FACE ( 'NONE', ( #3785 ), #3879, .F. ) ;
#531 = DIRECTION ( 'NONE',  ( 0.0000000000000000000, -1.000000000000000000, -0.0000000000000000000 ) ) ;
#532 = VERTEX_POINT ( 'NONE', #2373 ) ;
#533 = DIRECTION ( 'NONE',  ( -2.465190328815661900E-032, 0.0000000000000000000, -1.000000000000000000 ) ) ;
#534 = VERTEX_POINT ( 'NONE', #3822 ) ;
#535 = FILL_AREA_STYLE_COLOUR ( '', #3595 ) ;
#536 = AXIS2_PLACEMENT_3D ( 'NONE', #932, #4242, #2007 ) ;
#537 = ORIENTED_EDGE ( 'NONE', *, *, #763, .T. ) ;
#538 = FACE_OUTER_BOUND ( 'NONE', #2997, .T. ) ;
#539 = ORIENTED_EDGE ( 'NONE', *, *, #1573, .T. ) ;
#540 = CARTESIAN_POINT ( 'NONE',  ( 0.9496575785984551200, 5.405000000000000200, -3.686201945071338600 ) ) ;
#541 = ORIENTED_EDGE ( 'NONE', *, *, #3587, .F. ) ;
#542 = EDGE_CURVE ( 'NONE', #1657, #883, #4029, .T. ) ;
#543 = CARTESIAN_POINT ( 'NONE',  ( -1.522826131359993300, 3.588176963899886400, -3.760166976287032400 ) ) ;
#544 = VERTEX_POINT ( 'NONE', #861 ) ;
#545 = FACE_OUTER_BOUND ( 'NONE', #4490, .T. ) ;
#546 = FACE_OUTER_BOUND ( 'NONE', #591, .T. ) ;
#547 = ORIENTED_EDGE ( 'NONE', *, *, #98, .F. ) ;
#548 = CARTESIAN_POINT ( 'NONE',  ( 2.468727555777992400, 5.400000000000000400, -2.817423836854994400 ) ) ;
#549 = LINE ( 'NONE', #568, #195 ) ;
#550 = DIRECTION ( 'NONE',  ( -1.000000000000000000, 0.0000000000000000000, -0.0000000000000000000 ) ) ;
#552 = ORIENTED_EDGE ( 'NONE', *, *, #1597, .T. ) ;
#551 = LINE ( 'NONE', #585, #2228 ) ;
#553 = DIRECTION ( 'NONE',  ( -0.2729786930695121100, 0.0000000000000000000, 0.9620200793798749900 ) ) ;
#554 = DIRECTION ( 'NONE',  ( 1.000000000000000000, 0.0000000000000000000, -2.465190328815661900E-032 ) ) ;
#555 = ORIENTED_EDGE ( 'NONE', *, *, #4351, .T. ) ;
#556 = VERTEX_POINT ( 'NONE', #3973 ) ;
#557 = EDGE_LOOP ( 'NONE', ( #1424, #2441, #938, #499 ) ) ;
#558 = EDGE_CURVE ( 'NONE', #4694, #2102, #2811, .T. ) ;
#559 = DIRECTION ( 'NONE',  ( 0.0000000000000000000, -1.000000000000000000, -0.0000000000000000000 ) ) ;
#560 = LINE ( 'NONE', #1728, #22 ) ;
#561 = VERTEX_POINT ( 'NONE', #280 ) ;
#562 = DIRECTION ( 'NONE',  ( 0.0000000000000000000, -0.0000000000000000000, 1.000000000000000000 ) ) ;
#563 = DIRECTION ( 'NONE',  ( 1.000000000000000000, -0.0000000000000000000, -0.0000000000000000000 ) ) ;
#564 = ORIENTED_EDGE ( 'NONE', *, *, #3270, .F. ) ;
#565 = PRESENTATION_LAYER_ASSIGNMENT (  '', '', ( #1959 ) ) ;
#566 = LINE ( 'NONE', #2305, #506 ) ;
#567 = PLANE ( 'NONE',  #2698 ) ;
#568 = CARTESIAN_POINT ( 'NONE',  ( -1.340510337246696700, 3.599640000000000400, -5.259758836854994800 ) ) ;
#569 = VECTOR ( 'NONE', #1604, 1000.000000000000000 ) ;
#570 = LINE ( 'NONE', #1345, #4052 ) ;
#571 = SURFACE_STYLE_FILL_AREA ( #1114 ) ;
#572 = DIRECTION ( 'NONE',  ( 0.2762033010252003500, 0.0000000000000000000, -0.9610992334315862100 ) ) ;
#573 = CARTESIAN_POINT ( 'NONE',  ( -1.340510337246697100, 5.400000000000000400, -6.777093836854994900 ) ) ;
#574 = ORIENTED_EDGE ( 'NONE', *, *, #4297, .T. ) ;
#575 = DIRECTION ( 'NONE',  ( 0.9219486802374842200, 0.0000000000000000000, 0.3873120589503521400 ) ) ;
#576 = EDGE_CURVE ( 'NONE', #899, #768, #3550, .T. ) ;
#577 = SURFACE_STYLE_FILL_AREA ( #114 ) ;
#578 = MECHANICAL_DESIGN_GEOMETRIC_PRESENTATION_REPRESENTATION (  '', ( #4148 ), #3142 ) ;
#579 =( NAMED_UNIT ( * ) SI_UNIT ( $, .STERADIAN. ) SOLID_ANGLE_UNIT ( ) );
#580 = CARTESIAN_POINT ( 'NONE',  ( -1.439363916262639900, 3.460285553876292200, -3.965259632755183900 ) ) ;
#581 = FACE_OUTER_BOUND ( 'NONE', #3221, .T. ) ;
#582 = ADVANCED_FACE ( 'NONE', ( #1703 ), #2451, .F. ) ;
#583 = ADVANCED_FACE ( 'NONE', ( #2449 ), #2862, .F. ) ;
#584 = CARTESIAN_POINT ( 'NONE',  ( 0.6866324320865855300, 5.400000000000000400, -3.686201945071338600 ) ) ;
#585 = CARTESIAN_POINT ( 'NONE',  ( 6.259489662753303200, 3.449640000000000500, -5.259758836854994800 ) ) ;
#586 = DIRECTION ( 'NONE',  ( -0.0000000000000000000, 0.0000000000000000000, 1.000000000000000000 ) ) ;
#587 = CARTESIAN_POINT ( 'NONE',  ( 0.7611839598098247800, 5.405000000000000200, -2.817423836854994400 ) ) ;
#588 = PRESENTATION_LAYER_ASSIGNMENT (  '', '', ( #992 ) ) ;
#589 = PLANE ( 'NONE',  #1243 ) ;
#590 = DIRECTION ( 'NONE',  ( 0.0000000000000000000, 0.0000000000000000000, -1.000000000000000000 ) ) ;
#591 = EDGE_LOOP ( 'NONE', ( #2941, #270, #3661, #2178 ) ) ;
#592 = EDGE_CURVE ( 'NONE', #1070, #3365, #663, .T. ) ;
#593 = DIRECTION ( 'NONE',  ( 0.0000000000000000000, 0.0000000000000000000, 1.000000000000000000 ) ) ;
#594 = DIRECTION ( 'NONE',  ( -1.000000000000000000, 0.0000000000000000000, 2.465190328815661900E-032 ) ) ;
#595 = AXIS2_PLACEMENT_3D ( 'NONE', #4692, #3583, #231 ) ;
#596 = LINE ( 'NONE', #4589, #2318 ) ;
#597 = VERTEX_POINT ( 'NONE', #4353 ) ;
#598 = VECTOR ( 'NONE', #2238, 1000.000000000000000 ) ;
#599 = ORIENTED_EDGE ( 'NONE', *, *, #4326, .F. ) ;
#600 = UNCERTAINTY_MEASURE_WITH_UNIT (LENGTH_MEASURE( 1.000000000000000100E-005 ), #4283, 'distance_accuracy_value', 'NONE');
#601 =( NAMED_UNIT ( * ) PLANE_ANGLE_UNIT ( ) SI_UNIT ( $, .RADIAN. ) );
#602 = EDGE_CURVE ( 'NONE', #115, #2118, #3669, .T. ) ;
#603 = DIRECTION ( 'NONE',  ( 0.0000000000000000000, -1.000000000000000000, -0.0000000000000000000 ) ) ;
#604 = FILL_AREA_STYLE ('',( #2821 ) ) ;
#605 = CARTESIAN_POINT ( 'NONE',  ( -1.440510337246696700, 0.1000000000000000100, -2.559758836854994200 ) ) ;
#606 = VECTOR ( 'NONE', #3617, 1000.000000000000000 ) ;
#607 = VECTOR ( 'NONE', #4639, 1000.000000000000000 ) ;
#608 = LINE ( 'NONE', #1566, #4271 ) ;
#609 = ADVANCED_FACE ( 'NONE', ( #3257 ), #3552, .T. ) ;
#610 = VECTOR ( 'NONE', #1000, 1000.000000000000000 ) ;
#611 = CARTESIAN_POINT ( 'NONE',  ( 0.5804344111939931900, 5.405000000000000200, -3.315721371127209800 ) ) ;
#612 = SURFACE_STYLE_FILL_AREA ( #2486 ) ;
#613 =( NAMED_UNIT ( * ) SI_UNIT ( $, .STERADIAN. ) SOLID_ANGLE_UNIT ( ) );
#615 = ORIENTED_EDGE ( 'NONE', *, *, #228, .T. ) ;
#614 = FACE_OUTER_BOUND ( 'NONE', #2696, .T. ) ;
#616 = ORIENTED_EDGE ( 'NONE', *, *, #84, .T. ) ;
#617 = ORIENTED_EDGE ( 'NONE', *, *, #705, .T. ) ;
#618 = SURFACE_SIDE_STYLE ('',( #4381 ) ) ;
#619 = DIRECTION ( 'NONE',  ( 0.0000000000000000000, -0.0000000000000000000, -1.000000000000000000 ) ) ;
#620 = DIRECTION ( 'NONE',  ( -1.000000000000000000, -1.301042606982605600E-016, 0.0000000000000000000 ) ) ;
#622 = ORIENTED_EDGE ( 'NONE', *, *, #2781, .T. ) ;
#621 = VECTOR ( 'NONE', #3369, 1000.000000000000200 ) ;
#623 = LINE ( 'NONE', #2828, #3804 ) ;
#624 = CARTESIAN_POINT ( 'NONE',  ( 1.235564354306629900, 5.405000000000000200, -3.686201945071338600 ) ) ;
#625 =( GEOMETRIC_REPRESENTATION_CONTEXT ( 3 ) GLOBAL_UNCERTAINTY_ASSIGNED_CONTEXT ( ( #292 ) ) GLOBAL_UNIT_ASSIGNED_CONTEXT ( ( #1715, #601, #1683 ) ) REPRESENTATION_CONTEXT ( 'NONE', 'WORKASPACE' ) );
#626 = DIRECTION ( 'NONE',  ( -1.000000000000000000, 3.944189269736235900E-017, 0.0000000000000000000 ) ) ;
#627 = EDGE_CURVE ( 'NONE', #4018, #2263, #1, .T. ) ;
#628 = CARTESIAN_POINT ( 'NONE',  ( 0.1895896627533029700, 5.405000000000000200, -2.817423836854994400 ) ) ;
#629 = LINE ( 'NONE', #3310, #455 ) ;
#630 = CARTESIAN_POINT ( 'NONE',  ( 6.159489662753302700, 0.0000000000000000000, -2.442037603657841900 ) ) ;
#631 = ORIENTED_EDGE ( 'NONE', *, *, #3323, .T. ) ;
#632 = ADVANCED_FACE ( 'NONE', ( #545 ), #3588, .F. ) ;
#633 = AXIS2_PLACEMENT_3D ( 'NONE', #3191, #220, #3237 ) ;
#634 = PLANE ( 'NONE',  #3426 ) ;
#635 = LINE ( 'NONE', #3631, #3819 ) ;
#636 = SURFACE_STYLE_USAGE ( .BOTH. , #2056 ) ;
#637 = EDGE_CURVE ( 'NONE', #4501, #3356, #253, .T. ) ;
#638 = DIRECTION ( 'NONE',  ( 0.9611542233438684600, 0.0000000000000000000, 0.2760118818968579400 ) ) ;
#639 =( LENGTH_UNIT ( ) NAMED_UNIT ( * ) SI_UNIT ( .MILLI., .METRE. ) );
#640 = SURFACE_SIDE_STYLE ('',( #2164 ) ) ;
#641 = VERTEX_POINT ( 'NONE', #1330 ) ;
#642 = AXIS2_PLACEMENT_3D ( 'NONE', #4289, #3648, #1034 ) ;
#643 = ORIENTED_EDGE ( 'NONE', *, *, #4462, .F. ) ;
#644 = LINE ( 'NONE', #1209, #1512 ) ;
#645 = CARTESIAN_POINT ( 'NONE',  ( 3.231038199541599500, 5.405000000000000200, -3.686201945071338100 ) ) ;
#646 = ADVANCED_FACE ( 'NONE', ( #1521 ), #634, .F. ) ;
#647 = CARTESIAN_POINT ( 'NONE',  ( -0.7405103372466973500, 5.400000000000000400, -6.177093836854995200 ) ) ;
#648 = PLANE ( 'NONE',  #2423 ) ;
#649 = VERTEX_POINT ( 'NONE', #584 ) ;
#650 = ORIENTED_EDGE ( 'NONE', *, *, #1079, .T. ) ;
#651 = FACE_OUTER_BOUND ( 'NONE', #1775, .T. ) ;
#652 = VERTEX_POINT ( 'NONE', #3932 ) ;
#653 = CARTESIAN_POINT ( 'NONE',  ( -0.3405103372466971600, 5.400000000000000400, -1.706981370460688900 ) ) ;
#654 = AXIS2_PLACEMENT_3D ( 'NONE', #1272, #3178, #2780 ) ;
#655 = DIRECTION ( 'NONE',  ( -1.000000000000000000, -1.301042606982605600E-016, 0.0000000000000000000 ) ) ;
#656 = VECTOR ( 'NONE', #2098, 1000.000000000000000 ) ;
#657 = VECTOR ( 'NONE', #1261, 1000.000000000000000 ) ;
#658 = ORIENTED_EDGE ( 'NONE', *, *, #4619, .T. ) ;
#659 = EDGE_CURVE ( 'NONE', #1157, #2512, #2743, .T. ) ;
#660 = CARTESIAN_POINT ( 'NONE',  ( -1.540510337246696400, 0.05000000000000100200, -2.559758836854994200 ) ) ;
#661 = MECHANICAL_DESIGN_GEOMETRIC_PRESENTATION_REPRESENTATION (  '', ( #3233 ), #1149 ) ;
#662 = ADVANCED_FACE ( 'NONE', ( #1872 ), #2891, .F. ) ;
#663 = LINE ( 'NONE', #3947, #3151 ) ;
#664 = FACE_OUTER_BOUND ( 'NONE', #4067, .T. ) ;
#665 = ORIENTED_EDGE ( 'NONE', *, *, #2735, .T. ) ;
#666 = DIRECTION ( 'NONE',  ( 0.0000000000000000000, 1.000000000000000000, 0.0000000000000000000 ) ) ;
#667 = ORIENTED_EDGE ( 'NONE', *, *, #402, .T. ) ;
#668 = VERTEX_POINT ( 'NONE', #977 ) ;
#669 = SURFACE_SIDE_STYLE ('',( #2571 ) ) ;
#670 = LINE ( 'NONE', #834, #4226 ) ;
#671 = ORIENTED_EDGE ( 'NONE', *, *, #3939, .T. ) ;
#672 = ORIENTED_EDGE ( 'NONE', *, *, #739, .T. ) ;
#673 =( NAMED_UNIT ( * ) PLANE_ANGLE_UNIT ( ) SI_UNIT ( $, .RADIAN. ) );
#674 = ORIENTED_EDGE ( 'NONE', *, *, #4605, .F. ) ;
#675 = DIRECTION ( 'NONE',  ( 1.000000000000000000, 0.0000000000000000000, 0.0000000000000000000 ) ) ;
#676 = ADVANCED_FACE ( 'NONE', ( #2966 ), #3091, .T. ) ;
#677 = VECTOR ( 'NONE', #1537, 1000.000000000000100 ) ;
#678 = MECHANICAL_DESIGN_GEOMETRIC_PRESENTATION_REPRESENTATION (  '', ( #2078 ), #3295 ) ;
#679 = CYLINDRICAL_SURFACE ( 'NONE', #4811, 1.000000000000000000 ) ;
#680 = VECTOR ( 'NONE', #3664, 1000.000000000000000 ) ;
#681 = ORIENTED_EDGE ( 'NONE', *, *, #120, .T. ) ;
#682 = DIRECTION ( 'NONE',  ( 0.0000000000000000000, 0.0000000000000000000, 1.000000000000000000 ) ) ;
#683 = STYLED_ITEM ( 'NONE', ( #893 ), #211 ) ;
#684 = EDGE_CURVE ( 'NONE', #200, #4020, #3846, .T. ) ;
#685 =( GEOMETRIC_REPRESENTATION_CONTEXT ( 3 ) GLOBAL_UNCERTAINTY_ASSIGNED_CONTEXT ( ( #512 ) ) GLOBAL_UNIT_ASSIGNED_CONTEXT ( ( #136, #69, #2667 ) ) REPRESENTATION_CONTEXT ( 'NONE', 'WORKASPACE' ) );
#686 = VECTOR ( 'NONE', #2295, 1000.000000000000000 ) ;
#687 = DIRECTION ( 'NONE',  ( 0.0000000000000000000, -1.000000000000000000, 0.0000000000000000000 ) ) ;
#688 = DIRECTION ( 'NONE',  ( 0.0000000000000000000, -1.000000000000000000, 0.0000000000000000000 ) ) ;
#689 =( GEOMETRIC_REPRESENTATION_CONTEXT ( 3 ) GLOBAL_UNCERTAINTY_ASSIGNED_CONTEXT ( ( #2165 ) ) GLOBAL_UNIT_ASSIGNED_CONTEXT ( ( #1919, #673, #3635 ) ) REPRESENTATION_CONTEXT ( 'NONE', 'WORKASPACE' ) );
#690 = EDGE_CURVE ( 'NONE', #4318, #1522, #2105, .T. ) ;
#691 = DIRECTION ( 'NONE',  ( -1.000000000000000000, -1.204789559495399200E-016, 0.0000000000000000000 ) ) ;
#692 = ADVANCED_FACE ( 'NONE', ( #2218 ), #4431, .T. ) ;
#693 = CARTESIAN_POINT ( 'NONE',  ( 6.259489662753303200, 0.1500000000000000200, -5.259758836854994800 ) ) ;
#694 = CARTESIAN_POINT ( 'NONE',  ( 3.429962027637210000, 5.405000000000000200, -3.520805435344759500 ) ) ;
#695 = CARTESIAN_POINT ( 'NONE',  ( -1.393803761741070100, 3.499531415645378700, -3.798052653774049300 ) ) ;
#696 = ORIENTED_EDGE ( 'NONE', *, *, #2905, .F. ) ;
#697 = DIRECTION ( 'NONE',  ( 0.2732148821745952200, 0.0000000000000000000, -0.9619530280415578000 ) ) ;
#698 = DIRECTION ( 'NONE',  ( -0.05596501978069534600, 0.0000000000000000000, 0.9984327301130238000 ) ) ;
#699 = ORIENTED_EDGE ( 'NONE', *, *, #1743, .T. ) ;
#700 = DIRECTION ( 'NONE',  ( 1.000000000000000000, 0.0000000000000000000, 0.0000000000000000000 ) ) ;
#701 = VECTOR ( 'NONE', #1621, 1000.000000000000000 ) ;
#702 = ORIENTED_EDGE ( 'NONE', *, *, #2443, .F. ) ;
#703 = MANIFOLD_SOLID_BREP ( 'Scale1[1]', #4041 ) ;
#704 = ORIENTED_EDGE ( 'NONE', *, *, #3051, .F. ) ;
#705 = EDGE_CURVE ( 'NONE', #1797, #300, #3936, .T. ) ;
#706 = MECHANICAL_DESIGN_GEOMETRIC_PRESENTATION_REPRESENTATION (  '', ( #1394 ), #1138 ) ;
#707 = DIRECTION ( 'NONE',  ( -0.0000000000000000000, 1.000000000000000000, -0.0000000000000000000 ) ) ;
#708 = ORIENTED_EDGE ( 'NONE', *, *, #828, .F. ) ;
#709 = DIRECTION ( 'NONE',  ( 0.0000000000000000000, 0.0000000000000000000, 1.000000000000000000 ) ) ;
#710 = FACE_OUTER_BOUND ( 'NONE', #2151, .T. ) ;
#711 = LINE ( 'NONE', #1627, #1301 ) ;
#712 = CARTESIAN_POINT ( 'NONE',  ( 0.0000000000000000000, 0.1000000000000000100, 0.0000000000000000000 ) ) ;
#713 = MECHANICAL_DESIGN_GEOMETRIC_PRESENTATION_REPRESENTATION (  '', ( #192 ), #1382 ) ;
#714 = FILL_AREA_STYLE ('',( #4459 ) ) ;
#715 = COLOUR_RGB ( '',0.6509803921568627600, 0.6196078431372549200, 0.5882352941176470800 ) ;
#716 = CIRCLE ( 'NONE', #536, 0.1499999999999999700 ) ;
#717 = EDGE_CURVE ( 'NONE', #1891, #1533, #3686, .T. ) ;
#718 = SURFACE_SIDE_STYLE ('',( #1841 ) ) ;
#719 = ORIENTED_EDGE ( 'NONE', *, *, #98, .T. ) ;
#720 = AXIS2_PLACEMENT_3D ( 'NONE', #2148, #1750, #4405 ) ;
#721 = VERTEX_POINT ( 'NONE', #3275 ) ;
#722 = EDGE_LOOP ( 'NONE', ( #4142, #3163, #3375, #2794 ) ) ;
#723 = ORIENTED_EDGE ( 'NONE', *, *, #2532, .F. ) ;
#724 = ORIENTED_EDGE ( 'NONE', *, *, #2091, .F. ) ;
#725 = CARTESIAN_POINT ( 'NONE',  ( 5.559489662753303900, 5.400000000000000400, -6.177093836854995200 ) ) ;
#726 = VERTEX_POINT ( 'NONE', #738 ) ;
#727 = DIRECTION ( 'NONE',  ( 0.2793947940878290200, 0.0000000000000000000, -0.9601763114327595000 ) ) ;
#728 = CARTESIAN_POINT ( 'NONE',  ( 2.470912718707049200, 5.405000000000000200, -3.686201945071338100 ) ) ;
#729 = LINE ( 'NONE', #2738, #4288 ) ;
#730 = SURFACE_SIDE_STYLE ('',( #2675 ) ) ;
#731 = SURFACE_SIDE_STYLE ('',( #4290 ) ) ;
#732 = CARTESIAN_POINT ( 'NONE',  ( -1.390510337246696900, 3.449640000000000500, -5.259758836854994800 ) ) ;
#733 = VECTOR ( 'NONE', #1877, 1000.000000000000000 ) ;
#734 = FILL_AREA_STYLE_COLOUR ( '', #1439 ) ;
#735 = MECHANICAL_DESIGN_GEOMETRIC_PRESENTATION_REPRESENTATION (  '', ( #4474 ), #4171 ) ;
#736 = VERTEX_POINT ( 'NONE', #4799 ) ;
#737 = UNCERTAINTY_MEASURE_WITH_UNIT (LENGTH_MEASURE( 1.000000000000000100E-005 ), #3370, 'distance_accuracy_value', 'NONE');
#738 = CARTESIAN_POINT ( 'NONE',  ( 1.967307638725128000, 5.400000000000000400, -3.520834493059949600 ) ) ;
#739 = EDGE_CURVE ( 'NONE', #443, #2902, #1950, .T. ) ;
#740 = EDGE_CURVE ( 'NONE', #2232, #24, #213, .T. ) ;
#741 = AXIS2_PLACEMENT_3D ( 'NONE', #2090, #3608, #1349 ) ;
#742 = FILL_AREA_STYLE ('',( #772 ) ) ;
#743 = EDGE_CURVE ( 'NONE', #19, #561, #3567, .T. ) ;
#744 = DIRECTION ( 'NONE',  ( -0.3829140317376763500, 0.0000000000000000000, -0.9237839814038765200 ) ) ;
#745 =( NAMED_UNIT ( * ) SI_UNIT ( $, .STERADIAN. ) SOLID_ANGLE_UNIT ( ) );
#746 = STYLED_ITEM ( 'NONE', ( #1105 ), #3964 ) ;
#747 = SURFACE_STYLE_USAGE ( .BOTH. , #761 ) ;
#748 = EDGE_CURVE ( 'NONE', #1884, #4629, #324, .T. ) ;
#749 = SURFACE_SIDE_STYLE ('',( #2875 ) ) ;
#750 = CARTESIAN_POINT ( 'NONE',  ( 4.959489662753302500, 0.0000000000000000000, -5.259758836854994800 ) ) ;
#751 = ORIENTED_EDGE ( 'NONE', *, *, #1899, .T. ) ;
#752 = ORIENTED_EDGE ( 'NONE', *, *, #2415, .F. ) ;
#753 =( NAMED_UNIT ( * ) SI_UNIT ( $, .STERADIAN. ) SOLID_ANGLE_UNIT ( ) );
#754 = EDGE_CURVE ( 'NONE', #1754, #1510, #498, .T. ) ;
#755 = SURFACE_SIDE_STYLE ('',( #942 ) ) ;
#756 =( NAMED_UNIT ( * ) PLANE_ANGLE_UNIT ( ) SI_UNIT ( $, .RADIAN. ) );
#757 = ORIENTED_EDGE ( 'NONE', *, *, #2127, .F. ) ;
#758 = VERTEX_POINT ( 'NONE', #1913 ) ;
#759 = VECTOR ( 'NONE', #309, 999.9999999999998900 ) ;
#760 = ORIENTED_EDGE ( 'NONE', *, *, #1768, .T. ) ;
#761 = SURFACE_SIDE_STYLE ('',( #3456 ) ) ;
#762 = ORIENTED_EDGE ( 'NONE', *, *, #3444, .F. ) ;
#763 = EDGE_CURVE ( 'NONE', #3816, #3899, #4287, .T. ) ;
#764 = AXIS2_PLACEMENT_3D ( 'NONE', #1963, #3090, #1249 ) ;
#765 = VECTOR ( 'NONE', #1136, 1000.000000000000000 ) ;
#766 = CARTESIAN_POINT ( 'NONE',  ( 4.138130224153913500, 5.405000000000000200, -2.817423836854994400 ) ) ;
#767 = FACE_OUTER_BOUND ( 'NONE', #4096, .T. ) ;
#768 = VERTEX_POINT ( 'NONE', #1501 ) ;
#769 = EDGE_LOOP ( 'NONE', ( #2765, #1823, #3263, #3164 ) ) ;
#770 = ORIENTED_EDGE ( 'NONE', *, *, #3270, .T. ) ;
#771 = MECHANICAL_DESIGN_GEOMETRIC_PRESENTATION_REPRESENTATION (  '', ( #878 ), #4212 ) ;
#772 = FILL_AREA_STYLE_COLOUR ( '', #2071 ) ;
#773 = FACE_OUTER_BOUND ( 'NONE', #4153, .T. ) ;
#774 = FILL_AREA_STYLE ('',( #4525 ) ) ;
#775 = DIRECTION ( 'NONE',  ( -1.000000000000000000, 0.0000000000000000000, 0.0000000000000000000 ) ) ;
#777 = ORIENTED_EDGE ( 'NONE', *, *, #3701, .T. ) ;
#776 = LINE ( 'NONE', #458, #3504 ) ;
#778 = CARTESIAN_POINT ( 'NONE',  ( 4.092203185916966700, 5.400000000000000400, -3.518457043707875700 ) ) ;
#779 = VECTOR ( 'NONE', #4358, 1000.000000000000000 ) ;
#780 = EDGE_LOOP ( 'NONE', ( #574, #78, #3621, #719 ) ) ;
#781 = EDGE_CURVE ( 'NONE', #3898, #419, #1479, .T. ) ;
#782 = DIRECTION ( 'NONE',  ( -0.0000000000000000000, 0.0000000000000000000, -1.000000000000000000 ) ) ;
#783 = ORIENTED_EDGE ( 'NONE', *, *, #3515, .T. ) ;
#784 = CARTESIAN_POINT ( 'NONE',  ( -1.340510337246696700, 3.599640000000000400, -5.259758836854994800 ) ) ;
#785 = PRESENTATION_STYLE_ASSIGNMENT (( #18 ) ) ;
#786 = VECTOR ( 'NONE', #57, 1000.000000000000000 ) ;
#787 = DIRECTION ( 'NONE',  ( 0.05375259206908232500, 0.0000000000000000000, -0.9985542843760947300 ) ) ;
#788 = DIRECTION ( 'NONE',  ( 2.465190328815661900E-032, 0.0000000000000000000, 1.000000000000000000 ) ) ;
#789 = DIRECTION ( 'NONE',  ( -1.000000000000000000, -0.0000000000000000000, -0.0000000000000000000 ) ) ;
#790 = LINE ( 'NONE', #3262, #3813 ) ;
#791 = ORIENTED_EDGE ( 'NONE', *, *, #4506, .F. ) ;
#792 = CARTESIAN_POINT ( 'NONE',  ( 4.959489662753302500, 0.0000000000000000000, -5.259758836854994800 ) ) ;
#793 = DIRECTION ( 'NONE',  ( 0.0000000000000000000, 1.000000000000000000, 0.0000000000000000000 ) ) ;
#794 = DIRECTION ( 'NONE',  ( 0.0000000000000000000, -1.000000000000000000, -0.0000000000000000000 ) ) ;
#795 = LINE ( 'NONE', #2320, #3756 ) ;
#796 = SURFACE_SIDE_STYLE ('',( #3920 ) ) ;
#797 = EDGE_CURVE ( 'NONE', #4541, #2002, #3441, .T. ) ;
#798 = UNCERTAINTY_MEASURE_WITH_UNIT (LENGTH_MEASURE( 1.000000000000000100E-005 ), #4002, 'distance_accuracy_value', 'NONE');
#799 = DIRECTION ( 'NONE',  ( -1.000000000000000000, 0.0000000000000000000, 0.0000000000000000000 ) ) ;
#800 = STYLED_ITEM ( 'NONE', ( #4270 ), #1390 ) ;
#801 = CARTESIAN_POINT ( 'NONE',  ( 2.468727555777992400, 5.405000000000000200, -2.817423836854994400 ) ) ;
#802 = EDGE_CURVE ( 'NONE', #883, #2636, #3169, .T. ) ;
#803 = DIRECTION ( 'NONE',  ( 0.2762437428917330400, 0.0000000000000000000, -0.9610876102172819500 ) ) ;
#804 = FILL_AREA_STYLE_COLOUR ( '', #2996 ) ;
#805 = STYLED_ITEM ( 'NONE', ( #518 ), #3195 ) ;
#806 = DIRECTION ( 'NONE',  ( -0.0000000000000000000, -0.0000000000000000000, -1.000000000000000000 ) ) ;
#807 = EDGE_CURVE ( 'NONE', #3044, #3803, #4453, .T. ) ;
#808 =( NAMED_UNIT ( * ) PLANE_ANGLE_UNIT ( ) SI_UNIT ( $, .RADIAN. ) );
#809 =( NAMED_UNIT ( * ) SI_UNIT ( $, .STERADIAN. ) SOLID_ANGLE_UNIT ( ) );
#810 =( GEOMETRIC_REPRESENTATION_CONTEXT ( 3 ) GLOBAL_UNCERTAINTY_ASSIGNED_CONTEXT ( ( #2253 ) ) GLOBAL_UNIT_ASSIGNED_CONTEXT ( ( #4245, #3069, #2013 ) ) REPRESENTATION_CONTEXT ( 'NONE', 'WORKASPACE' ) );
#811 = DIRECTION ( 'NONE',  ( 0.9984327301130239100, 0.0000000000000000000, 0.05596501978069536700 ) ) ;
#812 = ORIENTED_EDGE ( 'NONE', *, *, #2830, .F. ) ;
#813 = CARTESIAN_POINT ( 'NONE',  ( 6.309489662753303000, 3.599640000000000400, -5.259758836854994800 ) ) ;
#814 = VERTEX_POINT ( 'NONE', #4106 ) ;
#815 = VECTOR ( 'NONE', #586, 1000.000000000000000 ) ;
#816 = CARTESIAN_POINT ( 'NONE',  ( 4.138130224153913500, 5.405000000000000200, -2.817423836854994400 ) ) ;
#817 = FACE_OUTER_BOUND ( 'NONE', #3362, .T. ) ;
#818 = ORIENTED_EDGE ( 'NONE', *, *, #1270, .F. ) ;
#819 = CARTESIAN_POINT ( 'NONE',  ( 6.159489662753302700, 0.1000000000000000100, -2.442037603657841900 ) ) ;
#820 = PLANE ( 'NONE',  #764 ) ;
#821 = VECTOR ( 'NONE', #4432, 1000.000000000000000 ) ;
#822 = ORIENTED_EDGE ( 'NONE', *, *, #3428, .T. ) ;
#823 = VERTEX_POINT ( 'NONE', #1557 ) ;
#824 = PRESENTATION_STYLE_ASSIGNMENT (( #1463 ) ) ;
#825 = VERTEX_POINT ( 'NONE', #4133 ) ;
#826 = LINE ( 'NONE', #1999, #701 ) ;
#827 = DIRECTION ( 'NONE',  ( 0.0000000000000000000, 0.0000000000000000000, -1.000000000000000000 ) ) ;
#828 = EDGE_CURVE ( 'NONE', #2391, #300, #4339, .T. ) ;
#829 = DIRECTION ( 'NONE',  ( 0.0000000000000000000, 0.0000000000000000000, -1.000000000000000000 ) ) ;
#830 = CARTESIAN_POINT ( 'NONE',  ( 4.577490409989048100, 5.400000000000000400, -3.518438160091719600 ) ) ;
#831 = VERTEX_POINT ( 'NONE', #1944 ) ;
#832 =( GEOMETRIC_REPRESENTATION_CONTEXT ( 3 ) GLOBAL_UNCERTAINTY_ASSIGNED_CONTEXT ( ( #2430 ) ) GLOBAL_UNIT_ASSIGNED_CONTEXT ( ( #3088, #3068, #3453 ) ) REPRESENTATION_CONTEXT ( 'NONE', 'WORKASPACE' ) );
#833 = LINE ( 'NONE', #3280, #1237 ) ;
#834 = CARTESIAN_POINT ( 'NONE',  ( 1.571483454697584200, 5.400000000000000400, -3.520834493059950000 ) ) ;
#835 = CARTESIAN_POINT ( 'NONE',  ( 1.478641415935711700, 5.405000000000000200, -3.198634632207177000 ) ) ;
#836 = EDGE_CURVE ( 'NONE', #2636, #4224, #1661, .T. ) ;
#837 = VECTOR ( 'NONE', #29, 1000.000000000000000 ) ;
#838 = VECTOR ( 'NONE', #1568, 1000.000000000000100 ) ;
#839 = MECHANICAL_DESIGN_GEOMETRIC_PRESENTATION_REPRESENTATION (  '', ( #528 ), #2171 ) ;
#841 = ORIENTED_EDGE ( 'NONE', *, *, #1611, .F. ) ;
#840 = VECTOR ( 'NONE', #1929, 1000.000000000000000 ) ;
#842 = ORIENTED_EDGE ( 'NONE', *, *, #1749, .F. ) ;
#843 = VECTOR ( 'NONE', #709, 1000.000000000000000 ) ;
#844 = ORIENTED_EDGE ( 'NONE', *, *, #4166, .F. ) ;
#845 = ORIENTED_EDGE ( 'NONE', *, *, #362, .F. ) ;
#846 = ORIENTED_EDGE ( 'NONE', *, *, #836, .T. ) ;
#847 = ORIENTED_EDGE ( 'NONE', *, *, #15, .F. ) ;
#848 = AXIS2_PLACEMENT_3D ( 'NONE', #3181, #3493, #3564 ) ;
#849 = LINE ( 'NONE', #2104, #3937 ) ;
#850 =( NAMED_UNIT ( * ) PLANE_ANGLE_UNIT ( ) SI_UNIT ( $, .RADIAN. ) );
#851 = ADVANCED_FACE ( 'NONE', ( #444 ), #38, .T. ) ;
#852 = CARTESIAN_POINT ( 'NONE',  ( 4.625702820937581400, 5.405000000000000200, -3.686201945071338600 ) ) ;
#853 = DIRECTION ( 'NONE',  ( 0.0000000000000000000, -1.000000000000000000, -0.0000000000000000000 ) ) ;
#854 = CARTESIAN_POINT ( 'NONE',  ( 6.259580310935998400, 3.451430878196263900, -3.936400586385351300 ) ) ;
#855 = PLANE ( 'NONE',  #2692 ) ;
#856 = CARTESIAN_POINT ( 'NONE',  ( -1.340510337246696700, 3.499640000000000300, -5.259758836854994800 ) ) ;
#857 = EDGE_CURVE ( 'NONE', #2102, #443, #1887, .T. ) ;
#858 = VECTOR ( 'NONE', #396, 1000.000000000000000 ) ;
#859 = DIRECTION ( 'NONE',  ( 0.0000000000000000000, 1.000000000000000000, 0.0000000000000000000 ) ) ;
#860 = LINE ( 'NONE', #3127, #2710 ) ;
#861 = CARTESIAN_POINT ( 'NONE',  ( 4.959489662753302500, 0.0000000000000000000, -5.259758836854994800 ) ) ;
#862 = CARTESIAN_POINT ( 'NONE',  ( 2.111010162719252100, 5.400000000000000400, -0.6770938368549936900 ) ) ;
#863 = ORIENTED_EDGE ( 'NONE', *, *, #4418, .F. ) ;
#864 = DIRECTION ( 'NONE',  ( 1.000000000000000000, 0.0000000000000000000, -0.0000000000000000000 ) ) ;
#865 = UNCERTAINTY_MEASURE_WITH_UNIT (LENGTH_MEASURE( 1.000000000000000100E-005 ), #2384, 'distance_accuracy_value', 'NONE');
#866 = FACE_BOUND ( 'NONE', #2290, .T. ) ;
#867 = CARTESIAN_POINT ( 'NONE',  ( -1.340510337246696700, 0.0000000000000000000, -1.706981370460688900 ) ) ;
#868 = SURFACE_STYLE_USAGE ( .BOTH. , #3760 ) ;
#869 = CARTESIAN_POINT ( 'NONE',  ( 6.309489662753303000, -5.324655514143919200E-017, -2.559758836854994200 ) ) ;
#870 = STYLED_ITEM ( 'NONE', ( #891 ), #676 ) ;
#871 = CARTESIAN_POINT ( 'NONE',  ( 6.159489662753302700, 0.0000000000000000000, -1.042423836854995000 ) ) ;
#872 = CARTESIAN_POINT ( 'NONE',  ( 4.818979325506606200, 0.0000000000000000000, -5.259758836854994800 ) ) ;
#873 =( NAMED_UNIT ( * ) PLANE_ANGLE_UNIT ( ) SI_UNIT ( $, .RADIAN. ) );
#874 = PRESENTATION_LAYER_ASSIGNMENT (  '', '', ( #1394 ) ) ;
#875 = ADVANCED_FACE ( 'NONE', ( #1544 ), #2287, .F. ) ;
#876 = DIRECTION ( 'NONE',  ( 0.0000000000000000000, -1.000000000000000000, -0.0000000000000000000 ) ) ;
#877 = DIRECTION ( 'NONE',  ( 0.2745159998572680400, 0.0000000000000000000, -0.9615825319869140100 ) ) ;
#878 = STYLED_ITEM ( 'NONE', ( #1420 ), #3259 ) ;
#879 = DIRECTION ( 'NONE',  ( 0.0000000000000000000, 0.0000000000000000000, 1.000000000000000000 ) ) ;
#880 = EDGE_CURVE ( 'NONE', #2475, #4252, #776, .T. ) ;
#881 = DIRECTION ( 'NONE',  ( 0.0000000000000000000, -1.000000000000000000, -0.0000000000000000000 ) ) ;
#882 = DIRECTION ( 'NONE',  ( 1.000000000000000000, -0.0000000000000000000, -0.0000000000000000000 ) ) ;
#883 = VERTEX_POINT ( 'NONE', #816 ) ;
#884 = CARTESIAN_POINT ( 'NONE',  ( -1.526059464999877800, 3.585237056114944000, -4.059106259796911900 ) ) ;
#885 = CARTESIAN_POINT ( 'NONE',  ( 3.275485935262683100, 5.405000000000000200, -2.982741098268310700 ) ) ;
#886 = VERTEX_POINT ( 'NONE', #801 ) ;
#887 = CARTESIAN_POINT ( 'NONE',  ( -1.540510337246696800, 3.549640000000000100, -3.768337480617685000 ) ) ;
#888 = ADVANCED_FACE ( 'NONE', ( #1065 ), #2516, .F. ) ;
#889 = DIRECTION ( 'NONE',  ( 1.000000000000000000, -0.0000000000000000000, -7.562438100085999800E-017 ) ) ;
#890 = FILL_AREA_STYLE ('',( #2375 ) ) ;
#891 = PRESENTATION_STYLE_ASSIGNMENT (( #4415 ) ) ;
#892 = ORIENTED_EDGE ( 'NONE', *, *, #3405, .F. ) ;
#893 = PRESENTATION_STYLE_ASSIGNMENT (( #3334 ) ) ;
#894 = CARTESIAN_POINT ( 'NONE',  ( 2.014275471456824300, 5.405000000000000200, -3.686201945071338100 ) ) ;
#895 = DIRECTION ( 'NONE',  ( 1.000000000000000000, 0.0000000000000000000, -2.465190328815661900E-032 ) ) ;
#896 = CARTESIAN_POINT ( 'NONE',  ( 2.470912718707049200, 5.405000000000000200, -3.686201945071338100 ) ) ;
#897 =( GEOMETRIC_REPRESENTATION_CONTEXT ( 3 ) GLOBAL_UNCERTAINTY_ASSIGNED_CONTEXT ( ( #865 ) ) GLOBAL_UNIT_ASSIGNED_CONTEXT ( ( #2384, #1625, #166 ) ) REPRESENTATION_CONTEXT ( 'NONE', 'WORKASPACE' ) );
#898 = ORIENTED_EDGE ( 'NONE', *, *, #4416, .T. ) ;
#899 = VERTEX_POINT ( 'NONE', #3856 ) ;
#900 = EDGE_LOOP ( 'NONE', ( #3677, #3639, #3991, #1010 ) ) ;
#901 =( NAMED_UNIT ( * ) PLANE_ANGLE_UNIT ( ) SI_UNIT ( $, .RADIAN. ) );
#902 = ORIENTED_EDGE ( 'NONE', *, *, #1493, .T. ) ;
#903 = EDGE_LOOP ( 'NONE', ( #905, #2145, #4547, #953, #615, #2955, #4503, #4332, #1881, #3190, #127 ) ) ;
#904 = LINE ( 'NONE', #3131, #4456 ) ;
#905 = ORIENTED_EDGE ( 'NONE', *, *, #558, .T. ) ;
#906 = AXIS2_PLACEMENT_3D ( 'NONE', #2722, #3095, #1619 ) ;
#907 = ORIENTED_EDGE ( 'NONE', *, *, #4116, .T. ) ;
#908 = DIRECTION ( 'NONE',  ( 1.000000000000000000, 0.0000000000000000000, 0.0000000000000000000 ) ) ;
#909 = DIRECTION ( 'NONE',  ( -1.000000000000000000, -1.301042606982605600E-016, -0.0000000000000000000 ) ) ;
#910 = DIRECTION ( 'NONE',  ( 0.0000000000000000000, 0.0000000000000000000, -1.000000000000000000 ) ) ;
#911 = VECTOR ( 'NONE', #2928, 1000.000000000000100 ) ;
#912 = PRESENTATION_STYLE_ASSIGNMENT (( #54 ) ) ;
#913 = EDGE_CURVE ( 'NONE', #2489, #3898, #1126, .T. ) ;
#914 = PRESENTATION_LAYER_ASSIGNMENT (  '', '', ( #746 ) ) ;
#915 = CARTESIAN_POINT ( 'NONE',  ( 1.898720866560917900, 5.400000000000000400, -2.982709398945779400 ) ) ;
#916 = COLOUR_RGB ( '',0.8980392156862745400, 0.9215686274509803400, 0.9294117647058823800 ) ;
#917 = ADVANCED_FACE ( 'NONE', ( #437 ), #2683, .F. ) ;
#918 = ORIENTED_EDGE ( 'NONE', *, *, #4605, .T. ) ;
#919 = SURFACE_STYLE_USAGE ( .BOTH. , #4562 ) ;
#920 = CARTESIAN_POINT ( 'NONE',  ( -1.390510337246696900, 3.449640000000000500, -2.559758836854994200 ) ) ;
#921 = FACE_OUTER_BOUND ( 'NONE', #316, .T. ) ;
#922 = DIRECTION ( 'NONE',  ( 0.9610992334315862100, 0.0000000000000000000, 0.2762033010252003500 ) ) ;
#923 = DIRECTION ( 'NONE',  ( 0.0000000000000000000, -1.000000000000000000, -0.0000000000000000000 ) ) ;
#924 = CARTESIAN_POINT ( 'NONE',  ( -0.7278223961970494700, 5.400000000000000400, -0.7850326902232047700 ) ) ;
#925 = DIRECTION ( 'NONE',  ( 0.3725077383643968800, 0.0000000000000000000, 0.9280290862137037200 ) ) ;
#926 = EDGE_CURVE ( 'NONE', #1756, #1453, #4155, .T. ) ;
#927 = AXIS2_PLACEMENT_3D ( 'NONE', #2302, #468, #1992 ) ;
#928 = DIRECTION ( 'NONE',  ( -0.9237839814038765200, 0.0000000000000000000, 0.3829140317376764600 ) ) ;
#929 = CARTESIAN_POINT ( 'NONE',  ( 0.6866324320865855300, 5.405000000000000200, -3.686201945071338600 ) ) ;
#930 = CARTESIAN_POINT ( 'NONE',  ( -1.394923519486458400, 3.499640000000000300, -4.021562235729983400 ) ) ;
#931 =( NAMED_UNIT ( * ) PLANE_ANGLE_UNIT ( ) SI_UNIT ( $, .RADIAN. ) );
#932 = CARTESIAN_POINT ( 'NONE',  ( 6.159489662753302700, 3.599640000000000400, -3.909758836854994300 ) ) ;
#933 = AXIS2_PLACEMENT_3D ( 'NONE', #459, #89, #3825 ) ;
#934 = CARTESIAN_POINT ( 'NONE',  ( 3.337119988877415900, 5.400000000000000400, -3.198634632205447300 ) ) ;
#935 = ORIENTED_EDGE ( 'NONE', *, *, #3923, .T. ) ;
#936 = SURFACE_STYLE_USAGE ( .BOTH. , #3948 ) ;
#937 = ADVANCED_FACE ( 'NONE', ( #3793 ), #2921, .T. ) ;
#938 = ORIENTED_EDGE ( 'NONE', *, *, #2781, .F. ) ;
#939 = DIRECTION ( 'NONE',  ( -0.0000000000000000000, 1.000000000000000000, 0.0000000000000000000 ) ) ;
#940 = PRESENTATION_STYLE_ASSIGNMENT (( #4585 ) ) ;
#941 = MECHANICAL_DESIGN_GEOMETRIC_PRESENTATION_REPRESENTATION (  '', ( #1036 ), #1212 ) ;
#942 = SURFACE_STYLE_FILL_AREA ( #2981 ) ;
#943 = ORIENTED_EDGE ( 'NONE', *, *, #3284, .T. ) ;
#944 = LINE ( 'NONE', #334, #1167 ) ;
#945 = DIRECTION ( 'NONE',  ( 0.2732148821745952200, 0.0000000000000000000, -0.9619530280415578000 ) ) ;
#946 = ADVANCED_FACE ( 'NONE', ( #4038 ), #2720, .F. ) ;
#947 = VERTEX_POINT ( 'NONE', #3125 ) ;
#948 = EDGE_CURVE ( 'NONE', #4633, #4445, #2236, .T. ) ;
#949 = DIRECTION ( 'NONE',  ( -0.9612861490927331300, 0.0000000000000000000, -0.2755520632520535000 ) ) ;
#950 = CARTESIAN_POINT ( 'NONE',  ( 6.159489662753302700, 0.0000000000000000000, -1.042423836854995000 ) ) ;
#951 = VECTOR ( 'NONE', #882, 1000.000000000000000 ) ;
#952 = CIRCLE ( 'NONE', #642, 0.1499999999999999700 ) ;
#953 = ORIENTED_EDGE ( 'NONE', *, *, #2532, .T. ) ;
#954 = LINE ( 'NONE', #4006, #610 ) ;
#955 = UNCERTAINTY_MEASURE_WITH_UNIT (LENGTH_MEASURE( 1.000000000000000100E-005 ), #100, 'distance_accuracy_value', 'NONE');
#956 = CARTESIAN_POINT ( 'NONE',  ( 6.159489662753302700, 3.499640000000000300, -5.259758836854994800 ) ) ;
#957 = LINE ( 'NONE', #2412, #131 ) ;
#958 = PLANE ( 'NONE',  #4797 ) ;
#959 = FACE_OUTER_BOUND ( 'NONE', #1991, .T. ) ;
#960 = PRESENTATION_STYLE_ASSIGNMENT (( #2717 ) ) ;
#961 = ORIENTED_EDGE ( 'NONE', *, *, #3390, .T. ) ;
#962 = ORIENTED_EDGE ( 'NONE', *, *, #3671, .F. ) ;
#963 = MECHANICAL_DESIGN_GEOMETRIC_PRESENTATION_REPRESENTATION (  '', ( #870 ), #3950 ) ;
#964 = PRODUCT_DEFINITION_SHAPE ( 'NONE', 'NONE',  #1624 ) ;
#965 = ORIENTED_EDGE ( 'NONE', *, *, #3409, .T. ) ;
#966 = ORIENTED_EDGE ( 'NONE', *, *, #3104, .T. ) ;
#967 = SURFACE_STYLE_USAGE ( .BOTH. , #1325 ) ;
#968 = CARTESIAN_POINT ( 'NONE',  ( 6.159489662753302700, 5.400000000000000400, -1.042423836854995000 ) ) ;
#969 = ORIENTED_EDGE ( 'NONE', *, *, #4753, .T. ) ;
#970 = PRESENTATION_LAYER_ASSIGNMENT (  '', '', ( #3780 ) ) ;
#971 = ORIENTED_EDGE ( 'NONE', *, *, #1500, .T. ) ;
#972 = VECTOR ( 'NONE', #4304, 1000.000000000000000 ) ;
#973 = VECTOR ( 'NONE', #4124, 1000.000000000000000 ) ;
#974 = DIRECTION ( 'NONE',  ( -1.000000000000000000, -0.0000000000000000000, -0.0000000000000000000 ) ) ;
#975 = ADVANCED_FACE ( 'NONE', ( #2983 ), #155, .F. ) ;
#976 = STYLED_ITEM ( 'NONE', ( #2967 ), #3640 ) ;
#977 = CARTESIAN_POINT ( 'NONE',  ( 6.159489662753302700, 3.599640000000000400, -5.259758836854994800 ) ) ;
#978 = CARTESIAN_POINT ( 'NONE',  ( -1.340510337246697100, 5.400000000000000400, -6.777093836854994900 ) ) ;
#979 = DIRECTION ( 'NONE',  ( 0.0000000000000000000, 0.0000000000000000000, -1.000000000000000000 ) ) ;
#980 = DIRECTION ( 'NONE',  ( -0.0000000000000000000, 0.0000000000000000000, 1.000000000000000000 ) ) ;
#981 = EDGE_CURVE ( 'NONE', #649, #3252, #1761, .T. ) ;
#982 = VECTOR ( 'NONE', #4209, 1000.000000000000000 ) ;
#983 = CIRCLE ( 'NONE', #1081, 0.04999999999999969700 ) ;
#984 = VERTEX_POINT ( 'NONE', #887 ) ;
#985 = AXIS2_PLACEMENT_3D ( 'NONE', #1370, #1787, #4756 ) ;
#986 = DIRECTION ( 'NONE',  ( -0.9615323037684300200, 0.0000000000000000000, -0.2746918797667231000 ) ) ;
#987 = CARTESIAN_POINT ( 'NONE',  ( 6.159489662753302700, 0.0000000000000000000, -5.442037603657841100 ) ) ;
#988 = LINE ( 'NONE', #3315, #4115 ) ;
#989 = DIRECTION ( 'NONE',  ( -2.465190328815661900E-032, 0.0000000000000000000, -1.000000000000000000 ) ) ;
#990 = DIRECTION ( 'NONE',  ( 0.8958676361826948300, 0.0000000000000000000, 0.4443210308329224000 ) ) ;
#991 = FILL_AREA_STYLE ('',( #3199 ) ) ;
#992 = STYLED_ITEM ( 'NONE', ( #1538 ), #875 ) ;
#993 = CARTESIAN_POINT ( 'NONE',  ( 2.879001348637680200, 5.405000000000000200, -3.594598821583897300 ) ) ;
#994 = ADVANCED_FACE ( 'NONE', ( #4566 ), #3465, .F. ) ;
#995 = CARTESIAN_POINT ( 'NONE',  ( -0.1405103372466964300, 0.1000000000000000100, -2.559758836854994200 ) ) ;
#996 = DIRECTION ( 'NONE',  ( -0.3725077383643968800, 0.0000000000000000000, -0.9280290862137038400 ) ) ;
#997 = COLOUR_RGB ( '',0.6509803921568627600, 0.6196078431372549200, 0.5882352941176470800 ) ;
#998 = CARTESIAN_POINT ( 'NONE',  ( -1.340510337246696900, 3.599640000000000400, -4.059758836854994600 ) ) ;
#999 = EDGE_CURVE ( 'NONE', #4674, #1522, #134, .T. ) ;
#1000 = DIRECTION ( 'NONE',  ( 1.000000000000000000, -0.0000000000000000000, -0.0000000000000000000 ) ) ;
#1001 = STYLED_ITEM ( 'NONE', ( #4398 ), #2859 ) ;
#1002 = ORIENTED_EDGE ( 'NONE', *, *, #2085, .T. ) ;
#1003 = ORIENTED_EDGE ( 'NONE', *, *, #2332, .F. ) ;
#1004 = CARTESIAN_POINT ( 'NONE',  ( -1.440510337246696700, 0.1000000000000000100, -5.259758836854994800 ) ) ;
#1005 = EDGE_CURVE ( 'NONE', #2097, #3816, #1119, .T. ) ;
#1006 = LINE ( 'NONE', #4145, #412 ) ;
#1007 = ORIENTED_EDGE ( 'NONE', *, *, #291, .T. ) ;
#1008 = LINE ( 'NONE', #1502, #2962 ) ;
#1009 = DIRECTION ( 'NONE',  ( 0.0000000000000000000, -1.000000000000000000, -0.0000000000000000000 ) ) ;
#1010 = ORIENTED_EDGE ( 'NONE', *, *, #3228, .T. ) ;
#1011 = EDGE_CURVE ( 'NONE', #3252, #4371, #261, .T. ) ;
#1012 = CARTESIAN_POINT ( 'NONE',  ( 2.058393005879270100, 5.405000000000000200, -2.817423836854994000 ) ) ;
#1013 = DIRECTION ( 'NONE',  ( 1.000000000000000000, -0.0000000000000000000, 1.512487620017200200E-016 ) ) ;
#1014 = VECTOR ( 'NONE', #3383, 1000.000000000000000 ) ;
#1015 =( LENGTH_UNIT ( ) NAMED_UNIT ( * ) SI_UNIT ( .MILLI., .METRE. ) );
#1016 = UNCERTAINTY_MEASURE_WITH_UNIT (LENGTH_MEASURE( 1.000000000000000100E-005 ), #4136, 'distance_accuracy_value', 'NONE');
#1017 = ORIENTED_EDGE ( 'NONE', *, *, #602, .T. ) ;
#1018 = ADVANCED_FACE ( 'NONE', ( #614 ), #1699, .F. ) ;
#1019 = ORIENTED_EDGE ( 'NONE', *, *, #2907, .F. ) ;
#1020 = ORIENTED_EDGE ( 'NONE', *, *, #3526, .F. ) ;
#1021 = EDGE_CURVE ( 'NONE', #376, #2860, #3258, .T. ) ;
#1022 = LINE ( 'NONE', #813, #4390 ) ;
#1024 = VERTEX_POINT ( 'NONE', #2086 ) ;
#1023 = SURFACE_STYLE_FILL_AREA ( #3835 ) ;
#1025 = LINE ( 'NONE', #3277, #1772 ) ;
#1026 = ORIENTED_EDGE ( 'NONE', *, *, #740, .T. ) ;
#1027 = ORIENTED_EDGE ( 'NONE', *, *, #1333, .F. ) ;
#1028 = CARTESIAN_POINT ( 'NONE',  ( 6.209489662753303400, 0.1000000000000000100, -5.259758836854994800 ) ) ;
#1029 =( GEOMETRIC_REPRESENTATION_CONTEXT ( 3 ) GLOBAL_UNCERTAINTY_ASSIGNED_CONTEXT ( ( #2727 ) ) GLOBAL_UNIT_ASSIGNED_CONTEXT ( ( #2785, #4205, #1615 ) ) REPRESENTATION_CONTEXT ( 'NONE', 'WORKASPACE' ) );
#1030 = PLANE ( 'NONE',  #2772 ) ;
#1031 = COLOUR_RGB ( '',0.8980392156862745400, 0.9215686274509803400, 0.9294117647058823800 ) ;
#1032 = DIRECTION ( 'NONE',  ( -0.2765379750249961100, 0.0000000000000000000, 0.9610029908221277000 ) ) ;
#1033 = LINE ( 'NONE', #3576, #3637 ) ;
#1034 = DIRECTION ( 'NONE',  ( 0.0000000000000000000, 0.0000000000000000000, 1.000000000000000000 ) ) ;
#1035 = ORIENTED_EDGE ( 'NONE', *, *, #2014, .F. ) ;
#1036 = STYLED_ITEM ( 'NONE', ( #2337 ), #3492 ) ;
#1037 = SURFACE_STYLE_USAGE ( .BOTH. , #4702 ) ;
#1038 = ADVANCED_FACE ( 'NONE', ( #3619 ), #1471, .F. ) ;
#1039 = DIRECTION ( 'NONE',  ( -0.0000000000000000000, 0.0000000000000000000, -1.000000000000000000 ) ) ;
#1040 = ORIENTED_EDGE ( 'NONE', *, *, #422, .T. ) ;
#1041 = AXIS2_PLACEMENT_3D ( 'NONE', #2982, #3000, #775 ) ;
#1042 = ORIENTED_EDGE ( 'NONE', *, *, #3839, .F. ) ;
#1043 = FILL_AREA_STYLE ('',( #1486 ) ) ;
#1044 = CARTESIAN_POINT ( 'NONE',  ( 3.095281221737706800, 5.400000000000000400, 0.2448548433824903900 ) ) ;
#1045 = CARTESIAN_POINT ( 'NONE',  ( 1.559489662753303000, 0.1000000000000000100, -5.442037603657841900 ) ) ;
#1046 = FACE_OUTER_BOUND ( 'NONE', #3931, .T. ) ;
#1047 = ORIENTED_EDGE ( 'NONE', *, *, #500, .T. ) ;
#1048 = VECTOR ( 'NONE', #2906, 1000.000000000000100 ) ;
#1049 = ORIENTED_EDGE ( 'NONE', *, *, #4144, .T. ) ;
#1050 = CARTESIAN_POINT ( 'NONE',  ( -1.440510337246696700, 3.449639999999997800, -3.909758836854994300 ) ) ;
#1051 = CARTESIAN_POINT ( 'NONE',  ( 6.359489662753302900, 3.549640000000000100, -4.051180193092304400 ) ) ;
#1052 = CARTESIAN_POINT ( 'NONE',  ( 2.111010162719252100, 5.400000000000000400, -0.6770938368549936900 ) ) ;
#1053 = ORIENTED_EDGE ( 'NONE', *, *, #3933, .T. ) ;
#1054 = ADVANCED_FACE ( 'NONE', ( #2115 ), #1735, .T. ) ;
#1055 = COLOUR_RGB ( '',0.6509803921568627600, 0.6196078431372549200, 0.5882352941176470800 ) ;
#1056 = EDGE_CURVE ( 'NONE', #3740, #4083, #3495, .T. ) ;
#1057 = ORIENTED_EDGE ( 'NONE', *, *, #2142, .T. ) ;
#1058 = PRESENTATION_LAYER_ASSIGNMENT (  '', '', ( #4148 ) ) ;
#1059 =( LENGTH_UNIT ( ) NAMED_UNIT ( * ) SI_UNIT ( .MILLI., .METRE. ) );
#1060 = ORIENTED_EDGE ( 'NONE', *, *, #3066, .F. ) ;
#1061 = CARTESIAN_POINT ( 'NONE',  ( 6.340696252522463700, 3.588705953911038200, -3.760157878849624200 ) ) ;
#1062 =( NAMED_UNIT ( * ) PLANE_ANGLE_UNIT ( ) SI_UNIT ( $, .RADIAN. ) );
#1063 = FACE_OUTER_BOUND ( 'NONE', #2324, .T. ) ;
#1064 = COLOUR_RGB ( '',0.6509803921568627600, 0.6196078431372549200, 0.5882352941176470800 ) ;
#1066 = EDGE_LOOP ( 'NONE', ( #4199, #2984, #1539, #1809 ) ) ;
#1065 = FACE_OUTER_BOUND ( 'NONE', #502, .T. ) ;
#1067 = ORIENTED_EDGE ( 'NONE', *, *, #2905, .T. ) ;
#1068 = ORIENTED_EDGE ( 'NONE', *, *, #3180, .F. ) ;
#1069 = PLANE ( 'NONE',  #1181 ) ;
#1070 = VERTEX_POINT ( 'NONE', #2434 ) ;
#1071 = CARTESIAN_POINT ( 'NONE',  ( 2.655822253245574400, 5.405000000000000200, -2.817423836854994400 ) ) ;
#1072 = VECTOR ( 'NONE', #1516, 1000.000000000000000 ) ;
#1073 = VECTOR ( 'NONE', #216, 1000.000000000000000 ) ;
#1074 = EDGE_CURVE ( 'NONE', #3203, #3434, #2509, .T. ) ;
#1075 = PRESENTATION_STYLE_ASSIGNMENT (( #868 ) ) ;
#1076 = CARTESIAN_POINT ( 'NONE',  ( 1.524462789758187700, 5.405000000000000200, -3.359241902295953400 ) ) ;
#1077 = AXIS2_PLACEMENT_3D ( 'NONE', #3483, #2339, #503 ) ;
#1078 = VECTOR ( 'NONE', #404, 1000.000000000000000 ) ;
#1079 = EDGE_CURVE ( 'NONE', #137, #2150, #2457, .T. ) ;
#1080 = CARTESIAN_POINT ( 'NONE',  ( 3.337119988877415900, 5.405000000000000200, -3.198634632205447300 ) ) ;
#1081 = AXIS2_PLACEMENT_3D ( 'NONE', #2657, #4122, #1900 ) ;
#1082 = LINE ( 'NONE', #4520, #393 ) ;
#1083 = ORIENTED_EDGE ( 'NONE', *, *, #3574, .F. ) ;
#1084 = DIRECTION ( 'NONE',  ( 0.2759782365590711700, 0.0000000000000000000, -0.9611638845408961900 ) ) ;
#1085 = EDGE_CURVE ( 'NONE', #409, #1882, #3978, .T. ) ;
#1086 = CARTESIAN_POINT ( 'NONE',  ( 6.313799328743064300, 3.599640000000000400, -4.059758836854994600 ) ) ;
#1087 = DIRECTION ( 'NONE',  ( 0.0000000000000000000, 0.0000000000000000000, -1.000000000000000000 ) ) ;
#1088 = LINE ( 'NONE', #2476, #4411 ) ;
#1089 = AXIS2_PLACEMENT_3D ( 'NONE', #2689, #3792, #3845 ) ;
#1090 = PLANE ( 'NONE',  #471 ) ;
#1091 = DIRECTION ( 'NONE',  ( 1.204789559495399200E-016, -1.000000000000000000, 0.0000000000000000000 ) ) ;
#1092 = CARTESIAN_POINT ( 'NONE',  ( 6.209489662753303400, 3.499640000000000300, -5.259758836854994800 ) ) ;
#1093 = PLANE ( 'NONE',  #1829 ) ;
#1094 =( NAMED_UNIT ( * ) PLANE_ANGLE_UNIT ( ) SI_UNIT ( $, .RADIAN. ) );
#1095 = CARTESIAN_POINT ( 'NONE',  ( 6.356910586840874600, 3.565491055443748400, -4.055819952781493300 ) ) ;
#1096 = CARTESIAN_POINT ( 'NONE',  ( -1.340510337246696700, 0.1000000000000000100, -2.442037603657841900 ) ) ;
#1097 = ORIENTED_EDGE ( 'NONE', *, *, #1562, .T. ) ;
#1098 = ORIENTED_EDGE ( 'NONE', *, *, #1955, .F. ) ;
#1099 = DIRECTION ( 'NONE',  ( -0.9219486802374841100, 0.0000000000000000000, 0.3873120589503524200 ) ) ;
#1100 = LINE ( 'NONE', #4519, #1856 ) ;
#1101 = AXIS2_PLACEMENT_3D ( 'NONE', #4045, #4496, #2261 ) ;
#1102 = ORIENTED_EDGE ( 'NONE', *, *, #4073, .F. ) ;
#1103 = AXIS2_PLACEMENT_3D ( 'NONE', #315, #655, #688 ) ;
#1104 = SURFACE_SIDE_STYLE ('',( #3971 ) ) ;
#1105 = PRESENTATION_STYLE_ASSIGNMENT (( #2999 ) ) ;
#1106 = ORIENTED_EDGE ( 'NONE', *, *, #4116, .F. ) ;
#1107 = CARTESIAN_POINT ( 'NONE',  ( 1.122451953502365200, 5.405000000000000200, -2.817423836854994400 ) ) ;
#1108 = SURFACE_SIDE_STYLE ('',( #1837 ) ) ;
#1109 = ORIENTED_EDGE ( 'NONE', *, *, #4187, .T. ) ;
#1110 = ORIENTED_EDGE ( 'NONE', *, *, #2635, .T. ) ;
#1111 = PRESENTATION_LAYER_ASSIGNMENT (  '', '', ( #1036 ) ) ;
#1112 = FILL_AREA_STYLE ('',( #2603 ) ) ;
#1113 = DIRECTION ( 'NONE',  ( 1.000000000000000000, 0.0000000000000000000, -2.465190328815661900E-032 ) ) ;
#1114 = FILL_AREA_STYLE ('',( #3347 ) ) ;
#1115 = CIRCLE ( 'NONE', #1164, 0.04999999999999969700 ) ;
#1116 = SURFACE_SIDE_STYLE ('',( #368 ) ) ;
#1117 = SURFACE_STYLE_FILL_AREA ( #3171 ) ;
#1118 = EDGE_CURVE ( 'NONE', #1453, #2510, #551, .T. ) ;
#1120 = ORIENTED_EDGE ( 'NONE', *, *, #516, .T. ) ;
#1119 = LINE ( 'NONE', #4635, #4731 ) ;
#1121 = ORIENTED_EDGE ( 'NONE', *, *, #4063, .F. ) ;
#1122 = ORIENTED_EDGE ( 'NONE', *, *, #4429, .T. ) ;
#1123 = CIRCLE ( 'NONE', #3627, 1.000000000000000000 ) ;
#1124 = COLOUR_RGB ( '',0.8980392156862745400, 0.9215686274509803400, 0.9294117647058823800 ) ;
#1125 = CARTESIAN_POINT ( 'NONE',  ( 6.159489662753302700, 0.1000000000000000100, -2.442037603657841900 ) ) ;
#1127 = ORIENTED_EDGE ( 'NONE', *, *, #2108, .T. ) ;
#1126 = LINE ( 'NONE', #3342, #272 ) ;
#1128 = CARTESIAN_POINT ( 'NONE',  ( 6.159489662753302700, 0.1000000000000000100, -2.442037603657841900 ) ) ;
#1129 = ORIENTED_EDGE ( 'NONE', *, *, #4556, .T. ) ;
#1130 = ORIENTED_EDGE ( 'NONE', *, *, #1460, .F. ) ;
#1131 = VECTOR ( 'NONE', #401, 1000.000000000000000 ) ;
#1132 =( NAMED_UNIT ( * ) PLANE_ANGLE_UNIT ( ) SI_UNIT ( $, .RADIAN. ) );
#1133 = FILL_AREA_STYLE ('',( #1494 ) ) ;
#1134 = CARTESIAN_POINT ( 'NONE',  ( -1.540510337246696800, 3.549640000000000100, -5.259758836854994800 ) ) ;
#1135 = PRESENTATION_STYLE_ASSIGNMENT (( #1858 ) ) ;
#1136 = DIRECTION ( 'NONE',  ( 0.0000000000000000000, -0.0000000000000000000, -1.000000000000000000 ) ) ;
#1137 = CARTESIAN_POINT ( 'NONE',  ( 6.243408153744151300, 3.486376030935633100, -3.811416204635869100 ) ) ;
#1138 =( GEOMETRIC_REPRESENTATION_CONTEXT ( 3 ) GLOBAL_UNCERTAINTY_ASSIGNED_CONTEXT ( ( #344 ) ) GLOBAL_UNIT_ASSIGNED_CONTEXT ( ( #4606, #931, #517 ) ) REPRESENTATION_CONTEXT ( 'NONE', 'WORKASPACE' ) );
#1139 = VERTEX_POINT ( 'NONE', #660 ) ;
#1140 = VECTOR ( 'NONE', #3643, 1000.000000000000000 ) ;
#1141 =( LENGTH_UNIT ( ) NAMED_UNIT ( * ) SI_UNIT ( .MILLI., .METRE. ) );
#1142 = DIRECTION ( 'NONE',  ( -1.000000000000000000, -1.301042606982605600E-016, -0.0000000000000000000 ) ) ;
#1143 = CARTESIAN_POINT ( 'NONE',  ( 4.959489662753302500, 0.1000000000000000100, -5.259758836854994800 ) ) ;
#1144 = MECHANICAL_DESIGN_GEOMETRIC_PRESENTATION_REPRESENTATION (  '', ( #250 ), #2240 ) ;
#1145 = SURFACE_SIDE_STYLE ('',( #2991 ) ) ;
#1146 = EDGE_CURVE ( 'NONE', #1880, #3085, #957, .T. ) ;
#1147 =( NAMED_UNIT ( * ) SI_UNIT ( $, .STERADIAN. ) SOLID_ANGLE_UNIT ( ) );
#1148 = FILL_AREA_STYLE ('',( #3359 ) ) ;
#1149 =( GEOMETRIC_REPRESENTATION_CONTEXT ( 3 ) GLOBAL_UNCERTAINTY_ASSIGNED_CONTEXT ( ( #600 ) ) GLOBAL_UNIT_ASSIGNED_CONTEXT ( ( #4283, #2041, #3921 ) ) REPRESENTATION_CONTEXT ( 'NONE', 'WORKASPACE' ) );
#1150 = PLANE ( 'NONE',  #4778 ) ;
#1151 = UNCERTAINTY_MEASURE_WITH_UNIT (LENGTH_MEASURE( 1.000000000000000100E-005 ), #1801, 'distance_accuracy_value', 'NONE');
#1152 = CARTESIAN_POINT ( 'NONE',  ( 6.259483933278778200, 3.450851783687514600, -3.884954305810232700 ) ) ;
#1153 = FILL_AREA_STYLE_COLOUR ( '', #16 ) ;
#1154 = CARTESIAN_POINT ( 'NONE',  ( 4.138130224153913500, 5.405000000000000200, -2.817423836854994400 ) ) ;
#1155 = DIRECTION ( 'NONE',  ( 1.000000000000000000, 0.0000000000000000000, -2.465190328815661900E-032 ) ) ;
#1156 = SURFACE_STYLE_USAGE ( .BOTH. , #1108 ) ;
#1157 = VERTEX_POINT ( 'NONE', #3589 ) ;
#1158 = ORIENTED_EDGE ( 'NONE', *, *, #304, .F. ) ;
#1159 = CARTESIAN_POINT ( 'NONE',  ( -1.540510337246696800, 3.549640000000000100, -5.259758836854994800 ) ) ;
#1160 = EDGE_CURVE ( 'NONE', #2510, #2751, #2112, .T. ) ;
#1161 = SURFACE_STYLE_USAGE ( .BOTH. , #755 ) ;
#1162 =( NAMED_UNIT ( * ) PLANE_ANGLE_UNIT ( ) SI_UNIT ( $, .RADIAN. ) );
#1163 = DIRECTION ( 'NONE',  ( -1.204789559495399200E-016, -1.000000000000000000, 0.0000000000000000000 ) ) ;
#1164 = AXIS2_PLACEMENT_3D ( 'NONE', #1804, #2185, #700 ) ;
#1165 = ORIENTED_EDGE ( 'NONE', *, *, #1489, .T. ) ;
#1166 = CARTESIAN_POINT ( 'NONE',  ( -1.340510337246696700, 0.1000000000000000100, -5.442037603657841100 ) ) ;
#1167 = VECTOR ( 'NONE', #3656, 1000.000000000000200 ) ;
#1168 = ORIENTED_EDGE ( 'NONE', *, *, #4326, .T. ) ;
#1169 = DIRECTION ( 'NONE',  ( 0.2729786930695121100, 0.0000000000000000000, -0.9620200793798749900 ) ) ;
#1170 = ORIENTED_EDGE ( 'NONE', *, *, #3777, .T. ) ;
#1171 = LINE ( 'NONE', #123, #2325 ) ;
#1172 = ORIENTED_EDGE ( 'NONE', *, *, #4418, .T. ) ;
#1173 = VECTOR ( 'NONE', #3097, 1000.000000000000000 ) ;
#1174 = AXIS2_PLACEMENT_3D ( 'NONE', #2778, #939, #2822 ) ;
#1175 = VECTOR ( 'NONE', #2333, 1000.000000000000000 ) ;
#1176 = SURFACE_STYLE_USAGE ( .BOTH. , #4548 ) ;
#1177 = CARTESIAN_POINT ( 'NONE',  ( 3.709898763864433800, 5.400000000000000400, -3.198634632205447300 ) ) ;
#1178 = CIRCLE ( 'NONE', #1609, 1.000000000000000000 ) ;
#1179 = VECTOR ( 'NONE', #3818, 1000.000000000000000 ) ;
#1180 = ORIENTED_EDGE ( 'NONE', *, *, #2840, .F. ) ;
#1181 = AXIS2_PLACEMENT_3D ( 'NONE', #712, #687, #4770 ) ;
#1182 = LINE ( 'NONE', #405, #202 ) ;
#1183 =( NAMED_UNIT ( * ) SI_UNIT ( $, .STERADIAN. ) SOLID_ANGLE_UNIT ( ) );
#1184 = CARTESIAN_POINT ( 'NONE',  ( 4.625702820937581400, 5.405000000000000200, -3.686201945071338600 ) ) ;
#1185 = CARTESIAN_POINT ( 'NONE',  ( 6.210588545335891600, 3.499640000000000300, -4.021562235730002900 ) ) ;
#1186 = ORIENTED_EDGE ( 'NONE', *, *, #3587, .T. ) ;
#1187 = DIRECTION ( 'NONE',  ( 0.2755520632520535000, 0.0000000000000000000, -0.9612861490927330200 ) ) ;
#1188 = VECTOR ( 'NONE', #563, 1000.000000000000000 ) ;
#1189 = EDGE_LOOP ( 'NONE', ( #3110, #4131, #2021, #783 ) ) ;
#1190 = DIRECTION ( 'NONE',  ( 1.000000000000000000, 0.0000000000000000000, -2.465190328815661900E-032 ) ) ;
#1191 = EDGE_LOOP ( 'NONE', ( #4624, #2867, #1194, #2460 ) ) ;
#1192 = EDGE_CURVE ( 'NONE', #2902, #1882, #2055, .T. ) ;
#1193 = CARTESIAN_POINT ( 'NONE',  ( 3.755772969893660400, 5.400000000000000400, -3.359212844580303300 ) ) ;
#1194 = ORIENTED_EDGE ( 'NONE', *, *, #3051, .T. ) ;
#1195 = VECTOR ( 'NONE', #787, 1000.000000000000200 ) ;
#1196 = VECTOR ( 'NONE', #3128, 1000.000000000000000 ) ;
#1197 = FILL_AREA_STYLE ('',( #3353 ) ) ;
#1198 = SURFACE_SIDE_STYLE ('',( #577 ) ) ;
#1199 =( NAMED_UNIT ( * ) SI_UNIT ( $, .STERADIAN. ) SOLID_ANGLE_UNIT ( ) );
#1200 = CARTESIAN_POINT ( 'NONE',  ( -1.499165247465182000, 3.599073446151257000, -3.759755835981263900 ) ) ;
#1201 = VECTOR ( 'NONE', #2954, 1000.000000000000000 ) ;
#1202 =( NAMED_UNIT ( * ) PLANE_ANGLE_UNIT ( ) SI_UNIT ( $, .RADIAN. ) );
#1203 = AXIS2_PLACEMENT_3D ( 'NONE', #3833, #1296, #3855 ) ;
#1204 = EDGE_CURVE ( 'NONE', #1350, #2869, #3154, .T. ) ;
#1205 = PLANE ( 'NONE',  #4542 ) ;
#1206 = SURFACE_STYLE_USAGE ( .BOTH. , #109 ) ;
#1207 = MECHANICAL_DESIGN_GEOMETRIC_PRESENTATION_REPRESENTATION (  '', ( #3780 ), #305 ) ;
#1208 = LINE ( 'NONE', #1748, #2364 ) ;
#1209 = CARTESIAN_POINT ( 'NONE',  ( 1.235564354306629900, 5.405000000000000200, -3.686201945071338600 ) ) ;
#1210 = FILL_AREA_STYLE_COLOUR ( '', #4527 ) ;
#1211 = B_SPLINE_CURVE_WITH_KNOTS ( 'NONE', 3,
 ( #1277, #1612, #129, #2770, #1985, #180, #3875, #884, #4579, #3461, #3831, #2031, #3500, #1291, #2716, #1972 ),
 .UNSPECIFIED., .F., .F.,
 ( 4, 3, 3, 3, 3, 4 ),
 ( 0.0000000000000000000, 1.677192897141994000E-005, 3.354777582179582000E-005, 5.024495964556769800E-005, 6.662057270627907100E-005, 7.903401390284675800E-005 ),
 .UNSPECIFIED. ) ;
#1212 =( GEOMETRIC_REPRESENTATION_CONTEXT ( 3 ) GLOBAL_UNCERTAINTY_ASSIGNED_CONTEXT ( ( #1381 ) ) GLOBAL_UNIT_ASSIGNED_CONTEXT ( ( #232, #2470, #1730 ) ) REPRESENTATION_CONTEXT ( 'NONE', 'WORKASPACE' ) );
#1213 = EDGE_CURVE ( 'NONE', #2093, #1542, #2335, .T. ) ;
#1214 = CARTESIAN_POINT ( 'NONE',  ( -1.490510337246697000, 3.599640000000000400, -3.759758836854994300 ) ) ;
#1215 = DIRECTION ( 'NONE',  ( 0.0000000000000000000, -1.000000000000000000, -0.0000000000000000000 ) ) ;
#1216 = AXIS2_PLACEMENT_3D ( 'NONE', #1671, #3466, #2721 ) ;
#1217 =( LENGTH_UNIT ( ) NAMED_UNIT ( * ) SI_UNIT ( .MILLI., .METRE. ) );
#1218 = FILL_AREA_STYLE_COLOUR ( '', #1124 ) ;
#1219 = ORIENTED_EDGE ( 'NONE', *, *, #3331, .F. ) ;
#1220 = SURFACE_STYLE_USAGE ( .BOTH. , #1244 ) ;
#1221 = VERTEX_POINT ( 'NONE', #8 ) ;
#1222 = DIRECTION ( 'NONE',  ( 0.0000000000000000000, -1.000000000000000000, 0.0000000000000000000 ) ) ;
#1223 = LINE ( 'NONE', #4236, #1694 ) ;
#1224 = SURFACE_STYLE_USAGE ( .BOTH. , #1631 ) ;
#1225 = DIRECTION ( 'NONE',  ( 0.0000000000000000000, 0.0000000000000000000, 1.000000000000000000 ) ) ;
#1226 = FACE_OUTER_BOUND ( 'NONE', #2517, .T. ) ;
#1227 = ORIENTED_EDGE ( 'NONE', *, *, #1832, .F. ) ;
#1228 = ORIENTED_EDGE ( 'NONE', *, *, #3066, .T. ) ;
#1229 = ORIENTED_EDGE ( 'NONE', *, *, #2255, .T. ) ;
#1230 = PRESENTATION_STYLE_ASSIGNMENT (( #636 ) ) ;
#1231 = CARTESIAN_POINT ( 'NONE',  ( 6.209489662753303400, 0.1000000000000000100, -5.259758836854994800 ) ) ;
#1232 = CARTESIAN_POINT ( 'NONE',  ( 3.684444206148180400, 5.405000000000000200, -2.982741098268310700 ) ) ;
#1233 = FILL_AREA_STYLE ('',( #3265 ) ) ;
#1234 = ORIENTED_EDGE ( 'NONE', *, *, #4796, .F. ) ;
#1235 = AXIS2_PLACEMENT_3D ( 'NONE', #1629, #533, #1602 ) ;
#1236 = COLOUR_RGB ( '',0.8980392156862745400, 0.9215686274509803400, 0.9294117647058823800 ) ;
#1237 = VECTOR ( 'NONE', #1798, 1000.000000000000000 ) ;
#1238 = VERTEX_POINT ( 'NONE', #2608 ) ;
#1239 = DIRECTION ( 'NONE',  ( -1.000000000000000000, 0.0000000000000000000, 0.0000000000000000000 ) ) ;
#1240 =( LENGTH_UNIT ( ) NAMED_UNIT ( * ) SI_UNIT ( .MILLI., .METRE. ) );
#1241 = EDGE_CURVE ( 'NONE', #2751, #4479, #1115, .T. ) ;
#1242 = VECTOR ( 'NONE', #4291, 1000.000000000000000 ) ;
#1243 = AXIS2_PLACEMENT_3D ( 'NONE', #4638, #928, #4651 ) ;
#1244 = SURFACE_SIDE_STYLE ('',( #4675 ) ) ;
#1245 = SURFACE_STYLE_USAGE ( .BOTH. , #2360 ) ;
#1247 = ORIENTED_EDGE ( 'NONE', *, *, #4690, .F. ) ;
#1246 = VECTOR ( 'NONE', #2508, 1000.000000000000000 ) ;
#1248 = DIRECTION ( 'NONE',  ( 0.0000000000000000000, -1.000000000000000000, -0.0000000000000000000 ) ) ;
#1249 = DIRECTION ( 'NONE',  ( -0.2755265765475026800, 0.0000000000000000000, 0.9612934544747577800 ) ) ;
#1250 = ORIENTED_EDGE ( 'NONE', *, *, #2900, .F. ) ;
#1251 = ORIENTED_EDGE ( 'NONE', *, *, #2658, .F. ) ;
#1252 = VECTOR ( 'NONE', #2680, 1000.000000000000000 ) ;
#1253 = UNCERTAINTY_MEASURE_WITH_UNIT (LENGTH_MEASURE( 1.000000000000000100E-005 ), #2590, 'distance_accuracy_value', 'NONE');
#1254 = EDGE_CURVE ( 'NONE', #721, #4435, #4680, .T. ) ;
#1255 = ORIENTED_EDGE ( 'NONE', *, *, #748, .F. ) ;
#1256 = MECHANICAL_DESIGN_GEOMETRIC_PRESENTATION_REPRESENTATION (  '', ( #2399 ), #1347 ) ;
#1257 = VECTOR ( 'NONE', #269, 1000.000000000000000 ) ;
#1258 = ORIENTED_EDGE ( 'NONE', *, *, #3320, .F. ) ;
#1259 = DIRECTION ( 'NONE',  ( 1.000000000000000000, 0.0000000000000000000, -2.465190328815661900E-032 ) ) ;
#1260 = ORIENTED_EDGE ( 'NONE', *, *, #3071, .F. ) ;
#1261 = DIRECTION ( 'NONE',  ( 0.0000000000000000000, 0.0000000000000000000, -1.000000000000000000 ) ) ;
#1262 = EDGE_CURVE ( 'NONE', #4629, #3047, #4213, .T. ) ;
#1263 = VECTOR ( 'NONE', #2365, 1000.000000000000000 ) ;
#1264 = CARTESIAN_POINT ( 'NONE',  ( 6.159489662753302700, 0.0000000000000000000, -5.442037603657841100 ) ) ;
#1265 = LINE ( 'NONE', #4438, #1078 ) ;
#1266 = FACE_OUTER_BOUND ( 'NONE', #2463, .T. ) ;
#1267 = SURFACE_SIDE_STYLE ('',( #2008 ) ) ;
#1268 = ORIENTED_EDGE ( 'NONE', *, *, #4449, .F. ) ;
#1269 = CARTESIAN_POINT ( 'NONE',  ( 2.745332142516061100, 5.400000000000000400, -3.686201945071338100 ) ) ;
#1270 = EDGE_CURVE ( 'NONE', #443, #409, #3974, .T. ) ;
#1271 = FACE_OUTER_BOUND ( 'NONE', #432, .T. ) ;
#1272 = CARTESIAN_POINT ( 'NONE',  ( 2.468727555777992400, 5.405000000000000200, -2.817423836854994400 ) ) ;
#1273 = DIRECTION ( 'NONE',  ( 0.0000000000000000000, -1.000000000000000000, -0.0000000000000000000 ) ) ;
#1274 = CARTESIAN_POINT ( 'NONE',  ( 2.879001348637680200, 5.400000000000000400, -3.594598821583897300 ) ) ;
#1275 = MECHANICAL_DESIGN_GEOMETRIC_PRESENTATION_REPRESENTATION (  '', ( #2196 ), #1029 ) ;
#1276 = EDGE_CURVE ( 'NONE', #1961, #2676, #364, .T. ) ;
#1277 = CARTESIAN_POINT ( 'NONE',  ( -1.490510337246697000, 3.599640000000000400, -4.059758836854994600 ) ) ;
#1278 = STYLED_ITEM ( 'NONE', ( #1789 ), #2511 ) ;
#1279 = CARTESIAN_POINT ( 'NONE',  ( -1.005100140621728800, 3.599640000000000400, -3.909758836854994300 ) ) ;
#1280 = ADVANCED_FACE ( 'NONE', ( #2915 ), #2258, .T. ) ;
#1281 = CARTESIAN_POINT ( 'NONE',  ( 3.637534488846304800, 5.405000000000000200, -2.817423836854994400 ) ) ;
#1282 = CARTESIAN_POINT ( 'NONE',  ( -1.540510337246696400, 0.05000000000000012800, -5.259758836854994800 ) ) ;
#1283 = STYLED_ITEM ( 'NONE', ( #4082 ), #3609 ) ;
#1284 = CARTESIAN_POINT ( 'NONE',  ( 1.897352512381540000, 5.405000000000000200, -3.359241902295953000 ) ) ;
#1285 = EDGE_CURVE ( 'NONE', #3782, #641, #2748, .T. ) ;
#1286 =( LENGTH_UNIT ( ) NAMED_UNIT ( * ) SI_UNIT ( .MILLI., .METRE. ) );
#1287 = CARTESIAN_POINT ( 'NONE',  ( -1.390510337246696900, 3.499640000000000300, -3.797955437980004700 ) ) ;
#1288 = ORIENTED_EDGE ( 'NONE', *, *, #257, .F. ) ;
#1289 = ORIENTED_EDGE ( 'NONE', *, *, #1899, .F. ) ;
#1290 = COLOUR_RGB ( '',0.8980392156862745400, 0.9215686274509803400, 0.9294117647058823800 ) ;
#1291 = CARTESIAN_POINT ( 'NONE',  ( -1.540039797536881100, 3.557584852228786100, -4.053799794586402600 ) ) ;
#1292 = DIRECTION ( 'NONE',  ( 1.000000000000000000, 0.0000000000000000000, 0.0000000000000000000 ) ) ;
#1293 = ORIENTED_EDGE ( 'NONE', *, *, #1351, .T. ) ;
#1294 = ORIENTED_EDGE ( 'NONE', *, *, #1904, .F. ) ;
#1295 = ORIENTED_EDGE ( 'NONE', *, *, #637, .T. ) ;
#1296 = DIRECTION ( 'NONE',  ( 0.0000000000000000000, 0.0000000000000000000, 1.000000000000000000 ) ) ;
#1297 = CARTESIAN_POINT ( 'NONE',  ( -1.340510337246696900, 3.599640000000000400, -3.909758836854994300 ) ) ;
#1298 = PLANE ( 'NONE',  #1174 ) ;
#1299 = VERTEX_POINT ( 'NONE', #32 ) ;
#1300 = SURFACE_STYLE_FILL_AREA ( #2784 ) ;
#1301 = VECTOR ( 'NONE', #1667, 1000.000000000000000 ) ;
#1302 =( NAMED_UNIT ( * ) PLANE_ANGLE_UNIT ( ) SI_UNIT ( $, .RADIAN. ) );
#1303 = CARTESIAN_POINT ( 'NONE',  ( 3.275485935262683100, 5.405000000000000200, -2.982741098268310700 ) ) ;
#1304 = AXIS2_PLACEMENT_3D ( 'NONE', #3063, #794, #3074 ) ;
#1305 = ADVANCED_FACE ( 'NONE', ( #4033 ), #1205, .F. ) ;
#1306 = COLOUR_RGB ( '',0.6509803921568627600, 0.6196078431372549200, 0.5882352941176470800 ) ;
#1307 = ORIENTED_EDGE ( 'NONE', *, *, #1684, .F. ) ;
#1308 = DIRECTION ( 'NONE',  ( 0.0000000000000000000, -1.000000000000000000, -0.0000000000000000000 ) ) ;
#1309 = VECTOR ( 'NONE', #4097, 1000.000000000000000 ) ;
#1310 = ORIENTED_EDGE ( 'NONE', *, *, #2042, .T. ) ;
#1311 = VECTOR ( 'NONE', #1326, 1000.000000000000000 ) ;
#1312 = ORIENTED_EDGE ( 'NONE', *, *, #1803, .T. ) ;
#1313 =( GEOMETRIC_REPRESENTATION_CONTEXT ( 3 ) GLOBAL_UNCERTAINTY_ASSIGNED_CONTEXT ( ( #2604 ) ) GLOBAL_UNIT_ASSIGNED_CONTEXT ( ( #3308, #1094, #753 ) ) REPRESENTATION_CONTEXT ( 'NONE', 'WORKASPACE' ) );
#1314 = ORIENTED_EDGE ( 'NONE', *, *, #464, .T. ) ;
#1315 = UNCERTAINTY_MEASURE_WITH_UNIT (LENGTH_MEASURE( 1.000000000000000100E-005 ), #1286, 'distance_accuracy_value', 'NONE');
#1316 = DIRECTION ( 'NONE',  ( 0.0000000000000000000, 0.0000000000000000000, -1.000000000000000000 ) ) ;
#1317 =( NAMED_UNIT ( * ) PLANE_ANGLE_UNIT ( ) SI_UNIT ( $, .RADIAN. ) );
#1318 = DIRECTION ( 'NONE',  ( 0.0000000000000000000, 1.000000000000000000, 0.0000000000000000000 ) ) ;
#1319 = VECTOR ( 'NONE', #1843, 1000.000000000000200 ) ;
#1320 = LINE ( 'NONE', #3223, #2824 ) ;
#1321 = LINE ( 'NONE', #3748, #3514 ) ;
#1322 = EDGE_CURVE ( 'NONE', #1807, #1947, #3094, .T. ) ;
#1323 = STYLED_ITEM ( 'NONE', ( #3297 ), #4630 ) ;
#1324 = DIRECTION ( 'NONE',  ( -1.000000000000000000, -0.0000000000000000000, -0.0000000000000000000 ) ) ;
#1325 = SURFACE_SIDE_STYLE ('',( #4719 ) ) ;
#1326 = DIRECTION ( 'NONE',  ( 1.512487620017200000E-016, 0.0000000000000000000, -1.000000000000000000 ) ) ;
#1327 = LINE ( 'NONE', #3485, #3999 ) ;
#1328 = LINE ( 'NONE', #288, #680 ) ;
#1329 = DIRECTION ( 'NONE',  ( 0.0000000000000000000, -1.000000000000000000, -0.0000000000000000000 ) ) ;
#1330 = CARTESIAN_POINT ( 'NONE',  ( -1.490510337246697000, 3.599640000000000400, -2.559758836854994200 ) ) ;
#1331 = CARTESIAN_POINT ( 'NONE',  ( 2.909489662753303100, 0.0000000000000000000, 0.3229061631450061400 ) ) ;
#1332 =( LENGTH_UNIT ( ) NAMED_UNIT ( * ) SI_UNIT ( .MILLI., .METRE. ) );
#1333 = EDGE_CURVE ( 'NONE', #3083, #1517, #6, .T. ) ;
#1334 = AXIS2_PLACEMENT_3D ( 'NONE', #3136, #187, #2786 ) ;
#1335 = ADVANCED_FACE ( 'NONE', ( #3922 ), #1150, .F. ) ;
#1336 = CARTESIAN_POINT ( 'NONE',  ( 6.159489662753302700, 0.1000000000000000100, -2.442037603657841900 ) ) ;
#1337 = SURFACE_STYLE_USAGE ( .BOTH. , #4325 ) ;
#1338 = EDGE_CURVE ( 'NONE', #3543, #532, #199, .T. ) ;
#1339 = DIRECTION ( 'NONE',  ( 1.000000000000000000, -0.0000000000000000000, -0.0000000000000000000 ) ) ;
#1340 =( GEOMETRIC_REPRESENTATION_CONTEXT ( 3 ) GLOBAL_UNCERTAINTY_ASSIGNED_CONTEXT ( ( #1808 ) ) GLOBAL_UNIT_ASSIGNED_CONTEXT ( ( #2886, #336, #2908 ) ) REPRESENTATION_CONTEXT ( 'NONE', 'WORKASPACE' ) );
#1341 = CARTESIAN_POINT ( 'NONE',  ( 0.1895896627533029700, 5.405000000000000200, -2.817423836854994400 ) ) ;
#1342 = EDGE_CURVE ( 'NONE', #1299, #4018, #4779, .T. ) ;
#1343 = DIRECTION ( 'NONE',  ( -1.000000000000000000, 0.0000000000000000000, 2.465190328815661900E-032 ) ) ;
#1344 = ORIENTED_EDGE ( 'NONE', *, *, #84, .F. ) ;
#1345 = CARTESIAN_POINT ( 'NONE',  ( -0.1405103372466964300, 0.0000000000000000000, -5.259758836854994800 ) ) ;
#1346 = LINE ( 'NONE', #2075, #3709 ) ;
#1347 =( GEOMETRIC_REPRESENTATION_CONTEXT ( 3 ) GLOBAL_UNCERTAINTY_ASSIGNED_CONTEXT ( ( #1151 ) ) GLOBAL_UNIT_ASSIGNED_CONTEXT ( ( #1801, #2221, #1455 ) ) REPRESENTATION_CONTEXT ( 'NONE', 'WORKASPACE' ) );
#1348 = CYLINDRICAL_SURFACE ( 'NONE', #2428, 0.04999999999999969700 ) ;
#1349 = DIRECTION ( 'NONE',  ( 7.562438100085999800E-017, 0.0000000000000000000, 1.000000000000000000 ) ) ;
#1350 = VERTEX_POINT ( 'NONE', #1193 ) ;
#1351 = EDGE_CURVE ( 'NONE', #4386, #2976, #3852, .T. ) ;
#1352 = EDGE_LOOP ( 'NONE', ( #4509, #4223, #791, #4230 ) ) ;
#1353 = VECTOR ( 'NONE', #2766, 1000.000000000000000 ) ;
#1354 = VECTOR ( 'NONE', #881, 1000.000000000000000 ) ;
#1355 = VECTOR ( 'NONE', #2662, 1000.000000000000000 ) ;
#1356 = ADVANCED_FACE ( 'NONE', ( #3787 ), #3054, .T. ) ;
#1357 = FACE_OUTER_BOUND ( 'NONE', #4376, .T. ) ;
#1358 = DIRECTION ( 'NONE',  ( -0.0000000000000000000, 0.0000000000000000000, 1.000000000000000000 ) ) ;
#1359 = VECTOR ( 'NONE', #2207, 1000.000000000000200 ) ;
#1360 = DIRECTION ( 'NONE',  ( -0.3873120589503521400, 0.0000000000000000000, 0.9219486802374842200 ) ) ;
#1361 = LINE ( 'NONE', #1166, #4564 ) ;
#1362 = VECTOR ( 'NONE', #3107, 1000.000000000000000 ) ;
#1364 = ORIENTED_EDGE ( 'NONE', *, *, #4102, .T. ) ;
#1363 = VECTOR ( 'NONE', #603, 1000.000000000000000 ) ;
#1365 = DIRECTION ( 'NONE',  ( 1.000000000000000000, -0.0000000000000000000, -0.0000000000000000000 ) ) ;
#1366 = PRESENTATION_LAYER_ASSIGNMENT (  '', '', ( #4101 ) ) ;
#1367 = COLOUR_RGB ( '',0.6509803921568627600, 0.6196078431372549200, 0.5882352941176470800 ) ;
#1368 = EDGE_LOOP ( 'NONE', ( #235, #2421, #1765, #1984, #2806, #3988, #3167, #4723, #2215, #350, #3144, #2960, #492 ) ) ;
#1369 = EDGE_LOOP ( 'NONE', ( #266, #1288, #191, #189 ) ) ;
#1370 = CARTESIAN_POINT ( 'NONE',  ( 3.126372311979501700, 5.405000000000000200, -3.686201945071338100 ) ) ;
#1371 = EDGE_CURVE ( 'NONE', #2118, #2700, #1211, .T. ) ;
#1372 = CARTESIAN_POINT ( 'NONE',  ( 3.126372311979501700, 5.405000000000000200, -3.686201945071338100 ) ) ;
#1373 = EDGE_LOOP ( 'NONE', ( #971, #3605, #3732, #3906 ) ) ;
#1374 = CYLINDRICAL_SURFACE ( 'NONE', #4760, 1.000000000000000000 ) ;
#1376 = ORIENTED_EDGE ( 'NONE', *, *, #2298, .F. ) ;
#1375 = VECTOR ( 'NONE', #3386, 1000.000000000000000 ) ;
#1377 = VECTOR ( 'NONE', #3182, 1000.000000000000000 ) ;
#1378 = ORIENTED_EDGE ( 'NONE', *, *, #4009, .F. ) ;
#1379 = FILL_AREA_STYLE_COLOUR ( '', #2281 ) ;
#1380 = EDGE_LOOP ( 'NONE', ( #1515, #892, #302, #1127 ) ) ;
#1381 = UNCERTAINTY_MEASURE_WITH_UNIT (LENGTH_MEASURE( 1.000000000000000100E-005 ), #232, 'distance_accuracy_value', 'NONE');
#1382 =( GEOMETRIC_REPRESENTATION_CONTEXT ( 3 ) GLOBAL_UNCERTAINTY_ASSIGNED_CONTEXT ( ( #387 ) ) GLOBAL_UNIT_ASSIGNED_CONTEXT ( ( #4189, #2301, #1986 ) ) REPRESENTATION_CONTEXT ( 'NONE', 'WORKASPACE' ) );
#1383 = LINE ( 'NONE', #3389, #3633 ) ;
#1384 = COLOUR_RGB ( '',0.8980392156862745400, 0.9215686274509803400, 0.9294117647058823800 ) ;
#1385 = DIRECTION ( 'NONE',  ( -1.000000000000000000, -1.301042606982605600E-016, -0.0000000000000000000 ) ) ;
#1386 = EDGE_CURVE ( 'NONE', #758, #322, #3915, .T. ) ;
#1387 = VERTEX_POINT ( 'NONE', #1264 ) ;
#1388 = AXIS2_PLACEMENT_3D ( 'NONE', #4659, #3185, #2123 ) ;
#1389 = CARTESIAN_POINT ( 'NONE',  ( 6.209489662753303400, 0.1500000000000000200, -5.259758836854994800 ) ) ;
#1390 = ADVANCED_FACE ( 'NONE', ( #4380 ), #150, .F. ) ;
#1391 = DIRECTION ( 'NONE',  ( 3.944189269736235900E-017, -1.000000000000000000, 0.0000000000000000000 ) ) ;
#1392 = CARTESIAN_POINT ( 'NONE',  ( 1.235564354306629900, 5.400000000000000400, -3.686201945071338600 ) ) ;
#1393 = ADVANCED_FACE ( 'NONE', ( #2398 ), #2746, .T. ) ;
#1394 = STYLED_ITEM ( 'NONE', ( #4773 ), #1393 ) ;
#1395 = DIRECTION ( 'NONE',  ( 0.0000000000000000000, -1.000000000000000000, -0.0000000000000000000 ) ) ;
#1396 = CARTESIAN_POINT ( 'NONE',  ( 6.259489662753303200, 0.1500000000000000200, -2.559758836854994200 ) ) ;
#1397 = AXIS2_PLACEMENT_3D ( 'NONE', #2804, #4614, #3138 ) ;
#1398 = ORIENTED_EDGE ( 'NONE', *, *, #2607, .F. ) ;
#1399 = CARTESIAN_POINT ( 'NONE',  ( 4.625702820937581400, 5.400000000000000400, -3.686201945071338600 ) ) ;
#1400 = ORIENTED_EDGE ( 'NONE', *, *, #422, .F. ) ;
#1401 = LINE ( 'NONE', #819, #1579 ) ;
#1402 = ADVANCED_FACE ( 'NONE', ( #2910 ), #567, .T. ) ;
#1403 = EDGE_CURVE ( 'NONE', #2322, #3982, #952, .T. ) ;
#1404 = ORIENTED_EDGE ( 'NONE', *, *, #2042, .F. ) ;
#1405 = ORIENTED_EDGE ( 'NONE', *, *, #3309, .T. ) ;
#1406 = LINE ( 'NONE', #3951, #2038 ) ;
#1407 = CLOSED_SHELL ( 'NONE', ( #530, #307, #2471, #2083, #646, #2899, #1764, #3179, #946, #4286, #2536, #4404, #2340 ) ) ;
#1408 = EDGE_LOOP ( 'NONE', ( #2577, #2547, #4602, #491 ) ) ;
#1409 = LINE ( 'NONE', #896, #4494 ) ;
#1410 = ORIENTED_EDGE ( 'NONE', *, *, #1338, .F. ) ;
#1411 =( NAMED_UNIT ( * ) SI_UNIT ( $, .STERADIAN. ) SOLID_ANGLE_UNIT ( ) );
#1412 = CARTESIAN_POINT ( 'NONE',  ( 0.7611839598098247800, 5.405000000000000200, -2.817423836854994400 ) ) ;
#1413 = COLOUR_RGB ( '',0.8980392156862745400, 0.9215686274509803400, 0.9294117647058823800 ) ;
#1414 =( NAMED_UNIT ( * ) SI_UNIT ( $, .STERADIAN. ) SOLID_ANGLE_UNIT ( ) );
#1415 = CARTESIAN_POINT ( 'NONE',  ( 6.352531031976838000, 3.575683214730531700, -4.057899961181936600 ) ) ;
#1416 = VECTOR ( 'NONE', #3184, 1000.000000000000000 ) ;
#1417 = ORIENTED_EDGE ( 'NONE', *, *, #3762, .F. ) ;
#1418 = ORIENTED_EDGE ( 'NONE', *, *, #2865, .T. ) ;
#1419 = EDGE_CURVE ( 'NONE', #3212, #4642, #3210, .T. ) ;
#1420 = PRESENTATION_STYLE_ASSIGNMENT (( #4174 ) ) ;
#1421 = AXIS2_PLACEMENT_3D ( 'NONE', #2277, #2656, #2970 ) ;
#1423 = ORIENTED_EDGE ( 'NONE', *, *, #1996, .T. ) ;
#1422 = COLOUR_RGB ( '',0.6509803921568627600, 0.6196078431372549200, 0.5882352941176470800 ) ;
#1424 = ORIENTED_EDGE ( 'NONE', *, *, #107, .T. ) ;
#1425 = ORIENTED_EDGE ( 'NONE', *, *, #1262, .F. ) ;
#1426 = DIRECTION ( 'NONE',  ( 0.0000000000000000000, 0.0000000000000000000, -1.000000000000000000 ) ) ;
#1427 = ADVANCED_FACE ( 'NONE', ( #487 ), #3238, .F. ) ;
#1428 = MECHANICAL_DESIGN_GEOMETRIC_PRESENTATION_REPRESENTATION (  '', ( #3034 ), #3753 ) ;
#1429 = CARTESIAN_POINT ( 'NONE',  ( 6.309489662753303000, -5.324655514143919200E-017, -5.259758836854994800 ) ) ;
#1430 = VECTOR ( 'NONE', #1324, 1000.000000000000000 ) ;
#1431 = CARTESIAN_POINT ( 'NONE',  ( -1.439101613457485000, 3.463147187864286100, -3.846348810159260900 ) ) ;
#1432 = SURFACE_STYLE_FILL_AREA ( #4143 ) ;
#1433 = CARTESIAN_POINT ( 'NONE',  ( 6.358635172271158700, 3.560331687030570300, -4.054613697545324400 ) ) ;
#1434 = CARTESIAN_POINT ( 'NONE',  ( -1.490510337246696600, 0.05000000000000012800, -2.559758836854994200 ) ) ;
#1435 = EDGE_LOOP ( 'NONE', ( #4129, #1060, #2229, #4492 ) ) ;
#1436 = PRESENTATION_LAYER_ASSIGNMENT (  '', '', ( #4523 ) ) ;
#1437 = FACE_OUTER_BOUND ( 'NONE', #2487, .T. ) ;
#1438 = EDGE_CURVE ( 'NONE', #263, #1930, #507, .T. ) ;
#1439 = COLOUR_RGB ( '',0.6509803921568627600, 0.6196078431372549200, 0.5882352941176470800 ) ;
#1440 = DIRECTION ( 'NONE',  ( 0.0000000000000000000, -1.000000000000000000, -0.0000000000000000000 ) ) ;
#1441 = CARTESIAN_POINT ( 'NONE',  ( 4.138130224153913500, 5.405000000000000200, -2.817423836854994400 ) ) ;
#1442 = CARTESIAN_POINT ( 'NONE',  ( -1.391609219829284900, 3.499640000000000300, -3.797955437979985600 ) ) ;
#1443 = FILL_AREA_STYLE_COLOUR ( '', #1384 ) ;
#1444 =( LENGTH_UNIT ( ) NAMED_UNIT ( * ) SI_UNIT ( .MILLI., .METRE. ) );
#1445 =( GEOMETRIC_REPRESENTATION_CONTEXT ( 3 ) GLOBAL_UNCERTAINTY_ASSIGNED_CONTEXT ( ( #3279 ) ) GLOBAL_UNIT_ASSIGNED_CONTEXT ( ( #2195, #4793, #745 ) ) REPRESENTATION_CONTEXT ( 'NONE', 'WORKASPACE' ) );
#1446 = AXIS2_PLACEMENT_3D ( 'NONE', #2764, #144, #4652 ) ;
#1447 = ORIENTED_EDGE ( 'NONE', *, *, #763, .F. ) ;
#1448 = SURFACE_STYLE_FILL_AREA ( #991 ) ;
#1449 =( NAMED_UNIT ( * ) SI_UNIT ( $, .STERADIAN. ) SOLID_ANGLE_UNIT ( ) );
#1450 = DIRECTION ( 'NONE',  ( -1.000000000000000000, 0.0000000000000000000, -1.512487620017200200E-016 ) ) ;
#1451 = FILL_AREA_STYLE_COLOUR ( '', #493 ) ;
#1452 = LINE ( 'NONE', #3516, #2447 ) ;
#1453 = VERTEX_POINT ( 'NONE', #2914 ) ;
#1454 = MECHANICAL_DESIGN_GEOMETRIC_PRESENTATION_REPRESENTATION (  '', ( #1618 ), #3955 ) ;
#1455 =( NAMED_UNIT ( * ) SI_UNIT ( $, .STERADIAN. ) SOLID_ANGLE_UNIT ( ) );
#1456 = SURFACE_SIDE_STYLE ('',( #571 ) ) ;
#1457 = ORIENTED_EDGE ( 'NONE', *, *, #30, .T. ) ;
#1458 = LINE ( 'NONE', #3254, #4319 ) ;
#1459 = DIRECTION ( 'NONE',  ( 0.2759782365590711700, 0.0000000000000000000, -0.9611638845408961900 ) ) ;
#1460 = EDGE_CURVE ( 'NONE', #4020, #420, #3227, .T. ) ;
#1461 = DIRECTION ( 'NONE',  ( -0.3873120589503524200, 0.0000000000000000000, -0.9219486802374841100 ) ) ;
#1462 =( GEOMETRIC_REPRESENTATION_CONTEXT ( 3 ) GLOBAL_UNCERTAINTY_ASSIGNED_CONTEXT ( ( #171 ) ) GLOBAL_UNIT_ASSIGNED_CONTEXT ( ( #3934, #3959, #1700 ) ) REPRESENTATION_CONTEXT ( 'NONE', 'WORKASPACE' ) );
#1463 = SURFACE_STYLE_USAGE ( .BOTH. , #147 ) ;
#1464 = LINE ( 'NONE', #3425, #2049 ) ;
#1465 = FACE_OUTER_BOUND ( 'NONE', #1769, .T. ) ;
#1466 = DIRECTION ( 'NONE',  ( 1.000000000000000000, 0.0000000000000000000, 0.0000000000000000000 ) ) ;
#1467 = CARTESIAN_POINT ( 'NONE',  ( 3.126372311979501700, 5.405000000000000200, -3.686201945071338100 ) ) ;
#1468 = CARTESIAN_POINT ( 'NONE',  ( -1.340510337246696700, 0.1000000000000000100, -2.442037603657841900 ) ) ;
#1469 = VECTOR ( 'NONE', #3520, 1000.000000000000000 ) ;
#1470 = VECTOR ( 'NONE', #1329, 1000.000000000000000 ) ;
#1472 = ORIENTED_EDGE ( 'NONE', *, *, #4482, .T. ) ;
#1471 = CYLINDRICAL_SURFACE ( 'NONE', #3977, 0.04999999999999991300 ) ;
#1473 = ORIENTED_EDGE ( 'NONE', *, *, #3939, .F. ) ;
#1474 = ORIENTED_EDGE ( 'NONE', *, *, #3467, .T. ) ;
#1475 = ORIENTED_EDGE ( 'NONE', *, *, #2206, .F. ) ;
#1476 =( NAMED_UNIT ( * ) PLANE_ANGLE_UNIT ( ) SI_UNIT ( $, .RADIAN. ) );
#1477 = ORIENTED_EDGE ( 'NONE', *, *, #659, .T. ) ;
#1478 = SURFACE_STYLE_USAGE ( .BOTH. , #1456 ) ;
#1480 = ORIENTED_EDGE ( 'NONE', *, *, #542, .F. ) ;
#1479 = LINE ( 'NONE', #4518, #1195 ) ;
#1481 = DIRECTION ( 'NONE',  ( 0.0000000000000000000, -0.0000000000000000000, -1.000000000000000000 ) ) ;
#1482 = LINE ( 'NONE', #968, #1311 ) ;
#1483 = CARTESIAN_POINT ( 'NONE',  ( 6.259489662753303200, 0.1000000000000000100, -5.259758836854994800 ) ) ;
#1484 = AXIS2_PLACEMENT_3D ( 'NONE', #862, #3414, #2703 ) ;
#1485 = COLOUR_RGB ( '',0.6509803921568627600, 0.6196078431372549200, 0.5882352941176470800 ) ;
#1486 = FILL_AREA_STYLE_COLOUR ( '', #1719 ) ;
#1487 = EDGE_CURVE ( 'NONE', #4448, #1221, #2243, .T. ) ;
#1488 = DIRECTION ( 'NONE',  ( 0.2763139702539129700, 0.0000000000000000000, -0.9610674221107068400 ) ) ;
#1489 = EDGE_CURVE ( 'NONE', #1139, #1596, #3173, .T. ) ;
#1490 =( NAMED_UNIT ( * ) PLANE_ANGLE_UNIT ( ) SI_UNIT ( $, .RADIAN. ) );
#1491 = ORIENTED_EDGE ( 'NONE', *, *, #1262, .T. ) ;
#1492 = CARTESIAN_POINT ( 'NONE',  ( 1.898720866560917900, 5.405000000000000200, -2.982709398945779400 ) ) ;
#1493 = EDGE_CURVE ( 'NONE', #4162, #60, #1831, .T. ) ;
#1494 = FILL_AREA_STYLE_COLOUR ( '', #3361 ) ;
#1495 = CARTESIAN_POINT ( 'NONE',  ( 0.8299926272431523700, 5.400000000000000400, -3.289146770602190200 ) ) ;
#1496 = FACE_OUTER_BOUND ( 'NONE', #246, .T. ) ;
#1497 = CARTESIAN_POINT ( 'NONE',  ( 2.237119081631954800, 5.405000000000000200, -2.817423836854994000 ) ) ;
#1498 = STYLED_ITEM ( 'NONE', ( #358 ), #4190 ) ;
#1499 = PLANE ( 'NONE',  #3572 ) ;
#1500 = EDGE_CURVE ( 'NONE', #300, #14, #330, .T. ) ;
#1501 = CARTESIAN_POINT ( 'NONE',  ( 1.122451953502365200, 5.400000000000000400, -2.817423836854994400 ) ) ;
#1502 = CARTESIAN_POINT ( 'NONE',  ( 4.959489662753302500, 0.0000000000000000000, -5.259758836854994800 ) ) ;
#1503 = DIRECTION ( 'NONE',  ( 0.0000000000000000000, -1.000000000000000000, -0.0000000000000000000 ) ) ;
#1504 = DIRECTION ( 'NONE',  ( 1.000000000000000000, 0.0000000000000000000, 0.0000000000000000000 ) ) ;
#1505 = EDGE_CURVE ( 'NONE', #3625, #3412, #1328, .T. ) ;
#1506 = CARTESIAN_POINT ( 'NONE',  ( -0.1405103372466964300, 0.0000000000000000000, -5.259758836854994800 ) ) ;
#1507 = CARTESIAN_POINT ( 'NONE',  ( 4.092203185916966700, 5.405000000000000200, -3.518457043707875700 ) ) ;
#1508 = ORIENTED_EDGE ( 'NONE', *, *, #1758, .F. ) ;
#1509 = CARTESIAN_POINT ( 'NONE',  ( 6.252628392894907300, 3.474919437528747300, -3.826423482431710300 ) ) ;
#1510 = VERTEX_POINT ( 'NONE', #1392 ) ;
#1511 = DIRECTION ( 'NONE',  ( 0.0000000000000000000, 1.000000000000000000, -0.0000000000000000000 ) ) ;
#1512 = VECTOR ( 'NONE', #3807, 999.9999999999998900 ) ;
#1513 = EDGE_CURVE ( 'NONE', #2700, #3601, #2072, .T. ) ;
#1514 = AXIS2_PLACEMENT_3D ( 'NONE', #4681, #2076, #554 ) ;
#1515 = ORIENTED_EDGE ( 'NONE', *, *, #3180, .T. ) ;
#1516 = DIRECTION ( 'NONE',  ( 0.0000000000000000000, -1.000000000000000000, -0.0000000000000000000 ) ) ;
#1517 = VERTEX_POINT ( 'NONE', #2529 ) ;
#1518 = DIRECTION ( 'NONE',  ( 0.0000000000000000000, 0.0000000000000000000, -1.000000000000000000 ) ) ;
#1519 = CARTESIAN_POINT ( 'NONE',  ( 2.909489662753303100, 5.400000000000000400, 0.3229061631450061400 ) ) ;
#1520 = ORIENTED_EDGE ( 'NONE', *, *, #1851, .T. ) ;
#1521 = FACE_OUTER_BOUND ( 'NONE', #3327, .T. ) ;
#1522 = VERTEX_POINT ( 'NONE', #4377 ) ;
#1523 = PRESENTATION_LAYER_ASSIGNMENT (  '', '', ( #2119 ) ) ;
#1524 = SURFACE_SIDE_STYLE ('',( #2773 ) ) ;
#1525 = DIRECTION ( 'NONE',  ( 0.0000000000000000000, -0.0000000000000000000, -1.000000000000000000 ) ) ;
#1526 = CARTESIAN_POINT ( 'NONE',  ( 6.209489662753303400, 3.499640000000000300, -2.559758836854994200 ) ) ;
#1527 = CARTESIAN_POINT ( 'NONE',  ( -1.392709170993792900, 3.499603671602275600, -3.797987899600586000 ) ) ;
#1528 = COLOUR_RGB ( '',0.8980392156862745400, 0.9215686274509803400, 0.9294117647058823800 ) ;
#1529 = EDGE_CURVE ( 'NONE', #4278, #1299, #1552, .T. ) ;
#1530 = CARTESIAN_POINT ( 'NONE',  ( 2.909489662753303100, 5.400000000000000400, 0.3229061631450061400 ) ) ;
#1531 = DIRECTION ( 'NONE',  ( 1.000000000000000000, -0.0000000000000000000, -0.0000000000000000000 ) ) ;
#1532 = ORIENTED_EDGE ( 'NONE', *, *, #2948, .T. ) ;
#1533 = VERTEX_POINT ( 'NONE', #2141 ) ;
#1534 = ORIENTED_EDGE ( 'NONE', *, *, #913, .F. ) ;
#1535 = SURFACE_STYLE_FILL_AREA ( #2559 ) ;
#1536 = LINE ( 'NONE', #1599, #3864 ) ;
#1537 = DIRECTION ( 'NONE',  ( 0.2762437428917330400, 0.0000000000000000000, -0.9610876102172819500 ) ) ;
#1539 = ORIENTED_EDGE ( 'NONE', *, *, #1118, .F. ) ;
#1538 = PRESENTATION_STYLE_ASSIGNMENT (( #3783 ) ) ;
#1540 = CARTESIAN_POINT ( 'NONE',  ( 6.309489662753303000, 3.599640000000000400, -5.259758836854994800 ) ) ;
#1541 =( LENGTH_UNIT ( ) NAMED_UNIT ( * ) SI_UNIT ( .MILLI., .METRE. ) );
#1542 = VERTEX_POINT ( 'NONE', #3618 ) ;
#1543 = VERTEX_POINT ( 'NONE', #1399 ) ;
#1544 = FACE_OUTER_BOUND ( 'NONE', #4088, .T. ) ;
#1545 = FACE_OUTER_BOUND ( 'NONE', #4567, .T. ) ;
#1546 = DIRECTION ( 'NONE',  ( 0.0000000000000000000, 0.0000000000000000000, 1.000000000000000000 ) ) ;
#1547 = PLANE ( 'NONE',  #3008 ) ;
#1548 = CARTESIAN_POINT ( 'NONE',  ( 6.359489662753302900, 3.549640000000000100, -4.051180193092304400 ) ) ;
#1549 = DIRECTION ( 'NONE',  ( 0.0000000000000000000, 1.000000000000000000, 0.0000000000000000000 ) ) ;
#1550 = EDGE_CURVE ( 'NONE', #2233, #19, #3272, .T. ) ;
#1551 = COLOUR_RGB ( '',0.8980392156862745400, 0.9215686274509803400, 0.9294117647058823800 ) ;
#1552 = LINE ( 'NONE', #4032, #2652 ) ;
#1553 =( NAMED_UNIT ( * ) SI_UNIT ( $, .STERADIAN. ) SOLID_ANGLE_UNIT ( ) );
#1554 =( GEOMETRIC_REPRESENTATION_CONTEXT ( 3 ) GLOBAL_UNCERTAINTY_ASSIGNED_CONTEXT ( ( #2933 ) ) GLOBAL_UNIT_ASSIGNED_CONTEXT ( ( #3121, #901, #2356 ) ) REPRESENTATION_CONTEXT ( 'NONE', 'WORKASPACE' ) );
#1555 = ORIENTED_EDGE ( 'NONE', *, *, #1840, .T. ) ;
#1556 = LINE ( 'NONE', #505, #4056 ) ;
#1557 = CARTESIAN_POINT ( 'NONE',  ( 0.6866324320865855300, 5.405000000000000200, -3.686201945071338600 ) ) ;
#1558 = DIRECTION ( 'NONE',  ( 1.000000000000000000, -0.0000000000000000000, 1.512487620017200200E-016 ) ) ;
#1559 = DIRECTION ( 'NONE',  ( 0.2746918797667230500, 0.0000000000000000000, -0.9615323037684299100 ) ) ;
#1560 = AXIS2_PLACEMENT_3D ( 'NONE', #1389, #3980, #2498 ) ;
#1561 = LINE ( 'NONE', #2438, #1140 ) ;
#1562 = EDGE_CURVE ( 'NONE', #3865, #1802, #3692, .T. ) ;
#1563 = DIRECTION ( 'NONE',  ( 1.000000000000000000, 0.0000000000000000000, 0.0000000000000000000 ) ) ;
#1564 = CARTESIAN_POINT ( 'NONE',  ( 3.828084412704141600, 5.400000000000000400, -3.519685392539197100 ) ) ;
#1565 = CARTESIAN_POINT ( 'NONE',  ( 6.258860314076692100, 3.458216574406245900, -3.961305810876049700 ) ) ;
#1566 = CARTESIAN_POINT ( 'NONE',  ( 3.828084412704141600, 5.405000000000000200, -3.519685392539197100 ) ) ;
#1567 = CARTESIAN_POINT ( 'NONE',  ( 3.684444206148180400, 5.405000000000000200, -2.982741098268310700 ) ) ;
#1568 = DIRECTION ( 'NONE',  ( -0.2764273280489760200, 0.0000000000000000000, 0.9610348236706637300 ) ) ;
#1569 = CARTESIAN_POINT ( 'NONE',  ( -1.340510337246696700, 0.1000000000000000100, -5.259758836854994800 ) ) ;
#1570 = UNCERTAINTY_MEASURE_WITH_UNIT (LENGTH_MEASURE( 1.000000000000000100E-005 ), #1668, 'distance_accuracy_value', 'NONE');
#1571 = ORIENTED_EDGE ( 'NONE', *, *, #3320, .T. ) ;
#1572 = CARTESIAN_POINT ( 'NONE',  ( 3.684444206148180400, 5.405000000000000200, -2.982741098268310700 ) ) ;
#1573 = EDGE_CURVE ( 'NONE', #4016, #262, #3332, .T. ) ;
#1574 = CARTESIAN_POINT ( 'NONE',  ( 1.851478306351302900, 5.405000000000000200, -3.198634632207176600 ) ) ;
#1575 = FILL_AREA_STYLE ('',( #2328 ) ) ;
#1576 = CARTESIAN_POINT ( 'NONE',  ( 6.259489662753303200, 0.1000000000000000100, -2.559758836854994200 ) ) ;
#1577 = LINE ( 'NONE', #852, #4546 ) ;
#1578 = ORIENTED_EDGE ( 'NONE', *, *, #516, .F. ) ;
#1579 = VECTOR ( 'NONE', #2319, 1000.000000000000000 ) ;
#1580 = DIRECTION ( 'NONE',  ( 1.000000000000000000, 0.0000000000000000000, -2.465190328815661900E-032 ) ) ;
#1581 = ORIENTED_EDGE ( 'NONE', *, *, #1803, .F. ) ;
#1582 = LINE ( 'NONE', #2507, #3420 ) ;
#1583 = VECTOR ( 'NONE', #3811, 1000.000000000000200 ) ;
#1584 = PLANE ( 'NONE',  #4561 ) ;
#1585 = PLANE ( 'NONE',  #4607 ) ;
#1586 = EDGE_CURVE ( 'NONE', #2382, #4342, #3809, .T. ) ;
#1587 = AXIS2_PLACEMENT_3D ( 'NONE', #2192, #4123, #1563 ) ;
#1588 = COLOUR_RGB ( '',0.8980392156862745400, 0.9215686274509803400, 0.9294117647058823800 ) ;
#1589 = LINE ( 'NONE', #885, #1470 ) ;
#1590 = CARTESIAN_POINT ( 'NONE',  ( -1.513764505464522300, 3.594241370396711300, -3.759824930138842900 ) ) ;
#1591 = CARTESIAN_POINT ( 'NONE',  ( -1.490510337246697000, 3.599640000000000400, -5.259758836854994800 ) ) ;
#1592 = CARTESIAN_POINT ( 'NONE',  ( 6.253933880510314400, 3.472891556995862500, -3.990319861701821800 ) ) ;
#1593 = EDGE_LOOP ( 'NONE', ( #537, #3841, #4623, #321 ) ) ;
#1594 = CARTESIAN_POINT ( 'NONE',  ( -1.440510337246696700, 3.449639999999997800, -3.909758836854994300 ) ) ;
#1595 = ORIENTED_EDGE ( 'NONE', *, *, #1851, .F. ) ;
#1596 = VERTEX_POINT ( 'NONE', #3685 ) ;
#1597 = EDGE_CURVE ( 'NONE', #2475, #1961, #1265, .T. ) ;
#1598 = DIRECTION ( 'NONE',  ( -2.465190328815661900E-032, 0.0000000000000000000, -1.000000000000000000 ) ) ;
#1599 = CARTESIAN_POINT ( 'NONE',  ( 3.637534488846304800, 5.400000000000000400, -2.817423836854994400 ) ) ;
#1600 = ORIENTED_EDGE ( 'NONE', *, *, #3293, .F. ) ;
#1601 = VECTOR ( 'NONE', #945, 1000.000000000000000 ) ;
#1602 = DIRECTION ( 'NONE',  ( -1.000000000000000000, 0.0000000000000000000, 2.465190328815661900E-032 ) ) ;
#1603 = DIRECTION ( 'NONE',  ( 0.0000000000000000000, -1.000000000000000000, 0.0000000000000000000 ) ) ;
#1604 = DIRECTION ( 'NONE',  ( 0.0000000000000000000, 0.0000000000000000000, 1.000000000000000000 ) ) ;
#1605 = FACE_OUTER_BOUND ( 'NONE', #3501, .T. ) ;
#1606 = LINE ( 'NONE', #1468, #2020 ) ;
#1607 = CARTESIAN_POINT ( 'NONE',  ( 6.211688496500399600, 3.499603671602275600, -4.021529774109402500 ) ) ;
#1608 = EDGE_LOOP ( 'NONE', ( #943, #2968, #2176, #3325 ) ) ;
#1609 = AXIS2_PLACEMENT_3D ( 'NONE', #2691, #477, #181 ) ;
#1610 = CARTESIAN_POINT ( 'NONE',  ( 3.755772969893660400, 5.405000000000000200, -3.359212844580303300 ) ) ;
#1611 = EDGE_CURVE ( 'NONE', #4603, #1754, #90, .T. ) ;
#1612 = CARTESIAN_POINT ( 'NONE',  ( -1.496100980237169900, 3.599640000000000400, -4.059758836854994600 ) ) ;
#1613 = CARTESIAN_POINT ( 'NONE',  ( -1.340510337246696700, 3.599640000000000400, -5.259758836854994800 ) ) ;
#1614 = FACE_OUTER_BOUND ( 'NONE', #1593, .T. ) ;
#1615 =( NAMED_UNIT ( * ) SI_UNIT ( $, .STERADIAN. ) SOLID_ANGLE_UNIT ( ) );
#1616 =( LENGTH_UNIT ( ) NAMED_UNIT ( * ) SI_UNIT ( .MILLI., .METRE. ) );
#1617 = CARTESIAN_POINT ( 'NONE',  ( -1.440510337246696700, 0.1000000000000000100, -2.559758836854994200 ) ) ;
#1618 = STYLED_ITEM ( 'NONE', ( #3041 ), #3234 ) ;
#1619 = DIRECTION ( 'NONE',  ( -0.2740217765954092700, 0.0000000000000000000, 0.9617234872620589200 ) ) ;
#1620 = EDGE_CURVE ( 'NONE', #419, #597, #629, .T. ) ;
#1621 = DIRECTION ( 'NONE',  ( 0.0000000000000000000, -1.000000000000000000, 0.0000000000000000000 ) ) ;
#1622 = DIRECTION ( 'NONE',  ( -1.000000000000000000, 0.0000000000000000000, 0.0000000000000000000 ) ) ;
#1623 = CARTESIAN_POINT ( 'NONE',  ( -1.490510337246697000, 3.599640000000000400, -3.759758836854994300 ) ) ;
#1624 = PRODUCT_DEFINITION ( 'UNKNOWN', '', #2129, #4066 ) ;
#1625 =( NAMED_UNIT ( * ) PLANE_ANGLE_UNIT ( ) SI_UNIT ( $, .RADIAN. ) );
#1626 = CARTESIAN_POINT ( 'NONE',  ( 2.745332142516061100, 5.405000000000000200, -3.686201945071338100 ) ) ;
#1627 = CARTESIAN_POINT ( 'NONE',  ( 6.309489662753303000, -5.324655514143919200E-017, -5.259758836854994800 ) ) ;
#1628 = ORIENTED_EDGE ( 'NONE', *, *, #1673, .T. ) ;
#1629 = CARTESIAN_POINT ( 'NONE',  ( 2.237119081631954800, 5.405000000000000200, -2.817423836854994000 ) ) ;
#1630 = ORIENTED_EDGE ( 'NONE', *, *, #3914, .F. ) ;
#1631 = SURFACE_SIDE_STYLE ('',( #2548 ) ) ;
#1632 = SURFACE_SIDE_STYLE ('',( #457 ) ) ;
#1633 = ORIENTED_EDGE ( 'NONE', *, *, #1842, .T. ) ;
#1634 = ORIENTED_EDGE ( 'NONE', *, *, #602, .F. ) ;
#1635 = CARTESIAN_POINT ( 'NONE',  ( 6.159489662753303600, 5.400000000000000400, -6.177093836854995200 ) ) ;
#1636 = ORIENTED_EDGE ( 'NONE', *, *, #4009, .T. ) ;
#1637 = CARTESIAN_POINT ( 'NONE',  ( 2.280473191349524000, 5.400000000000000400, -3.590874150936058200 ) ) ;
#1638 = CARTESIAN_POINT ( 'NONE',  ( -1.407675825557599000, 3.496795878020934700, -4.018962281763502500 ) ) ;
#1639 = FILL_AREA_STYLE ('',( #3872 ) ) ;
#1640 = AXIS2_PLACEMENT_3D ( 'NONE', #331, #2890, #4653 ) ;
#1641 = ORIENTED_EDGE ( 'NONE', *, *, #4084, .F. ) ;
#1642 = EDGE_LOOP ( 'NONE', ( #2264, #3316, #1398, #346 ) ) ;
#1643 = DIRECTION ( 'NONE',  ( -2.465190328815661900E-032, 0.0000000000000000000, -1.000000000000000000 ) ) ;
#1644 =( GEOMETRIC_REPRESENTATION_CONTEXT ( 3 ) GLOBAL_UNCERTAINTY_ASSIGNED_CONTEXT ( ( #3086 ) ) GLOBAL_UNIT_ASSIGNED_CONTEXT ( ( #3745, #40, #354 ) ) REPRESENTATION_CONTEXT ( 'NONE', 'WORKASPACE' ) );
#1645 = SURFACE_SIDE_STYLE ('',( #4095 ) ) ;
#1647 = ORIENTED_EDGE ( 'NONE', *, *, #999, .T. ) ;
#1646 = VECTOR ( 'NONE', #1343, 1000.000000000000000 ) ;
#1648 = SURFACE_SIDE_STYLE ('',( #1982 ) ) ;
#1649 = DIRECTION ( 'NONE',  ( 0.0000000000000000000, -1.000000000000000000, -0.0000000000000000000 ) ) ;
#1650 = EDGE_LOOP ( 'NONE', ( #1106, #4478, #4385, #3214 ) ) ;
#1651 = ORIENTED_EDGE ( 'NONE', *, *, #3377, .F. ) ;
#1652 = VECTOR ( 'NONE', #3754, 1000.000000000000000 ) ;
#1653 = EDGE_CURVE ( 'NONE', #2128, #1762, #2705, .T. ) ;
#1654 = ORIENTED_EDGE ( 'NONE', *, *, #2900, .T. ) ;
#1655 = AXIS2_PLACEMENT_3D ( 'NONE', #3358, #1886, #403 ) ;
#1656 = DIRECTION ( 'NONE',  ( 0.0000000000000000000, -1.000000000000000000, 0.0000000000000000000 ) ) ;
#1657 = VERTEX_POINT ( 'NONE', #4054 ) ;
#1658 = FILL_AREA_STYLE_COLOUR ( '', #4768 ) ;
#1659 = CARTESIAN_POINT ( 'NONE',  ( -1.433649067388301100, 3.474919437528747800, -3.993094191278278700 ) ) ;
#1660 = ORIENTED_EDGE ( 'NONE', *, *, #4540, .T. ) ;
#1661 = LINE ( 'NONE', #1875, #677 ) ;
#1662 = SURFACE_STYLE_USAGE ( .BOTH. , #3850 ) ;
#1663 = LINE ( 'NONE', #3117, #4399 ) ;
#1664 = PLANE ( 'NONE',  #2779 ) ;
#1665 = UNCERTAINTY_MEASURE_WITH_UNIT (LENGTH_MEASURE( 1.000000000000000100E-005 ), #1997, 'distance_accuracy_value', 'NONE');
#1666 = VECTOR ( 'NONE', #1087, 1000.000000000000000 ) ;
#1667 = DIRECTION ( 'NONE',  ( 0.0000000000000000000, 0.0000000000000000000, 1.000000000000000000 ) ) ;
#1668 =( LENGTH_UNIT ( ) NAMED_UNIT ( * ) SI_UNIT ( .MILLI., .METRE. ) );
#1669 = ADVANCED_FACE ( 'NONE', ( #1729 ), #2935, .T. ) ;
#1670 = EDGE_LOOP ( 'NONE', ( #1423, #962, #2330, #3930 ) ) ;
#1671 = CARTESIAN_POINT ( 'NONE',  ( -0.1405103372466964300, 0.0000000000000000000, -5.259758836854994800 ) ) ;
#1672 = CARTESIAN_POINT ( 'NONE',  ( 2.981147139190194900, 5.405000000000000200, -2.817423836854994400 ) ) ;
#1673 = EDGE_CURVE ( 'NONE', #2700, #4162, #3450, .T. ) ;
#1674 = LINE ( 'NONE', #3455, #686 ) ;
#1675 = MECHANICAL_DESIGN_GEOMETRIC_PRESENTATION_REPRESENTATION (  '', ( #992 ), #2726 ) ;
#1676 = CARTESIAN_POINT ( 'NONE',  ( -1.440510337246696700, 3.449640000000000500, -2.559758836854994200 ) ) ;
#1677 =( NAMED_UNIT ( * ) SI_UNIT ( $, .STERADIAN. ) SOLID_ANGLE_UNIT ( ) );
#1678 = CARTESIAN_POINT ( 'NONE',  ( 1.851478306351302900, 5.400000000000000400, -3.198634632207176600 ) ) ;
#1679 = MECHANICAL_DESIGN_GEOMETRIC_PRESENTATION_REPRESENTATION (  '', ( #4101 ), #1445 ) ;
#1680 = DIRECTION ( 'NONE',  ( 1.000000000000000000, 0.0000000000000000000, -2.465190328815661900E-032 ) ) ;
#1681 = DIRECTION ( 'NONE',  ( 2.465190328815661900E-032, 0.0000000000000000000, 1.000000000000000000 ) ) ;
#1682 = PRESENTATION_LAYER_ASSIGNMENT (  '', '', ( #4450 ) ) ;
#1683 =( NAMED_UNIT ( * ) SI_UNIT ( $, .STERADIAN. ) SOLID_ANGLE_UNIT ( ) );
#1684 = EDGE_CURVE ( 'NONE', #4393, #1713, #2188, .T. ) ;
#1685 = DIRECTION ( 'NONE',  ( -0.2762033010252003500, 0.0000000000000000000, 0.9610992334315862100 ) ) ;
#1686 =( LENGTH_UNIT ( ) NAMED_UNIT ( * ) SI_UNIT ( .MILLI., .METRE. ) );
#1687 = DIRECTION ( 'NONE',  ( 0.0000000000000000000, 0.0000000000000000000, 1.000000000000000000 ) ) ;
#1688 =( GEOMETRIC_REPRESENTATION_CONTEXT ( 3 ) GLOBAL_UNCERTAINTY_ASSIGNED_CONTEXT ( ( #2026 ) ) GLOBAL_UNIT_ASSIGNED_CONTEXT ( ( #4065, #4775, #2518 ) ) REPRESENTATION_CONTEXT ( 'NONE', 'WORKASPACE' ) );
#1689 = DIRECTION ( 'NONE',  ( 0.0000000000000000000, 0.0000000000000000000, -1.000000000000000000 ) ) ;
#1690 = DIRECTION ( 'NONE',  ( 1.000000000000000000, 0.0000000000000000000, 0.0000000000000000000 ) ) ;
#1691 = ORIENTED_EDGE ( 'NONE', *, *, #576, .T. ) ;
#1692 = ORIENTED_EDGE ( 'NONE', *, *, #3428, .F. ) ;
#1693 = DIRECTION ( 'NONE',  ( -1.000000000000000000, 0.0000000000000000000, 0.0000000000000000000 ) ) ;
#1694 = VECTOR ( 'NONE', #2017, 1000.000000000000000 ) ;
#1695 = ORIENTED_EDGE ( 'NONE', *, *, #627, .F. ) ;
#1696 = LINE ( 'NONE', #230, #4611 ) ;
#1697 = ADVANCED_FACE ( 'NONE', ( #279 ), #3938, .F. ) ;
#1698 = VERTEX_POINT ( 'NONE', #1846 ) ;
#1699 = PLANE ( 'NONE',  #4320 ) ;
#1700 =( NAMED_UNIT ( * ) SI_UNIT ( $, .STERADIAN. ) SOLID_ANGLE_UNIT ( ) );
#1701 = CARTESIAN_POINT ( 'NONE',  ( 6.259489662753303200, 3.449639999999997800, -3.909758836854994300 ) ) ;
#1702 = VECTOR ( 'NONE', #2965, 1000.000000000000000 ) ;
#1703 = FACE_OUTER_BOUND ( 'NONE', #557, .T. ) ;
#1704 = AXIS2_PLACEMENT_3D ( 'NONE', #3152, #2425, #2834 ) ;
#1705 = FACE_OUTER_BOUND ( 'NONE', #3711, .T. ) ;
#1706 = PRESENTATION_LAYER_ASSIGNMENT (  '', '', ( #800 ) ) ;
#1707 = VECTOR ( 'NONE', #1866, 1000.000000000000000 ) ;
#1708 = CYLINDRICAL_SURFACE ( 'NONE', #525, 0.04999999999999991300 ) ;
#1710 = VERTEX_POINT ( 'NONE', #1834 ) ;
#1709 = PRESENTATION_STYLE_ASSIGNMENT (( #4657 ) ) ;
#1711 = FACE_BOUND ( 'NONE', #3650, .T. ) ;
#1712 = VERTEX_POINT ( 'NONE', #2202 ) ;
#1713 = VERTEX_POINT ( 'NONE', #1506 ) ;
#1714 = VECTOR ( 'NONE', #451, 1000.000000000000000 ) ;
#1715 =( LENGTH_UNIT ( ) NAMED_UNIT ( * ) SI_UNIT ( .MILLI., .METRE. ) );
#1716 = DIRECTION ( 'NONE',  ( -1.000000000000000000, 0.0000000000000000000, 0.0000000000000000000 ) ) ;
#1717 = DIRECTION ( 'NONE',  ( 0.0000000000000000000, -1.000000000000000000, -0.0000000000000000000 ) ) ;
#1718 = DIRECTION ( 'NONE',  ( -1.000000000000000000, -0.0000000000000000000, -0.0000000000000000000 ) ) ;
#1720 = ORIENTED_EDGE ( 'NONE', *, *, #2679, .F. ) ;
#1719 = COLOUR_RGB ( '',0.7921568627450980000, 0.8196078431372548800, 0.9333333333333333500 ) ;
#1721 = VECTOR ( 'NONE', #1737, 1000.000000000000000 ) ;
#1722 = LINE ( 'NONE', #1591, #973 ) ;
#1723 = EDGE_CURVE ( 'NONE', #4686, #1980, #3747, .T. ) ;
#1724 = STYLED_ITEM ( 'NONE', ( #4716 ), #4676 ) ;
#1725 = CARTESIAN_POINT ( 'NONE',  ( 6.159489662753302700, 3.599640000000000400, -5.259758836854994800 ) ) ;
#1726 = ADVANCED_FACE ( 'NONE', ( #2702 ), #355, .F. ) ;
#1727 = MANIFOLD_SOLID_BREP ( 'Scale1[3]', #1407 ) ;
#1728 = CARTESIAN_POINT ( 'NONE',  ( -1.440510337246696700, 0.1500000000000000200, -5.259758836854994800 ) ) ;
#1729 = FACE_OUTER_BOUND ( 'NONE', #1650, .T. ) ;
#1730 =( NAMED_UNIT ( * ) SI_UNIT ( $, .STERADIAN. ) SOLID_ANGLE_UNIT ( ) );
#1731 = VECTOR ( 'NONE', #1687, 1000.000000000000000 ) ;
#1732 = LINE ( 'NONE', #1519, #1902 ) ;
#1733 = ORIENTED_EDGE ( 'NONE', *, *, #2851, .F. ) ;
#1734 = DIRECTION ( 'NONE',  ( 1.000000000000000000, 0.0000000000000000000, -2.465190328815661900E-032 ) ) ;
#1735 = PLANE ( 'NONE',  #4414 ) ;
#1736 = STYLED_ITEM ( 'NONE', ( #3624 ), #888 ) ;
#1737 = DIRECTION ( 'NONE',  ( -0.7059037656364858200, 0.0000000000000000000, 0.7083077534943615900 ) ) ;
#1738 = PLANE ( 'NONE',  #3873 ) ;
#1739 = EDGE_CURVE ( 'NONE', #561, #2869, #4515, .T. ) ;
#1740 = AXIS2_PLACEMENT_3D ( 'NONE', #2266, #4470, #4481 ) ;
#1741 = ADVANCED_FACE ( 'NONE', ( #86 ), #3010, .F. ) ;
#1742 = DIRECTION ( 'NONE',  ( -1.000000000000000000, 0.0000000000000000000, 2.465190328815661900E-032 ) ) ;
#1743 = EDGE_CURVE ( 'NONE', #825, #2819, #1321, .T. ) ;
#1744 = APPLICATION_PROTOCOL_DEFINITION ( 'draft international standard', 'automotive_design', 1998, #258 ) ;
#1745 = ORIENTED_EDGE ( 'NONE', *, *, #1723, .F. ) ;
#1746 = ORIENTED_EDGE ( 'NONE', *, *, #1768, .F. ) ;
#1747 = FACE_OUTER_BOUND ( 'NONE', #63, .T. ) ;
#1748 = CARTESIAN_POINT ( 'NONE',  ( 2.468727555777992400, 5.405000000000000200, -2.817423836854994400 ) ) ;
#1749 = EDGE_CURVE ( 'NONE', #2153, #1543, #1896, .T. ) ;
#1750 = DIRECTION ( 'NONE',  ( -0.0000000000000000000, 1.000000000000000000, 0.0000000000000000000 ) ) ;
#1751 = CARTESIAN_POINT ( 'NONE',  ( -1.340510337246696700, -0.0000000000000000000, -2.442037603657841900 ) ) ;
#1752 = VERTEX_POINT ( 'NONE', #489 ) ;
#1753 = CARTESIAN_POINT ( 'NONE',  ( -1.540510337246696800, 3.599640000000000400, -2.559758836854994200 ) ) ;
#1754 = VERTEX_POINT ( 'NONE', #3407 ) ;
#1755 = DIRECTION ( 'NONE',  ( 0.2765379750249961600, 0.0000000000000000000, -0.9610029908221278100 ) ) ;
#1756 = VERTEX_POINT ( 'NONE', #1526 ) ;
#1757 = ORIENTED_EDGE ( 'NONE', *, *, #2835, .T. ) ;
#1758 = EDGE_CURVE ( 'NONE', #652, #2391, #151, .T. ) ;
#1759 = VECTOR ( 'NONE', #1911, 1000.000000000000100 ) ;
#1760 = CIRCLE ( 'NONE', #2265, 0.04999999999999969700 ) ;
#1762 = VERTEX_POINT ( 'NONE', #475 ) ;
#1761 = LINE ( 'NONE', #3433, #1646 ) ;
#1763 = DIRECTION ( 'NONE',  ( -0.0000000000000000000, -1.000000000000000000, -0.0000000000000000000 ) ) ;
#1764 = ADVANCED_FACE ( 'NONE', ( #2015 ), #2688, .F. ) ;
#1765 = ORIENTED_EDGE ( 'NONE', *, *, #2127, .T. ) ;
#1766 = ORIENTED_EDGE ( 'NONE', *, *, #1550, .F. ) ;
#1767 = DIRECTION ( 'NONE',  ( 0.0000000000000000000, 1.000000000000000000, 0.0000000000000000000 ) ) ;
#1768 = EDGE_CURVE ( 'NONE', #60, #2118, #1722, .T. ) ;
#1769 = EDGE_LOOP ( 'NONE', ( #2389, #3881, #4715, #3141 ) ) ;
#1770 = PRESENTATION_LAYER_ASSIGNMENT (  '', '', ( #1278 ) ) ;
#1771 = ORIENTED_EDGE ( 'NONE', *, *, #4070, .T. ) ;
#1772 = VECTOR ( 'NONE', #2894, 1000.000000000000000 ) ;
#1773 = ORIENTED_EDGE ( 'NONE', *, *, #2059, .T. ) ;
#1774 = SURFACE_STYLE_USAGE ( .BOTH. , #640 ) ;
#1775 = EDGE_LOOP ( 'NONE', ( #1307, #4428, #2009, #902, #1692, #3929, #4206, #2609, #413, #3972, #4098, #1733, #3768 ) ) ;
#1776 = DIRECTION ( 'NONE',  ( 0.0000000000000000000, 0.0000000000000000000, -1.000000000000000000 ) ) ;
#1777 = SURFACE_STYLE_FILL_AREA ( #2599 ) ;
#1778 =( GEOMETRIC_REPRESENTATION_CONTEXT ( 3 ) GLOBAL_UNCERTAINTY_ASSIGNED_CONTEXT ( ( #4621 ) ) GLOBAL_UNIT_ASSIGNED_CONTEXT ( ( #3294, #1869, #4080 ) ) REPRESENTATION_CONTEXT ( 'NONE', 'WORKASPACE' ) );
#1779 = LINE ( 'NONE', #1159, #4103 ) ;
#1780 = LINE ( 'NONE', #1969, #4748 ) ;
#1781 = ADVANCED_FACE ( 'NONE', ( #3996 ), #3030, .F. ) ;
#1782 = UNCERTAINTY_MEASURE_WITH_UNIT (LENGTH_MEASURE( 1.000000000000000100E-005 ), #1616, 'distance_accuracy_value', 'NONE');
#1783 = EDGE_CURVE ( 'NONE', #2976, #1710, #2932, .T. ) ;
#1784 = FACE_OUTER_BOUND ( 'NONE', #2678, .T. ) ;
#1785 = LINE ( 'NONE', #1143, #733 ) ;
#1786 = ORIENTED_EDGE ( 'NONE', *, *, #2825, .T. ) ;
#1787 = DIRECTION ( 'NONE',  ( 2.465190328815661900E-032, 0.0000000000000000000, 1.000000000000000000 ) ) ;
#1788 =( LENGTH_UNIT ( ) NAMED_UNIT ( * ) SI_UNIT ( .MILLI., .METRE. ) );
#1789 = PRESENTATION_STYLE_ASSIGNMENT (( #3535 ) ) ;
#1790 = CARTESIAN_POINT ( 'NONE',  ( -1.440510337246696700, 3.449640000000000500, -3.896497490029536600 ) ) ;
#1791 = ADVANCED_FACE ( 'NONE', ( #28 ), #2308, .F. ) ;
#1792 = EDGE_CURVE ( 'NONE', #556, #1238, #3570, .T. ) ;
#1793 = AXIS2_PLACEMENT_3D ( 'NONE', #4172, #3778, #782 ) ;
#1794 = SURFACE_STYLE_USAGE ( .BOTH. , #3285 ) ;
#1795 = CARTESIAN_POINT ( 'NONE',  ( -1.490510337246696600, -5.324655514143918600E-017, -5.259758836854994800 ) ) ;
#1796 = DIRECTION ( 'NONE',  ( 0.3725077383643968800, 0.0000000000000000000, 0.9280290862137037200 ) ) ;
#1797 = VERTEX_POINT ( 'NONE', #1564 ) ;
#1798 = DIRECTION ( 'NONE',  ( 1.000000000000000000, 0.0000000000000000000, -2.465190328815661900E-032 ) ) ;
#1799 = STYLED_ITEM ( 'NONE', ( #912 ), #2767 ) ;
#1800 = ORIENTED_EDGE ( 'NONE', *, *, #1832, .T. ) ;
#1801 =( LENGTH_UNIT ( ) NAMED_UNIT ( * ) SI_UNIT ( .MILLI., .METRE. ) );
#1802 = VERTEX_POINT ( 'NONE', #2659 ) ;
#1803 = EDGE_CURVE ( 'NONE', #3478, #4391, #2581, .T. ) ;
#1804 = CARTESIAN_POINT ( 'NONE',  ( 6.209489662753303400, 3.449640000000000500, -5.259758836854994800 ) ) ;
#1805 = FACE_OUTER_BOUND ( 'NONE', #3454, .T. ) ;
#1806 = ORIENTED_EDGE ( 'NONE', *, *, #1403, .F. ) ;
#1807 = VERTEX_POINT ( 'NONE', #1232 ) ;
#1808 = UNCERTAINTY_MEASURE_WITH_UNIT (LENGTH_MEASURE( 1.000000000000000100E-005 ), #2886, 'distance_accuracy_value', 'NONE');
#1809 = ORIENTED_EDGE ( 'NONE', *, *, #926, .F. ) ;
#1810 = VECTOR ( 'NONE', #4601, 1000.000000000000000 ) ;
#1811 = SURFACE_STYLE_USAGE ( .BOTH. , #669 ) ;
#1812 = ORIENTED_EDGE ( 'NONE', *, *, #2756, .T. ) ;
#1813 = LINE ( 'NONE', #1968, #311 ) ;
#1814 = ORIENTED_EDGE ( 'NONE', *, *, #4506, .T. ) ;
#1815 =( NAMED_UNIT ( * ) PLANE_ANGLE_UNIT ( ) SI_UNIT ( $, .RADIAN. ) );
#1816 =( NAMED_UNIT ( * ) SI_UNIT ( $, .STERADIAN. ) SOLID_ANGLE_UNIT ( ) );
#1817 = DIRECTION ( 'NONE',  ( 1.000000000000000000, 0.0000000000000000000, 0.0000000000000000000 ) ) ;
#1818 = COLOUR_RGB ( '',0.8980392156862745400, 0.9215686274509803400, 0.9294117647058823800 ) ;
#1819 = AXIS2_PLACEMENT_3D ( 'NONE', #429, #3829, #4150 ) ;
#1820 =( GEOMETRIC_REPRESENTATION_CONTEXT ( 3 ) GLOBAL_UNCERTAINTY_ASSIGNED_CONTEXT ( ( #2023 ) ) GLOBAL_UNIT_ASSIGNED_CONTEXT ( ( #4475, #389, #4120 ) ) REPRESENTATION_CONTEXT ( 'NONE', 'WORKASPACE' ) );
#1821 = ORIENTED_EDGE ( 'NONE', *, *, #4092, .F. ) ;
#1822 = ORIENTED_EDGE ( 'NONE', *, *, #3641, .F. ) ;
#1823 = ORIENTED_EDGE ( 'NONE', *, *, #739, .F. ) ;
#1824 = ORIENTED_EDGE ( 'NONE', *, *, #3723, .F. ) ;
#1825 = ORIENTED_EDGE ( 'NONE', *, *, #1749, .T. ) ;
#1826 = VERTEX_POINT ( 'NONE', #4169 ) ;
#1827 = CARTESIAN_POINT ( 'NONE',  ( 6.309489662753303000, 3.599640000000000400, -3.759758836854994300 ) ) ;
#1828 = LINE ( 'NONE', #3866, #2701 ) ;
#1829 = AXIS2_PLACEMENT_3D ( 'NONE', #1854, #3302, #1915 ) ;
#1830 = PRESENTATION_STYLE_ASSIGNMENT (( #2706 ) ) ;
#1831 = CIRCLE ( 'NONE', #1894, 0.04999999999999991300 ) ;
#1832 = EDGE_CURVE ( 'NONE', #3871, #3740, #1780, .T. ) ;
#1833 = CARTESIAN_POINT ( 'NONE',  ( 2.655822253245574400, 5.400000000000000400, -2.817423836854994400 ) ) ;
#1834 = CARTESIAN_POINT ( 'NONE',  ( 6.159489662753302700, 5.400000000000000400, -1.706981370460689500 ) ) ;
#1835 = PRESENTATION_LAYER_ASSIGNMENT (  '', '', ( #2399 ) ) ;
#1836 = LINE ( 'NONE', #1282, #1731 ) ;
#1837 = SURFACE_STYLE_FILL_AREA ( #4810 ) ;
#1838 = DIRECTION ( 'NONE',  ( 0.0000000000000000000, -1.000000000000000000, 0.0000000000000000000 ) ) ;
#1839 = ORIENTED_EDGE ( 'NONE', *, *, #4092, .T. ) ;
#1840 = EDGE_CURVE ( 'NONE', #4686, #376, #3183, .T. ) ;
#1841 = SURFACE_STYLE_FILL_AREA ( #2940 ) ;
#1842 = EDGE_CURVE ( 'NONE', #494, #3382, #3634, .T. ) ;
#1843 = DIRECTION ( 'NONE',  ( 0.9999891854650020400, 0.0000000000000000000, 0.004650693823683842500 ) ) ;
#1844 = DIRECTION ( 'NONE',  ( 0.0000000000000000000, -1.000000000000000000, 0.0000000000000000000 ) ) ;
#1845 = FILL_AREA_STYLE_COLOUR ( '', #1551 ) ;
#1846 = CARTESIAN_POINT ( 'NONE',  ( -1.340510337246696700, 0.1000000000000000100, -2.442037603657841900 ) ) ;
#1847 = DIRECTION ( 'NONE',  ( -0.0000000000000000000, -0.0000000000000000000, -1.000000000000000000 ) ) ;
#1848 = DIRECTION ( 'NONE',  ( 0.2764273280489760200, 0.0000000000000000000, -0.9610348236706637300 ) ) ;
#1849 = CARTESIAN_POINT ( 'NONE',  ( -1.390510337246696900, 3.499640000000000300, -5.259758836854994800 ) ) ;
#1850 = AXIS2_PLACEMENT_3D ( 'NONE', #154, #4645, #1990 ) ;
#1851 = EDGE_CURVE ( 'NONE', #2988, #641, #4575, .T. ) ;
#1852 = AXIS2_PLACEMENT_3D ( 'NONE', #872, #3149, #1239 ) ;
#1853 = CARTESIAN_POINT ( 'NONE',  ( 3.231038199541599500, 5.400000000000000400, -3.686201945071338100 ) ) ;
#1854 = CARTESIAN_POINT ( 'NONE',  ( 6.359489662753302900, -5.521864977630730200E-017, -5.259758836854994800 ) ) ;
#1855 = ORIENTED_EDGE ( 'NONE', *, *, #1005, .F. ) ;
#1856 = VECTOR ( 'NONE', #483, 1000.000000000000000 ) ;
#1857 = MECHANICAL_DESIGN_GEOMETRIC_PRESENTATION_REPRESENTATION (  '', ( #2119 ), #25 ) ;
#1858 = SURFACE_STYLE_USAGE ( .BOTH. , #1524 ) ;
#1859 = CARTESIAN_POINT ( 'NONE',  ( -1.390510337246696900, 3.499640000000000300, -5.259758836854994800 ) ) ;
#1860 = DIRECTION ( 'NONE',  ( -1.000000000000000000, 0.0000000000000000000, 2.465190328815661900E-032 ) ) ;
#1861 = PRESENTATION_STYLE_ASSIGNMENT (( #2256 ) ) ;
#1862 = ORIENTED_EDGE ( 'NONE', *, *, #4043, .F. ) ;
#1863 = CARTESIAN_POINT ( 'NONE',  ( 5.559489662753302100, 0.0000000000000000000, -6.777093836854994900 ) ) ;
#1864 = LINE ( 'NONE', #1107, #821 ) ;
#1865 = EDGE_CURVE ( 'NONE', #814, #2753, #3269, .T. ) ;
#1866 = DIRECTION ( 'NONE',  ( -0.0000000000000000000, -0.0000000000000000000, 1.000000000000000000 ) ) ;
#1867 = UNCERTAINTY_MEASURE_WITH_UNIT (LENGTH_MEASURE( 1.000000000000000100E-005 ), #341, 'distance_accuracy_value', 'NONE');
#1868 = ORIENTED_EDGE ( 'NONE', *, *, #4531, .F. ) ;
#1869 =( NAMED_UNIT ( * ) PLANE_ANGLE_UNIT ( ) SI_UNIT ( $, .RADIAN. ) );
#1870 =( GEOMETRIC_REPRESENTATION_CONTEXT ( 3 ) GLOBAL_UNCERTAINTY_ASSIGNED_CONTEXT ( ( #4433 ) ) GLOBAL_UNIT_ASSIGNED_CONTEXT ( ( #158, #113, #4274 ) ) REPRESENTATION_CONTEXT ( 'NONE', 'WORKASPACE' ) );
#1871 = CARTESIAN_POINT ( 'NONE',  ( 3.429962027637210000, 5.400000000000000400, -3.520805435344759500 ) ) ;
#1872 = FACE_OUTER_BOUND ( 'NONE', #2873, .T. ) ;
#1873 = ORIENTED_EDGE ( 'NONE', *, *, #247, .F. ) ;
#1874 = PRESENTATION_STYLE_ASSIGNMENT (( #919 ) ) ;
#1875 = CARTESIAN_POINT ( 'NONE',  ( 4.138130224153913500, 5.400000000000000400, -2.817423836854994400 ) ) ;
#1876 = CARTESIAN_POINT ( 'NONE',  ( -1.154009524251970300, 5.405000000000000200, 0.7789392431425141700 ) ) ;
#1877 = DIRECTION ( 'NONE',  ( 0.0000000000000000000, 0.0000000000000000000, 1.000000000000000000 ) ) ;
#1878 = PRESENTATION_STYLE_ASSIGNMENT (( #3348 ) ) ;
#1879 = LINE ( 'NONE', #4329, #4727 ) ;
#1880 = VERTEX_POINT ( 'NONE', #3870 ) ;
#1881 = ORIENTED_EDGE ( 'NONE', *, *, #3790, .T. ) ;
#1882 = VERTEX_POINT ( 'NONE', #2000 ) ;
#1883 = DIRECTION ( 'NONE',  ( 0.0000000000000000000, 0.0000000000000000000, -1.000000000000000000 ) ) ;
#1884 = VERTEX_POINT ( 'NONE', #2367 ) ;
#1885 = LINE ( 'NONE', #1849, #4037 ) ;
#1886 = DIRECTION ( 'NONE',  ( -0.9615825319869140100, 0.0000000000000000000, -0.2745159998572679900 ) ) ;
#1888 = ORIENTED_EDGE ( 'NONE', *, *, #2397, .F. ) ;
#1887 = LINE ( 'NONE', #4177, #840 ) ;
#1889 = CARTESIAN_POINT ( 'NONE',  ( 6.159489662753302700, 0.1000000000000000100, -2.442037603657841900 ) ) ;
#1890 = LINE ( 'NONE', #4714, #2639 ) ;
#1891 = VERTEX_POINT ( 'NONE', #4284 ) ;
#1892 = ORIENTED_EDGE ( 'NONE', *, *, #3093, .T. ) ;
#1893 = CARTESIAN_POINT ( 'NONE',  ( 6.213902844993064900, 3.499640000000000300, -3.797955437980004700 ) ) ;
#1894 = AXIS2_PLACEMENT_3D ( 'NONE', #4397, #1039, #675 ) ;
#1895 = LINE ( 'NONE', #3421, #1263 ) ;
#1896 = LINE ( 'NONE', #1184, #446 ) ;
#1897 = CARTESIAN_POINT ( 'NONE',  ( 2.280473191349524000, 5.405000000000000200, -3.590874150936058200 ) ) ;
#1898 =( NAMED_UNIT ( * ) PLANE_ANGLE_UNIT ( ) SI_UNIT ( $, .RADIAN. ) );
#1899 = EDGE_CURVE ( 'NONE', #4372, #1533, #2293, .T. ) ;
#1900 = DIRECTION ( 'NONE',  ( 1.000000000000000000, 0.0000000000000000000, 0.0000000000000000000 ) ) ;
#1901 = SURFACE_STYLE_FILL_AREA ( #742 ) ;
#1902 = VECTOR ( 'NONE', #21, 1000.000000000000000 ) ;
#1903 = ORIENTED_EDGE ( 'NONE', *, *, #4180, .F. ) ;
#1904 = EDGE_CURVE ( 'NONE', #1802, #1880, #1663, .T. ) ;
#1905 = SURFACE_SIDE_STYLE ('',( #2101 ) ) ;
#1906 = CARTESIAN_POINT ( 'NONE',  ( 6.259489662753303200, 0.1000000000000000100, -5.259758836854994800 ) ) ;
#1907 = FACE_OUTER_BOUND ( 'NONE', #3620, .T. ) ;
#1908 = FILL_AREA_STYLE ('',( #4125 ) ) ;
#1909 = DIRECTION ( 'NONE',  ( 1.000000000000000000, -0.0000000000000000000, 1.512487620017200200E-016 ) ) ;
#1910 =( GEOMETRIC_REPRESENTATION_CONTEXT ( 3 ) GLOBAL_UNCERTAINTY_ASSIGNED_CONTEXT ( ( #2372 ) ) GLOBAL_UNIT_ASSIGNED_CONTEXT ( ( #514, #1202, #2001 ) ) REPRESENTATION_CONTEXT ( 'NONE', 'WORKASPACE' ) );
#1911 = DIRECTION ( 'NONE',  ( 0.2745159998572680400, 0.0000000000000000000, -0.9615825319869140100 ) ) ;
#1912 = CARTESIAN_POINT ( 'NONE',  ( 3.126372311979501700, 5.400000000000000400, -3.686201945071338100 ) ) ;
#1913 = CARTESIAN_POINT ( 'NONE',  ( 6.359489662753302900, 3.549640000000000100, -5.259758836854994800 ) ) ;
#1914 = FILL_AREA_STYLE_COLOUR ( '', #2956 ) ;
#1915 = DIRECTION ( 'NONE',  ( -1.000000000000000000, 3.944189269736235900E-017, 0.0000000000000000000 ) ) ;
#1916 =( NAMED_UNIT ( * ) SI_UNIT ( $, .STERADIAN. ) SOLID_ANGLE_UNIT ( ) );
#1917 = EDGE_CURVE ( 'NONE', #4371, #2902, #904, .T. ) ;
#1918 = PLANE ( 'NONE',  #3313 ) ;
#1919 =( LENGTH_UNIT ( ) NAMED_UNIT ( * ) SI_UNIT ( .MILLI., .METRE. ) );
#1920 = STYLED_ITEM ( 'NONE', ( #2969 ), #1280 ) ;
#1921 = DIRECTION ( 'NONE',  ( 0.0000000000000000000, 0.0000000000000000000, -1.000000000000000000 ) ) ;
#1922 = ORIENTED_EDGE ( 'NONE', *, *, #1783, .F. ) ;
#1923 = CARTESIAN_POINT ( 'NONE',  ( 6.359489662753302900, 3.599640000000000400, -2.559758836854994200 ) ) ;
#1924 = ORIENTED_EDGE ( 'NONE', *, *, #2206, .T. ) ;
#1925 = FACE_OUTER_BOUND ( 'NONE', #2410, .T. ) ;
#1926 = PRESENTATION_LAYER_ASSIGNMENT (  '', '', ( #870 ) ) ;
#1927 = EDGE_CURVE ( 'NONE', #2819, #2273, #274, .T. ) ;
#1928 =( GEOMETRIC_REPRESENTATION_CONTEXT ( 3 ) GLOBAL_UNCERTAINTY_ASSIGNED_CONTEXT ( ( #2110 ) ) GLOBAL_UNIT_ASSIGNED_CONTEXT ( ( #2551, #2930, #4419 ) ) REPRESENTATION_CONTEXT ( 'NONE', 'WORKASPACE' ) );
#1929 = DIRECTION ( 'NONE',  ( 1.000000000000000000, 0.0000000000000000000, -2.465190328815661900E-032 ) ) ;
#1930 = VERTEX_POINT ( 'NONE', #2018 ) ;
#1931 = DIRECTION ( 'NONE',  ( 0.2740217765954093300, 0.0000000000000000000, -0.9617234872620588100 ) ) ;
#1932 = LINE ( 'NONE', #4713, #184 ) ;
#1933 = VERTEX_POINT ( 'NONE', #1287 ) ;
#1934 = LINE ( 'NONE', #1576, #951 ) ;
#1935 = PRESENTATION_LAYER_ASSIGNMENT (  '', '', ( #3577 ) ) ;
#1936 = DIRECTION ( 'NONE',  ( 0.0000000000000000000, 0.0000000000000000000, -1.000000000000000000 ) ) ;
#1937 = PLANE ( 'NONE',  #4182 ) ;
#1938 = CARTESIAN_POINT ( 'NONE',  ( 1.898720866560917900, 5.405000000000000200, -2.982709398945779400 ) ) ;
#1939 = EDGE_CURVE ( 'NONE', #561, #2128, #2349, .T. ) ;
#1940 = CARTESIAN_POINT ( 'NONE',  ( 3.275485935262683100, 5.400000000000000400, -2.982741098268310700 ) ) ;
#1941 = ORIENTED_EDGE ( 'NONE', *, *, #2707, .F. ) ;
#1942 = VECTOR ( 'NONE', #3411, 1000.000000000000000 ) ;
#1943 = CARTESIAN_POINT ( 'NONE',  ( 0.4366304240989218300, 5.405000000000000200, -2.817423836854994400 ) ) ;
#1944 = CARTESIAN_POINT ( 'NONE',  ( 6.159489662753302700, 3.599640000000000400, -4.059758836854994600 ) ) ;
#1945 = ORIENTED_EDGE ( 'NONE', *, *, #2646, .F. ) ;
#1946 = FILL_AREA_STYLE ('',( #1914 ) ) ;
#1947 = VERTEX_POINT ( 'NONE', #1303 ) ;
#1948 = ORIENTED_EDGE ( 'NONE', *, *, #1192, .F. ) ;
#1949 = VERTEX_POINT ( 'NONE', #1678 ) ;
#1950 = LINE ( 'NONE', #2198, #2467 ) ;
#1951 = CARTESIAN_POINT ( 'NONE',  ( 1.559489662753303000, 0.1000000000000000100, -2.442037603657841900 ) ) ;
#1952 = PRESENTATION_STYLE_ASSIGNMENT (( #2285 ) ) ;
#1953 =( NAMED_UNIT ( * ) PLANE_ANGLE_UNIT ( ) SI_UNIT ( $, .RADIAN. ) );
#1954 = CARTESIAN_POINT ( 'NONE',  ( 2.468727555777992400, 5.400000000000000400, -2.817423836854994400 ) ) ;
#1955 = EDGE_CURVE ( 'NONE', #1387, #1930, #2174, .T. ) ;
#1956 = FILL_AREA_STYLE_COLOUR ( '', #4439 ) ;
#1957 = SURFACE_STYLE_FILL_AREA ( #377 ) ;
#1958 = DIRECTION ( 'NONE',  ( -2.465190328815661900E-032, 0.0000000000000000000, -1.000000000000000000 ) ) ;
#1959 = STYLED_ITEM ( 'NONE', ( #4104 ), #1697 ) ;
#1960 = CARTESIAN_POINT ( 'NONE',  ( -0.7405103372466973500, 0.0000000000000000000, -6.177093836854995200 ) ) ;
#1961 = VERTEX_POINT ( 'NONE', #3166 ) ;
#1962 = DIRECTION ( 'NONE',  ( 0.0000000000000000000, -1.000000000000000000, -0.0000000000000000000 ) ) ;
#1963 = CARTESIAN_POINT ( 'NONE',  ( 0.5718359686798146800, 5.405000000000000200, -3.289146770602183500 ) ) ;
#1964 = AXIS2_PLACEMENT_3D ( 'NONE', #835, #1958, #430 ) ;
#1965 = B_SPLINE_CURVE_WITH_KNOTS ( 'NONE', 3,
 ( #4464, #1893, #2226, #4473, #3350, #2595, #384, #2209, #2248, #1137, #2963, #3730, #1509, #4118, #34, #2629, #408, #1152, #3002, #3751, #4130, #2274 ),
 .UNSPECIFIED., .F., .F.,
 ( 4, 3, 3, 3, 3, 3, 3, 4 ),
 ( 0.0000000000000000000, 1.323954671928457000E-005, 2.642731258168430400E-005, 4.013983134242363600E-005, 6.119351943545997200E-005, 9.331181927225419200E-005, 0.0001414740677661827400, 0.0001504004321180150900 ),
 .UNSPECIFIED. ) ;
#1966 = CARTESIAN_POINT ( 'NONE',  ( -1.440510337246696700, 0.1000000000000000100, -5.259758836854994800 ) ) ;
#1967 = EDGE_CURVE ( 'NONE', #4252, #2676, #441, .T. ) ;
#1968 = CARTESIAN_POINT ( 'NONE',  ( 3.890648313175632200, 5.400000000000000400, -2.817423836854994400 ) ) ;
#1969 = CARTESIAN_POINT ( 'NONE',  ( 2.100930858683645500, 5.405000000000000200, -3.686201945071338100 ) ) ;
#1970 = DIRECTION ( 'NONE',  ( -1.000000000000000000, 0.0000000000000000000, 0.0000000000000000000 ) ) ;
#1971 = AXIS2_PLACEMENT_3D ( 'NONE', #1297, #889, #169 ) ;
#1972 = CARTESIAN_POINT ( 'NONE',  ( -1.540510337246696800, 3.549640000000000100, -4.051180193092304400 ) ) ;
#1973 = DIRECTION ( 'NONE',  ( 0.0000000000000000000, 0.0000000000000000000, 1.000000000000000000 ) ) ;
#1974 = DIRECTION ( 'NONE',  ( -0.05596501978069534600, 0.0000000000000000000, 0.9984327301130238000 ) ) ;
#1975 = VECTOR ( 'NONE', #3126, 1000.000000000000000 ) ;
#1976 = PLANE ( 'NONE',  #906 ) ;
#1977 = CARTESIAN_POINT ( 'NONE',  ( 6.359489662753302900, 0.05000000000000100200, -5.259758836854994800 ) ) ;
#1978 = CARTESIAN_POINT ( 'NONE',  ( -1.440509632415023900, 3.449905485725681200, -3.918679332078562000 ) ) ;
#1979 = CARTESIAN_POINT ( 'NONE',  ( 6.242258206206836100, 3.487738179474661600, -4.009736615619631900 ) ) ;
#1980 = VERTEX_POINT ( 'NONE', #3188 ) ;
#1981 = STYLED_ITEM ( 'NONE', ( #3986 ), #937 ) ;
#1982 = SURFACE_STYLE_FILL_AREA ( #1946 ) ;
#1983 = CARTESIAN_POINT ( 'NONE',  ( 2.707969162787354600, 5.400000000000000400, 0.3229061631450061400 ) ) ;
#1984 = ORIENTED_EDGE ( 'NONE', *, *, #4422, .T. ) ;
#1985 = CARTESIAN_POINT ( 'NONE',  ( -1.512321324748688200, 3.594978091090304400, -4.059697779050035900 ) ) ;
#1986 =( NAMED_UNIT ( * ) SI_UNIT ( $, .STERADIAN. ) SOLID_ANGLE_UNIT ( ) );
#1987 = ORIENTED_EDGE ( 'NONE', *, *, #4043, .T. ) ;
#1988 = LINE ( 'NONE', #2993, #3842 ) ;
#1989 = PRESENTATION_LAYER_ASSIGNMENT (  '', '', ( #4582 ) ) ;
#1990 = DIRECTION ( 'NONE',  ( 0.0000000000000000000, 0.0000000000000000000, 1.000000000000000000 ) ) ;
#1991 = EDGE_LOOP ( 'NONE', ( #407, #1425, #1255, #2922 ) ) ;
#1992 = DIRECTION ( 'NONE',  ( 1.000000000000000000, 0.0000000000000000000, 0.0000000000000000000 ) ) ;
#1993 = DIRECTION ( 'NONE',  ( 1.000000000000000000, 0.0000000000000000000, 0.0000000000000000000 ) ) ;
#1994 = SURFACE_SIDE_STYLE ('',( #4700 ) ) ;
#1995 = VERTEX_POINT ( 'NONE', #1751 ) ;
#1996 = EDGE_CURVE ( 'NONE', #420, #3722, #4159, .T. ) ;
#1997 =( LENGTH_UNIT ( ) NAMED_UNIT ( * ) SI_UNIT ( .MILLI., .METRE. ) );
#1998 = VECTOR ( 'NONE', #2385, 1000.000000000000000 ) ;
#1999 = CARTESIAN_POINT ( 'NONE',  ( 2.111010162719252100, 5.400000000000000400, 0.3229061631450061400 ) ) ;
#2000 = CARTESIAN_POINT ( 'NONE',  ( 0.5718359686798146800, 5.400000000000000400, -3.289146770602183500 ) ) ;
#2001 =( NAMED_UNIT ( * ) SI_UNIT ( $, .STERADIAN. ) SOLID_ANGLE_UNIT ( ) );
#2002 = VERTEX_POINT ( 'NONE', #3236 ) ;
#2003 = VERTEX_POINT ( 'NONE', #2444 ) ;
#2004 = ORIENTED_EDGE ( 'NONE', *, *, #1653, .F. ) ;
#2005 = EDGE_CURVE ( 'NONE', #2616, #4787, #2519, .T. ) ;
#2006 = ORIENTED_EDGE ( 'NONE', *, *, #345, .T. ) ;
#2007 = DIRECTION ( 'NONE',  ( 0.0000000000000000000, 0.0000000000000000000, 1.000000000000000000 ) ) ;
#2009 = ORIENTED_EDGE ( 'NONE', *, *, #3174, .F. ) ;
#2008 = SURFACE_STYLE_FILL_AREA ( #87 ) ;
#2010 = ORIENTED_EDGE ( 'NONE', *, *, #542, .T. ) ;
#2011 = ORIENTED_EDGE ( 'NONE', *, *, #3584, .T. ) ;
#2012 = SURFACE_STYLE_USAGE ( .BOTH. , #1267 ) ;
#2013 =( NAMED_UNIT ( * ) SI_UNIT ( $, .STERADIAN. ) SOLID_ANGLE_UNIT ( ) );
#2014 = EDGE_CURVE ( 'NONE', #1710, #4318, #1482, .T. ) ;
#2015 = FACE_OUTER_BOUND ( 'NONE', #2546, .T. ) ;
#2016 = CARTESIAN_POINT ( 'NONE',  ( 5.546801721703655400, 5.400000000000000400, -0.7850326902232055400 ) ) ;
#2017 = DIRECTION ( 'NONE',  ( -1.000000000000000000, 0.0000000000000000000, 2.465190328815661900E-032 ) ) ;
#2018 = CARTESIAN_POINT ( 'NONE',  ( 6.159489662753303600, 0.0000000000000000000, -6.177093836854995200 ) ) ;
#2019 = VECTOR ( 'NONE', #3859, 1000.000000000000200 ) ;
#2020 = VECTOR ( 'NONE', #789, 1000.000000000000000 ) ;
#2021 = ORIENTED_EDGE ( 'NONE', *, *, #30, .F. ) ;
#2022 = STYLED_ITEM ( 'NONE', ( #2163 ), #609 ) ;
#2023 = UNCERTAINTY_MEASURE_WITH_UNIT (LENGTH_MEASURE( 1.000000000000000100E-005 ), #4475, 'distance_accuracy_value', 'NONE');
#2024 = SURFACE_SIDE_STYLE ('',( #3613 ) ) ;
#2025 = MECHANICAL_DESIGN_GEOMETRIC_PRESENTATION_REPRESENTATION (  '', ( #1278 ), #2262 ) ;
#2026 = UNCERTAINTY_MEASURE_WITH_UNIT (LENGTH_MEASURE( 1.000000000000000100E-005 ), #4065, 'distance_accuracy_value', 'NONE');
#2027 = PLANE ( 'NONE',  #2459 ) ;
#2028 = DIRECTION ( 'NONE',  ( 1.000000000000000000, 0.0000000000000000000, 0.0000000000000000000 ) ) ;
#2029 = EDGE_CURVE ( 'NONE', #4454, #2860, #1890, .T. ) ;
#2030 = DIRECTION ( 'NONE',  ( -0.2762517575166176200, 0.0000000000000000000, 0.9610853065513903500 ) ) ;
#2031 = CARTESIAN_POINT ( 'NONE',  ( -1.537826801120799600, 3.566643869737284400, -4.056181115002987200 ) ) ;
#2032 = CARTESIAN_POINT ( 'NONE',  ( -1.154009524251970300, 5.405000000000000200, 0.7789392431425141700 ) ) ;
#2033 = ORIENTED_EDGE ( 'NONE', *, *, #1529, .F. ) ;
#2034 = ORIENTED_EDGE ( 'NONE', *, *, #91, .F. ) ;
#2035 = CARTESIAN_POINT ( 'NONE',  ( 6.159489662753302700, 3.499640000000000300, -4.021562235729983400 ) ) ;
#2036 = FACE_OUTER_BOUND ( 'NONE', #1608, .T. ) ;
#2037 = ORIENTED_EDGE ( 'NONE', *, *, #1620, .F. ) ;
#2038 = VECTOR ( 'NONE', #626, 1000.000000000000000 ) ;
#2039 = AXIS2_PLACEMENT_3D ( 'NONE', #1441, #2173, #2945 ) ;
#2040 = ORIENTED_EDGE ( 'NONE', *, *, #2255, .F. ) ;
#2041 =( NAMED_UNIT ( * ) PLANE_ANGLE_UNIT ( ) SI_UNIT ( $, .RADIAN. ) );
#2042 = EDGE_CURVE ( 'NONE', #4734, #831, #4510, .T. ) ;
#2043 = AXIS2_PLACEMENT_3D ( 'NONE', #3476, #3105, #3081 ) ;
#2044 = EDGE_LOOP ( 'NONE', ( #3140, #1165, #2065, #1049, #2435, #2175, #935, #2619, #2345, #204, #4774, #1520, #2006 ) ) ;
#2045 = VECTOR ( 'NONE', #2583, 1000.000000000000000 ) ;
#2046 = PRODUCT ( 'IS_MPLCV_0654(3126)_L7.9W7.1T5.4', 'IS_MPLCV_0654(3126)_L7.9W7.1T5.4', '', ( #2087 ) ) ;
#2047 = DIRECTION ( 'NONE',  ( -0.2746459304916926100, 0.0000000000000000000, 0.9615454294334472300 ) ) ;
#2048 = CARTESIAN_POINT ( 'NONE',  ( 1.903753133660691200, 5.405000000000000200, -2.817423836854994000 ) ) ;
#2049 = VECTOR ( 'NONE', #1909, 1000.000000000000000 ) ;
#2050 = PRESENTATION_STYLE_ASSIGNMENT (( #1774 ) ) ;
#2051 = PRESENTATION_LAYER_ASSIGNMENT (  '', '', ( #805 ) ) ;
#2052 = FILL_AREA_STYLE ('',( #3956 ) ) ;
#2053 = DIRECTION ( 'NONE',  ( 0.05375259206908232500, 0.0000000000000000000, -0.9985542843760947300 ) ) ;
#2054 = ADVANCED_FACE ( 'NONE', ( #3381 ), #4392, .T. ) ;
#2055 = LINE ( 'NONE', #3729, #1359 ) ;
#2056 = SURFACE_SIDE_STYLE ('',( #3548 ) ) ;
#2057 = CARTESIAN_POINT ( 'NONE',  ( 2.879001348637680200, 5.405000000000000200, -3.594598821583897300 ) ) ;
#2058 = ORIENTED_EDGE ( 'NONE', *, *, #802, .F. ) ;
#2059 = EDGE_CURVE ( 'NONE', #1387, #4252, #320, .T. ) ;
#2060 = ORIENTED_EDGE ( 'NONE', *, *, #781, .F. ) ;
#2061 = AXIS2_PLACEMENT_3D ( 'NONE', #1876, #4048, #3286 ) ;
#2062 = CARTESIAN_POINT ( 'NONE',  ( 1.524462789758187700, 5.400000000000000400, -3.359241902295953400 ) ) ;
#2063 = VECTOR ( 'NONE', #219, 1000.000000000000000 ) ;
#2064 = ORIENTED_EDGE ( 'NONE', *, *, #4247, .F. ) ;
#2065 = ORIENTED_EDGE ( 'NONE', *, *, #3810, .T. ) ;
#2066 = DIRECTION ( 'NONE',  ( -0.0000000000000000000, 1.000000000000000000, -0.0000000000000000000 ) ) ;
#2067 = CARTESIAN_POINT ( 'NONE',  ( 6.309489662753303000, 3.549640000000000100, -5.259758836854994800 ) ) ;
#2068 = ORIENTED_EDGE ( 'NONE', *, *, #2481, .T. ) ;
#2069 = VECTOR ( 'NONE', #1656, 1000.000000000000000 ) ;
#2070 = VECTOR ( 'NONE', #4538, 1000.000000000000000 ) ;
#2071 = COLOUR_RGB ( '',0.8980392156862745400, 0.9215686274509803400, 0.9294117647058823800 ) ;
#2072 = CIRCLE ( 'NONE', #1103, 0.1499999999999999700 ) ;
#2073 = DIRECTION ( 'NONE',  ( -0.2762033010252003500, 0.0000000000000000000, 0.9610992334315862100 ) ) ;
#2074 = DIRECTION ( 'NONE',  ( 0.0000000000000000000, -1.000000000000000000, -0.0000000000000000000 ) ) ;
#2075 = CARTESIAN_POINT ( 'NONE',  ( 3.709898763864433800, 5.405000000000000200, -3.198634632205447300 ) ) ;
#2076 = DIRECTION ( 'NONE',  ( 2.465190328815661900E-032, 0.0000000000000000000, 1.000000000000000000 ) ) ;
#2077 = EDGE_CURVE ( 'NONE', #4224, #3741, #2987, .T. ) ;
#2078 = STYLED_ITEM ( 'NONE', ( #10 ), #1038 ) ;
#2079 = CARTESIAN_POINT ( 'NONE',  ( -1.390510337246696900, 3.499640000000000300, -5.259758836854994800 ) ) ;
#2080 = DIRECTION ( 'NONE',  ( 1.000000000000000000, 0.0000000000000000000, -0.0000000000000000000 ) ) ;
#2081 = CARTESIAN_POINT ( 'NONE',  ( 2.981147139190194900, 5.405000000000000200, -2.817423836854994400 ) ) ;
#2082 = STYLED_ITEM ( 'NONE', ( #3878 ), #2370 ) ;
#2083 = ADVANCED_FACE ( 'NONE', ( #3162 ), #3984, .F. ) ;
#2084 = CARTESIAN_POINT ( 'NONE',  ( 1.571483454697584200, 5.405000000000000200, -3.520834493059950000 ) ) ;
#2085 = EDGE_CURVE ( 'NONE', #135, #4625, #4040, .T. ) ;
#2086 = CARTESIAN_POINT ( 'NONE',  ( -0.1405103372466964300, 0.0000000000000000000, -2.559758836854994200 ) ) ;
#2087 = PRODUCT_CONTEXT ( 'NONE', #258, 'mechanical' ) ;
#2088 = CARTESIAN_POINT ( 'NONE',  ( -1.540510337246696800, 3.599640000000000400, -3.909758836854994300 ) ) ;
#2089 = STYLED_ITEM ( 'NONE', ( #824 ), #3828 ) ;
#2090 = CARTESIAN_POINT ( 'NONE',  ( -1.340510337246696700, 5.400000000000000400, -1.042423836854993800 ) ) ;
#2091 = EDGE_CURVE ( 'NONE', #2762, #322, #4280, .T. ) ;
#2092 = SURFACE_STYLE_USAGE ( .BOTH. , #243 ) ;
#2093 = VERTEX_POINT ( 'NONE', #3226 ) ;
#2094 = EDGE_CURVE ( 'NONE', #4454, #534, #560, .T. ) ;
#2095 = ORIENTED_EDGE ( 'NONE', *, *, #304, .T. ) ;
#2096 = LINE ( 'NONE', #4069, #2613 ) ;
#2097 = VERTEX_POINT ( 'NONE', #3952 ) ;
#2098 = DIRECTION ( 'NONE',  ( 1.000000000000000000, 0.0000000000000000000, -2.465190328815661900E-032 ) ) ;
#2099 = SURFACE_STYLE_USAGE ( .BOTH. , #4338 ) ;
#2100 = ORIENTED_EDGE ( 'NONE', *, *, #3390, .F. ) ;
#2101 = SURFACE_STYLE_FILL_AREA ( #1133 ) ;
#2102 = VERTEX_POINT ( 'NONE', #628 ) ;
#2103 = FACE_OUTER_BOUND ( 'NONE', #472, .T. ) ;
#2104 = CARTESIAN_POINT ( 'NONE',  ( 6.159489662753302700, 0.1000000000000000100, -2.442037603657841900 ) ) ;
#2105 = CIRCLE ( 'NONE', #2597, 0.5999999999999998700 ) ;
#2106 = ADVANCED_FACE ( 'NONE', ( #3506 ), #648, .F. ) ;
#2107 = VERTEX_POINT ( 'NONE', #1429 ) ;
#2108 = EDGE_CURVE ( 'NONE', #4501, #3085, #2877, .T. ) ;
#2109 = FILL_AREA_STYLE ('',( #2131 ) ) ;
#2110 = UNCERTAINTY_MEASURE_WITH_UNIT (LENGTH_MEASURE( 1.000000000000000100E-005 ), #2551, 'distance_accuracy_value', 'NONE');
#2111 = MECHANICAL_DESIGN_GEOMETRIC_PRESENTATION_REPRESENTATION (  '', ( #3851 ), #1340 ) ;
#2112 = LINE ( 'NONE', #3335, #765 ) ;
#2113 = VECTOR ( 'NONE', #4672, 1000.000000000000000 ) ;
#2114 = CARTESIAN_POINT ( 'NONE',  ( 2.014275471456824300, 5.405000000000000200, -3.686201945071338100 ) ) ;
#2116 = VERTEX_POINT ( 'NONE', #1080 ) ;
#2115 = FACE_OUTER_BOUND ( 'NONE', #3298, .T. ) ;
#2117 = VERTEX_POINT ( 'NONE', #3675 ) ;
#2118 = VERTEX_POINT ( 'NONE', #4781 ) ;
#2119 = STYLED_ITEM ( 'NONE', ( #2050 ), #3585 ) ;
#2120 = ORIENTED_EDGE ( 'NONE', *, *, #717, .T. ) ;
#2121 = LINE ( 'NONE', #4533, #2515 ) ;
#2122 = CARTESIAN_POINT ( 'NONE',  ( 1.122451953502365200, 5.405000000000000200, -2.817423836854994400 ) ) ;
#2123 = DIRECTION ( 'NONE',  ( 1.000000000000000000, 0.0000000000000000000, 0.0000000000000000000 ) ) ;
#2124 = EDGE_LOOP ( 'NONE', ( #4366, #2275, #723, #4203 ) ) ;
#2125 = SURFACE_STYLE_FILL_AREA ( #2109 ) ;
#2126 = ORIENTED_EDGE ( 'NONE', *, *, #1505, .F. ) ;
#2127 = EDGE_CURVE ( 'NONE', #2107, #544, #1025, .T. ) ;
#2128 = VERTEX_POINT ( 'NONE', #694 ) ;
#2129 = PRODUCT_DEFINITION_FORMATION_WITH_SPECIFIED_SOURCE ( 'ANY', '', #2046, .NOT_KNOWN. ) ;
#2130 = DIRECTION ( 'NONE',  ( -0.9601763114327596100, 0.0000000000000000000, -0.2793947940878290800 ) ) ;
#2131 = FILL_AREA_STYLE_COLOUR ( '', #3739 ) ;
#2132 = VECTOR ( 'NONE', #1622, 1000.000000000000000 ) ;
#2133 = CARTESIAN_POINT ( 'NONE',  ( 3.337119988877415900, 5.405000000000000200, -3.198634632205447300 ) ) ;
#2134 = ORIENTED_EDGE ( 'NONE', *, *, #3820, .T. ) ;
#2135 = ADVANCED_FACE ( 'NONE', ( #3798 ), #4388, .F. ) ;
#2136 = AXIS2_PLACEMENT_3D ( 'NONE', #2156, #2488, #2047 ) ;
#2137 = FILL_AREA_STYLE ('',( #4368 ) ) ;
#2138 = CARTESIAN_POINT ( 'NONE',  ( 3.382941362698836500, 5.400000000000000400, -3.359212844580303300 ) ) ;
#2139 = CARTESIAN_POINT ( 'NONE',  ( 3.337119988877415900, 5.405000000000000200, -3.198634632205447300 ) ) ;
#2140 =( GEOMETRIC_REPRESENTATION_CONTEXT ( 3 ) GLOBAL_UNCERTAINTY_ASSIGNED_CONTEXT ( ( #1665 ) ) GLOBAL_UNIT_ASSIGNED_CONTEXT ( ( #1997, #850, #1199 ) ) REPRESENTATION_CONTEXT ( 'NONE', 'WORKASPACE' ) );
#2141 = CARTESIAN_POINT ( 'NONE',  ( 5.546801721703655400, 0.0000000000000000000, -0.7850326902232055400 ) ) ;
#2142 = EDGE_CURVE ( 'NONE', #262, #1980, #371, .T. ) ;
#2143 = AXIS2_PLACEMENT_3D ( 'NONE', #4093, #793, #447 ) ;
#2144 = VERTEX_POINT ( 'NONE', #1396 ) ;
#2145 = ORIENTED_EDGE ( 'NONE', *, *, #857, .T. ) ;
#2146 = CARTESIAN_POINT ( 'NONE',  ( 3.126372311979501700, 5.400000000000000400, -3.686201945071338100 ) ) ;
#2147 = ADVANCED_FACE ( 'NONE', ( #4446, #3437, #1711 ), #1030, .F. ) ;
#2148 = CARTESIAN_POINT ( 'NONE',  ( -0.3405103372466971600, 5.400000000000000400, -1.706981370460688900 ) ) ;
#2149 = DIRECTION ( 'NONE',  ( -2.990902544787599100E-016, 0.0000000000000000000, -1.000000000000000000 ) ) ;
#2150 = VERTEX_POINT ( 'NONE', #728 ) ;
#2151 = EDGE_LOOP ( 'NONE', ( #4140, #1376, #1766, #969 ) ) ;
#2152 = LINE ( 'NONE', #2251, #3905 ) ;
#2153 = VERTEX_POINT ( 'NONE', #4406 ) ;
#2154 = SURFACE_SIDE_STYLE ('',( #196 ) ) ;
#2155 = PLANE ( 'NONE',  #4248 ) ;
#2156 = CARTESIAN_POINT ( 'NONE',  ( 1.851478306351302900, 5.405000000000000200, -3.198634632207176600 ) ) ;
#2157 = EDGE_LOOP ( 'NONE', ( #845, #4741, #3479, #3317, #2989 ) ) ;
#2158 = CIRCLE ( 'NONE', #1089, 0.04999999999999969700 ) ;
#2159 = ORIENTED_EDGE ( 'NONE', *, *, #2235, .F. ) ;
#2160 = ORIENTED_EDGE ( 'NONE', *, *, #1192, .T. ) ;
#2161 = EDGE_CURVE ( 'NONE', #3625, #2093, #3452, .T. ) ;
#2162 = MECHANICAL_DESIGN_GEOMETRIC_PRESENTATION_REPRESENTATION (  '', ( #1920 ), #3159 ) ;
#2163 = PRESENTATION_STYLE_ASSIGNMENT (( #3907 ) ) ;
#2164 = SURFACE_STYLE_FILL_AREA ( #2857 ) ;
#2165 = UNCERTAINTY_MEASURE_WITH_UNIT (LENGTH_MEASURE( 1.000000000000000100E-005 ), #1919, 'distance_accuracy_value', 'NONE');
#2166 = VECTOR ( 'NONE', #3410, 1000.000000000000000 ) ;
#2167 =( NAMED_UNIT ( * ) PLANE_ANGLE_UNIT ( ) SI_UNIT ( $, .RADIAN. ) );
#2168 = ORIENTED_EDGE ( 'NONE', *, *, #1254, .T. ) ;
#2169 = CARTESIAN_POINT ( 'NONE',  ( 2.745332142516061100, 5.405000000000000200, -3.686201945071338100 ) ) ;
#2170 = CARTESIAN_POINT ( 'NONE',  ( -1.340510337246696700, 3.499640000000000300, -5.259758836854994800 ) ) ;
#2171 =( GEOMETRIC_REPRESENTATION_CONTEXT ( 3 ) GLOBAL_UNCERTAINTY_ASSIGNED_CONTEXT ( ( #1016 ) ) GLOBAL_UNIT_ASSIGNED_CONTEXT ( ( #4136, #4455, #2601 ) ) REPRESENTATION_CONTEXT ( 'NONE', 'WORKASPACE' ) );
#2172 = VERTEX_POINT ( 'NONE', #1412 ) ;
#2173 = DIRECTION ( 'NONE',  ( -0.9610876102172819500, 0.0000000000000000000, -0.2762437428917330400 ) ) ;
#2174 = LINE ( 'NONE', #950, #1257 ) ;
#2175 = ORIENTED_EDGE ( 'NONE', *, *, #2707, .T. ) ;
#2176 = ORIENTED_EDGE ( 'NONE', *, *, #3933, .F. ) ;
#2177 = CARTESIAN_POINT ( 'NONE',  ( -1.429277032871001800, 3.481217576068669200, -3.817692939204299800 ) ) ;
#2178 = ORIENTED_EDGE ( 'NONE', *, *, #4023, .T. ) ;
#2179 = EDGE_CURVE ( 'NONE', #1882, #4350, #790, .T. ) ;
#2180 = CARTESIAN_POINT ( 'NONE',  ( 3.709898763864433800, 5.405000000000000200, -3.198634632205447300 ) ) ;
#2181 = ADVANCED_FACE ( 'NONE', ( #3579 ), #1093, .F. ) ;
#2182 = VECTOR ( 'NONE', #365, 999.9999999999998900 ) ;
#2183 = MECHANICAL_DESIGN_GEOMETRIC_PRESENTATION_REPRESENTATION (  '', ( #3577 ), #3826 ) ;
#2184 = LINE ( 'NONE', #1635, #3689 ) ;
#2185 = DIRECTION ( 'NONE',  ( 0.0000000000000000000, 0.0000000000000000000, 1.000000000000000000 ) ) ;
#2186 = EDGE_CURVE ( 'NONE', #3412, #1698, #1606, .T. ) ;
#2187 = PRESENTATION_STYLE_ASSIGNMENT (( #2978 ) ) ;
#2188 = LINE ( 'NONE', #2605, #858 ) ;
#2189 =( LENGTH_UNIT ( ) NAMED_UNIT ( * ) SI_UNIT ( .MILLI., .METRE. ) );
#2190 = CARTESIAN_POINT ( 'NONE',  ( 6.315080305743776100, 3.599640000000000400, -3.759758836854994300 ) ) ;
#2191 = LINE ( 'NONE', #484, #221 ) ;
#2192 = CARTESIAN_POINT ( 'NONE',  ( -1.390510337246696900, 0.1500000000000000200, -2.559758836854994200 ) ) ;
#2193 =( LENGTH_UNIT ( ) NAMED_UNIT ( * ) SI_UNIT ( .MILLI., .METRE. ) );
#2194 = FACE_BOUND ( 'NONE', #110, .T. ) ;
#2195 =( LENGTH_UNIT ( ) NAMED_UNIT ( * ) SI_UNIT ( .MILLI., .METRE. ) );
#2196 = STYLED_ITEM ( 'NONE', ( #4776 ), #524 ) ;
#2197 = AXIS2_PLACEMENT_3D ( 'NONE', #1434, #3598, #3993 ) ;
#2198 = CARTESIAN_POINT ( 'NONE',  ( 0.4366304240989218300, 5.405000000000000200, -2.817423836854994400 ) ) ;
#2199 = CARTESIAN_POINT ( 'NONE',  ( -0.7405103372466975700, 0.0000000000000000000, -6.777093836854994900 ) ) ;
#2200 = AXIS2_PLACEMENT_3D ( 'NONE', #653, #3943, #3646 ) ;
#2201 = PLANE ( 'NONE',  #3406 ) ;
#2202 = CARTESIAN_POINT ( 'NONE',  ( 6.209489662753303400, 3.499640000000000300, -3.797955437980004700 ) ) ;
#2203 = EDGE_LOOP ( 'NONE', ( #3135, #2631, #3733, #3384 ) ) ;
#2204 = COLOUR_RGB ( '',0.6509803921568627600, 0.6196078431372549200, 0.5882352941176470800 ) ;
#2205 = CARTESIAN_POINT ( 'NONE',  ( 1.903753133660691200, 5.400000000000000400, -2.817423836854994000 ) ) ;
#2206 = EDGE_CURVE ( 'NONE', #24, #1221, #1732, .T. ) ;
#2207 = DIRECTION ( 'NONE',  ( 0.2755265765475027300, 0.0000000000000000000, -0.9612934544747576700 ) ) ;
#2208 = ORIENTED_EDGE ( 'NONE', *, *, #4337, .T. ) ;
#2209 = CARTESIAN_POINT ( 'NONE',  ( 6.237593453724137800, 3.491198277289173200, -3.806083462784470400 ) ) ;
#2210 = VECTOR ( 'NONE', #4576, 1000.000000000000100 ) ;
#2211 = VECTOR ( 'NONE', #1488, 1000.000000000000100 ) ;
#2212 = ORIENTED_EDGE ( 'NONE', *, *, #3240, .T. ) ;
#2213 =( NAMED_UNIT ( * ) PLANE_ANGLE_UNIT ( ) SI_UNIT ( $, .RADIAN. ) );
#2214 = VERTEX_POINT ( 'NONE', #440 ) ;
#2215 = ORIENTED_EDGE ( 'NONE', *, *, #1241, .T. ) ;
#2216 = CARTESIAN_POINT ( 'NONE',  ( 2.707969162787354600, 0.0000000000000000000, 0.3229061631450061400 ) ) ;
#2217 = ORIENTED_EDGE ( 'NONE', *, *, #3174, .T. ) ;
#2218 = FACE_OUTER_BOUND ( 'NONE', #2742, .T. ) ;
#2219 = UNCERTAINTY_MEASURE_WITH_UNIT (LENGTH_MEASURE( 1.000000000000000100E-005 ), #2189, 'distance_accuracy_value', 'NONE');
#2220 =( LENGTH_UNIT ( ) NAMED_UNIT ( * ) SI_UNIT ( .MILLI., .METRE. ) );
#2221 =( NAMED_UNIT ( * ) PLANE_ANGLE_UNIT ( ) SI_UNIT ( $, .RADIAN. ) );
#2222 = DIRECTION ( 'NONE',  ( 1.000000000000000000, 1.301042606982605600E-016, 0.0000000000000000000 ) ) ;
#2223 = SURFACE_STYLE_FILL_AREA ( #3429 ) ;
#2224 = VECTOR ( 'NONE', #1693, 1000.000000000000000 ) ;
#2225 = UNCERTAINTY_MEASURE_WITH_UNIT (LENGTH_MEASURE( 1.000000000000000100E-005 ), #3917, 'distance_accuracy_value', 'NONE');
#2226 = CARTESIAN_POINT ( 'NONE',  ( 6.218379187105764300, 3.499030154536676200, -3.798493501336528000 ) ) ;
#2227 = PRESENTATION_LAYER_ASSIGNMENT (  '', '', ( #2849 ) ) ;
#2229 = ORIENTED_EDGE ( 'NONE', *, *, #2186, .F. ) ;
#2228 = VECTOR ( 'NONE', #619, 1000.000000000000000 ) ;
#2230 = CARTESIAN_POINT ( 'NONE',  ( 2.014275471456824300, 5.405000000000000200, -3.686201945071338100 ) ) ;
#2231 = ORIENTED_EDGE ( 'NONE', *, *, #1011, .T. ) ;
#2232 = VERTEX_POINT ( 'NONE', #2216 ) ;
#2233 = VERTEX_POINT ( 'NONE', #3355 ) ;
#2234 = LINE ( 'NONE', #3447, #139 ) ;
#2235 = EDGE_CURVE ( 'NONE', #544, #825, #513, .T. ) ;
#2237 = ORIENTED_EDGE ( 'NONE', *, *, #3399, .F. ) ;
#2236 = CIRCLE ( 'NONE', #2474, 0.5999999999999998700 ) ;
#2238 = DIRECTION ( 'NONE',  ( 1.000000000000000000, 0.0000000000000000000, 0.0000000000000000000 ) ) ;
#2239 = ORIENTED_EDGE ( 'NONE', *, *, #3790, .F. ) ;
#2240 =( GEOMETRIC_REPRESENTATION_CONTEXT ( 3 ) GLOBAL_UNCERTAINTY_ASSIGNED_CONTEXT ( ( #3373 ) ) GLOBAL_UNIT_ASSIGNED_CONTEXT ( ( #2220, #1132, #1916 ) ) REPRESENTATION_CONTEXT ( 'NONE', 'WORKASPACE' ) );
#2241 = ORIENTED_EDGE ( 'NONE', *, *, #2584, .F. ) ;
#2242 = DIRECTION ( 'NONE',  ( 0.0000000000000000000, -1.000000000000000000, -0.0000000000000000000 ) ) ;
#2243 = CIRCLE ( 'NONE', #3273, 1.000000000000000000 ) ;
#2244 = EDGE_CURVE ( 'NONE', #3899, #1880, #1082, .T. ) ;
#2245 = CARTESIAN_POINT ( 'NONE',  ( -1.340510337246696900, 3.499640000000000300, -3.797955437980004700 ) ) ;
#2246 = CARTESIAN_POINT ( 'NONE',  ( 1.025524628295780400, 5.405000000000000200, -2.817423836854994400 ) ) ;
#2247 = DIRECTION ( 'NONE',  ( 1.000000000000000000, 0.0000000000000000000, -2.465190328815661900E-032 ) ) ;
#2248 = CARTESIAN_POINT ( 'NONE',  ( 6.240752704199762100, 3.488827815713520900, -3.808592415309014700 ) ) ;
#2249 = ORIENTED_EDGE ( 'NONE', *, *, #1783, .T. ) ;
#2250 = FILL_AREA_STYLE_COLOUR ( '', #2768 ) ;
#2251 = CARTESIAN_POINT ( 'NONE',  ( 5.546801721703654500, 5.400000000000000400, -0.7850326902232053200 ) ) ;
#2252 = CARTESIAN_POINT ( 'NONE',  ( 4.818979325506606200, 0.0000000000000000000, -2.559758836854994200 ) ) ;
#2253 = UNCERTAINTY_MEASURE_WITH_UNIT (LENGTH_MEASURE( 1.000000000000000100E-005 ), #4245, 'distance_accuracy_value', 'NONE');
#2254 = DIRECTION ( 'NONE',  ( 0.0000000000000000000, -1.000000000000000000, 0.0000000000000000000 ) ) ;
#2255 = EDGE_CURVE ( 'NONE', #3543, #4448, #222, .T. ) ;
#2256 = SURFACE_STYLE_USAGE ( .BOTH. , #2284 ) ;
#2257 = PLANE ( 'NONE',  #2260 ) ;
#2258 = PLANE ( 'NONE',  #1793 ) ;
#2259 = SURFACE_STYLE_USAGE ( .BOTH. , #718 ) ;
#2260 = AXIS2_PLACEMENT_3D ( 'NONE', #3312, #2985, #2606 ) ;
#2261 = DIRECTION ( 'NONE',  ( -0.05375259206908232500, 0.0000000000000000000, 0.9985542843760948400 ) ) ;
#2262 =( GEOMETRIC_REPRESENTATION_CONTEXT ( 3 ) GLOBAL_UNCERTAINTY_ASSIGNED_CONTEXT ( ( #3897 ) ) GLOBAL_UNIT_ASSIGNED_CONTEXT ( ( #1332, #2752, #4246 ) ) REPRESENTATION_CONTEXT ( 'NONE', 'WORKASPACE' ) );
#2263 = VERTEX_POINT ( 'NONE', #3696 ) ;
#2264 = ORIENTED_EDGE ( 'NONE', *, *, #1160, .F. ) ;
#2265 = AXIS2_PLACEMENT_3D ( 'NONE', #2422, #3925, #1292 ) ;
#2266 = CARTESIAN_POINT ( 'NONE',  ( 6.159489662753302700, 0.1000000000000000100, -5.442037603657841100 ) ) ;
#2267 = DIRECTION ( 'NONE',  ( 8.673617379884035500E-016, 0.0000000000000000000, -1.000000000000000000 ) ) ;
#2268 = CARTESIAN_POINT ( 'NONE',  ( -1.436517187149820800, 3.469219830489398000, -3.835660392979121500 ) ) ;
#2269 = ORIENTED_EDGE ( 'NONE', *, *, #4400, .F. ) ;
#2270 = ORIENTED_EDGE ( 'NONE', *, *, #4821, .F. ) ;
#2271 = CIRCLE ( 'NONE', #3540, 0.5999999999999998700 ) ;
#2272 = CARTESIAN_POINT ( 'NONE',  ( 3.231038199541599500, 5.405000000000000200, -3.686201945071338100 ) ) ;
#2273 = VERTEX_POINT ( 'NONE', #2637 ) ;
#2274 = CARTESIAN_POINT ( 'NONE',  ( 6.259489662753303200, 3.449639999999997800, -3.909758836854994300 ) ) ;
#2275 = ORIENTED_EDGE ( 'NONE', *, *, #2756, .F. ) ;
#2276 = ORIENTED_EDGE ( 'NONE', *, *, #3868, .F. ) ;
#2277 = CARTESIAN_POINT ( 'NONE',  ( -1.440510337246696700, 3.499640000000000300, -5.259758836854994800 ) ) ;
#2278 = DIRECTION ( 'NONE',  ( 0.0000000000000000000, -1.000000000000000000, 0.0000000000000000000 ) ) ;
#2279 = FILL_AREA_STYLE ('',( #2971 ) ) ;
#2280 = VECTOR ( 'NONE', #3150, 1000.000000000000000 ) ;
#2281 = COLOUR_RGB ( '',0.6509803921568627600, 0.6196078431372549200, 0.5882352941176470800 ) ;
#2282 = ORIENTED_EDGE ( 'NONE', *, *, #802, .T. ) ;
#2283 = FILL_AREA_STYLE_COLOUR ( '', #1485 ) ;
#2284 = SURFACE_SIDE_STYLE ('',( #4823 ) ) ;
#2285 = SURFACE_STYLE_USAGE ( .BOTH. , #731 ) ;
#2286 = CARTESIAN_POINT ( 'NONE',  ( -1.390510337246696900, 3.499640000000000300, -3.797955437980004700 ) ) ;
#2288 = ORIENTED_EDGE ( 'NONE', *, *, #3777, .F. ) ;
#2287 = CYLINDRICAL_SURFACE ( 'NONE', #4663, 0.04999999999999991300 ) ;
#2289 = ORIENTED_EDGE ( 'NONE', *, *, #4337, .F. ) ;
#2290 = EDGE_LOOP ( 'NONE', ( #3858, #3076, #3100, #1040 ) ) ;
#2291 = CARTESIAN_POINT ( 'NONE',  ( 0.4392614687446703100, 5.400000000000000400, -3.686201945071338600 ) ) ;
#2292 = FACE_OUTER_BOUND ( 'NONE', #3559, .T. ) ;
#2293 = CIRCLE ( 'NONE', #1446, 1.000000000000000000 ) ;
#2294 = CARTESIAN_POINT ( 'NONE',  ( 6.159489662753302700, 3.599640000000000400, -2.559758836854994200 ) ) ;
#2295 = DIRECTION ( 'NONE',  ( -1.000000000000000000, -0.0000000000000000000, -0.0000000000000000000 ) ) ;
#2296 =( GEOMETRIC_REPRESENTATION_CONTEXT ( 3 ) GLOBAL_UNCERTAINTY_ASSIGNED_CONTEXT ( ( #798 ) ) GLOBAL_UNIT_ASSIGNED_CONTEXT ( ( #4002, #2461, #2838 ) ) REPRESENTATION_CONTEXT ( 'NONE', 'WORKASPACE' ) );
#2297 = CARTESIAN_POINT ( 'NONE',  ( 0.5804344111939931900, 5.400000000000000400, -3.315721371127209800 ) ) ;
#2298 = EDGE_CURVE ( 'NONE', #19, #1350, #4057, .T. ) ;
#2299 = CARTESIAN_POINT ( 'NONE',  ( 6.309489662753303000, 0.04999999999999994000, -5.259758836854994800 ) ) ;
#2300 = MECHANICAL_DESIGN_GEOMETRIC_PRESENTATION_REPRESENTATION (  '', ( #4119 ), #2951 ) ;
#2301 =( NAMED_UNIT ( * ) PLANE_ANGLE_UNIT ( ) SI_UNIT ( $, .RADIAN. ) );
#2302 = CARTESIAN_POINT ( 'NONE',  ( 6.209489662753303400, 3.449640000000000500, -2.559758836854994200 ) ) ;
#2303 = CARTESIAN_POINT ( 'NONE',  ( 3.828084412704141600, 5.405000000000000200, -3.519685392539197100 ) ) ;
#2304 = UNCERTAINTY_MEASURE_WITH_UNIT (LENGTH_MEASURE( 1.000000000000000100E-005 ), #56, 'distance_accuracy_value', 'NONE');
#2305 = CARTESIAN_POINT ( 'NONE',  ( -1.340510337246696700, 0.0000000000000000000, -1.042423836854993800 ) ) ;
#2306 = EDGE_CURVE ( 'NONE', #2753, #4633, #2939, .T. ) ;
#2307 = CARTESIAN_POINT ( 'NONE',  ( -1.536204031545041600, 3.570658334872388800, -3.762489616104730800 ) ) ;
#2308 = PLANE ( 'NONE',  #4298 ) ;
#2309 = CARTESIAN_POINT ( 'NONE',  ( 6.259210560003396000, 3.454915639927603100, -3.949190544929018600 ) ) ;
#2310 = STYLED_ITEM ( 'NONE', ( #785 ), #851 ) ;
#2311 = DIRECTION ( 'NONE',  ( 0.0000000000000000000, -1.000000000000000000, -0.0000000000000000000 ) ) ;
#2312 = FILL_AREA_STYLE_COLOUR ( '', #715 ) ;
#2313 = FILL_AREA_STYLE ('',( #83 ) ) ;
#2314 = ORIENTED_EDGE ( 'NONE', *, *, #2543, .F. ) ;
#2315 = EDGE_CURVE ( 'NONE', #82, #2819, #1785, .T. ) ;
#2316 = ADVANCED_FACE ( 'NONE', ( #4583 ), #2588, .T. ) ;
#2317 =( NAMED_UNIT ( * ) SI_UNIT ( $, .STERADIAN. ) SOLID_ANGLE_UNIT ( ) );
#2318 = VECTOR ( 'NONE', #3458, 1000.000000000000000 ) ;
#2319 = DIRECTION ( 'NONE',  ( 0.0000000000000000000, 0.0000000000000000000, -1.000000000000000000 ) ) ;
#2320 = CARTESIAN_POINT ( 'NONE',  ( -1.440510337246696700, 0.1000000000000000100, -5.259758836854994800 ) ) ;
#2321 = LINE ( 'NONE', #1853, #3600 ) ;
#2322 = VERTEX_POINT ( 'NONE', #4826 ) ;
#2323 = EDGE_CURVE ( 'NONE', #4665, #758, #983, .T. ) ;
#2324 = EDGE_LOOP ( 'NONE', ( #4685, #81, #2468, #2394 ) ) ;
#2325 = VECTOR ( 'NONE', #3814, 1000.000000000000000 ) ;
#2326 = PRESENTATION_LAYER_ASSIGNMENT (  '', '', ( #2089 ) ) ;
#2327 = CARTESIAN_POINT ( 'NONE',  ( -1.503330816640629600, 3.597968410982669100, -3.759768151176992500 ) ) ;
#2328 = FILL_AREA_STYLE_COLOUR ( '', #4795 ) ;
#2329 = CARTESIAN_POINT ( 'NONE',  ( 6.234795529404786800, 3.492955907894249800, -4.015258109773512300 ) ) ;
#2330 = ORIENTED_EDGE ( 'NONE', *, *, #2888, .F. ) ;
#2331 = CARTESIAN_POINT ( 'NONE',  ( 3.890648313175632200, 5.400000000000000400, -2.817423836854994400 ) ) ;
#2332 = EDGE_CURVE ( 'NONE', #2530, #2833, #33, .T. ) ;
#2333 = DIRECTION ( 'NONE',  ( 0.0000000000000000000, 0.0000000000000000000, 1.000000000000000000 ) ) ;
#2334 = CARTESIAN_POINT ( 'NONE',  ( 6.359489662753302900, 3.549640000000000100, -5.259758836854994800 ) ) ;
#2335 = LINE ( 'NONE', #4413, #1707 ) ;
#2336 = VECTOR ( 'NONE', #1459, 1000.000000000000200 ) ;
#2337 = PRESENTATION_STYLE_ASSIGNMENT (( #3989 ) ) ;
#2338 = CARTESIAN_POINT ( 'NONE',  ( 2.058393005879270100, 5.405000000000000200, -2.817423836854994000 ) ) ;
#2339 = DIRECTION ( 'NONE',  ( 0.0000000000000000000, -1.000000000000000000, 0.0000000000000000000 ) ) ;
#2340 = ADVANCED_FACE ( 'NONE', ( #4109 ), #4232, .T. ) ;
#2342 = ORIENTED_EDGE ( 'NONE', *, *, #3746, .F. ) ;
#2341 = VECTOR ( 'NONE', #225, 1000.000000000000000 ) ;
#2343 =( LENGTH_UNIT ( ) NAMED_UNIT ( * ) SI_UNIT ( .MILLI., .METRE. ) );
#2344 = ORIENTED_EDGE ( 'NONE', *, *, #2607, .T. ) ;
#2345 = ORIENTED_EDGE ( 'NONE', *, *, #3340, .T. ) ;
#2346 = ORIENTED_EDGE ( 'NONE', *, *, #3893, .T. ) ;
#2347 = COLOUR_RGB ( '',0.8980392156862745400, 0.9215686274509803400, 0.9294117647058823800 ) ;
#2348 = ORIENTED_EDGE ( 'NONE', *, *, #1996, .F. ) ;
#2349 = LINE ( 'NONE', #3494, #4740 ) ;
#2350 = EDGE_LOOP ( 'NONE', ( #2499, #696, #3103, #2926 ) ) ;
#2351 = CARTESIAN_POINT ( 'NONE',  ( -1.539655846764552000, 3.560331687030569900, -3.764903976164664100 ) ) ;
#2352 = CARTESIAN_POINT ( 'NONE',  ( -1.431480871451914000, 3.478619409859523300, -3.998631608541526100 ) ) ;
#2353 = ORIENTED_EDGE ( 'NONE', *, *, #2323, .F. ) ;
#2354 = AXIS2_PLACEMENT_3D ( 'NONE', #3134, #922, #572 ) ;
#2355 = EDGE_CURVE ( 'NONE', #2263, #1350, #4349, .T. ) ;
#2356 =( NAMED_UNIT ( * ) SI_UNIT ( $, .STERADIAN. ) SOLID_ANGLE_UNIT ( ) );
#2357 = DIRECTION ( 'NONE',  ( 0.0000000000000000000, 0.0000000000000000000, 1.000000000000000000 ) ) ;
#2358 = STYLED_ITEM ( 'NONE', ( #3578 ), #2439 ) ;
#2359 = LINE ( 'NONE', #4275, #392 ) ;
#2360 = SURFACE_SIDE_STYLE ('',( #1023 ) ) ;
#2361 = ORIENTED_EDGE ( 'NONE', *, *, #3139, .F. ) ;
#2362 = SURFACE_STYLE_USAGE ( .BOTH. , #1198 ) ;
#2363 =( GEOMETRIC_REPRESENTATION_CONTEXT ( 3 ) GLOBAL_UNCERTAINTY_ASSIGNED_CONTEXT ( ( #4108 ) ) GLOBAL_UNIT_ASSIGNED_CONTEXT ( ( #4030, #1815, #1414 ) ) REPRESENTATION_CONTEXT ( 'NONE', 'WORKASPACE' ) );
#2364 = VECTOR ( 'NONE', #3246, 1000.000000000000100 ) ;
#2365 = DIRECTION ( 'NONE',  ( -0.0000000000000000000, 0.0000000000000000000, 1.000000000000000000 ) ) ;
#2366 = EDGE_CURVE ( 'NONE', #200, #4502, #2711, .T. ) ;
#2367 = CARTESIAN_POINT ( 'NONE',  ( 1.897352512381540000, 5.405000000000000200, -3.359241902295953000 ) ) ;
#2368 = DIRECTION ( 'NONE',  ( -1.000000000000000000, 0.0000000000000000000, 2.465190328815661900E-032 ) ) ;
#2369 =( GEOMETRIC_REPRESENTATION_CONTEXT ( 3 ) GLOBAL_UNCERTAINTY_ASSIGNED_CONTEXT ( ( #737 ) ) GLOBAL_UNIT_ASSIGNED_CONTEXT ( ( #3370, #101, #68 ) ) REPRESENTATION_CONTEXT ( 'NONE', 'WORKASPACE' ) );
#2370 = MANIFOLD_SOLID_BREP ( 'Scale1[2]', #4340 ) ;
#2371 = CARTESIAN_POINT ( 'NONE',  ( 1.559489662753303000, 0.1000000000000000100, -2.442037603657841900 ) ) ;
#2372 = UNCERTAINTY_MEASURE_WITH_UNIT (LENGTH_MEASURE( 1.000000000000000100E-005 ), #514, 'distance_accuracy_value', 'NONE');
#2373 = CARTESIAN_POINT ( 'NONE',  ( -0.7278223961970494700, 0.0000000000000000000, -0.7850326902232047700 ) ) ;
#2374 = DIRECTION ( 'NONE',  ( 0.7083077534943617000, 0.0000000000000000000, 0.7059037656364857100 ) ) ;
#2375 = FILL_AREA_STYLE_COLOUR ( '', #4463 ) ;
#2376 = DIRECTION ( 'NONE',  ( 1.000000000000000000, 0.0000000000000000000, -2.465190328815661900E-032 ) ) ;
#2377 = CARTESIAN_POINT ( 'NONE',  ( -1.540510337246696800, 3.549640000000000100, -3.768337480617685000 ) ) ;
#2378 = CARTESIAN_POINT ( 'NONE',  ( -1.440642717388241200, 3.454416999495634400, -3.950524544149713400 ) ) ;
#2379 = CARTESIAN_POINT ( 'NONE',  ( 6.309489662753303000, 3.599640000000000400, -2.559758836854994200 ) ) ;
#2380 = ORIENTED_EDGE ( 'NONE', *, *, #3377, .T. ) ;
#2381 = MECHANICAL_DESIGN_GEOMETRIC_PRESENTATION_REPRESENTATION (  '', ( #2793 ), #2630 ) ;
#2382 = VERTEX_POINT ( 'NONE', #1569 ) ;
#2383 = FACE_OUTER_BOUND ( 'NONE', #3027, .T. ) ;
#2384 =( LENGTH_UNIT ( ) NAMED_UNIT ( * ) SI_UNIT ( .MILLI., .METRE. ) );
#2385 = DIRECTION ( 'NONE',  ( 0.0000000000000000000, -1.000000000000000000, -0.0000000000000000000 ) ) ;
#2386 = VERTEX_POINT ( 'NONE', #4179 ) ;
#2387 = LINE ( 'NONE', #3346, #3602 ) ;
#2388 = ORIENTED_EDGE ( 'NONE', *, *, #659, .F. ) ;
#2389 = ORIENTED_EDGE ( 'NONE', *, *, #2077, .T. ) ;
#2390 = AXIS2_PLACEMENT_3D ( 'NONE', #1951, #4165, #1936 ) ;
#2391 = VERTEX_POINT ( 'NONE', #470 ) ;
#2392 = ADVANCED_FACE ( 'NONE', ( #921 ), #4596, .F. ) ;
#2393 = SURFACE_STYLE_USAGE ( .BOTH. , #1648 ) ;
#2394 = ORIENTED_EDGE ( 'NONE', *, *, #3340, .F. ) ;
#2395 = VECTOR ( 'NONE', #2674, 1000.000000000000100 ) ;
#2396 = ORIENTED_EDGE ( 'NONE', *, *, #4187, .F. ) ;
#2397 = EDGE_CURVE ( 'NONE', #1543, #1517, #3642, .T. ) ;
#2398 = FACE_OUTER_BOUND ( 'NONE', #4495, .T. ) ;
#2399 = STYLED_ITEM ( 'NONE', ( #2736 ), #3909 ) ;
#2400 = VECTOR ( 'NONE', #531, 1000.000000000000000 ) ;
#2401 = CARTESIAN_POINT ( 'NONE',  ( 0.0000000000000000000, 0.0000000000000000000, -5.259758836854994800 ) ) ;
#2402 = CARTESIAN_POINT ( 'NONE',  ( 6.259489662753303200, 0.1000000000000000100, -2.559758836854994200 ) ) ;
#2403 = ORIENTED_EDGE ( 'NONE', *, *, #2913, .F. ) ;
#2404 = UNCERTAINTY_MEASURE_WITH_UNIT (LENGTH_MEASURE( 1.000000000000000100E-005 ), #1686, 'distance_accuracy_value', 'NONE');
#2405 = SURFACE_STYLE_USAGE ( .BOTH. , #2024 ) ;
#2406 = LINE ( 'NONE', #3035, #4571 ) ;
#2407 = CARTESIAN_POINT ( 'NONE',  ( 1.478641415935711700, 5.405000000000000200, -3.198634632207177000 ) ) ;
#2408 = LINE ( 'NONE', #64, #1252 ) ;
#2409 = ORIENTED_EDGE ( 'NONE', *, *, #690, .F. ) ;
#2410 = EDGE_LOOP ( 'NONE', ( #3318, #2654, #552, #4792 ) ) ;
#2411 = ORIENTED_EDGE ( 'NONE', *, *, #1487, .T. ) ;
#2412 = CARTESIAN_POINT ( 'NONE',  ( 2.876592199962253000, 5.400000000000000400, -2.817423836854994400 ) ) ;
#2413 = CARTESIAN_POINT ( 'NONE',  ( 2.111010162719252100, 0.0000000000000000000, 0.3229061631450061400 ) ) ;
#2414 = CARTESIAN_POINT ( 'NONE',  ( -1.340510337246696700, 0.0000000000000000000, -1.042423836854993800 ) ) ;
#2415 = EDGE_CURVE ( 'NONE', #4342, #3625, #2191, .T. ) ;
#2416 = VECTOR ( 'NONE', #2783, 1000.000000000000000 ) ;
#2417 = CARTESIAN_POINT ( 'NONE',  ( 6.309489662753303000, 3.599640000000000400, -4.059758836854994600 ) ) ;
#2418 = DIRECTION ( 'NONE',  ( 0.2755520632520535000, 0.0000000000000000000, -0.9612861490927330200 ) ) ;
#2419 = CARTESIAN_POINT ( 'NONE',  ( -1.418614128217531500, 3.491198277289173600, -4.013434210925518100 ) ) ;
#2420 = ADVANCED_FACE ( 'NONE', ( #2655 ), #4549, .F. ) ;
#2421 = ORIENTED_EDGE ( 'NONE', *, *, #3655, .T. ) ;
#2422 = CARTESIAN_POINT ( 'NONE',  ( 6.309489662753303000, 0.04999999999999994000, -2.559758836854994200 ) ) ;
#2423 = AXIS2_PLACEMENT_3D ( 'NONE', #326, #3657, #4049 ) ;
#2424 = LINE ( 'NONE', #587, #37 ) ;
#2425 = DIRECTION ( 'NONE',  ( -0.9610992334305238400, 0.0000000000000000000, -0.2762033010288968400 ) ) ;
#2426 = FACE_OUTER_BOUND ( 'NONE', #370, .T. ) ;
#2427 = DIRECTION ( 'NONE',  ( 0.0000000000000000000, 0.0000000000000000000, -1.000000000000000000 ) ) ;
#2428 = AXIS2_PLACEMENT_3D ( 'NONE', #2299, #3759, #460 ) ;
#2429 = DIRECTION ( 'NONE',  ( 1.000000000000000000, -0.0000000000000000000, 1.512487620017200200E-016 ) ) ;
#2430 = UNCERTAINTY_MEASURE_WITH_UNIT (LENGTH_MEASURE( 1.000000000000000100E-005 ), #3088, 'distance_accuracy_value', 'NONE');
#2431 = EDGE_CURVE ( 'NONE', #2382, #4742, #1674, .T. ) ;
#2432 = SURFACE_STYLE_USAGE ( .BOTH. , #4360 ) ;
#2433 = CARTESIAN_POINT ( 'NONE',  ( -1.005100140621728800, 3.599640000000000400, -4.059758836854994600 ) ) ;
#2434 = CARTESIAN_POINT ( 'NONE',  ( 1.025524628295780400, 5.405000000000000200, -2.817423836854994400 ) ) ;
#2435 = ORIENTED_EDGE ( 'NONE', *, *, #4706, .T. ) ;
#2436 = PLANE ( 'NONE',  #1397 ) ;
#2437 = VECTOR ( 'NONE', #1558, 1000.000000000000000 ) ;
#2438 = CARTESIAN_POINT ( 'NONE',  ( -1.540510337246696800, 3.599640000000000400, -5.259758836854994800 ) ) ;
#2439 = ADVANCED_FACE ( 'NONE', ( #4407 ), #1585, .F. ) ;
#2440 = MECHANICAL_DESIGN_GEOMETRIC_PRESENTATION_REPRESENTATION (  '', ( #683 ), #4514 ) ;
#2441 = ORIENTED_EDGE ( 'NONE', *, *, #4556, .F. ) ;
#2442 = CARTESIAN_POINT ( 'NONE',  ( 3.709898763864433800, 5.405000000000000200, -3.198634632205447300 ) ) ;
#2443 = EDGE_CURVE ( 'NONE', #1238, #2988, #2531, .T. ) ;
#2444 = CARTESIAN_POINT ( 'NONE',  ( 6.359489662753302900, 3.549640000000000100, -2.559758836854994200 ) ) ;
#2445 = PRESENTATION_LAYER_ASSIGNMENT (  '', '', ( #2793 ) ) ;
#2446 = ORIENTED_EDGE ( 'NONE', *, *, #218, .F. ) ;
#2447 = VECTOR ( 'NONE', #2066, 1000.000000000000000 ) ;
#2448 = DIRECTION ( 'NONE',  ( 0.0000000000000000000, -1.000000000000000000, -0.0000000000000000000 ) ) ;
#2449 = FACE_OUTER_BOUND ( 'NONE', #4260, .T. ) ;
#2450 = CYLINDRICAL_SURFACE ( 'NONE', #2200, 1.000000000000000000 ) ;
#2451 = PLANE ( 'NONE',  #2501 ) ;
#2452 = FILL_AREA_STYLE_COLOUR ( '', #1306 ) ;
#2453 = APPLICATION_PROTOCOL_DEFINITION ( 'draft international standard', 'automotive_design', 1998, #3155 ) ;
#2454 = DIRECTION ( 'NONE',  ( 0.0000000000000000000, 0.0000000000000000000, 1.000000000000000000 ) ) ;
#2455 = LINE ( 'NONE', #1889, #837 ) ;
#2456 = EDGE_CURVE ( 'NONE', #1947, #2116, #1556, .T. ) ;
#2458 = ORIENTED_EDGE ( 'NONE', *, *, #1254, .F. ) ;
#2457 = LINE ( 'NONE', #3575, #4384 ) ;
#2459 = AXIS2_PLACEMENT_3D ( 'NONE', #1281, #3882, #553 ) ;
#2460 = ORIENTED_EDGE ( 'NONE', *, *, #797, .T. ) ;
#2461 =( NAMED_UNIT ( * ) PLANE_ANGLE_UNIT ( ) SI_UNIT ( $, .RADIAN. ) );
#2462 = ORIENTED_EDGE ( 'NONE', *, *, #4144, .F. ) ;
#2463 = EDGE_LOOP ( 'NONE', ( #2690, #699, #3498, #4072 ) ) ;
#2464 = CARTESIAN_POINT ( 'NONE',  ( 3.259489662753303200, 0.0000000000000000000, -5.442037603657841900 ) ) ;
#2465 = ORIENTED_EDGE ( 'NONE', *, *, #4180, .T. ) ;
#2466 = UNCERTAINTY_MEASURE_WITH_UNIT (LENGTH_MEASURE( 1.000000000000000100E-005 ), #1788, 'distance_accuracy_value', 'NONE');
#2468 = ORIENTED_EDGE ( 'NONE', *, *, #3228, .F. ) ;
#2467 = VECTOR ( 'NONE', #347, 1000.000000000000000 ) ;
#2469 = COLOUR_RGB ( '',0.8980392156862745400, 0.9215686274509803400, 0.9294117647058823800 ) ;
#2470 =( NAMED_UNIT ( * ) PLANE_ANGLE_UNIT ( ) SI_UNIT ( $, .RADIAN. ) );
#2471 = ADVANCED_FACE ( 'NONE', ( #1605 ), #820, .F. ) ;
#2472 = CARTESIAN_POINT ( 'NONE',  ( 1.909489662753303100, 5.400000000000000400, 0.3229061631450061400 ) ) ;
#2473 = SURFACE_STYLE_FILL_AREA ( #2279 ) ;
#2474 = AXIS2_PLACEMENT_3D ( 'NONE', #1960, #876, #482 ) ;
#2475 = VERTEX_POINT ( 'NONE', #3416 ) ;
#2476 = CARTESIAN_POINT ( 'NONE',  ( 0.6866324320865855300, 5.405000000000000200, -3.686201945071338600 ) ) ;
#2477 = CARTESIAN_POINT ( 'NONE',  ( 6.159489662753302700, 3.599640000000000400, -3.909758836854994300 ) ) ;
#2478 = CIRCLE ( 'NONE', #1560, 0.04999999999999969700 ) ;
#2479 = DIRECTION ( 'NONE',  ( 0.9999999968487352000, 0.0000000000000000000, 7.938847109813536200E-005 ) ) ;
#2480 = DIRECTION ( 'NONE',  ( 0.0000000000000000000, -1.000000000000000000, -0.0000000000000000000 ) ) ;
#2481 = EDGE_CURVE ( 'NONE', #534, #381, #795, .T. ) ;
#2482 = CARTESIAN_POINT ( 'NONE',  ( 1.524462789758187700, 5.405000000000000200, -3.359241902295953400 ) ) ;
#2483 = ADVANCED_FACE ( 'NONE', ( #3057 ), #1298, .F. ) ;
#2484 =( NAMED_UNIT ( * ) PLANE_ANGLE_UNIT ( ) SI_UNIT ( $, .RADIAN. ) );
#2485 = VECTOR ( 'NONE', #3522, 1000.000000000000000 ) ;
#2486 = FILL_AREA_STYLE ('',( #3616 ) ) ;
#2487 = EDGE_LOOP ( 'NONE', ( #1098, #1773, #4783, #2011, #1344, #751, #4285, #3860, #3201, #1660, #4701, #2503, #3518, #3011, #3137, #1378, #4229, #3380, #2554, #178 ) ) ;
#2488 = DIRECTION ( 'NONE',  ( -0.9615454294334472300, 0.0000000000000000000, -0.2746459304916926100 ) ) ;
#2489 = VERTEX_POINT ( 'NONE', #1269 ) ;
#2490 = VECTOR ( 'NONE', #803, 1000.000000000000100 ) ;
#2491 = EDGE_CURVE ( 'NONE', #2521, #4633, #4699, .T. ) ;
#2492 = ORIENTED_EDGE ( 'NONE', *, *, #4462, .T. ) ;
#2493 = VECTOR ( 'NONE', #2897, 1000.000000000000100 ) ;
#2494 = ORIENTED_EDGE ( 'NONE', *, *, #1917, .F. ) ;
#2495 = FACE_OUTER_BOUND ( 'NONE', #1380, .T. ) ;
#2496 = ADVANCED_FACE ( 'NONE', ( #3278 ), #4636, .F. ) ;
#2497 = ORIENTED_EDGE ( 'NONE', *, *, #3701, .F. ) ;
#2498 = DIRECTION ( 'NONE',  ( 1.000000000000000000, 0.0000000000000000000, 0.0000000000000000000 ) ) ;
#2499 = ORIENTED_EDGE ( 'NONE', *, *, #3299, .T. ) ;
#2500 = SURFACE_STYLE_FILL_AREA ( #4059 ) ;
#2501 = AXIS2_PLACEMENT_3D ( 'NONE', #2084, #2801, #1742 ) ;
#2502 = LINE ( 'NONE', #4361, #606 ) ;
#2503 = ORIENTED_EDGE ( 'NONE', *, *, #4690, .T. ) ;
#2504 = CARTESIAN_POINT ( 'NONE',  ( 3.429962027637210000, 5.405000000000000200, -3.520805435344759500 ) ) ;
#2505 = CARTESIAN_POINT ( 'NONE',  ( 6.159489662753302700, 5.400000000000000400, -1.042423836854995000 ) ) ;
#2506 = VECTOR ( 'NONE', #2479, 1000.000000000000200 ) ;
#2507 = CARTESIAN_POINT ( 'NONE',  ( 6.259489662753303200, 0.1000000000000000100, -2.559758836854994200 ) ) ;
#2508 = DIRECTION ( 'NONE',  ( 0.0000000000000000000, -1.000000000000000000, -0.0000000000000000000 ) ) ;
#2510 = VERTEX_POINT ( 'NONE', #1701 ) ;
#2509 = LINE ( 'NONE', #4301, #2341 ) ;
#2511 = ADVANCED_FACE ( 'NONE', ( #1437 ), #2436, .T. ) ;
#2512 = VERTEX_POINT ( 'NONE', #3512 ) ;
#2513 = ORIENTED_EDGE ( 'NONE', *, *, #4662, .T. ) ;
#2514 = FACE_OUTER_BOUND ( 'NONE', #3018, .T. ) ;
#2515 = VECTOR ( 'NONE', #3037, 999.9999999999998900 ) ;
#2517 = EDGE_LOOP ( 'NONE', ( #3800, #2798, #2957, #128 ) ) ;
#2516 = CYLINDRICAL_SURFACE ( 'NONE', #2901, 0.1499999999999999700 ) ;
#2518 =( NAMED_UNIT ( * ) SI_UNIT ( $, .STERADIAN. ) SOLID_ANGLE_UNIT ( ) );
#2519 = LINE ( 'NONE', #2081, #779 ) ;
#2520 = ORIENTED_EDGE ( 'NONE', *, *, #4429, .F. ) ;
#2521 = VERTEX_POINT ( 'NONE', #227 ) ;
#2522 = DIRECTION ( 'NONE',  ( -0.0000000000000000000, 1.000000000000000000, 0.0000000000000000000 ) ) ;
#2523 = DIRECTION ( 'NONE',  ( -1.000000000000000000, 0.0000000000000000000, 2.465190328815661900E-032 ) ) ;
#2524 = DIRECTION ( 'NONE',  ( -1.000000000000000000, 0.0000000000000000000, -1.512487620017200200E-016 ) ) ;
#2525 = VECTOR ( 'NONE', #4194, 1000.000000000000000 ) ;
#2526 = CARTESIAN_POINT ( 'NONE',  ( -1.439880988570086300, 3.458216574406245400, -3.858211862833939700 ) ) ;
#2527 = VECTOR ( 'NONE', #1680, 1000.000000000000000 ) ;
#2528 = CARTESIAN_POINT ( 'NONE',  ( 6.318144572971788400, 3.599073446151257000, -4.059761837728724600 ) ) ;
#2529 = CARTESIAN_POINT ( 'NONE',  ( 3.231038199541599500, 5.400000000000000400, -3.686201945071338100 ) ) ;
#2530 = VERTEX_POINT ( 'NONE', #2788 ) ;
#2531 = LINE ( 'NONE', #521, #982 ) ;
#2532 = EDGE_CURVE ( 'NONE', #409, #2172, #2424, .T. ) ;
#2533 =( GEOMETRIC_REPRESENTATION_CONTEXT ( 3 ) GLOBAL_UNCERTAINTY_ASSIGNED_CONTEXT ( ( #4469 ) ) GLOBAL_UNIT_ASSIGNED_CONTEXT ( ( #3392, #1953, #2709 ) ) REPRESENTATION_CONTEXT ( 'NONE', 'WORKASPACE' ) );
#2534 = COLOUR_RGB ( '',0.6509803921568627600, 0.6196078431372549200, 0.5882352941176470800 ) ;
#2535 = SURFACE_STYLE_USAGE ( .BOTH. , #4403 ) ;
#2536 = ADVANCED_FACE ( 'NONE', ( #1907 ), #4660, .F. ) ;
#2537 = PLANE ( 'NONE',  #985 ) ;
#2538 = SURFACE_SIDE_STYLE ('',( #4341 ) ) ;
#2539 = CARTESIAN_POINT ( 'NONE',  ( -1.426649226016899300, 3.484443643460634700, -3.813543316704860700 ) ) ;
#2540 = MECHANICAL_DESIGN_GEOMETRIC_PRESENTATION_REPRESENTATION (  '', ( #805 ), #2973 ) ;
#2541 = DIRECTION ( 'NONE',  ( 2.465190328815661900E-032, 0.0000000000000000000, 1.000000000000000000 ) ) ;
#2542 = CARTESIAN_POINT ( 'NONE',  ( -1.490510337246696600, 0.05000000000000012800, -5.259758836854994800 ) ) ;
#2543 = EDGE_CURVE ( 'NONE', #2117, #4224, #860, .T. ) ;
#2544 = CARTESIAN_POINT ( 'NONE',  ( 0.5718359686798146800, 5.405000000000000200, -3.289146770602183500 ) ) ;
#2545 = AXIS2_PLACEMENT_3D ( 'NONE', #3836, #1603, #910 ) ;
#2546 = EDGE_LOOP ( 'NONE', ( #2792, #3861, #4761, #2095 ) ) ;
#2547 = ORIENTED_EDGE ( 'NONE', *, *, #2085, .F. ) ;
#2548 = SURFACE_STYLE_FILL_AREA ( #4595 ) ;
#2549 =( NAMED_UNIT ( * ) PLANE_ANGLE_UNIT ( ) SI_UNIT ( $, .RADIAN. ) );
#2550 = CARTESIAN_POINT ( 'NONE',  ( 6.359019123043487400, 3.557584852228784700, -3.765717879123586800 ) ) ;
#2551 =( LENGTH_UNIT ( ) NAMED_UNIT ( * ) SI_UNIT ( .MILLI., .METRE. ) );
#2552 = ORIENTED_EDGE ( 'NONE', *, *, #3649, .F. ) ;
#2553 = LINE ( 'NONE', #4568, #3541 ) ;
#2554 = ORIENTED_EDGE ( 'NONE', *, *, #3349, .T. ) ;
#2555 = CARTESIAN_POINT ( 'NONE',  ( -1.440600985429392400, 3.451430878196263900, -3.883117087324638100 ) ) ;
#2556 = SURFACE_STYLE_USAGE ( .BOTH. , #4804 ) ;
#2557 = ORIENTED_EDGE ( 'NONE', *, *, #2059, .F. ) ;
#2558 = LINE ( 'NONE', #3118, #2045 ) ;
#2559 = FILL_AREA_STYLE ('',( #1153 ) ) ;
#2560 = EDGE_CURVE ( 'NONE', #2846, #1139, #1836, .T. ) ;
#2561 = MECHANICAL_DESIGN_GEOMETRIC_PRESENTATION_REPRESENTATION (  '', ( #2849 ), #4240 ) ;
#2562 = FACE_OUTER_BOUND ( 'NONE', #3368, .T. ) ;
#2563 = SURFACE_STYLE_FILL_AREA ( #4151 ) ;
#2564 = CARTESIAN_POINT ( 'NONE',  ( 1.235564354306629900, 5.400000000000000400, -3.686201945071338600 ) ) ;
#2565 = CARTESIAN_POINT ( 'NONE',  ( 1.524462789758187700, 5.400000000000000400, -3.359241902295953400 ) ) ;
#2566 = VECTOR ( 'NONE', #2593, 1000.000000000000000 ) ;
#2567 = LINE ( 'NONE', #130, #1998 ) ;
#2568 = AXIS2_PLACEMENT_3D ( 'NONE', #2303, #4192, #4586 ) ;
#2569 = ORIENTED_EDGE ( 'NONE', *, *, #268, .T. ) ;
#2570 = UNCERTAINTY_MEASURE_WITH_UNIT (LENGTH_MEASURE( 1.000000000000000100E-005 ), #3700, 'distance_accuracy_value', 'NONE');
#2571 = SURFACE_STYLE_FILL_AREA ( #4800 ) ;
#2572 = ORIENTED_EDGE ( 'NONE', *, *, #3309, .F. ) ;
#2573 = ORIENTED_EDGE ( 'NONE', *, *, #4055, .F. ) ;
#2574 = LINE ( 'NONE', #4530, #1714 ) ;
#2575 = EDGE_CURVE ( 'NONE', #2097, #3865, #2887, .T. ) ;
#2577 = ORIENTED_EDGE ( 'NONE', *, *, #4587, .T. ) ;
#2576 = VECTOR ( 'NONE', #3736, 1000.000000000000000 ) ;
#2578 = CARTESIAN_POINT ( 'NONE',  ( 6.209489662753303400, 3.449640000000000500, -5.259758836854994800 ) ) ;
#2579 = MECHANICAL_DESIGN_GEOMETRIC_PRESENTATION_REPRESENTATION (  '', ( #2089 ), #1688 ) ;
#2580 = VECTOR ( 'NONE', #3524, 1000.000000000000000 ) ;
#2581 = LINE ( 'NONE', #3772, #569 ) ;
#2582 = DIRECTION ( 'NONE',  ( -0.0000000000000000000, -0.0000000000000000000, -1.000000000000000000 ) ) ;
#2583 = DIRECTION ( 'NONE',  ( 0.0000000000000000000, -1.000000000000000000, 0.0000000000000000000 ) ) ;
#2584 = EDGE_CURVE ( 'NONE', #2616, #3212, #153, .T. ) ;
#2585 = VECTOR ( 'NONE', #3725, 1000.000000000000000 ) ;
#2586 = CARTESIAN_POINT ( 'NONE',  ( 2.237119081631954800, 5.400000000000000400, -2.817423836854994000 ) ) ;
#2587 = DIRECTION ( 'NONE',  ( -0.0000000000000000000, 1.000000000000000000, -0.0000000000000000000 ) ) ;
#2588 = PLANE ( 'NONE',  #3926 ) ;
#2589 = ORIENTED_EDGE ( 'NONE', *, *, #748, .T. ) ;
#2590 =( LENGTH_UNIT ( ) NAMED_UNIT ( * ) SI_UNIT ( .MILLI., .METRE. ) );
#2591 = DIRECTION ( 'NONE',  ( -0.0000000000000000000, -0.0000000000000000000, -1.000000000000000000 ) ) ;
#2592 = PRESENTATION_STYLE_ASSIGNMENT (( #1037 ) ) ;
#2593 = DIRECTION ( 'NONE',  ( 0.0000000000000000000, -1.000000000000000000, -0.0000000000000000000 ) ) ;
#2594 = DIRECTION ( 'NONE',  ( 0.0000000000000000000, -1.000000000000000000, -0.0000000000000000000 ) ) ;
#2595 = CARTESIAN_POINT ( 'NONE',  ( 6.230568177105080700, 3.495151394615030300, -3.802103454966373700 ) ) ;
#2596 = DIRECTION ( 'NONE',  ( 0.9999960426590096500, 0.0000000000000000000, 0.002813301676023186900 ) ) ;
#2597 = AXIS2_PLACEMENT_3D ( 'NONE', #725, #2522, #1426 ) ;
#2598 = MECHANICAL_DESIGN_GEOMETRIC_PRESENTATION_REPRESENTATION (  '', ( #3594 ), #4673 ) ;
#2599 = FILL_AREA_STYLE ('',( #2250 ) ) ;
#2600 = CARTESIAN_POINT ( 'NONE',  ( 6.358061381181513200, 3.561505419037297200, -3.764687289903846600 ) ) ;
#2601 =( NAMED_UNIT ( * ) SI_UNIT ( $, .STERADIAN. ) SOLID_ANGLE_UNIT ( ) );
#2602 = STYLED_ITEM ( 'NONE', ( #133 ), #3510 ) ;
#2603 = FILL_AREA_STYLE_COLOUR ( '', #3517 ) ;
#2604 = UNCERTAINTY_MEASURE_WITH_UNIT (LENGTH_MEASURE( 1.000000000000000100E-005 ), #3308, 'distance_accuracy_value', 'NONE');
#2605 = CARTESIAN_POINT ( 'NONE',  ( -1.540510337246696400, -5.521864977630730200E-017, -5.259758836854994800 ) ) ;
#2606 = DIRECTION ( 'NONE',  ( 1.000000000000000000, 0.0000000000000000000, -2.465190328815661900E-032 ) ) ;
#2607 = EDGE_CURVE ( 'NONE', #4479, #1752, #2359, .T. ) ;
#2608 = CARTESIAN_POINT ( 'NONE',  ( -1.340510337246696900, 3.499640000000000300, -2.559758836854994200 ) ) ;
#2609 = ORIENTED_EDGE ( 'NONE', *, *, #3331, .T. ) ;
#2610 = FILL_AREA_STYLE_COLOUR ( '', #2836 ) ;
#2611 = ORIENTED_EDGE ( 'NONE', *, *, #508, .F. ) ;
#2612 = PRODUCT_RELATED_PRODUCT_CATEGORY ( 'part', '', ( #2046 ) ) ;
#2613 = VECTOR ( 'NONE', #4107, 1000.000000000000000 ) ;
#2614 = ORIENTED_EDGE ( 'NONE', *, *, #1342, .F. ) ;
#2615 = COLOUR_RGB ( '',0.8980392156862745400, 0.9215686274509803400, 0.9294117647058823800 ) ;
#2616 = VERTEX_POINT ( 'NONE', #1672 ) ;
#2617 = CARTESIAN_POINT ( 'NONE',  ( 6.359489662753320600, 3.553567139497728600, -3.766949027132876300 ) ) ;
#2618 = CARTESIAN_POINT ( 'NONE',  ( -1.340510337246697100, 5.400000000000000400, -6.177093836854995200 ) ) ;
#2619 = ORIENTED_EDGE ( 'NONE', *, *, #2029, .T. ) ;
#2620 = FACE_OUTER_BOUND ( 'NONE', #438, .T. ) ;
#2621 = ORIENTED_EDGE ( 'NONE', *, *, #754, .F. ) ;
#2622 = CARTESIAN_POINT ( 'NONE',  ( 1.897352512381540000, 5.400000000000000400, -3.359241902295953000 ) ) ;
#2623 = CARTESIAN_POINT ( 'NONE',  ( 6.159489662753302700, 3.599640000000000400, -5.259758836854994800 ) ) ;
#2624 = COLOUR_RGB ( '',0.8980392156862745400, 0.9215686274509803400, 0.9294117647058823800 ) ;
#2625 =( NAMED_UNIT ( * ) PLANE_ANGLE_UNIT ( ) SI_UNIT ( $, .RADIAN. ) );
#2626 = FACE_OUTER_BOUND ( 'NONE', #4552, .T. ) ;
#2627 = LINE ( 'NONE', #4728, #2506 ) ;
#2628 = CARTESIAN_POINT ( 'NONE',  ( 2.280473191349524000, 5.405000000000000200, -3.590874150936058200 ) ) ;
#2629 = CARTESIAN_POINT ( 'NONE',  ( 6.258343241769245500, 3.460285553876291800, -3.854258040954806000 ) ) ;
#2630 =( GEOMETRIC_REPRESENTATION_CONTEXT ( 3 ) GLOBAL_UNCERTAINTY_ASSIGNED_CONTEXT ( ( #3427 ) ) GLOBAL_UNIT_ASSIGNED_CONTEXT ( ( #2193, #756, #4062 ) ) REPRESENTATION_CONTEXT ( 'NONE', 'WORKASPACE' ) );
#2631 = ORIENTED_EDGE ( 'NONE', *, *, #4023, .F. ) ;
#2632 = ORIENTED_EDGE ( 'NONE', *, *, #1739, .T. ) ;
#2633 = ORIENTED_EDGE ( 'NONE', *, *, #3581, .F. ) ;
#2634 = ORIENTED_EDGE ( 'NONE', *, *, #2948, .F. ) ;
#2635 = EDGE_CURVE ( 'NONE', #376, #3601, #1327, .T. ) ;
#2636 = VERTEX_POINT ( 'NONE', #3883 ) ;
#2637 = CARTESIAN_POINT ( 'NONE',  ( 6.159489662753302700, 0.1000000000000000100, -2.559758836854994200 ) ) ;
#2638 = UNCERTAINTY_MEASURE_WITH_UNIT (LENGTH_MEASURE( 1.000000000000000100E-005 ), #1141, 'distance_accuracy_value', 'NONE');
#2639 = VECTOR ( 'NONE', #3527, 1000.000000000000000 ) ;
#2640 = ORIENTED_EDGE ( 'NONE', *, *, #4383, .F. ) ;
#2641 = PRESENTATION_LAYER_ASSIGNMENT (  '', '', ( #1799 ) ) ;
#2642 = EDGE_LOOP ( 'NONE', ( #4764, #4259, #2068, #3366, #3698 ) ) ;
#2643 = VECTOR ( 'NONE', #3704, 1000.000000000000000 ) ;
#2644 = LINE ( 'NONE', #4504, #3448 ) ;
#2645 = DIRECTION ( 'NONE',  ( 1.000000000000000000, 0.0000000000000000000, -2.465190328815661900E-032 ) ) ;
#2646 = EDGE_CURVE ( 'NONE', #3601, #984, #31, .T. ) ;
#2647 = DIRECTION ( 'NONE',  ( 2.465190328815661900E-032, 0.0000000000000000000, 1.000000000000000000 ) ) ;
#2648 = DIRECTION ( 'NONE',  ( 0.9999891854650020400, 0.0000000000000000000, 0.004650693823683842500 ) ) ;
#2649 = CARTESIAN_POINT ( 'NONE',  ( -1.407628773396526900, 3.496618283746687300, -3.800733491268649900 ) ) ;
#2650 = CARTESIAN_POINT ( 'NONE',  ( 2.655822253245574400, 5.405000000000000200, -2.817423836854994400 ) ) ;
#2651 = VECTOR ( 'NONE', #1718, 1000.000000000000000 ) ;
#2652 = VECTOR ( 'NONE', #4017, 1000.000000000000000 ) ;
#2653 = CARTESIAN_POINT ( 'NONE',  ( 6.209489662753303400, 0.1500000000000000200, -5.259758836854994800 ) ) ;
#2654 = ORIENTED_EDGE ( 'NONE', *, *, #880, .F. ) ;
#2655 = FACE_OUTER_BOUND ( 'NONE', #1373, .T. ) ;
#2656 = DIRECTION ( 'NONE',  ( 0.0000000000000000000, -1.000000000000000000, 0.0000000000000000000 ) ) ;
#2657 = CARTESIAN_POINT ( 'NONE',  ( 6.309489662753303000, 3.549640000000000100, -5.259758836854994800 ) ) ;
#2658 = EDGE_CURVE ( 'NONE', #3982, #1238, #2995, .T. ) ;
#2659 = CARTESIAN_POINT ( 'NONE',  ( 2.876592199962253000, 5.405000000000000200, -2.817423836854994400 ) ) ;
#2660 = CARTESIAN_POINT ( 'NONE',  ( 6.259489662753303200, 3.449639999999997800, -3.909758836854994300 ) ) ;
#2661 = PRESENTATION_LAYER_ASSIGNMENT (  '', '', ( #1920 ) ) ;
#2662 = DIRECTION ( 'NONE',  ( 0.0000000000000000000, -1.000000000000000000, -0.0000000000000000000 ) ) ;
#2663 = FILL_AREA_STYLE ('',( #4819 ) ) ;
#2664 = EDGE_CURVE ( 'NONE', #1712, #1756, #1033, .T. ) ;
#2665 = DIRECTION ( 'NONE',  ( 0.0000000000000000000, 0.0000000000000000000, -1.000000000000000000 ) ) ;
#2666 = DIRECTION ( 'NONE',  ( -1.000000000000000000, 0.0000000000000000000, 2.465190328815661900E-032 ) ) ;
#2667 =( NAMED_UNIT ( * ) SI_UNIT ( $, .STERADIAN. ) SOLID_ANGLE_UNIT ( ) );
#2668 = UNCERTAINTY_MEASURE_WITH_UNIT (LENGTH_MEASURE( 1.000000000000000100E-005 ), #41, 'distance_accuracy_value', 'NONE');
#2669 = ORIENTED_EDGE ( 'NONE', *, *, #2646, .T. ) ;
#2670 = ORIENTED_EDGE ( 'NONE', *, *, #2355, .F. ) ;
#2671 = FACE_OUTER_BOUND ( 'NONE', #4444, .T. ) ;
#2672 = AXIS2_PLACEMENT_3D ( 'NONE', #3064, #490, #3459 ) ;
#2673 = CARTESIAN_POINT ( 'NONE',  ( -1.440510337246696700, 3.499640000000000300, -2.559758836854994200 ) ) ;
#2674 = DIRECTION ( 'NONE',  ( 0.2740217765954093300, 0.0000000000000000000, -0.9617234872620588100 ) ) ;
#2675 = SURFACE_STYLE_FILL_AREA ( #714 ) ;
#2676 = VERTEX_POINT ( 'NONE', #3200 ) ;
#2677 = FACE_OUTER_BOUND ( 'NONE', #903, .T. ) ;
#2678 = EDGE_LOOP ( 'NONE', ( #1922, #2269, #1289, #207 ) ) ;
#2679 = EDGE_CURVE ( 'NONE', #1713, #1024, #570, .T. ) ;
#2680 = DIRECTION ( 'NONE',  ( 0.0000000000000000000, -1.000000000000000000, -0.0000000000000000000 ) ) ;
#2681 = LINE ( 'NONE', #103, #66 ) ;
#2682 = EDGE_LOOP ( 'NONE', ( #1186, #3108, #2458, #2911 ) ) ;
#2683 = PLANE ( 'NONE',  #1235 ) ;
#2684 = CARTESIAN_POINT ( 'NONE',  ( 1.417118309955932600, 5.400000000000000400, -2.982709398945779800 ) ) ;
#2685 =( LENGTH_UNIT ( ) NAMED_UNIT ( * ) SI_UNIT ( .MILLI., .METRE. ) );
#2686 = CYLINDRICAL_SURFACE ( 'NONE', #431, 0.04999999999999969700 ) ;
#2687 = COLOUR_RGB ( '',0.7921568627450980000, 0.8196078431372548800, 0.9333333333333333500 ) ;
#2688 = PLANE ( 'NONE',  #3430 ) ;
#2689 = CARTESIAN_POINT ( 'NONE',  ( 6.309489662753303000, 0.04999999999999994000, -5.259758836854994800 ) ) ;
#2690 = ORIENTED_EDGE ( 'NONE', *, *, #2235, .T. ) ;
#2691 = CARTESIAN_POINT ( 'NONE',  ( 2.707969162787354600, 0.0000000000000000000, -0.6770938368549936900 ) ) ;
#2692 = AXIS2_PLACEMENT_3D ( 'NONE', #4560, #3749, #4578 ) ;
#2693 = ORIENTED_EDGE ( 'NONE', *, *, #3556, .T. ) ;
#2694 = EDGE_LOOP ( 'NONE', ( #4089, #1294, #369, #4035 ) ) ;
#2695 = CARTESIAN_POINT ( 'NONE',  ( -1.490510337246697000, 3.599640000000000400, -5.259758836854994800 ) ) ;
#2696 = EDGE_LOOP ( 'NONE', ( #3418, #3319, #1227, #1571 ) ) ;
#2697 =( NAMED_UNIT ( * ) SI_UNIT ( $, .STERADIAN. ) SOLID_ANGLE_UNIT ( ) );
#2698 = AXIS2_PLACEMENT_3D ( 'NONE', #3519, #1308, #1598 ) ;
#2700 = VERTEX_POINT ( 'NONE', #4317 ) ;
#2699 = PRESENTATION_STYLE_ASSIGNMENT (( #2535 ) ) ;
#2701 = VECTOR ( 'NONE', #2429, 1000.000000000000000 ) ;
#2702 = FACE_OUTER_BOUND ( 'NONE', #1352, .T. ) ;
#2703 = DIRECTION ( 'NONE',  ( 0.0000000000000000000, 0.0000000000000000000, -1.000000000000000000 ) ) ;
#2704 = PRESENTATION_LAYER_ASSIGNMENT (  '', '', ( #4789 ) ) ;
#2705 = LINE ( 'NONE', #3699, #2585 ) ;
#2706 = SURFACE_STYLE_USAGE ( .BOTH. , #4536 ) ;
#2707 = EDGE_CURVE ( 'NONE', #117, #3196, #511, .T. ) ;
#2708 = CARTESIAN_POINT ( 'NONE',  ( -1.540510337246696800, 3.554893428850572700, -3.766480113035324700 ) ) ;
#2709 =( NAMED_UNIT ( * ) SI_UNIT ( $, .STERADIAN. ) SOLID_ANGLE_UNIT ( ) );
#2710 = VECTOR ( 'NONE', #1649, 1000.000000000000000 ) ;
#2711 = LINE ( 'NONE', #39, #3638 ) ;
#2712 = CARTESIAN_POINT ( 'NONE',  ( 6.209489662753303400, 3.499640000000000300, -4.021562235729983400 ) ) ;
#2713 = ADVANCED_FACE ( 'NONE', ( #1784 ), #679, .T. ) ;
#2714 = EDGE_LOOP ( 'NONE', ( #2231, #2276, #2880, #3562 ) ) ;
#2715 = AXIS2_PLACEMENT_3D ( 'NONE', #4231, #1993, #979 ) ;
#2716 = CARTESIAN_POINT ( 'NONE',  ( -1.540510337246713700, 3.553567139497729100, -4.052568646577113600 ) ) ;
#2717 = SURFACE_STYLE_USAGE ( .BOTH. , #4201 ) ;
#2718 = VECTOR ( 'NONE', #666, 1000.000000000000000 ) ;
#2719 = ADVANCED_FACE ( 'NONE', ( #3877 ), #452, .T. ) ;
#2720 = PLANE ( 'NONE',  #4807 ) ;
#2721 = DIRECTION ( 'NONE',  ( 0.0000000000000000000, 0.0000000000000000000, -1.000000000000000000 ) ) ;
#2722 = CARTESIAN_POINT ( 'NONE',  ( 1.417118309955932600, 5.405000000000000200, -2.982709398945779800 ) ) ;
#2723 = CARTESIAN_POINT ( 'NONE',  ( -1.518319344201522100, 3.591193088118532600, -3.759996860106332900 ) ) ;
#2724 = CARTESIAN_POINT ( 'NONE',  ( -1.440510337246696700, 3.449639999999997800, -3.909758836854994300 ) ) ;
#2725 = CARTESIAN_POINT ( 'NONE',  ( 6.255496512656426600, 3.469219830489398400, -3.983857280730867000 ) ) ;
#2726 =( GEOMETRIC_REPRESENTATION_CONTEXT ( 3 ) GLOBAL_UNCERTAINTY_ASSIGNED_CONTEXT ( ( #2638 ) ) GLOBAL_UNIT_ASSIGNED_CONTEXT ( ( #1141, #1898, #411 ) ) REPRESENTATION_CONTEXT ( 'NONE', 'WORKASPACE' ) );
#2727 = UNCERTAINTY_MEASURE_WITH_UNIT (LENGTH_MEASURE( 1.000000000000000100E-005 ), #2785, 'distance_accuracy_value', 'NONE');
#2728 = FILL_AREA_STYLE ('',( #3888 ) ) ;
#2729 = DIRECTION ( 'NONE',  ( 0.0000000000000000000, -0.0000000000000000000, 1.000000000000000000 ) ) ;
#2730 = STYLED_ITEM ( 'NONE', ( #1830 ), #2839 ) ;
#2731 = VERTEX_POINT ( 'NONE', #2622 ) ;
#2732 = ADVANCED_FACE ( 'NONE', ( #1266 ), #3330, .F. ) ;
#2733 = CARTESIAN_POINT ( 'NONE',  ( -1.390510337246696900, 3.499640000000000300, -4.021562235729983400 ) ) ;
#2734 = LINE ( 'NONE', #3674, #2211 ) ;
#2735 = EDGE_CURVE ( 'NONE', #3740, #135, #149, .T. ) ;
#2736 = PRESENTATION_STYLE_ASSIGNMENT (( #3282 ) ) ;
#2737 = ORIENTED_EDGE ( 'NONE', *, *, #740, .F. ) ;
#2738 = CARTESIAN_POINT ( 'NONE',  ( 0.9496575785984551200, 5.400000000000000400, -3.686201945071338600 ) ) ;
#2739 = CARTESIAN_POINT ( 'NONE',  ( 6.309489662753303000, 3.599640000000000400, -5.259758836854994800 ) ) ;
#2740 = CARTESIAN_POINT ( 'NONE',  ( -1.411588851598474500, 3.495151394615030300, -4.017414218743613900 ) ) ;
#2741 = ORIENTED_EDGE ( 'NONE', *, *, #4412, .T. ) ;
#2742 = EDGE_LOOP ( 'NONE', ( #3220, #1628, #2217, #3499, #1083, #1786, #1945 ) ) ;
#2743 = LINE ( 'NONE', #956, #2858 ) ;
#2744 = SURFACE_STYLE_FILL_AREA ( #1639 ) ;
#2745 = ORIENTED_EDGE ( 'NONE', *, *, #1487, .F. ) ;
#2746 = PLANE ( 'NONE',  #4708 ) ;
#2747 = CARTESIAN_POINT ( 'NONE',  ( 0.8299926272431523700, 5.405000000000000200, -3.289146770602190200 ) ) ;
#2748 = LINE ( 'NONE', #2695, #1014 ) ;
#2749 = LINE ( 'NONE', #3124, #2400 ) ;
#2750 =( NAMED_UNIT ( * ) SI_UNIT ( $, .STERADIAN. ) SOLID_ANGLE_UNIT ( ) );
#2751 = VERTEX_POINT ( 'NONE', #4091 ) ;
#2752 =( NAMED_UNIT ( * ) PLANE_ANGLE_UNIT ( ) SI_UNIT ( $, .RADIAN. ) );
#2753 = VERTEX_POINT ( 'NONE', #3758 ) ;
#2754 = EDGE_LOOP ( 'NONE', ( #76, #496, #863, #1691 ) ) ;
#2755 = LINE ( 'NONE', #3003, #4505 ) ;
#2756 = EDGE_CURVE ( 'NONE', #2172, #4350, #4637, .T. ) ;
#2757 = FACE_OUTER_BOUND ( 'NONE', #3222, .T. ) ;
#2759 = ORIENTED_EDGE ( 'NONE', *, *, #2635, .F. ) ;
#2758 = COLOUR_RGB ( '',0.8980392156862745400, 0.9215686274509803400, 0.9294117647058823800 ) ;
#2760 = DIRECTION ( 'NONE',  ( -0.0000000000000000000, 1.000000000000000000, -0.0000000000000000000 ) ) ;
#2761 = VECTOR ( 'NONE', #3941, 1000.000000000000200 ) ;
#2762 = VERTEX_POINT ( 'NONE', #4524 ) ;
#2763 = CARTESIAN_POINT ( 'NONE',  ( 1.372451319879636400, 5.405000000000000200, -3.686201945071338600 ) ) ;
#2764 = CARTESIAN_POINT ( 'NONE',  ( 5.159489662753302700, 0.0000000000000000000, -1.706981370460689800 ) ) ;
#2765 = ORIENTED_EDGE ( 'NONE', *, *, #1917, .T. ) ;
#2766 = DIRECTION ( 'NONE',  ( 1.000000000000000000, 3.944189269736235900E-017, 0.0000000000000000000 ) ) ;
#2767 = ADVANCED_FACE ( 'NONE', ( #1545 ), #375, .T. ) ;
#2768 = COLOUR_RGB ( '',0.8980392156862745400, 0.9215686274509803400, 0.9294117647058823800 ) ;
#2769 = FACE_OUTER_BOUND ( 'NONE', #4570, .T. ) ;
#2770 = CARTESIAN_POINT ( 'NONE',  ( -1.507044668521261700, 3.596827030943925400, -4.059732458552576700 ) ) ;
#2771 = CARTESIAN_POINT ( 'NONE',  ( 2.745332142516061100, 5.405000000000000200, -3.686201945071338100 ) ) ;
#2772 = AXIS2_PLACEMENT_3D ( 'NONE', #2505, #2524, #3612 ) ;
#2773 = SURFACE_STYLE_FILL_AREA ( #1112 ) ;
#2774 = VECTOR ( 'NONE', #1844, 1000.000000000000000 ) ;
#2775 = DIRECTION ( 'NONE',  ( 0.0000000000000000000, 0.0000000000000000000, -1.000000000000000000 ) ) ;
#2776 = ORIENTED_EDGE ( 'NONE', *, *, #1723, .T. ) ;
#2777 = DIRECTION ( 'NONE',  ( 0.0000000000000000000, 0.0000000000000000000, -1.000000000000000000 ) ) ;
#2778 = CARTESIAN_POINT ( 'NONE',  ( -1.154009524251970300, 5.400000000000000400, 0.7789392431425141700 ) ) ;
#2779 = AXIS2_PLACEMENT_3D ( 'NONE', #2032, #3902, #1681 ) ;
#2780 = DIRECTION ( 'NONE',  ( -0.4668459304955070400, 0.0000000000000000000, 0.8843386665637685800 ) ) ;
#2781 = EDGE_CURVE ( 'NONE', #947, #3260, #2644, .T. ) ;
#2782 = FILL_AREA_STYLE ('',( #1658 ) ) ;
#2783 = DIRECTION ( 'NONE',  ( -7.562438100085998600E-017, 0.0000000000000000000, -1.000000000000000000 ) ) ;
#2784 = FILL_AREA_STYLE ('',( #4225 ) ) ;
#2785 =( LENGTH_UNIT ( ) NAMED_UNIT ( * ) SI_UNIT ( .MILLI., .METRE. ) );
#2786 = DIRECTION ( 'NONE',  ( -0.2793947940814895400, 0.0000000000000000000, 0.9601763114346042500 ) ) ;
#2787 = FILL_AREA_STYLE ('',( #188 ) ) ;
#2788 = CARTESIAN_POINT ( 'NONE',  ( 2.014275471456824300, 5.400000000000000400, -3.686201945071338100 ) ) ;
#2789 = CARTESIAN_POINT ( 'NONE',  ( 6.359489662753302900, 3.599640000000000400, -5.259758836854994800 ) ) ;
#2790 = UNCERTAINTY_MEASURE_WITH_UNIT (LENGTH_MEASURE( 1.000000000000000100E-005 ), #4545, 'distance_accuracy_value', 'NONE');
#2791 = CARTESIAN_POINT ( 'NONE',  ( -1.415029991796098500, 3.493215067880360600, -4.015464720434528600 ) ) ;
#2792 = ORIENTED_EDGE ( 'NONE', *, *, #754, .T. ) ;
#2793 = STYLED_ITEM ( 'NONE', ( #4173 ), #1669 ) ;
#2794 = ORIENTED_EDGE ( 'NONE', *, *, #1653, .T. ) ;
#2795 = LINE ( 'NONE', #2844, #815 ) ;
#2796 = CARTESIAN_POINT ( 'NONE',  ( 2.058393005879270100, 5.400000000000000400, -2.817423836854994000 ) ) ;
#2797 = CYLINDRICAL_SURFACE ( 'NONE', #2143, 0.5999999999999998700 ) ;
#2798 = ORIENTED_EDGE ( 'NONE', *, *, #1739, .F. ) ;
#2799 = EDGE_LOOP ( 'NONE', ( #2741, #2403, #1121, #1047 ) ) ;
#2800 = AXIS2_PLACEMENT_3D ( 'NONE', #194, #162, #1689 ) ;
#2801 = DIRECTION ( 'NONE',  ( -2.465190328815661900E-032, 0.0000000000000000000, -1.000000000000000000 ) ) ;
#2802 = SURFACE_SIDE_STYLE ('',( #4622 ) ) ;
#2803 = DIRECTION ( 'NONE',  ( -1.000000000000000000, 0.0000000000000000000, 0.0000000000000000000 ) ) ;
#2804 = CARTESIAN_POINT ( 'NONE',  ( 0.0000000000000000000, 0.0000000000000000000, 0.0000000000000000000 ) ) ;
#2805 = LINE ( 'NONE', #3471, #1810 ) ;
#2806 = ORIENTED_EDGE ( 'NONE', *, *, #3581, .T. ) ;
#2807 = LINE ( 'NONE', #1231, #1173 ) ;
#2808 = EDGE_CURVE ( 'NONE', #4138, #1995, #566, .T. ) ;
#2809 = ORIENTED_EDGE ( 'NONE', *, *, #690, .T. ) ;
#2810 = CARTESIAN_POINT ( 'NONE',  ( 0.4366304240989218300, 5.400000000000000400, -2.817423836854994400 ) ) ;
#2811 = LINE ( 'NONE', #1341, #4149 ) ;
#2812 = PLANE ( 'NONE',  #342 ) ;
#2813 = CARTESIAN_POINT ( 'NONE',  ( 3.259489662753303200, 0.0000000000000000000, -2.442037603657841900 ) ) ;
#2814 = LINE ( 'NONE', #3530, #1362 ) ;
#2815 = DIRECTION ( 'NONE',  ( -0.0000000000000000000, 0.0000000000000000000, 1.000000000000000000 ) ) ;
#2816 = VERTEX_POINT ( 'NONE', #2297 ) ;
#2817 = ADVANCED_FACE ( 'NONE', ( #3329 ), #1976, .F. ) ;
#2818 = ORIENTED_EDGE ( 'NONE', *, *, #3649, .T. ) ;
#2819 = VERTEX_POINT ( 'NONE', #421 ) ;
#2820 = ORIENTED_EDGE ( 'NONE', *, *, #1684, .T. ) ;
#2821 = FILL_AREA_STYLE_COLOUR ( '', #529 ) ;
#2822 = DIRECTION ( 'NONE',  ( 2.465190328815661900E-032, 0.0000000000000000000, 1.000000000000000000 ) ) ;
#2823 = ORIENTED_EDGE ( 'NONE', *, *, #1371, .T. ) ;
#2824 = VECTOR ( 'NONE', #4712, 1000.000000000000000 ) ;
#2825 = EDGE_CURVE ( 'NONE', #3439, #984, #1779, .T. ) ;
#2826 = VECTOR ( 'NONE', #2648, 1000.000000000000200 ) ;
#2827 = STYLED_ITEM ( 'NONE', ( #75 ), #975 ) ;
#2828 = CARTESIAN_POINT ( 'NONE',  ( -1.340510337246696700, 0.1000000000000000100, -2.442037603657841900 ) ) ;
#2829 = DIRECTION ( 'NONE',  ( -0.0000000000000000000, -1.000000000000000000, -0.0000000000000000000 ) ) ;
#2830 = EDGE_CURVE ( 'NONE', #2214, #3044, #1383, .T. ) ;
#2831 = SURFACE_SIDE_STYLE ('',( #1117 ) ) ;
#2832 =( GEOMETRIC_REPRESENTATION_CONTEXT ( 3 ) GLOBAL_UNCERTAINTY_ASSIGNED_CONTEXT ( ( #4410 ) ) GLOBAL_UNIT_ASSIGNED_CONTEXT ( ( #1541, #1490, #4086 ) ) REPRESENTATION_CONTEXT ( 'NONE', 'WORKASPACE' ) );
#2833 = VERTEX_POINT ( 'NONE', #3770 ) ;
#2834 = DIRECTION ( 'NONE',  ( -0.2762033010288968400, 0.0000000000000000000, 0.9610992334305238400 ) ) ;
#2835 = EDGE_CURVE ( 'NONE', #117, #2382, #26, .T. ) ;
#2836 = COLOUR_RGB ( '',0.8980392156862745400, 0.9215686274509803400, 0.9294117647058823800 ) ;
#2837 =( NAMED_UNIT ( * ) SI_UNIT ( $, .STERADIAN. ) SOLID_ANGLE_UNIT ( ) );
#2838 =( NAMED_UNIT ( * ) SI_UNIT ( $, .STERADIAN. ) SOLID_ANGLE_UNIT ( ) );
#2839 = ADVANCED_FACE ( 'NONE', ( #4747 ), #4183, .F. ) ;
#2840 = EDGE_CURVE ( 'NONE', #381, #376, #1895, .T. ) ;
#2841 = DIRECTION ( 'NONE',  ( -0.2746918797667231000, 0.0000000000000000000, 0.9615323037684300200 ) ) ;
#2842 = CARTESIAN_POINT ( 'NONE',  ( 1.372451319879636400, 5.405000000000000200, -3.686201945071338600 ) ) ;
#2843 = EDGE_CURVE ( 'NONE', #1807, #4278, #386, .T. ) ;
#2844 = CARTESIAN_POINT ( 'NONE',  ( 6.259489662753303200, 0.1500000000000000200, -2.559758836854994200 ) ) ;
#2845 = PRESENTATION_STYLE_ASSIGNMENT (( #2099 ) ) ;
#2846 = VERTEX_POINT ( 'NONE', #93 ) ;
#2847 = LINE ( 'NONE', #2565, #4480 ) ;
#2848 = PLANE ( 'NONE',  #741 ) ;
#2849 = STYLED_ITEM ( 'NONE', ( #4081 ), #692 ) ;
#2850 = CARTESIAN_POINT ( 'NONE',  ( 4.577490409989048100, 5.405000000000000200, -3.518438160091719600 ) ) ;
#2851 = EDGE_CURVE ( 'NONE', #3478, #2382, #3744, .T. ) ;
#2852 = CARTESIAN_POINT ( 'NONE',  ( 2.237119081631954800, 5.400000000000000400, -2.817423836854994000 ) ) ;
#2853 = AXIS2_PLACEMENT_3D ( 'NONE', #349, #2149, #4746 ) ;
#2854 = FACE_OUTER_BOUND ( 'NONE', #2350, .T. ) ;
#2855 = EDGE_LOOP ( 'NONE', ( #2745, #2040, #3568, #4423 ) ) ;
#2856 = SURFACE_STYLE_FILL_AREA ( #2885 ) ;
#2857 = FILL_AREA_STYLE ('',( #1379 ) ) ;
#2858 = VECTOR ( 'NONE', #3241, 1000.000000000000000 ) ;
#2859 = ADVANCED_FACE ( 'NONE', ( #2769 ), #327, .F. ) ;
#2860 = VERTEX_POINT ( 'NONE', #1676 ) ;
#2861 = PRESENTATION_LAYER_ASSIGNMENT (  '', '', ( #192 ) ) ;
#2862 = PLANE ( 'NONE',  #1704 ) ;
#2863 = VECTOR ( 'NONE', #4188, 1000.000000000000000 ) ;
#2864 = FACE_OUTER_BOUND ( 'NONE', #1189, .T. ) ;
#2865 = EDGE_CURVE ( 'NONE', #3260, #3566, #4574, .T. ) ;
#2867 = ORIENTED_EDGE ( 'NONE', *, *, #1276, .F. ) ;
#2866 = VECTOR ( 'NONE', #1358, 1000.000000000000000 ) ;
#2868 = AXIS2_PLACEMENT_3D ( 'NONE', #3645, #1391, #2893 ) ;
#2869 = VERTEX_POINT ( 'NONE', #3114 ) ;
#2870 = ORIENTED_EDGE ( 'NONE', *, *, #4812, .T. ) ;
#2871 = CARTESIAN_POINT ( 'NONE',  ( 6.159489662753302700, 0.1000000000000000100, -5.259758836854994800 ) ) ;
#2872 =( LENGTH_UNIT ( ) NAMED_UNIT ( * ) SI_UNIT ( .MILLI., .METRE. ) );
#2873 = EDGE_LOOP ( 'NONE', ( #3072, #417, #353, #4569 ) ) ;
#2874 = FACE_OUTER_BOUND ( 'NONE', #4071, .T. ) ;
#2876 = ORIENTED_EDGE ( 'NONE', *, *, #3080, .F. ) ;
#2875 = SURFACE_STYLE_FILL_AREA ( #1197 ) ;
#2877 = LINE ( 'NONE', #1372, #4785 ) ;
#2878 = ORIENTED_EDGE ( 'NONE', *, *, #107, .F. ) ;
#2879 = DIRECTION ( 'NONE',  ( -0.2765379750249961100, 0.0000000000000000000, 0.9610029908221277000 ) ) ;
#2880 = ORIENTED_EDGE ( 'NONE', *, *, #558, .F. ) ;
#2881 = B_SPLINE_CURVE_WITH_KNOTS ( 'NONE', 3,
 ( #2660, #4559, #854, #2309, #1565, #461, #2725, #1592, #4195, #449, #3031, #1979, #4170, #2329, #73, #3446, #4577, #3393, #105, #1607, #1185, #2712 ),
 .UNSPECIFIED., .F., .F.,
 ( 4, 3, 3, 3, 3, 3, 3, 4 ),
 ( 0.0001504004321180150900, 0.0001905304737965576300, 0.0002284395864042281700, 0.0002512595458129257700, 0.0002689097384813536600, 0.0002832246632543408200, 0.0002976425488257358100, 0.0003008911039720325500 ),
 .UNSPECIFIED. ) ;
#2882 = AXIS2_PLACEMENT_3D ( 'NONE', #2947, #4460, #4114 ) ;
#2883 = ORIENTED_EDGE ( 'NONE', *, *, #1489, .F. ) ;
#2884 = ADVANCED_FACE ( 'NONE', ( #2292 ), #3143, .F. ) ;
#2885 = FILL_AREA_STYLE ('',( #4356 ) ) ;
#2886 =( LENGTH_UNIT ( ) NAMED_UNIT ( * ) SI_UNIT ( .MILLI., .METRE. ) );
#2887 = LINE ( 'NONE', #2057, #2019 ) ;
#2888 = EDGE_CURVE ( 'NONE', #4502, #886, #85, .T. ) ;
#2889 = CARTESIAN_POINT ( 'NONE',  ( 4.339626981466238000, 5.405000000000000200, -3.518457043705699700 ) ) ;
#2890 = DIRECTION ( 'NONE',  ( 0.0000000000000000000, -1.000000000000000000, -0.0000000000000000000 ) ) ;
#2891 = PLANE ( 'NONE',  #360 ) ;
#2892 = AXIS2_PLACEMENT_3D ( 'NONE', #2401, #562, #2080 ) ;
#2893 = DIRECTION ( 'NONE',  ( 1.000000000000000000, 3.944189269736235900E-017, 0.0000000000000000000 ) ) ;
#2894 = DIRECTION ( 'NONE',  ( -1.000000000000000000, 3.944189269736235900E-017, 0.0000000000000000000 ) ) ;
#2895 = CARTESIAN_POINT ( 'NONE',  ( -1.540510337246696800, 3.449640000000000500, -3.909758836854994300 ) ) ;
#2896 = VERTEX_POINT ( 'NONE', #3542 ) ;
#2897 = DIRECTION ( 'NONE',  ( 0.2729786930695121100, 0.0000000000000000000, -0.9620200793798749900 ) ) ;
#2898 = EDGE_LOOP ( 'NONE', ( #3659, #1746, #3481, #4824 ) ) ;
#2899 = ADVANCED_FACE ( 'NONE', ( #2931 ), #589, .F. ) ;
#2900 = EDGE_CURVE ( 'NONE', #1510, #3434, #729, .T. ) ;
#2901 = AXIS2_PLACEMENT_3D ( 'NONE', #1279, #909, #1222 ) ;
#2902 = VERTEX_POINT ( 'NONE', #2810 ) ;
#2903 = LINE ( 'NONE', #2850, #3364 ) ;
#2904 = ORIENTED_EDGE ( 'NONE', *, *, #228, .F. ) ;
#2905 = EDGE_CURVE ( 'NONE', #2214, #736, #1828, .T. ) ;
#2906 = DIRECTION ( 'NONE',  ( 0.2793947940814895400, 0.0000000000000000000, -0.9601763114346041400 ) ) ;
#2907 = EDGE_CURVE ( 'NONE', #1930, #4318, #2184, .T. ) ;
#2908 =( NAMED_UNIT ( * ) SI_UNIT ( $, .STERADIAN. ) SOLID_ANGLE_UNIT ( ) );
#2909 = FACE_OUTER_BOUND ( 'NONE', #1191, .T. ) ;
#2910 = FACE_OUTER_BOUND ( 'NONE', #4389, .T. ) ;
#2911 = ORIENTED_EDGE ( 'NONE', *, *, #333, .T. ) ;
#2912 = CARTESIAN_POINT ( 'NONE',  ( -1.411895298727875400, 3.495063602825175600, -3.802202561565093800 ) ) ;
#2913 = EDGE_CURVE ( 'NONE', #1884, #2731, #3050, .T. ) ;
#2914 = CARTESIAN_POINT ( 'NONE',  ( 6.259489662753303200, 3.449640000000000500, -2.559758836854994200 ) ) ;
#2915 = FACE_OUTER_BOUND ( 'NONE', #145, .T. ) ;
#2916 = DIRECTION ( 'NONE',  ( 0.0000000000000000000, 0.0000000000000000000, 1.000000000000000000 ) ) ;
#2917 = EDGE_LOOP ( 'NONE', ( #961, #1477, #555, #812 ) ) ;
#2918 = AXIS2_PLACEMENT_3D ( 'NONE', #784, #1511, #4513 ) ;
#2919 = LINE ( 'NONE', #2205, #1469 ) ;
#2920 = LINE ( 'NONE', #1923, #1942 ) ;
#2922 = ORIENTED_EDGE ( 'NONE', *, *, #2913, .T. ) ;
#2921 = CYLINDRICAL_SURFACE ( 'NONE', #1484, 1.000000000000000000 ) ;
#2923 = CLOSED_SHELL ( 'NONE', ( #4630, #975, #524, #1697, #2054, #851, #3259, #1038, #1669, #2147, #1280, #2511, #3129, #3640, #4759, #3510, #3195, #1054, #3654, #4005, #4676, #2713, #3585, #3234, #937, #2439, #2839, #2135, #3909, #609, #1393, #4703, #4333, #692, #3828, #4292, #1356, #875, #177, #265, #2719, #2767, #4744, #4190, #3224, #3964, #3609, #2181, #2732, #1791, #2106, #1390, #2316, #3239, #4012, #211, #676, #888, #2859 ) ) ;
#2924 = ORIENTED_EDGE ( 'NONE', *, *, #3061, .F. ) ;
#2925 = EDGE_CURVE ( 'NONE', #1710, #4372, #4794, .T. ) ;
#2926 = ORIENTED_EDGE ( 'NONE', *, *, #807, .T. ) ;
#2927 = CARTESIAN_POINT ( 'NONE',  ( 2.437501996936831400, 5.405000000000000200, -3.065535702132370100 ) ) ;
#2928 = DIRECTION ( 'NONE',  ( 0.9219486802374840000, 0.0000000000000000000, -0.3873120589503524200 ) ) ;
#2929 = DIRECTION ( 'NONE',  ( 0.0000000000000000000, 1.000000000000000000, 0.0000000000000000000 ) ) ;
#2930 =( NAMED_UNIT ( * ) PLANE_ANGLE_UNIT ( ) SI_UNIT ( $, .RADIAN. ) );
#2931 = FACE_OUTER_BOUND ( 'NONE', #4784, .T. ) ;
#2932 = CIRCLE ( 'NONE', #4641, 1.000000000000000000 ) ;
#2933 = UNCERTAINTY_MEASURE_WITH_UNIT (LENGTH_MEASURE( 1.000000000000000100E-005 ), #3121, 'distance_accuracy_value', 'NONE');
#2934 = CARTESIAN_POINT ( 'NONE',  ( -1.415816203898181000, 3.492955907894249400, -3.804259563936475800 ) ) ;
#2935 = CYLINDRICAL_SURFACE ( 'NONE', #3189, 0.04999999999999991300 ) ;
#2936 = CARTESIAN_POINT ( 'NONE',  ( 6.337298669708128600, 3.591193088118532600, -4.059520813603656500 ) ) ;
#2937 =( NAMED_UNIT ( * ) PLANE_ANGLE_UNIT ( ) SI_UNIT ( $, .RADIAN. ) );
#2938 = DIRECTION ( 'NONE',  ( 0.9610348236706637300, 0.0000000000000000000, 0.2764273280489760200 ) ) ;
#2939 = LINE ( 'NONE', #2618, #2774 ) ;
#2940 = FILL_AREA_STYLE ('',( #2610 ) ) ;
#2941 = ORIENTED_EDGE ( 'NONE', *, *, #3526, .T. ) ;
#2942 = PRESENTATION_LAYER_ASSIGNMENT (  '', '', ( #3367 ) ) ;
#2943 = CARTESIAN_POINT ( 'NONE',  ( 6.354669189027005100, 3.571732867968948600, -3.762304899055514400 ) ) ;
#2944 = DIRECTION ( 'NONE',  ( -0.0000000000000000000, -1.000000000000000000, -0.0000000000000000000 ) ) ;
#2945 = DIRECTION ( 'NONE',  ( -0.2762437428917330400, 0.0000000000000000000, 0.9610876102172819500 ) ) ;
#2946 = SURFACE_SIDE_STYLE ('',( #1432 ) ) ;
#2947 = CARTESIAN_POINT ( 'NONE',  ( 2.876592199962253000, 5.405000000000000200, -2.817423836854994400 ) ) ;
#2948 = EDGE_CURVE ( 'NONE', #4686, #4016, #3268, .T. ) ;
#2949 = CARTESIAN_POINT ( 'NONE',  ( 1.478641415935711700, 5.405000000000000200, -3.198634632207177000 ) ) ;
#2950 = CARTESIAN_POINT ( 'NONE',  ( 2.707969162787354600, 5.400000000000000400, -0.6770938368549936900 ) ) ;
#2951 =( GEOMETRIC_REPRESENTATION_CONTEXT ( 3 ) GLOBAL_UNCERTAINTY_ASSIGNED_CONTEXT ( ( #2404 ) ) GLOBAL_UNIT_ASSIGNED_CONTEXT ( ( #1686, #4316, #3176 ) ) REPRESENTATION_CONTEXT ( 'NONE', 'WORKASPACE' ) );
#2952 = PRESENTATION_STYLE_ASSIGNMENT (( #1224 ) ) ;
#2953 = CARTESIAN_POINT ( 'NONE',  ( 6.309489662753303000, 3.549640000000000100, -5.259758836854994800 ) ) ;
#2954 = DIRECTION ( 'NONE',  ( 0.0000000000000000000, 0.0000000000000000000, 1.000000000000000000 ) ) ;
#2955 = ORIENTED_EDGE ( 'NONE', *, *, #592, .T. ) ;
#2956 = COLOUR_RGB ( '',0.6509803921568627600, 0.6196078431372549200, 0.5882352941176470800 ) ;
#2957 = ORIENTED_EDGE ( 'NONE', *, *, #743, .F. ) ;
#2958 = UNCERTAINTY_MEASURE_WITH_UNIT (LENGTH_MEASURE( 1.000000000000000100E-005 ), #2872, 'distance_accuracy_value', 'NONE');
#2959 = CARTESIAN_POINT ( 'NONE',  ( -1.440510337246696700, 3.499640000000000300, -5.259758836854994800 ) ) ;
#2960 = ORIENTED_EDGE ( 'NONE', *, *, #4581, .T. ) ;
#2961 = SURFACE_SIDE_STYLE ('',( #4782 ) ) ;
#2962 = VECTOR ( 'NONE', #2929, 1000.000000000000000 ) ;
#2963 = CARTESIAN_POINT ( 'NONE',  ( 6.247463131223922200, 3.482632057686136000, -3.815728243684854500 ) ) ;
#2964 = PRESENTATION_LAYER_ASSIGNMENT (  '', '', ( #2078 ) ) ;
#2965 = DIRECTION ( 'NONE',  ( -1.000000000000000000, 0.0000000000000000000, 2.465190328815661900E-032 ) ) ;
#2966 = FACE_OUTER_BOUND ( 'NONE', #3715, .T. ) ;
#2967 = PRESENTATION_STYLE_ASSIGNMENT (( #338 ) ) ;
#2968 = ORIENTED_EDGE ( 'NONE', *, *, #2843, .F. ) ;
#2969 = PRESENTATION_STYLE_ASSIGNMENT (( #4491 ) ) ;
#2970 = DIRECTION ( 'NONE',  ( 0.0000000000000000000, -0.0000000000000000000, -1.000000000000000000 ) ) ;
#2971 = FILL_AREA_STYLE_COLOUR ( '', #4000 ) ;
#2972 = FACE_OUTER_BOUND ( 'NONE', #1642, .T. ) ;
#2973 =( GEOMETRIC_REPRESENTATION_CONTEXT ( 3 ) GLOBAL_UNCERTAINTY_ASSIGNED_CONTEXT ( ( #3961 ) ) GLOBAL_UNIT_ASSIGNED_CONTEXT ( ( #3337, #4493, #47 ) ) REPRESENTATION_CONTEXT ( 'NONE', 'WORKASPACE' ) );
#2975 = VERTEX_POINT ( 'NONE', #174 ) ;
#2974 = VECTOR ( 'NONE', #1685, 1000.000000000000000 ) ;
#2976 = VERTEX_POINT ( 'NONE', #2016 ) ;
#2977 = ORIENTED_EDGE ( 'NONE', *, *, #2306, .F. ) ;
#2978 = SURFACE_STYLE_USAGE ( .BOTH. , #3009 ) ;
#2979 = VECTOR ( 'NONE', #3014, 1000.000000000000000 ) ;
#2980 = EDGE_CURVE ( 'NONE', #758, #4044, #4695, .T. ) ;
#2981 = FILL_AREA_STYLE ('',( #395 ) ) ;
#2982 = CARTESIAN_POINT ( 'NONE',  ( 6.209489662753303400, 3.449640000000000500, -5.259758836854994800 ) ) ;
#2984 = ORIENTED_EDGE ( 'NONE', *, *, #3232, .T. ) ;
#2983 = FACE_OUTER_BOUND ( 'NONE', #4334, .T. ) ;
#2985 = DIRECTION ( 'NONE',  ( 2.465190328815661900E-032, 0.0000000000000000000, 1.000000000000000000 ) ) ;
#2986 = AXIS2_PLACEMENT_3D ( 'NONE', #2442, #986, #2841 ) ;
#2987 = LINE ( 'NONE', #285, #2761 ) ;
#2988 = VERTEX_POINT ( 'NONE', #141 ) ;
#2989 = ORIENTED_EDGE ( 'NONE', *, *, #1160, .T. ) ;
#2990 = CARTESIAN_POINT ( 'NONE',  ( -1.390510337246696900, 0.1000000000000000100, -2.559758836854994200 ) ) ;
#2991 = SURFACE_STYLE_FILL_AREA ( #2998 ) ;
#2992 = SURFACE_STYLE_FILL_AREA ( #1575 ) ;
#2993 = CARTESIAN_POINT ( 'NONE',  ( 5.824079466128335300, 3.499640000000000300, -4.021562235729983400 ) ) ;
#2994 = SURFACE_STYLE_USAGE ( .BOTH. , #414 ) ;
#2995 = LINE ( 'NONE', #3555, #4238 ) ;
#2996 = COLOUR_RGB ( '',0.7921568627450980000, 0.8196078431372548800, 0.9333333333333333500 ) ;
#2997 = EDGE_LOOP ( 'NONE', ( #2409, #1019, #4134, #13 ) ) ;
#2998 = FILL_AREA_STYLE ('',( #2283 ) ) ;
#2999 = SURFACE_STYLE_USAGE ( .BOTH. , #1905 ) ;
#3000 = DIRECTION ( 'NONE',  ( 0.0000000000000000000, -0.0000000000000000000, -1.000000000000000000 ) ) ;
#3001 = LINE ( 'NONE', #1725, #3123 ) ;
#3002 = CARTESIAN_POINT ( 'NONE',  ( 6.259488957921630200, 3.449905485725681200, -3.900838341631427800 ) ) ;
#3003 = CARTESIAN_POINT ( 'NONE',  ( -1.340510337246696700, 5.400000000000000400, -1.706981370460688900 ) ) ;
#3004 = AXIS2_PLACEMENT_3D ( 'NONE', #2067, #3967, #1690 ) ;
#3005 = DIRECTION ( 'NONE',  ( -0.0000000000000000000, -1.000000000000000000, -0.0000000000000000000 ) ) ;
#3006 = CARTESIAN_POINT ( 'NONE',  ( -1.005100140621728800, 3.599640000000000400, -3.909758836854994300 ) ) ;
#3007 = DIRECTION ( 'NONE',  ( -1.000000000000000000, 0.0000000000000000000, 0.0000000000000000000 ) ) ;
#3008 = AXIS2_PLACEMENT_3D ( 'NONE', #2889, #4788, #4421 ) ;
#3009 = SURFACE_SIDE_STYLE ('',( #1901 ) ) ;
#3010 = PLANE ( 'NONE',  #467 ) ;
#3011 = ORIENTED_EDGE ( 'NONE', *, *, #3537, .F. ) ;
#3012 = CARTESIAN_POINT ( 'NONE',  ( -1.434954555003708400, 3.472891556995862500, -3.829197812008166700 ) ) ;
#3013 = DIRECTION ( 'NONE',  ( 1.000000000000000000, 0.0000000000000000000, 0.0000000000000000000 ) ) ;
#3014 = DIRECTION ( 'NONE',  ( 1.512487620017200000E-016, 0.0000000000000000000, -1.000000000000000000 ) ) ;
#3015 = EDGE_CURVE ( 'NONE', #1826, #3203, #4164, .T. ) ;
#3016 =( NAMED_UNIT ( * ) PLANE_ANGLE_UNIT ( ) SI_UNIT ( $, .RADIAN. ) );
#3017 = ORIENTED_EDGE ( 'NONE', *, *, #3409, .F. ) ;
#3018 = EDGE_LOOP ( 'NONE', ( #2342, #3321, #2883, #52 ) ) ;
#3019 = DIRECTION ( 'NONE',  ( -1.000000000000000000, 0.0000000000000000000, 0.0000000000000000000 ) ) ;
#3020 = ORIENTED_EDGE ( 'NONE', *, *, #1403, .T. ) ;
#3021 = CARTESIAN_POINT ( 'NONE',  ( 1.417118309955932600, 5.400000000000000400, -2.982709398945779800 ) ) ;
#3022 = CARTESIAN_POINT ( 'NONE',  ( 1.723698103768899900, 5.400000000000000400, 0.2448548433824906700 ) ) ;
#3023 = LINE ( 'NONE', #2138, #1048 ) ;
#3024 = ORIENTED_EDGE ( 'NONE', *, *, #781, .T. ) ;
#3025 = UNCERTAINTY_MEASURE_WITH_UNIT (LENGTH_MEASURE( 1.000000000000000100E-005 ), #1240, 'distance_accuracy_value', 'NONE');
#3026 = EDGE_LOOP ( 'NONE', ( #394, #547, #2239, #4160 ) ) ;
#3027 = EDGE_LOOP ( 'NONE', ( #4331, #4132, #3597, #2977 ) ) ;
#3028 = SURFACE_STYLE_FILL_AREA ( #197 ) ;
#3029 =( LENGTH_UNIT ( ) NAMED_UNIT ( * ) SI_UNIT ( .MILLI., .METRE. ) );
#3030 = PLANE ( 'NONE',  #1304 ) ;
#3031 = CARTESIAN_POINT ( 'NONE',  ( 6.245628551523505000, 3.484443643460635200, -4.005974357005128700 ) ) ;
#3032 = DIRECTION ( 'NONE',  ( -1.000000000000000000, 0.0000000000000000000, 2.465190328815661900E-032 ) ) ;
#3033 = CIRCLE ( 'NONE', #283, 0.04999999999999991300 ) ;
#3034 = STYLED_ITEM ( 'NONE', ( #3216 ), #177 ) ;
#3035 = CARTESIAN_POINT ( 'NONE',  ( 0.5804344111939931900, 5.405000000000000200, -3.315721371127209800 ) ) ;
#3036 = DIRECTION ( 'NONE',  ( 0.05596501978069536000, 0.0000000000000000000, -0.9984327301130238000 ) ) ;
#3037 = DIRECTION ( 'NONE',  ( 0.2762033010288968400, 0.0000000000000000000, -0.9610992334305238400 ) ) ;
#3038 = VECTOR ( 'NONE', #4817, 1000.000000000000000 ) ;
#3039 = VERTEX_POINT ( 'NONE', #2417 ) ;
#3040 = FACE_OUTER_BOUND ( 'NONE', #3438, .T. ) ;
#3041 = PRESENTATION_STYLE_ASSIGNMENT (( #1206 ) ) ;
#3042 = DIRECTION ( 'NONE',  ( -0.0000000000000000000, -1.000000000000000000, -0.0000000000000000000 ) ) ;
#3044 = VERTEX_POINT ( 'NONE', #4687 ) ;
#3043 = COLOUR_RGB ( '',0.8980392156862745400, 0.9215686274509803400, 0.9294117647058823800 ) ;
#3045 = DIRECTION ( 'NONE',  ( -1.000000000000000000, 0.0000000000000000000, 2.465190328815661900E-032 ) ) ;
#3046 = DIRECTION ( 'NONE',  ( 1.000000000000000000, 0.0000000000000000000, -2.990902544787598600E-016 ) ) ;
#3047 = VERTEX_POINT ( 'NONE', #2062 ) ;
#3048 = ORIENTED_EDGE ( 'NONE', *, *, #1529, .T. ) ;
#3049 = ORIENTED_EDGE ( 'NONE', *, *, #1865, .T. ) ;
#3050 = LINE ( 'NONE', #1284, #214 ) ;
#3051 = EDGE_CURVE ( 'NONE', #1961, #4541, #849, .T. ) ;
#3052 =( LENGTH_UNIT ( ) NAMED_UNIT ( * ) SI_UNIT ( .MILLI., .METRE. ) );
#3053 =( GEOMETRIC_REPRESENTATION_CONTEXT ( 3 ) GLOBAL_UNCERTAINTY_ASSIGNED_CONTEXT ( ( #4053 ) ) GLOBAL_UNIT_ASSIGNED_CONTEXT ( ( #639, #3611, #1411 ) ) REPRESENTATION_CONTEXT ( 'NONE', 'WORKASPACE' ) );
#3054 = PLANE ( 'NONE',  #2043 ) ;
#3055 = VECTOR ( 'NONE', #698, 1000.000000000000100 ) ;
#3056 = FILL_AREA_STYLE ('',( #1218 ) ) ;
#3057 = FACE_OUTER_BOUND ( 'NONE', #3290, .T. ) ;
#3058 = PRESENTATION_STYLE_ASSIGNMENT (( #2994 ) ) ;
#3059 =( NAMED_UNIT ( * ) PLANE_ANGLE_UNIT ( ) SI_UNIT ( $, .RADIAN. ) );
#3060 = CARTESIAN_POINT ( 'NONE',  ( 3.875982092989141800, 5.400000000000000400, -3.686201945071338600 ) ) ;
#3061 = EDGE_CURVE ( 'NONE', #3434, #2816, #4050, .T. ) ;
#3062 = DIRECTION ( 'NONE',  ( 2.465190328815661900E-032, 0.0000000000000000000, 1.000000000000000000 ) ) ;
#3063 = CARTESIAN_POINT ( 'NONE',  ( -1.154009524251970300, 5.404999999999998500, 0.7789392431425141700 ) ) ;
#3064 = CARTESIAN_POINT ( 'NONE',  ( -1.490510337246696600, 0.05000000000000012800, -5.259758836854994800 ) ) ;
#3065 = PRESENTATION_LAYER_ASSIGNMENT (  '', '', ( #2827 ) ) ;
#3066 = EDGE_CURVE ( 'NONE', #1698, #1995, #623, .T. ) ;
#3067 = MECHANICAL_DESIGN_GEOMETRIC_PRESENTATION_REPRESENTATION (  '', ( #4014 ), #1928 ) ;
#3068 =( NAMED_UNIT ( * ) PLANE_ANGLE_UNIT ( ) SI_UNIT ( $, .RADIAN. ) );
#3069 =( NAMED_UNIT ( * ) PLANE_ANGLE_UNIT ( ) SI_UNIT ( $, .RADIAN. ) );
#3070 = CARTESIAN_POINT ( 'NONE',  ( -1.340510337246696700, 0.1000000000000000100, -2.442037603657841900 ) ) ;
#3071 = EDGE_CURVE ( 'NONE', #4694, #3252, #1320, .T. ) ;
#3072 = ORIENTED_EDGE ( 'NONE', *, *, #4531, .T. ) ;
#3073 =( GEOMETRIC_REPRESENTATION_CONTEXT ( 3 ) GLOBAL_UNCERTAINTY_ASSIGNED_CONTEXT ( ( #2668 ) ) GLOBAL_UNIT_ASSIGNED_CONTEXT ( ( #41, #71, #1147 ) ) REPRESENTATION_CONTEXT ( 'NONE', 'WORKASPACE' ) );
#3074 = DIRECTION ( 'NONE',  ( -2.465190328815661900E-032, 0.0000000000000000000, -1.000000000000000000 ) ) ;
#3075 = CARTESIAN_POINT ( 'NONE',  ( 0.0000000000000000000, 5.400000000000000400, 0.0000000000000000000 ) ) ;
#3076 = ORIENTED_EDGE ( 'NONE', *, *, #2142, .F. ) ;
#3077 = UNCERTAINTY_MEASURE_WITH_UNIT (LENGTH_MEASURE( 1.000000000000000100E-005 ), #1059, 'distance_accuracy_value', 'NONE');
#3078 = DIRECTION ( 'NONE',  ( -0.0000000000000000000, 1.000000000000000000, 0.0000000000000000000 ) ) ;
#3079 = ORIENTED_EDGE ( 'NONE', *, *, #3299, .F. ) ;
#3080 = EDGE_CURVE ( 'NONE', #3119, #668, #4467, .T. ) ;
#3081 = DIRECTION ( 'NONE',  ( 1.000000000000000000, 0.0000000000000000000, -0.0000000000000000000 ) ) ;
#3082 = PLANE ( 'NONE',  #1964 ) ;
#3083 = VERTEX_POINT ( 'NONE', #645 ) ;
#3084 = VECTOR ( 'NONE', #4471, 1000.000000000000000 ) ;
#3085 = VERTEX_POINT ( 'NONE', #2146 ) ;
#3086 = UNCERTAINTY_MEASURE_WITH_UNIT (LENGTH_MEASURE( 1.000000000000000100E-005 ), #3745, 'distance_accuracy_value', 'NONE');
#3087 = FILL_AREA_STYLE_COLOUR ( '', #1413 ) ;
#3088 =( LENGTH_UNIT ( ) NAMED_UNIT ( * ) SI_UNIT ( .MILLI., .METRE. ) );
#3089 =( NAMED_UNIT ( * ) SI_UNIT ( $, .STERADIAN. ) SOLID_ANGLE_UNIT ( ) );
#3090 = DIRECTION ( 'NONE',  ( -0.9612934544747577800, 0.0000000000000000000, -0.2755265765475026800 ) ) ;
#3091 = CYLINDRICAL_SURFACE ( 'NONE', #3339, 0.04999999999999969700 ) ;
#3092 = ORIENTED_EDGE ( 'NONE', *, *, #402, .F. ) ;
#3093 = EDGE_CURVE ( 'NONE', #1826, #1510, #3398, .T. ) ;
#3094 = LINE ( 'NONE', #1567, #1179 ) ;
#3095 = DIRECTION ( 'NONE',  ( -0.9617234872620589200, 0.0000000000000000000, -0.2740217765954092700 ) ) ;
#3096 = CIRCLE ( 'NONE', #3344, 0.04999999999999991300 ) ;
#3097 = DIRECTION ( 'NONE',  ( -0.0000000000000000000, -0.0000000000000000000, -1.000000000000000000 ) ) ;
#3098 = DIRECTION ( 'NONE',  ( 0.0000000000000000000, 0.0000000000000000000, -1.000000000000000000 ) ) ;
#3100 = ORIENTED_EDGE ( 'NONE', *, *, #45, .T. ) ;
#3099 = SURFACE_STYLE_FILL_AREA ( #4315 ) ;
#3101 = MECHANICAL_DESIGN_GEOMETRIC_PRESENTATION_REPRESENTATION (  '', ( #2022 ), #625 ) ;
#3102 = EDGE_LOOP ( 'NONE', ( #3147, #3079, #4001, #564 ) ) ;
#3103 = ORIENTED_EDGE ( 'NONE', *, *, #2830, .T. ) ;
#3104 = EDGE_CURVE ( 'NONE', #668, #831, #3001, .T. ) ;
#3105 = DIRECTION ( 'NONE',  ( 0.0000000000000000000, -0.0000000000000000000, 1.000000000000000000 ) ) ;
#3106 = VERTEX_POINT ( 'NONE', #1028 ) ;
#3107 = DIRECTION ( 'NONE',  ( 1.000000000000000000, 0.0000000000000000000, 0.0000000000000000000 ) ) ;
#3108 = ORIENTED_EDGE ( 'NONE', *, *, #500, .F. ) ;
#3109 = ADVANCED_FACE ( 'NONE', ( #1496 ), #3187, .F. ) ;
#3110 = ORIENTED_EDGE ( 'NONE', *, *, #627, .T. ) ;
#3111 = ORIENTED_EDGE ( 'NONE', *, *, #4364, .T. ) ;
#3112 = DIRECTION ( 'NONE',  ( 1.000000000000000000, 0.0000000000000000000, -2.465190328815661900E-032 ) ) ;
#3113 = AXIS2_PLACEMENT_3D ( 'NONE', #2048, #1643, #167 ) ;
#3114 = CARTESIAN_POINT ( 'NONE',  ( 3.382941362698836500, 5.400000000000000400, -3.359212844580303300 ) ) ;
#3115 = EDGE_CURVE ( 'NONE', #823, #649, #1088, .T. ) ;
#3116 = CARTESIAN_POINT ( 'NONE',  ( 1.524462789758187700, 5.405000000000000200, -3.359241902295953400 ) ) ;
#3117 = CARTESIAN_POINT ( 'NONE',  ( 2.876592199962253000, 5.405000000000000200, -2.817423836854994400 ) ) ;
#3118 = CARTESIAN_POINT ( 'NONE',  ( 3.095281221737706800, 0.0000000000000000000, 0.2448548433824903900 ) ) ;
#3119 = VERTEX_POINT ( 'NONE', #4321 ) ;
#3120 = MECHANICAL_DESIGN_GEOMETRIC_PRESENTATION_REPRESENTATION (  '', ( #478 ), #3053 ) ;
#3121 =( LENGTH_UNIT ( ) NAMED_UNIT ( * ) SI_UNIT ( .MILLI., .METRE. ) );
#3122 = CARTESIAN_POINT ( 'NONE',  ( -1.340510337246696700, 3.599640000000000400, -5.259758836854994800 ) ) ;
#3123 = VECTOR ( 'NONE', #4743, 1000.000000000000000 ) ;
#3124 = CARTESIAN_POINT ( 'NONE',  ( 1.851478306351302900, 5.405000000000000200, -3.198634632207176600 ) ) ;
#3125 = CARTESIAN_POINT ( 'NONE',  ( 1.571483454697584200, 5.405000000000000200, -3.520834493059950000 ) ) ;
#3126 = DIRECTION ( 'NONE',  ( -1.000000000000000000, -0.0000000000000000000, -0.0000000000000000000 ) ) ;
#3127 = CARTESIAN_POINT ( 'NONE',  ( 4.339626981466238000, 5.405000000000000200, -3.518457043705699700 ) ) ;
#3128 = DIRECTION ( 'NONE',  ( -1.000000000000000000, 0.0000000000000000000, 0.0000000000000000000 ) ) ;
#3129 = ADVANCED_FACE ( 'NONE', ( #2194, #866, #4243 ), #2848, .T. ) ;
#3130 = CARTESIAN_POINT ( 'NONE',  ( -1.494820003236457600, 3.599640000000000400, -3.759758836854994300 ) ) ;
#3131 = CARTESIAN_POINT ( 'NONE',  ( 0.4366304240989218300, 5.400000000000000400, -2.817423836854994400 ) ) ;
#3132 = PRESENTATION_LAYER_ASSIGNMENT (  '', '', ( #3693 ) ) ;
#3133 = PRESENTATION_LAYER_ASSIGNMENT (  '', '', ( #250 ) ) ;
#3134 = CARTESIAN_POINT ( 'NONE',  ( 0.1895896627533029700, 5.405000000000000200, -2.817423836854994400 ) ) ;
#3135 = ORIENTED_EDGE ( 'NONE', *, *, #2332, .T. ) ;
#3136 = CARTESIAN_POINT ( 'NONE',  ( 3.382941362698836500, 5.405000000000000200, -3.359212844580303300 ) ) ;
#3137 = ORIENTED_EDGE ( 'NONE', *, *, #1213, .F. ) ;
#3138 = DIRECTION ( 'NONE',  ( 0.0000000000000000000, 0.0000000000000000000, -1.000000000000000000 ) ) ;
#3139 = EDGE_CURVE ( 'NONE', #3106, #4402, #2478, .T. ) ;
#3140 = ORIENTED_EDGE ( 'NONE', *, *, #3574, .T. ) ;
#3141 = ORIENTED_EDGE ( 'NONE', *, *, #2543, .T. ) ;
#3142 =( GEOMETRIC_REPRESENTATION_CONTEXT ( 3 ) GLOBAL_UNCERTAINTY_ASSIGNED_CONTEXT ( ( #4200 ) ) GLOBAL_UNIT_ASSIGNED_CONTEXT ( ( #2343, #504, #3089 ) ) REPRESENTATION_CONTEXT ( 'NONE', 'WORKASPACE' ) );
#3143 = PLANE ( 'NONE',  #654 ) ;
#3144 = ORIENTED_EDGE ( 'NONE', *, *, #3080, .T. ) ;
#3145 = CARTESIAN_POINT ( 'NONE',  ( 1.559489662753303000, 0.1000000000000000100, -2.442037603657841900 ) ) ;
#3146 = ADVANCED_FACE ( 'NONE', ( #1614 ), #264, .F. ) ;
#3147 = ORIENTED_EDGE ( 'NONE', *, *, #4416, .F. ) ;
#3148 = VECTOR ( 'NONE', #3843, 1000.000000000000000 ) ;
#3149 = DIRECTION ( 'NONE',  ( 0.0000000000000000000, 0.0000000000000000000, 1.000000000000000000 ) ) ;
#3150 = DIRECTION ( 'NONE',  ( 0.0000000000000000000, 1.000000000000000000, 0.0000000000000000000 ) ) ;
#3151 = VECTOR ( 'NONE', #3521, 1000.000000000000200 ) ;
#3152 = CARTESIAN_POINT ( 'NONE',  ( 4.577490409989048100, 5.405000000000000200, -3.518438160091719600 ) ) ;
#3153 = CARTESIAN_POINT ( 'NONE',  ( -1.440510337246696700, 3.449640000000000500, -2.559758836854994200 ) ) ;
#3154 = LINE ( 'NONE', #4806, #3038 ) ;
#3155 = APPLICATION_CONTEXT ( 'automotive_design' ) ;
#3156 = DIRECTION ( 'NONE',  ( -0.0000000000000000000, 0.0000000000000000000, 1.000000000000000000 ) ) ;
#3157 = ORIENTED_EDGE ( 'NONE', *, *, #2161, .F. ) ;
#3158 = EDGE_CURVE ( 'NONE', #886, #2097, #1208, .T. ) ;
#3159 =( GEOMETRIC_REPRESENTATION_CONTEXT ( 3 ) GLOBAL_UNCERTAINTY_ASSIGNED_CONTEXT ( ( #4313 ) ) GLOBAL_UNIT_ASSIGNED_CONTEXT ( ( #1217, #3016, #3763 ) ) REPRESENTATION_CONTEXT ( 'NONE', 'WORKASPACE' ) );
#3160 = ORIENTED_EDGE ( 'NONE', *, *, #3284, .F. ) ;
#3161 = FILL_AREA_STYLE ('',( #4555 ) ) ;
#3162 = FACE_OUTER_BOUND ( 'NONE', #2124, .T. ) ;
#3163 = ORIENTED_EDGE ( 'NONE', *, *, #335, .F. ) ;
#3164 = ORIENTED_EDGE ( 'NONE', *, *, #3868, .T. ) ;
#3165 = PLANE ( 'NONE',  #4739 ) ;
#3166 = CARTESIAN_POINT ( 'NONE',  ( 3.259489662753303200, 0.1000000000000000100, -2.442037603657841900 ) ) ;
#3167 = ORIENTED_EDGE ( 'NONE', *, *, #3139, .T. ) ;
#3168 = EDGE_CURVE ( 'NONE', #137, #3898, #635, .T. ) ;
#3169 = LINE ( 'NONE', #1154, #2576 ) ;
#3170 = VECTOR ( 'NONE', #1273, 1000.000000000000000 ) ;
#3171 = FILL_AREA_STYLE ('',( #4654 ) ) ;
#3172 = PRESENTATION_LAYER_ASSIGNMENT (  '', '', ( #3594 ) ) ;
#3173 = CIRCLE ( 'NONE', #2197, 0.04999999999999991300 ) ;
#3174 = EDGE_CURVE ( 'NONE', #4162, #2846, #1561, .T. ) ;
#3175 =( NAMED_UNIT ( * ) PLANE_ANGLE_UNIT ( ) SI_UNIT ( $, .RADIAN. ) );
#3176 =( NAMED_UNIT ( * ) SI_UNIT ( $, .STERADIAN. ) SOLID_ANGLE_UNIT ( ) );
#3177 = AXIS2_PLACEMENT_3D ( 'NONE', #3075, #58, #3098 ) ;
#3178 = DIRECTION ( 'NONE',  ( -0.8843386665637685800, 0.0000000000000000000, -0.4668459304955070400 ) ) ;
#3179 = ADVANCED_FACE ( 'NONE', ( #581 ), #465, .F. ) ;
#3180 = EDGE_CURVE ( 'NONE', #3085, #2489, #224, .T. ) ;
#3181 = CARTESIAN_POINT ( 'NONE',  ( 1.898720866560917900, 5.405000000000000200, -2.982709398945779400 ) ) ;
#3182 = DIRECTION ( 'NONE',  ( -1.000000000000000000, 0.0000000000000000000, -2.990902544787598600E-016 ) ) ;
#3183 = B_SPLINE_CURVE_WITH_KNOTS ( 'NONE', 3,
 ( #198, #930, #4590, #3470, #1638, #2740, #2791, #2419, #523, #4620, #175, #2352, #1659, #3827, #4219, #580, #2378, #3844, #1978, #4600, #122, #2724 ),
 .UNSPECIFIED., .F., .F.,
 ( 4, 3, 3, 3, 3, 3, 3, 4 ),
 ( 0.0000000000000000000, 1.323954671928430000E-005, 2.642731258168455500E-005, 4.013983134242272100E-005, 6.119351943545915900E-005, 9.331181927225245800E-005, 0.0001414740677661806800, 0.0001504004321180143000 ),
 .UNSPECIFIED. ) ;
#3184 = DIRECTION ( 'NONE',  ( 1.000000000000000000, 0.0000000000000000000, 0.0000000000000000000 ) ) ;
#3185 = DIRECTION ( 'NONE',  ( 0.0000000000000000000, 0.0000000000000000000, 1.000000000000000000 ) ) ;
#3186 = DIRECTION ( 'NONE',  ( 0.0000000000000000000, -1.000000000000000000, 0.0000000000000000000 ) ) ;
#3187 = PLANE ( 'NONE',  #4644 ) ;
#3188 = CARTESIAN_POINT ( 'NONE',  ( -1.340510337246696900, 3.499640000000000300, -4.021562235729983400 ) ) ;
#3189 = AXIS2_PLACEMENT_3D ( 'NONE', #3708, #3333, #4094 ) ;
#3190 = ORIENTED_EDGE ( 'NONE', *, *, #318, .T. ) ;
#3191 = CARTESIAN_POINT ( 'NONE',  ( 2.909489662753303100, 5.400000000000000400, 0.3229061631450061400 ) ) ;
#3192 = ORIENTED_EDGE ( 'NONE', *, *, #3168, .T. ) ;
#3193 = FACE_OUTER_BOUND ( 'NONE', #2203, .T. ) ;
#3194 = LINE ( 'NONE', #3021, #4312 ) ;
#3195 = ADVANCED_FACE ( 'NONE', ( #2426 ), #1499, .F. ) ;
#3196 = VERTEX_POINT ( 'NONE', #2990 ) ;
#3197 = MECHANICAL_DESIGN_GEOMETRIC_PRESENTATION_REPRESENTATION (  '', ( #976 ), #689 ) ;
#3198 = CARTESIAN_POINT ( 'NONE',  ( 2.745332142516061100, 5.405000000000000200, -3.686201945071338100 ) ) ;
#3199 = FILL_AREA_STYLE_COLOUR ( '', #2204 ) ;
#3200 = CARTESIAN_POINT ( 'NONE',  ( 3.259489662753303200, 0.0000000000000000000, -2.442037603657841900 ) ) ;
#3201 = ORIENTED_EDGE ( 'NONE', *, *, #4796, .T. ) ;
#3202 = LINE ( 'NONE', #96, #1353 ) ;
#3203 = VERTEX_POINT ( 'NONE', #4442 ) ;
#3204 = VECTOR ( 'NONE', #4705, 1000.000000000000200 ) ;
#3205 = EDGE_CURVE ( 'NONE', #4336, #3106, #988, .T. ) ;
#3206 = AXIS2_PLACEMENT_3D ( 'NONE', #4191, #1962, #1518 ) ;
#3207 = LINE ( 'NONE', #630, #3670 ) ;
#3208 = PLANE ( 'NONE',  #848 ) ;
#3209 = LINE ( 'NONE', #3876, #2113 ) ;
#3211 = ORIENTED_EDGE ( 'NONE', *, *, #3205, .F. ) ;
#3210 = LINE ( 'NONE', #3230, #1246 ) ;
#3212 = VERTEX_POINT ( 'NONE', #343 ) ;
#3213 = PRESENTATION_STYLE_ASSIGNMENT (( #4370 ) ) ;
#3214 = ORIENTED_EDGE ( 'NONE', *, *, #1285, .F. ) ;
#3215 = ORIENTED_EDGE ( 'NONE', *, *, #926, .T. ) ;
#3216 = PRESENTATION_STYLE_ASSIGNMENT (( #4472 ) ) ;
#3217 = FACE_OUTER_BOUND ( 'NONE', #308, .T. ) ;
#3218 = DIRECTION ( 'NONE',  ( -1.000000000000000000, 0.0000000000000000000, 2.465190328815661900E-032 ) ) ;
#3219 =( LENGTH_UNIT ( ) NAMED_UNIT ( * ) SI_UNIT ( .MILLI., .METRE. ) );
#3220 = ORIENTED_EDGE ( 'NONE', *, *, #1513, .F. ) ;
#3221 = EDGE_LOOP ( 'NONE', ( #1654, #4228, #4221, #1892 ) ) ;
#3222 = EDGE_LOOP ( 'NONE', ( #1634, #1400, #822, #760 ) ) ;
#3223 = CARTESIAN_POINT ( 'NONE',  ( 0.4392614687446703100, 5.405000000000000200, -3.686201945071338600 ) ) ;
#3224 = ADVANCED_FACE ( 'NONE', ( #1271 ), #1090, .F. ) ;
#3225 = CARTESIAN_POINT ( 'NONE',  ( 3.890648313175632200, 5.405000000000000200, -2.817423836854994400 ) ) ;
#3226 = CARTESIAN_POINT ( 'NONE',  ( 1.559489662753303000, 0.0000000000000000000, -5.442037603657841900 ) ) ;
#3227 = LINE ( 'NONE', #4730, #3055 ) ;
#3228 = EDGE_CURVE ( 'NONE', #556, #1933, #1885, .T. ) ;
#3229 = PLANE ( 'NONE',  #4682 ) ;
#3230 = CARTESIAN_POINT ( 'NONE',  ( 3.637534488846304800, 5.405000000000000200, -2.817423836854994400 ) ) ;
#3231 = ORIENTED_EDGE ( 'NONE', *, *, #1513, .T. ) ;
#3232 = EDGE_CURVE ( 'NONE', #1712, #2510, #1965, .T. ) ;
#3233 = STYLED_ITEM ( 'NONE', ( #4666 ), #4292 ) ;
#3234 = ADVANCED_FACE ( 'NONE', ( #3217 ), #1374, .T. ) ;
#3235 = CARTESIAN_POINT ( 'NONE',  ( 6.159489662753303600, 5.400000000000000400, -6.177093836854995200 ) ) ;
#3236 = CARTESIAN_POINT ( 'NONE',  ( 6.159489662753302700, 0.0000000000000000000, -2.442037603657841900 ) ) ;
#3237 = DIRECTION ( 'NONE',  ( 1.000000000000000000, 0.0000000000000000000, -0.0000000000000000000 ) ) ;
#3238 = PLANE ( 'NONE',  #2136 ) ;
#3239 = ADVANCED_FACE ( 'NONE', ( #2874 ), #434, .F. ) ;
#3240 = EDGE_CURVE ( 'NONE', #2003, #4689, #2920, .T. ) ;
#3241 = DIRECTION ( 'NONE',  ( 0.0000000000000000000, 0.0000000000000000000, 1.000000000000000000 ) ) ;
#3242 = ORIENTED_EDGE ( 'NONE', *, *, #4678, .T. ) ;
#3243 = ORIENTED_EDGE ( 'NONE', *, *, #2431, .T. ) ;
#3244 = ORIENTED_EDGE ( 'NONE', *, *, #3960, .F. ) ;
#3245 = LINE ( 'NONE', #4135, #3475 ) ;
#3246 = DIRECTION ( 'NONE',  ( 0.4668459304955069900, 0.0000000000000000000, -0.8843386665637685800 ) ) ;
#3247 = DIRECTION ( 'NONE',  ( -2.465190328815661900E-032, 0.0000000000000000000, -1.000000000000000000 ) ) ;
#3248 = MECHANICAL_DESIGN_GEOMETRIC_PRESENTATION_REPRESENTATION (  '', ( #4757 ), #2832 ) ;
#3249 = ORIENTED_EDGE ( 'NONE', *, *, #2584, .T. ) ;
#3250 = EDGE_LOOP ( 'NONE', ( #4668, #372, #3769, #1633 ) ) ;
#3251 = ADVANCED_FACE ( 'NONE', ( #3322 ), #3082, .F. ) ;
#3252 = VERTEX_POINT ( 'NONE', #2291 ) ;
#3253 = ORIENTED_EDGE ( 'NONE', *, *, #2575, .T. ) ;
#3254 = CARTESIAN_POINT ( 'NONE',  ( 1.967307638725128000, 5.400000000000000400, -3.520834493059949600 ) ) ;
#3255 = EDGE_LOOP ( 'NONE', ( #3958, #1027, #1821, #1825 ) ) ;
#3256 = PRESENTATION_LAYER_ASSIGNMENT (  '', '', ( #976 ) ) ;
#3257 = FACE_OUTER_BOUND ( 'NONE', #2642, .T. ) ;
#3258 = LINE ( 'NONE', #3153, #2866 ) ;
#3259 = ADVANCED_FACE ( 'NONE', ( #2757 ), #4152, .T. ) ;
#3260 = VERTEX_POINT ( 'NONE', #4227 ) ;
#3261 = DIRECTION ( 'NONE',  ( -0.9611638845408963000, 0.0000000000000000000, -0.2759782365590711700 ) ) ;
#3262 = CARTESIAN_POINT ( 'NONE',  ( 0.7611839598098247800, 5.400000000000000400, -2.817423836854994400 ) ) ;
#3263 = ORIENTED_EDGE ( 'NONE', *, *, #857, .F. ) ;
#3264 = VERTEX_POINT ( 'NONE', #3385 ) ;
#3265 = FILL_AREA_STYLE_COLOUR ( '', #1055 ) ;
#3266 = ORIENTED_EDGE ( 'NONE', *, *, #1351, .F. ) ;
#3267 = DIRECTION ( 'NONE',  ( 1.000000000000000000, 0.0000000000000000000, 0.0000000000000000000 ) ) ;
#3268 = LINE ( 'NONE', #2079, #1073 ) ;
#3269 = LINE ( 'NONE', #3886, #2416 ) ;
#3270 = EDGE_CURVE ( 'NONE', #2762, #2003, #271, .T. ) ;
#3271 = PRESENTATION_STYLE_ASSIGNMENT (( #4 ) ) ;
#3272 = LINE ( 'NONE', #2180, #388 ) ;
#3273 = AXIS2_PLACEMENT_3D ( 'NONE', #1052, #201, #1776 ) ;
#3274 = ORIENTED_EDGE ( 'NONE', *, *, #981, .T. ) ;
#3275 = CARTESIAN_POINT ( 'NONE',  ( 1.478641415935711700, 5.405000000000000200, -3.198634632207177000 ) ) ;
#3276 = PLANE ( 'NONE',  #2061 ) ;
#3277 = CARTESIAN_POINT ( 'NONE',  ( 6.359489662753302900, -5.521864977630730200E-017, -5.259758836854994800 ) ) ;
#3278 = FACE_OUTER_BOUND ( 'NONE', #3580, .T. ) ;
#3279 = UNCERTAINTY_MEASURE_WITH_UNIT (LENGTH_MEASURE( 1.000000000000000100E-005 ), #2195, 'distance_accuracy_value', 'NONE');
#3280 = CARTESIAN_POINT ( 'NONE',  ( 1.478641415935711700, 5.400000000000000400, -3.198634632207177000 ) ) ;
#3281 = PRESENTATION_LAYER_ASSIGNMENT (  '', '', ( #4051 ) ) ;
#3282 = SURFACE_STYLE_USAGE ( .BOTH. , #730 ) ;
#3283 = CARTESIAN_POINT ( 'NONE',  ( 4.092203185916966700, 5.400000000000000400, -3.518457043707875700 ) ) ;
#3284 = EDGE_CURVE ( 'NONE', #4642, #4278, #1536, .T. ) ;
#3285 = SURFACE_SIDE_STYLE ('',( #2500 ) ) ;
#3286 = DIRECTION ( 'NONE',  ( -2.465190328815661900E-032, 0.0000000000000000000, -1.000000000000000000 ) ) ;
#3287 =( NAMED_UNIT ( * ) SI_UNIT ( $, .STERADIAN. ) SOLID_ANGLE_UNIT ( ) );
#3288 = CARTESIAN_POINT ( 'NONE',  ( 1.559489662753303000, 0.1000000000000000100, -5.442037603657841900 ) ) ;
#3289 = CARTESIAN_POINT ( 'NONE',  ( 6.349151188873161500, 3.580086072749105100, -4.058478855443840200 ) ) ;
#3290 = EDGE_LOOP ( 'NONE', ( #267, #2640, #415, #2670, #1695, #2614, #2033, #3160, #4256, #1868, #1888, #1600, #4395, #3419, #138, #4379, #35 ) ) ;
#3291 = SURFACE_STYLE_FILL_AREA ( #2787 ) ;
#3292 = CARTESIAN_POINT ( 'NONE',  ( -1.340510337246696900, 3.499640000000000300, -5.259758836854994800 ) ) ;
#3293 = EDGE_CURVE ( 'NONE', #3741, #1543, #2121, .T. ) ;
#3294 =( LENGTH_UNIT ( ) NAMED_UNIT ( * ) SI_UNIT ( .MILLI., .METRE. ) );
#3295 =( GEOMETRIC_REPRESENTATION_CONTEXT ( 3 ) GLOBAL_UNCERTAINTY_ASSIGNED_CONTEXT ( ( #1570 ) ) GLOBAL_UNIT_ASSIGNED_CONTEXT ( ( #1668, #4697, #3957 ) ) REPRESENTATION_CONTEXT ( 'NONE', 'WORKASPACE' ) );
#3296 = LINE ( 'NONE', #2739, #3148 ) ;
#3297 = PRESENTATION_STYLE_ASSIGNMENT (( #1176 ) ) ;
#3298 = EDGE_LOOP ( 'NONE', ( #1647, #2513, #281, #4551 ) ) ;
#3299 = EDGE_CURVE ( 'NONE', #3803, #736, #1022, .T. ) ;
#3300 = PRESENTATION_STYLE_ASSIGNMENT (( #4239 ) ) ;
#3301 = CARTESIAN_POINT ( 'NONE',  ( 2.981147139190194900, 5.400000000000000400, -2.817423836854994400 ) ) ;
#3302 = DIRECTION ( 'NONE',  ( 3.944189269736235900E-017, 1.000000000000000000, -0.0000000000000000000 ) ) ;
#3303 = LINE ( 'NONE', #3869, #2210 ) ;
#3304 = PRESENTATION_LAYER_ASSIGNMENT (  '', '', ( #2082 ) ) ;
#3305 = ORIENTED_EDGE ( 'NONE', *, *, #2306, .T. ) ;
#3306 = LINE ( 'NONE', #2407, #1355 ) ;
#3307 = LINE ( 'NONE', #295, #254 ) ;
#3308 =( LENGTH_UNIT ( ) NAMED_UNIT ( * ) SI_UNIT ( .MILLI., .METRE. ) );
#3309 = EDGE_CURVE ( 'NONE', #2150, #419, #2408, .T. ) ;
#3310 = CARTESIAN_POINT ( 'NONE',  ( 2.470912718707049200, 5.400000000000000400, -3.686201945071338100 ) ) ;
#3311 = VECTOR ( 'NONE', #2594, 1000.000000000000000 ) ;
#3312 = CARTESIAN_POINT ( 'NONE',  ( 1.897352512381540000, 5.405000000000000200, -3.359241902295953000 ) ) ;
#3313 = AXIS2_PLACEMENT_3D ( 'NONE', #2623, #4168, #1525 ) ;
#3314 = LINE ( 'NONE', #2246, #1309 ) ;
#3315 = CARTESIAN_POINT ( 'NONE',  ( 6.259489662753303200, 0.1000000000000000100, -5.259758836854994800 ) ) ;
#3316 = ORIENTED_EDGE ( 'NONE', *, *, #3723, .T. ) ;
#3317 = ORIENTED_EDGE ( 'NONE', *, *, #1118, .T. ) ;
#3318 = ORIENTED_EDGE ( 'NONE', *, *, #1967, .F. ) ;
#3319 = ORIENTED_EDGE ( 'NONE', *, *, #1056, .F. ) ;
#3320 = EDGE_CURVE ( 'NONE', #3871, #597, #2567, .T. ) ;
#3321 = ORIENTED_EDGE ( 'NONE', *, *, #473, .F. ) ;
#3322 = FACE_OUTER_BOUND ( 'NONE', #2682, .T. ) ;
#3323 = EDGE_CURVE ( 'NONE', #3083, #2616, #4500, .T. ) ;
#3324 = DIRECTION ( 'NONE',  ( -1.000000000000000000, 0.0000000000000000000, 2.465190328815661900E-032 ) ) ;
#3325 = ORIENTED_EDGE ( 'NONE', *, *, #1419, .T. ) ;
#3326 = CARTESIAN_POINT ( 'NONE',  ( 6.345038790506484900, 3.585237056114943100, -3.760411413913076700 ) ) ;
#3327 = EDGE_LOOP ( 'NONE', ( #1170, #2034, #2904, #1812 ) ) ;
#3328 = ORIENTED_EDGE ( 'NONE', *, *, #2366, .T. ) ;
#3329 = FACE_OUTER_BOUND ( 'NONE', #297, .T. ) ;
#3330 = PLANE ( 'NONE',  #501 ) ;
#3331 = EDGE_CURVE ( 'NONE', #4016, #381, #3096, .T. ) ;
#3332 = LINE ( 'NONE', #299, #4521 ) ;
#3333 = DIRECTION ( 'NONE',  ( 0.0000000000000000000, 0.0000000000000000000, 1.000000000000000000 ) ) ;
#3334 = SURFACE_STYLE_USAGE ( .BOTH. , #1116 ) ;
#3335 = CARTESIAN_POINT ( 'NONE',  ( 6.259489662753303200, 3.449640000000000500, -5.259758836854994800 ) ) ;
#3336 = VECTOR ( 'NONE', #2944, 1000.000000000000000 ) ;
#3337 =( LENGTH_UNIT ( ) NAMED_UNIT ( * ) SI_UNIT ( .MILLI., .METRE. ) );
#3338 = EDGE_LOOP ( 'NONE', ( #1312, #2462, #1720, #4732 ) ) ;
#3339 = AXIS2_PLACEMENT_3D ( 'NONE', #2953, #682, #1466 ) ;
#3340 = EDGE_CURVE ( 'NONE', #2860, #556, #4216, .T. ) ;
#3341 = PRESENTATION_LAYER_ASSIGNMENT (  '', '', ( #2358 ) ) ;
#3342 = CARTESIAN_POINT ( 'NONE',  ( 2.745332142516061100, 5.400000000000000400, -3.686201945071338100 ) ) ;
#3343 = DIRECTION ( 'NONE',  ( 1.000000000000000000, 0.0000000000000000000, -2.465190328815661900E-032 ) ) ;
#3344 = AXIS2_PLACEMENT_3D ( 'NONE', #4628, #2729, #3462 ) ;
#3345 = CARTESIAN_POINT ( 'NONE',  ( -1.490510337246697000, 3.549640000000000100, -5.259758836854994800 ) ) ;
#3346 = CARTESIAN_POINT ( 'NONE',  ( 6.259489662753303200, 3.499640000000000300, -5.259758836854994800 ) ) ;
#3347 = FILL_AREA_STYLE_COLOUR ( '', #3942 ) ;
#3348 = SURFACE_STYLE_USAGE ( .BOTH. , #2961 ) ;
#3349 = EDGE_CURVE ( 'NONE', #4445, #263, #2814, .T. ) ;
#3350 = CARTESIAN_POINT ( 'NONE',  ( 6.226655151064205600, 3.496795878020934700, -3.800555391946486100 ) ) ;
#3351 = AXIS2_PLACEMENT_3D ( 'NONE', #3511, #1248, #2777 ) ;
#3352 = LINE ( 'NONE', #236, #4363 ) ;
#3353 = FILL_AREA_STYLE_COLOUR ( '', #2758 ) ;
#3354 = CARTESIAN_POINT ( 'NONE',  ( 2.655822253245574400, 5.405000000000000200, -2.817423836854994400 ) ) ;
#3355 = CARTESIAN_POINT ( 'NONE',  ( 3.709898763864433800, 5.405000000000000200, -3.198634632205447300 ) ) ;
#3356 = VERTEX_POINT ( 'NONE', #2771 ) ;
#3357 = ORIENTED_EDGE ( 'NONE', *, *, #172, .F. ) ;
#3358 = CARTESIAN_POINT ( 'NONE',  ( 3.275485935262683100, 5.405000000000000200, -2.982741098268310700 ) ) ;
#3359 = FILL_AREA_STYLE_COLOUR ( '', #4167 ) ;
#3360 = ORIENTED_EDGE ( 'NONE', *, *, #3467, .F. ) ;
#3361 = COLOUR_RGB ( '',0.8980392156862745400, 0.9215686274509803400, 0.9294117647058823800 ) ;
#3362 = EDGE_LOOP ( 'NONE', ( #208, #1258, #3534, #1405 ) ) ;
#3363 = FILL_AREA_STYLE_COLOUR ( '', #1818 ) ;
#3364 = VECTOR ( 'NONE', #4345, 999.9999999999998900 ) ;
#3365 = VERTEX_POINT ( 'NONE', #2747 ) ;
#3366 = ORIENTED_EDGE ( 'NONE', *, *, #2840, .T. ) ;
#3367 = STYLED_ITEM ( 'NONE', ( #1952 ), #1727 ) ;
#3368 = EDGE_LOOP ( 'NONE', ( #1581, #3622, #3665, #277, #3682, #4263, #1109, #3927 ) ) ;
#3369 = DIRECTION ( 'NONE',  ( -0.2760118818968579900, 0.0000000000000000000, 0.9611542233438683500 ) ) ;
#3370 =( LENGTH_UNIT ( ) NAMED_UNIT ( * ) SI_UNIT ( .MILLI., .METRE. ) );
#3371 = CARTESIAN_POINT ( 'NONE',  ( 2.014275471456824300, 5.400000000000000400, -3.686201945071338100 ) ) ;
#3372 = PRESENTATION_LAYER_ASSIGNMENT (  '', '', ( #2730 ) ) ;
#3373 = UNCERTAINTY_MEASURE_WITH_UNIT (LENGTH_MEASURE( 1.000000000000000100E-005 ), #2220, 'distance_accuracy_value', 'NONE');
#3374 = ORIENTED_EDGE ( 'NONE', *, *, #2888, .T. ) ;
#3375 = ORIENTED_EDGE ( 'NONE', *, *, #4302, .F. ) ;
#3376 = VECTOR ( 'NONE', #1549, 1000.000000000000000 ) ;
#3377 = EDGE_CURVE ( 'NONE', #1947, #1299, #1589, .T. ) ;
#3378 = DIRECTION ( 'NONE',  ( -0.0000000000000000000, 1.000000000000000000, 0.0000000000000000000 ) ) ;
#3379 = PLANE ( 'NONE',  #290 ) ;
#3380 = ORIENTED_EDGE ( 'NONE', *, *, #948, .T. ) ;
#3381 = FACE_OUTER_BOUND ( 'NONE', #3102, .T. ) ;
#3382 = VERTEX_POINT ( 'NONE', #2796 ) ;
#3383 = DIRECTION ( 'NONE',  ( 0.0000000000000000000, 0.0000000000000000000, 1.000000000000000000 ) ) ;
#3384 = ORIENTED_EDGE ( 'NONE', *, *, #4449, .T. ) ;
#3385 = CARTESIAN_POINT ( 'NONE',  ( 4.577490409989048100, 5.405000000000000200, -3.518438160091719600 ) ) ;
#3386 = DIRECTION ( 'NONE',  ( 1.000000000000000000, 0.0000000000000000000, 0.0000000000000000000 ) ) ;
#3387 = FILL_AREA_STYLE_COLOUR ( '', #1290 ) ;
#3388 = ORIENTED_EDGE ( 'NONE', *, *, #1322, .T. ) ;
#3389 = CARTESIAN_POINT ( 'NONE',  ( 6.159489662753302700, 3.599640000000000400, -5.259758836854994800 ) ) ;
#3390 = EDGE_CURVE ( 'NONE', #2214, #1157, #716, .T. ) ;
#3391 = CARTESIAN_POINT ( 'NONE',  ( -1.340510337246696700, -0.0000000000000000000, -5.442037603657841100 ) ) ;
#3392 =( LENGTH_UNIT ( ) NAMED_UNIT ( * ) SI_UNIT ( .MILLI., .METRE. ) );
#3393 = CARTESIAN_POINT ( 'NONE',  ( 6.217557927854226600, 3.499216219597983900, -4.021182548283712200 ) ) ;
#3394 = MECHANICAL_DESIGN_GEOMETRIC_PRESENTATION_REPRESENTATION (  '', ( #2827 ), #832 ) ;
#3395 = PLANE ( 'NONE',  #12 ) ;
#3396 = DIRECTION ( 'NONE',  ( -0.9219486802374842200, 0.0000000000000000000, -0.3873120589503521400 ) ) ;
#3397 = DIRECTION ( 'NONE',  ( -0.0000000000000000000, -0.0000000000000000000, -1.000000000000000000 ) ) ;
#3398 = LINE ( 'NONE', #624, #4181 ) ;
#3399 = EDGE_CURVE ( 'NONE', #2731, #3047, #3209, .T. ) ;
#3400 = UNCERTAINTY_MEASURE_WITH_UNIT (LENGTH_MEASURE( 1.000000000000000100E-005 ), #3219, 'distance_accuracy_value', 'NONE');
#3401 = PRESENTATION_LAYER_ASSIGNMENT (  '', '', ( #4014 ) ) ;
#3402 = CARTESIAN_POINT ( 'NONE',  ( 4.092203185916966700, 5.405000000000000200, -3.518457043707875700 ) ) ;
#3403 = CARTESIAN_POINT ( 'NONE',  ( 3.637534488846304800, 5.400000000000000400, -2.817423836854994400 ) ) ;
#3404 =( NAMED_UNIT ( * ) SI_UNIT ( $, .STERADIAN. ) SOLID_ANGLE_UNIT ( ) );
#3405 = EDGE_CURVE ( 'NONE', #3356, #2489, #4328, .T. ) ;
#3406 = AXIS2_PLACEMENT_3D ( 'NONE', #4771, #2541, #1113 ) ;
#3407 = CARTESIAN_POINT ( 'NONE',  ( 0.8299926272431523700, 5.400000000000000400, -3.289146770602190200 ) ) ;
#3408 = CARTESIAN_POINT ( 'NONE',  ( 6.159489662753302700, 0.1000000000000000100, -2.442037603657841900 ) ) ;
#3409 = EDGE_CURVE ( 'NONE', #3719, #4689, #1760, .T. ) ;
#3410 = DIRECTION ( 'NONE',  ( -0.0000000000000000000, -1.000000000000000000, -0.0000000000000000000 ) ) ;
#3411 = DIRECTION ( 'NONE',  ( -1.204789559495399200E-016, -1.000000000000000000, 0.0000000000000000000 ) ) ;
#3412 = VERTEX_POINT ( 'NONE', #2371 ) ;
#3413 = VECTOR ( 'NONE', #3484, 1000.000000000000000 ) ;
#3414 = DIRECTION ( 'NONE',  ( 0.0000000000000000000, -1.000000000000000000, 0.0000000000000000000 ) ) ;
#3415 = CARTESIAN_POINT ( 'NONE',  ( 3.755772969893660400, 5.405000000000000200, -3.359212844580303300 ) ) ;
#3416 = CARTESIAN_POINT ( 'NONE',  ( 3.259489662753303200, 0.1000000000000000100, -5.442037603657841900 ) ) ;
#3417 = LINE ( 'NONE', #3766, #3838 ) ;
#3418 = ORIENTED_EDGE ( 'NONE', *, *, #4084, .T. ) ;
#3419 = ORIENTED_EDGE ( 'NONE', *, *, #836, .F. ) ;
#3420 = VECTOR ( 'NONE', #298, 1000.000000000000000 ) ;
#3421 = CARTESIAN_POINT ( 'NONE',  ( -1.440510337246696700, 3.449640000000000500, -2.559758836854994200 ) ) ;
#3422 = CARTESIAN_POINT ( 'NONE',  ( -1.508630916170231400, 3.596562409514310500, -3.759783820527407400 ) ) ;
#3423 = CARTESIAN_POINT ( 'NONE',  ( 5.159489662753302700, 5.400000000000000400, -1.706981370460689800 ) ) ;
#3424 = ORIENTED_EDGE ( 'NONE', *, *, #55, .F. ) ;
#3425 = CARTESIAN_POINT ( 'NONE',  ( 5.824079466128335300, 3.499640000000000300, -3.797955437980004700 ) ) ;
#3426 = AXIS2_PLACEMENT_3D ( 'NONE', #4655, #209, #223 ) ;
#3427 = UNCERTAINTY_MEASURE_WITH_UNIT (LENGTH_MEASURE( 1.000000000000000100E-005 ), #2193, 'distance_accuracy_value', 'NONE');
#3428 = EDGE_CURVE ( 'NONE', #2975, #60, #4382, .T. ) ;
#3429 = FILL_AREA_STYLE ('',( #2312 ) ) ;
#3430 = AXIS2_PLACEMENT_3D ( 'NONE', #3812, #104, #72 ) ;
#3431 = LINE ( 'NONE', #4487, #2336 ) ;
#3432 = ADVANCED_FACE ( 'NONE', ( #3615 ), #3477, .F. ) ;
#3433 = CARTESIAN_POINT ( 'NONE',  ( 0.4392614687446703100, 5.400000000000000400, -3.686201945071338600 ) ) ;
#3434 = VERTEX_POINT ( 'NONE', #3502 ) ;
#3435 = SURFACE_SIDE_STYLE ('',( #3291 ) ) ;
#3436 = DIRECTION ( 'NONE',  ( 0.9610664548998952800, 0.0000000000000000000, 0.2763173343569809100 ) ) ;
#3437 = FACE_OUTER_BOUND ( 'NONE', #3558, .T. ) ;
#3438 = EDGE_LOOP ( 'NONE', ( #1472, #245, #2241, #3488 ) ) ;
#3439 = VERTEX_POINT ( 'NONE', #4251 ) ;
#3440 = MECHANICAL_DESIGN_GEOMETRIC_PRESENTATION_REPRESENTATION (  '', ( #4789 ), #1778 ) ;
#3442 = ORIENTED_EDGE ( 'NONE', *, *, #2014, .T. ) ;
#3441 = LINE ( 'NONE', #1125, #4572 ) ;
#3443 = VECTOR ( 'NONE', #3593, 1000.000000000000000 ) ;
#3444 = EDGE_CURVE ( 'NONE', #3722, #3816, #3789, .T. ) ;
#3445 = DIRECTION ( 'NONE',  ( -0.9619530280415578000, 0.0000000000000000000, -0.2732148821745951600 ) ) ;
#3446 = CARTESIAN_POINT ( 'NONE',  ( 6.226608098903132500, 3.496618283746687300, -4.018784182441337700 ) ) ;
#3447 = CARTESIAN_POINT ( 'NONE',  ( 3.337119988877415900, 5.405000000000000200, -3.198634632205447300 ) ) ;
#3448 = VECTOR ( 'NONE', #2645, 1000.000000000000000 ) ;
#3449 = CARTESIAN_POINT ( 'NONE',  ( 6.359489662753302900, 3.549640000000000100, -5.259758836854994800 ) ) ;
#3450 = LINE ( 'NONE', #1134, #4234 ) ;
#3451 = DIRECTION ( 'NONE',  ( 0.0000000000000000000, 0.0000000000000000000, -1.000000000000000000 ) ) ;
#3452 = LINE ( 'NONE', #1045, #3336 ) ;
#3453 =( NAMED_UNIT ( * ) SI_UNIT ( $, .STERADIAN. ) SOLID_ANGLE_UNIT ( ) );
#3454 = EDGE_LOOP ( 'NONE', ( #4522, #1873, #3017, #1578 ) ) ;
#3455 = CARTESIAN_POINT ( 'NONE',  ( -1.440510337246696700, 0.1000000000000000100, -5.259758836854994800 ) ) ;
#3456 = SURFACE_STYLE_FILL_AREA ( #3712 ) ;
#3457 = CARTESIAN_POINT ( 'NONE',  ( -1.340510337246696700, 0.1000000000000000100, -2.442037603657841900 ) ) ;
#3458 = DIRECTION ( 'NONE',  ( 0.0000000000000000000, -1.000000000000000000, 0.0000000000000000000 ) ) ;
#3459 = DIRECTION ( 'NONE',  ( 1.000000000000000000, 0.0000000000000000000, 0.0000000000000000000 ) ) ;
#3460 = PRESENTATION_LAYER_ASSIGNMENT (  '', '', ( #4474 ) ) ;
#3461 = CARTESIAN_POINT ( 'NONE',  ( -1.532803339038173900, 3.576310245583161200, -4.057933472197383700 ) ) ;
#3462 = DIRECTION ( 'NONE',  ( 1.000000000000000000, 0.0000000000000000000, 0.0000000000000000000 ) ) ;
#3463 = AXIS2_PLACEMENT_3D ( 'NONE', #3345, #1546, #27 ) ;
#3464 = DIRECTION ( 'NONE',  ( -0.0000000000000000000, -0.0000000000000000000, -1.000000000000000000 ) ) ;
#3465 = PLANE ( 'NONE',  #1334 ) ;
#3466 = DIRECTION ( 'NONE',  ( 1.000000000000000000, 0.0000000000000000000, 0.0000000000000000000 ) ) ;
#3467 = EDGE_CURVE ( 'NONE', #2322, #2988, #3676, .T. ) ;
#3468 = LINE ( 'NONE', #4698, #2485 ) ;
#3469 = MECHANICAL_DESIGN_GEOMETRIC_PRESENTATION_REPRESENTATION (  '', ( #92 ), #4816 ) ;
#3470 = CARTESIAN_POINT ( 'NONE',  ( -1.403542359069331200, 3.497911797223787200, -4.019992102069817700 ) ) ;
#3471 = CARTESIAN_POINT ( 'NONE',  ( 0.5804344111939931900, 5.405000000000000200, -3.315721371127209800 ) ) ;
#3472 = ORIENTED_EDGE ( 'NONE', *, *, #880, .T. ) ;
#3473 = ADVANCED_FACE ( 'NONE', ( #767 ), #1664, .T. ) ;
#3474 = ORIENTED_EDGE ( 'NONE', *, *, #3405, .T. ) ;
#3475 = VECTOR ( 'NONE', #88, 1000.000000000000000 ) ;
#3476 = CARTESIAN_POINT ( 'NONE',  ( 0.0000000000000000000, 0.0000000000000000000, -2.559758836854994200 ) ) ;
#3477 = PLANE ( 'NONE',  #3113 ) ;
#3478 = VERTEX_POINT ( 'NONE', #182 ) ;
#3479 = ORIENTED_EDGE ( 'NONE', *, *, #3885, .T. ) ;
#3480 = CIRCLE ( 'NONE', #720, 1.000000000000000000 ) ;
#3481 = ORIENTED_EDGE ( 'NONE', *, *, #1493, .F. ) ;
#3482 = FILL_AREA_STYLE ('',( #3087 ) ) ;
#3483 = CARTESIAN_POINT ( 'NONE',  ( 6.159489662753302700, 3.599640000000000400, -5.259758836854994800 ) ) ;
#3484 = DIRECTION ( 'NONE',  ( 0.0000000000000000000, 0.0000000000000000000, 1.000000000000000000 ) ) ;
#3485 = CARTESIAN_POINT ( 'NONE',  ( -1.005100140621728800, 3.449640000000000500, -3.909758836854994300 ) ) ;
#3486 = VECTOR ( 'NONE', #4046, 1000.000000000000000 ) ;
#3487 = FACE_OUTER_BOUND ( 'NONE', #4486, .T. ) ;
#3488 = ORIENTED_EDGE ( 'NONE', *, *, #2005, .T. ) ;
#3489 = EDGE_CURVE ( 'NONE', #2117, #3264, #2627, .T. ) ;
#3490 = CARTESIAN_POINT ( 'NONE',  ( 2.237119081631954800, 5.405000000000000200, -2.817423836854994000 ) ) ;
#3491 = VECTOR ( 'NONE', #2480, 1000.000000000000000 ) ;
#3492 = MANIFOLD_SOLID_BREP ( 'Cut-Extrude3', #2923 ) ;
#3493 = DIRECTION ( 'NONE',  ( 2.465190328815661900E-032, 0.0000000000000000000, 1.000000000000000000 ) ) ;
#3494 = CARTESIAN_POINT ( 'NONE',  ( 3.382941362698836500, 5.405000000000000200, -3.359212844580303300 ) ) ;
#3496 = ORIENTED_EDGE ( 'NONE', *, *, #3923, .F. ) ;
#3495 = LINE ( 'NONE', #3891, #4443 ) ;
#3497 = PRESENTATION_LAYER_ASSIGNMENT (  '', '', ( #3034 ) ) ;
#3498 = ORIENTED_EDGE ( 'NONE', *, *, #2315, .F. ) ;
#3499 = ORIENTED_EDGE ( 'NONE', *, *, #2560, .T. ) ;
#3500 = CARTESIAN_POINT ( 'NONE',  ( -1.539082055674907000, 3.561505419037298100, -4.054830383806142400 ) ) ;
#3501 = EDGE_LOOP ( 'NONE', ( #2160, #3904, #818, #672 ) ) ;
#3502 = CARTESIAN_POINT ( 'NONE',  ( 0.9496575785984551200, 5.400000000000000400, -3.686201945071338600 ) ) ;
#3503 = PRESENTATION_LAYER_ASSIGNMENT (  '', '', ( #528 ) ) ;
#3505 = ORIENTED_EDGE ( 'NONE', *, *, #2808, .F. ) ;
#3504 = VECTOR ( 'NONE', #3042, 1000.000000000000000 ) ;
#3506 = FACE_OUTER_BOUND ( 'NONE', #3610, .T. ) ;
#3507 = ORIENTED_EDGE ( 'NONE', *, *, #4055, .T. ) ;
#3508 = ORIENTED_EDGE ( 'NONE', *, *, #2664, .T. ) ;
#3509 = CARTESIAN_POINT ( 'NONE',  ( 2.100930858683645500, 5.405000000000000200, -3.686201945071338100 ) ) ;
#3510 = ADVANCED_FACE ( 'NONE', ( #664 ), #3596, .T. ) ;
#3511 = CARTESIAN_POINT ( 'NONE',  ( -0.3405103372466971600, 0.0000000000000000000, -1.706981370460688900 ) ) ;
#3512 = CARTESIAN_POINT ( 'NONE',  ( 6.159489662753302700, 3.499640000000000300, -2.559758836854994200 ) ) ;
#3513 = PRESENTATION_LAYER_ASSIGNMENT (  '', '', ( #1618 ) ) ;
#3514 = VECTOR ( 'NONE', #448, 1000.000000000000000 ) ;
#3515 = EDGE_CURVE ( 'NONE', #2116, #4018, #3854, .T. ) ;
#3516 = CARTESIAN_POINT ( 'NONE',  ( -0.7405103372466973500, 5.400000000000000400, -6.777093836854994900 ) ) ;
#3517 = COLOUR_RGB ( '',0.6509803921568627600, 0.6196078431372549200, 0.5882352941176470800 ) ;
#3518 = ORIENTED_EDGE ( 'NONE', *, *, #2808, .T. ) ;
#3519 = CARTESIAN_POINT ( 'NONE',  ( -1.154009524251970300, 5.399999999999998600, 0.7789392431425141700 ) ) ;
#3520 = DIRECTION ( 'NONE',  ( 1.000000000000000000, 0.0000000000000000000, -2.465190328815661900E-032 ) ) ;
#3521 = DIRECTION ( 'NONE',  ( -0.3829140317376763500, 0.0000000000000000000, -0.9237839814038765200 ) ) ;
#3522 = DIRECTION ( 'NONE',  ( -1.000000000000000000, -1.301042606982605600E-016, -0.0000000000000000000 ) ) ;
#3523 = CARTESIAN_POINT ( 'NONE',  ( 5.159489662753302700, 5.400000000000000400, -1.706981370460689800 ) ) ;
#3524 = DIRECTION ( 'NONE',  ( 1.000000000000000000, 0.0000000000000000000, -2.465190328815661900E-032 ) ) ;
#3525 = DIRECTION ( 'NONE',  ( -0.2755520632520535000, 0.0000000000000000000, 0.9612861490927331300 ) ) ;
#3526 = EDGE_CURVE ( 'NONE', #2833, #768, #1879, .T. ) ;
#3527 = DIRECTION ( 'NONE',  ( 0.0000000000000000000, 1.000000000000000000, 0.0000000000000000000 ) ) ;
#3528 = UNCERTAINTY_MEASURE_WITH_UNIT (LENGTH_MEASURE( 1.000000000000000100E-005 ), #3029, 'distance_accuracy_value', 'NONE');
#3529 = MECHANICAL_DESIGN_GEOMETRIC_PRESENTATION_REPRESENTATION (  '', ( #1959 ), #3953 ) ;
#3530 = CARTESIAN_POINT ( 'NONE',  ( -1.340510337246697100, 0.0000000000000000000, -6.777093836854994900 ) ) ;
#3531 = DIRECTION ( 'NONE',  ( 1.000000000000000000, 0.0000000000000000000, 0.0000000000000000000 ) ) ;
#3532 = ORIENTED_EDGE ( 'NONE', *, *, #4166, .T. ) ;
#3533 = CARTESIAN_POINT ( 'NONE',  ( 0.5718359686798146800, 5.405000000000000200, -3.289146770602183500 ) ) ;
#3534 = ORIENTED_EDGE ( 'NONE', *, *, #3820, .F. ) ;
#3535 = SURFACE_STYLE_USAGE ( .BOTH. , #1632 ) ;
#3536 = VECTOR ( 'NONE', #2803, 1000.000000000000000 ) ;
#3537 = EDGE_CURVE ( 'NONE', #1542, #1995, #3728, .T. ) ;
#3538 = VECTOR ( 'NONE', #4264, 1000.000000000000000 ) ;
#3539 = ORIENTED_EDGE ( 'NONE', *, *, #1597, .F. ) ;
#3540 = AXIS2_PLACEMENT_3D ( 'NONE', #647, #3966, #4003 ) ;
#3541 = VECTOR ( 'NONE', #439, 1000.000000000000000 ) ;
#3542 = CARTESIAN_POINT ( 'NONE',  ( 1.571483454697584200, 5.400000000000000400, -3.520834493059950000 ) ) ;
#3543 = VERTEX_POINT ( 'NONE', #287 ) ;
#3544 = CARTESIAN_POINT ( 'NONE',  ( 4.339626981466238000, 5.400000000000000400, -3.518457043705699700 ) ) ;
#3545 = CARTESIAN_POINT ( 'NONE',  ( 1.417118309955932600, 5.405000000000000200, -2.982709398945779800 ) ) ;
#3546 = ORIENTED_EDGE ( 'NONE', *, *, #4737, .T. ) ;
#3547 = FACE_OUTER_BOUND ( 'NONE', #3965, .T. ) ;
#3548 = SURFACE_STYLE_FILL_AREA ( #604 ) ;
#3549 = DIRECTION ( 'NONE',  ( 1.204789559495399200E-016, -1.000000000000000000, 0.0000000000000000000 ) ) ;
#3550 = LINE ( 'NONE', #2122, #3491 ) ;
#3551 = LINE ( 'NONE', #1753, #4323 ) ;
#3552 = PLANE ( 'NONE',  #4704 ) ;
#3553 = FILL_AREA_STYLE_COLOUR ( '', #3731 ) ;
#3554 = VECTOR ( 'NONE', #3801, 1000.000000000000100 ) ;
#3555 = CARTESIAN_POINT ( 'NONE',  ( -1.340510337246696700, 3.499640000000000300, -5.259758836854994800 ) ) ;
#3556 = EDGE_CURVE ( 'NONE', #4742, #3196, #361, .T. ) ;
#3557 = VECTOR ( 'NONE', #2448, 1000.000000000000000 ) ;
#3558 = EDGE_LOOP ( 'NONE', ( #918, #301, #4767, #1035, #3796, #616, #4365, #4193, #378, #658 ) ) ;
#3559 = EDGE_LOOP ( 'NONE', ( #3599, #1855, #3924, #4735 ) ) ;
#3560 = DIRECTION ( 'NONE',  ( -0.2793947940878290800, 0.0000000000000000000, 0.9601763114327596100 ) ) ;
#3561 = ADVANCED_FACE ( 'NONE', ( #2864 ), #276, .F. ) ;
#3562 = ORIENTED_EDGE ( 'NONE', *, *, #3071, .T. ) ;
#3563 = ORIENTED_EDGE ( 'NONE', *, *, #592, .F. ) ;
#3564 = DIRECTION ( 'NONE',  ( 1.000000000000000000, 0.0000000000000000000, -2.465190328815661900E-032 ) ) ;
#3565 = CARTESIAN_POINT ( 'NONE',  ( 0.7611839598098247800, 5.405000000000000200, -2.817423836854994400 ) ) ;
#3566 = VERTEX_POINT ( 'NONE', #2114 ) ;
#3568 = ORIENTED_EDGE ( 'NONE', *, *, #4540, .F. ) ;
#3567 = LINE ( 'NONE', #3694, #2643 ) ;
#3569 = EDGE_CURVE ( 'NONE', #2386, #899, #486, .T. ) ;
#3570 = LINE ( 'NONE', #2673, #2070 ) ;
#3571 =( NAMED_UNIT ( * ) PLANE_ANGLE_UNIT ( ) SI_UNIT ( $, .RADIAN. ) );
#3572 = AXIS2_PLACEMENT_3D ( 'NONE', #3702, #1461, #1099 ) ;
#3573 = CARTESIAN_POINT ( 'NONE',  ( 1.372451319879636400, 5.405000000000000200, -3.686201945071338600 ) ) ;
#3574 = EDGE_CURVE ( 'NONE', #3439, #1139, #3551, .T. ) ;
#3575 = CARTESIAN_POINT ( 'NONE',  ( 2.437501996936831400, 5.405000000000000200, -3.065535702132370100 ) ) ;
#3576 = CARTESIAN_POINT ( 'NONE',  ( 6.209489662753303400, 3.499640000000000300, -2.559758836854994200 ) ) ;
#3577 = STYLED_ITEM ( 'NONE', ( #1861 ), #4005 ) ;
#3578 = PRESENTATION_STYLE_ASSIGNMENT (( #2362 ) ) ;
#3579 = FACE_OUTER_BOUND ( 'NONE', #140, .T. ) ;
#3580 = EDGE_LOOP ( 'NONE', ( #3048, #1651, #3651, #3774 ) ) ;
#3581 = EDGE_CURVE ( 'NONE', #82, #4336, #954, .T. ) ;
#3582 = PLANE ( 'NONE',  #2868 ) ;
#3583 = DIRECTION ( 'NONE',  ( 1.000000000000000000, -1.301042606982605600E-016, 0.0000000000000000000 ) ) ;
#3584 = EDGE_CURVE ( 'NONE', #2676, #2002, #3207, .T. ) ;
#3585 = ADVANCED_FACE ( 'NONE', ( #1357 ), #2450, .T. ) ;
#3586 = UNCERTAINTY_MEASURE_WITH_UNIT (LENGTH_MEASURE( 1.000000000000000100E-005 ), #1444, 'distance_accuracy_value', 'NONE');
#3587 = EDGE_CURVE ( 'NONE', #142, #1949, #833, .T. ) ;
#3588 = PLANE ( 'NONE',  #3690 ) ;
#3589 = CARTESIAN_POINT ( 'NONE',  ( 6.159489662753302700, 3.499640000000000300, -3.797955437980004700 ) ) ;
#3590 = DIRECTION ( 'NONE',  ( 0.0000000000000000000, -1.000000000000000000, -0.0000000000000000000 ) ) ;
#3591 = UNCERTAINTY_MEASURE_WITH_UNIT (LENGTH_MEASURE( 1.000000000000000100E-005 ), #2685, 'distance_accuracy_value', 'NONE');
#3592 = DIRECTION ( 'NONE',  ( 0.2760118818968579400, 0.0000000000000000000, -0.9611542233438684600 ) ) ;
#3593 = DIRECTION ( 'NONE',  ( 0.0000000000000000000, -1.000000000000000000, -0.0000000000000000000 ) ) ;
#3594 = STYLED_ITEM ( 'NONE', ( #3678 ), #2135 ) ;
#3595 = COLOUR_RGB ( '',0.8980392156862745400, 0.9215686274509803400, 0.9294117647058823800 ) ;
#3596 = PLANE ( 'NONE',  #633 ) ;
#3597 = ORIENTED_EDGE ( 'NONE', *, *, #948, .F. ) ;
#3598 = DIRECTION ( 'NONE',  ( 0.0000000000000000000, -0.0000000000000000000, 1.000000000000000000 ) ) ;
#3599 = ORIENTED_EDGE ( 'NONE', *, *, #3444, .T. ) ;
#3600 = VECTOR ( 'NONE', #4825, 1000.000000000000100 ) ;
#3601 = VERTEX_POINT ( 'NONE', #2895 ) ;
#3602 = VECTOR ( 'NONE', #5, 1000.000000000000000 ) ;
#3603 = ORIENTED_EDGE ( 'NONE', *, *, #4649, .F. ) ;
#3604 = FACE_OUTER_BOUND ( 'NONE', #3250, .T. ) ;
#3605 = ORIENTED_EDGE ( 'NONE', *, *, #120, .F. ) ;
#3606 = EDGE_CURVE ( 'NONE', #494, #200, #3307, .T. ) ;
#3607 = PRESENTATION_LAYER_ASSIGNMENT (  '', '', ( #4119 ) ) ;
#3608 = DIRECTION ( 'NONE',  ( -1.000000000000000000, 0.0000000000000000000, 7.562438100085999800E-017 ) ) ;
#3609 = ADVANCED_FACE ( 'NONE', ( #1705 ), #3379, .F. ) ;
#3610 = EDGE_LOOP ( 'NONE', ( #2344, #1122, #4670, #3244 ) ) ;
#3611 =( NAMED_UNIT ( * ) PLANE_ANGLE_UNIT ( ) SI_UNIT ( $, .RADIAN. ) );
#3612 = DIRECTION ( 'NONE',  ( -1.512487620017200200E-016, 0.0000000000000000000, 1.000000000000000000 ) ) ;
#3613 = SURFACE_STYLE_FILL_AREA ( #2728 ) ;
#3614 = CIRCLE ( 'NONE', #179, 0.04999999999999991300 ) ;
#3615 = FACE_OUTER_BOUND ( 'NONE', #2754, .T. ) ;
#3616 = FILL_AREA_STYLE_COLOUR ( '', #4272 ) ;
#3617 = DIRECTION ( 'NONE',  ( 0.0000000000000000000, -1.000000000000000000, -0.0000000000000000000 ) ) ;
#3618 = CARTESIAN_POINT ( 'NONE',  ( 1.559489662753303000, 0.0000000000000000000, -2.442037603657841900 ) ) ;
#3620 = EDGE_LOOP ( 'NONE', ( #3274, #1260, #1102, #3847 ) ) ;
#3619 = FACE_OUTER_BOUND ( 'NONE', #4512, .T. ) ;
#3621 = ORIENTED_EDGE ( 'NONE', *, *, #318, .F. ) ;
#3622 = ORIENTED_EDGE ( 'NONE', *, *, #2851, .T. ) ;
#3623 = VECTOR ( 'NONE', #4408, 1000.000000000000000 ) ;
#3625 = VERTEX_POINT ( 'NONE', #3288 ) ;
#3624 = PRESENTATION_STYLE_ASSIGNMENT (( #2012 ) ) ;
#3626 = ADVANCED_FACE ( 'NONE', ( #1465 ), #1547, .F. ) ;
#3627 = AXIS2_PLACEMENT_3D ( 'NONE', #495, #3078, #1921 ) ;
#3628 = ORIENTED_EDGE ( 'NONE', *, *, #2091, .T. ) ;
#3629 = ORIENTED_EDGE ( 'NONE', *, *, #4063, .T. ) ;
#3630 = MECHANICAL_DESIGN_GEOMETRIC_PRESENTATION_REPRESENTATION (  '', ( #3367 ), #2533 ) ;
#3631 = CARTESIAN_POINT ( 'NONE',  ( 2.437501996936831400, 5.405000000000000200, -3.065535702132370100 ) ) ;
#3632 = SURFACE_STYLE_USAGE ( .BOTH. , #4369 ) ;
#3633 = VECTOR ( 'NONE', #879, 1000.000000000000000 ) ;
#3634 = LINE ( 'NONE', #510, #3170 ) ;
#3635 =( NAMED_UNIT ( * ) SI_UNIT ( $, .STERADIAN. ) SOLID_ANGLE_UNIT ( ) );
#3636 = MECHANICAL_DESIGN_GEOMETRIC_PRESENTATION_REPRESENTATION (  '', ( #1001 ), #4299 ) ;
#3637 = VECTOR ( 'NONE', #980, 1000.000000000000000 ) ;
#3638 = VECTOR ( 'NONE', #1974, 1000.000000000000100 ) ;
#3639 = ORIENTED_EDGE ( 'NONE', *, *, #2658, .T. ) ;
#3640 = ADVANCED_FACE ( 'NONE', ( #2562 ), #1069, .T. ) ;
#3641 = EDGE_CURVE ( 'NONE', #376, #1933, #3742, .T. ) ;
#3642 = LINE ( 'NONE', #3060, #4176 ) ;
#3643 = DIRECTION ( 'NONE',  ( 1.204789559495399200E-016, -1.000000000000000000, 0.0000000000000000000 ) ) ;
#3644 = MECHANICAL_DESIGN_GEOMETRIC_PRESENTATION_REPRESENTATION (  '', ( #1323 ), #2369 ) ;
#3645 = CARTESIAN_POINT ( 'NONE',  ( -1.540510337246696400, -5.521864977630730200E-017, -5.259758836854994800 ) ) ;
#3646 = DIRECTION ( 'NONE',  ( 0.0000000000000000000, 0.0000000000000000000, -1.000000000000000000 ) ) ;
#3647 = CARTESIAN_POINT ( 'NONE',  ( 6.327610241676838500, 3.596562409514310500, -4.059733853182580200 ) ) ;
#3648 = DIRECTION ( 'NONE',  ( 1.000000000000000000, -0.0000000000000000000, -7.562438100085999800E-017 ) ) ;
#3649 = EDGE_CURVE ( 'NONE', #135, #721, #65, .T. ) ;
#3650 = EDGE_LOOP ( 'NONE', ( #3546, #1310, #410, #2876 ) ) ;
#3651 = ORIENTED_EDGE ( 'NONE', *, *, #1322, .F. ) ;
#3652 = VECTOR ( 'NONE', #3590, 1000.000000000000000 ) ;
#3653 =( NAMED_UNIT ( * ) SI_UNIT ( $, .STERADIAN. ) SOLID_ANGLE_UNIT ( ) );
#3654 = ADVANCED_FACE ( 'NONE', ( #2620 ), #4220, .F. ) ;
#3655 = EDGE_CURVE ( 'NONE', #4044, #2107, #2158, .T. ) ;
#3656 = DIRECTION ( 'NONE',  ( 0.2746459304916925600, 0.0000000000000000000, -0.9615454294334471200 ) ) ;
#3657 = DIRECTION ( 'NONE',  ( 0.0000000000000000000, 1.000000000000000000, -0.0000000000000000000 ) ) ;
#3658 = PRESENTATION_LAYER_ASSIGNMENT (  '', '', ( #4757 ) ) ;
#3659 = ORIENTED_EDGE ( 'NONE', *, *, #1371, .F. ) ;
#3660 = LINE ( 'NONE', #2169, #118 ) ;
#3661 = ORIENTED_EDGE ( 'NONE', *, *, #3569, .F. ) ;
#3662 = SURFACE_STYLE_USAGE ( .BOTH. , #796 ) ;
#3663 = CARTESIAN_POINT ( 'NONE',  ( 3.637534488846304800, 5.405000000000000200, -2.817423836854994400 ) ) ;
#3664 = DIRECTION ( 'NONE',  ( -0.0000000000000000000, -0.0000000000000000000, 1.000000000000000000 ) ) ;
#3665 = ORIENTED_EDGE ( 'NONE', *, *, #1586, .T. ) ;
#3666 = LINE ( 'NONE', #4185, #4772 ) ;
#3667 =( GEOMETRIC_REPRESENTATION_CONTEXT ( 3 ) GLOBAL_UNCERTAINTY_ASSIGNED_CONTEXT ( ( #1315 ) ) GLOBAL_UNIT_ASSIGNED_CONTEXT ( ( #1286, #1302, #1677 ) ) REPRESENTATION_CONTEXT ( 'NONE', 'WORKASPACE' ) );
#3668 = ORIENTED_EDGE ( 'NONE', *, *, #159, .F. ) ;
#3669 = LINE ( 'NONE', #2433, #3918 ) ;
#3670 = VECTOR ( 'NONE', #1339, 1000.000000000000000 ) ;
#3671 = EDGE_CURVE ( 'NONE', #886, #3722, #1171, .T. ) ;
#3672 = VECTOR ( 'NONE', #3396, 1000.000000000000000 ) ;
#3673 = CARTESIAN_POINT ( 'NONE',  ( 2.909489662753303100, 0.0000000000000000000, 0.3229061631450061400 ) ) ;
#3674 = CARTESIAN_POINT ( 'NONE',  ( 2.876592199962253000, 5.405000000000000200, -2.817423836854994400 ) ) ;
#3675 = CARTESIAN_POINT ( 'NONE',  ( 4.339626981466238000, 5.405000000000000200, -3.518457043705699700 ) ) ;
#3676 = LINE ( 'NONE', #3889, #1242 ) ;
#3677 = ORIENTED_EDGE ( 'NONE', *, *, #4812, .F. ) ;
#3678 = PRESENTATION_STYLE_ASSIGNMENT (( #1811 ) ) ;
#3679 = ORIENTED_EDGE ( 'NONE', *, *, #1213, .T. ) ;
#3680 = ORIENTED_EDGE ( 'NONE', *, *, #4127, .F. ) ;
#3681 = CARTESIAN_POINT ( 'NONE',  ( -1.419160803118164400, 3.490617442640407700, -3.806734169969949700 ) ) ;
#3682 = ORIENTED_EDGE ( 'NONE', *, *, #1505, .T. ) ;
#3683 = B_SPLINE_CURVE_WITH_KNOTS ( 'NONE', 3,
 ( #1051, #4437, #1433, #1095, #3684, #1415, #3289, #4813, #4758, #2936, #340, #3647, #4396, #2528, #1086, #314 ),
 .UNSPECIFIED., .F., .F.,
 ( 4, 3, 3, 3, 3, 4 ),
 ( 0.0000000000000000000, 1.671630824124387000E-005, 3.347221779267028600E-005, 4.974481432830325900E-005, 6.619063902955778700E-005, 7.904720848346252600E-005 ),
 .UNSPECIFIED. ) ;
#3684 = CARTESIAN_POINT ( 'NONE',  ( 6.355183357051648100, 3.570658334872388800, -4.057028057605258200 ) ) ;
#3685 = CARTESIAN_POINT ( 'NONE',  ( -1.490510337246696600, -5.324655514143918600E-017, -2.559758836854994200 ) ) ;
#3687 = ORIENTED_EDGE ( 'NONE', *, *, #1146, .F. ) ;
#3686 = LINE ( 'NONE', #3673, #911 ) ;
#3688 = DIRECTION ( 'NONE',  ( -0.2763173343569809700, 0.0000000000000000000, 0.9610664548998952800 ) ) ;
#3689 = VECTOR ( 'NONE', #2760, 1000.000000000000000 ) ;
#3690 = AXIS2_PLACEMENT_3D ( 'NONE', #3198, #990, #4293 ) ;
#3691 = SURFACE_STYLE_FILL_AREA ( #4235 ) ;
#3692 = LINE ( 'NONE', #1071, #2527 ) ;
#3693 = STYLED_ITEM ( 'NONE', ( #1874 ), #1356 ) ;
#3694 = CARTESIAN_POINT ( 'NONE',  ( 3.755772969893660400, 5.405000000000000200, -3.359212844580303300 ) ) ;
#3695 = CARTESIAN_POINT ( 'NONE',  ( 2.237119081631954800, 5.405000000000000200, -2.817423836854994000 ) ) ;
#3696 = CARTESIAN_POINT ( 'NONE',  ( 3.709898763864433800, 5.400000000000000400, -3.198634632205447300 ) ) ;
#3697 = VECTOR ( 'NONE', #1503, 1000.000000000000000 ) ;
#3698 = ORIENTED_EDGE ( 'NONE', *, *, #1021, .T. ) ;
#3699 = CARTESIAN_POINT ( 'NONE',  ( 3.429962027637210000, 5.405000000000000200, -3.520805435344759500 ) ) ;
#3700 =( LENGTH_UNIT ( ) NAMED_UNIT ( * ) SI_UNIT ( .MILLI., .METRE. ) );
#3701 = EDGE_CURVE ( 'NONE', #2273, #4039, #1934, .T. ) ;
#3702 = CARTESIAN_POINT ( 'NONE',  ( 2.909489662753303100, 5.400000000000000400, 0.3229061631450061400 ) ) ;
#3703 = PRESENTATION_LAYER_ASSIGNMENT (  '', '', ( #1323 ) ) ;
#3704 = DIRECTION ( 'NONE',  ( -1.000000000000000000, 0.0000000000000000000, 0.0000000000000000000 ) ) ;
#3705 = CARTESIAN_POINT ( 'NONE',  ( 1.851478306351302900, 5.405000000000000200, -3.198634632207176600 ) ) ;
#3706 =( NAMED_UNIT ( * ) SI_UNIT ( $, .STERADIAN. ) SOLID_ANGLE_UNIT ( ) );
#3707 = DIRECTION ( 'NONE',  ( 1.000000000000000000, 0.0000000000000000000, -2.465190328815661900E-032 ) ) ;
#3708 = CARTESIAN_POINT ( 'NONE',  ( -1.490510337246697000, 3.549640000000000100, -5.259758836854994800 ) ) ;
#3709 = VECTOR ( 'NONE', #3910, 1000.000000000000000 ) ;
#3710 = DIRECTION ( 'NONE',  ( -1.000000000000000000, 0.0000000000000000000, 0.0000000000000000000 ) ) ;
#3711 = EDGE_LOOP ( 'NONE', ( #4584, #724, #770, #2212, #4752, #51 ) ) ;
#3712 = FILL_AREA_STYLE ('',( #734 ) ) ;
#3713 = STYLED_ITEM ( 'NONE', ( #1709 ), #1054 ) ;
#3714 = CIRCLE ( 'NONE', #3206, 1.000000000000000000 ) ;
#3715 = EDGE_LOOP ( 'NONE', ( #1630, #251, #2353, #2573 ) ) ;
#3716 = CARTESIAN_POINT ( 'NONE',  ( 6.356806126627406100, 3.566643869737283100, -3.763336558707001800 ) ) ;
#3717 = DIRECTION ( 'NONE',  ( 0.0000000000000000000, 0.0000000000000000000, 1.000000000000000000 ) ) ;
#3718 = MECHANICAL_DESIGN_GEOMETRIC_PRESENTATION_REPRESENTATION (  '', ( #1799 ), #1644 ) ;
#3719 = VERTEX_POINT ( 'NONE', #869 ) ;
#3720 = ORIENTED_EDGE ( 'NONE', *, *, #4351, .F. ) ;
#3721 = VECTOR ( 'NONE', #3218, 1000.000000000000000 ) ;
#3722 = VERTEX_POINT ( 'NONE', #1954 ) ;
#3723 = EDGE_CURVE ( 'NONE', #2510, #1752, #2881, .T. ) ;
#3724 =( NAMED_UNIT ( * ) PLANE_ANGLE_UNIT ( ) SI_UNIT ( $, .RADIAN. ) );
#3725 = DIRECTION ( 'NONE',  ( 0.0000000000000000000, -1.000000000000000000, -0.0000000000000000000 ) ) ;
#3726 = MECHANICAL_DESIGN_GEOMETRIC_PRESENTATION_REPRESENTATION (  '', ( #1498 ), #3667 ) ;
#3727 = VECTOR ( 'NONE', #1734, 1000.000000000000000 ) ;
#3728 = LINE ( 'NONE', #249, #428 ) ;
#3729 = CARTESIAN_POINT ( 'NONE',  ( 0.5718359686798146800, 5.400000000000000400, -3.289146770602183500 ) ) ;
#3730 = CARTESIAN_POINT ( 'NONE',  ( 6.250460196958520100, 3.478619409859522900, -3.820886065168462900 ) ) ;
#3732 = ORIENTED_EDGE ( 'NONE', *, *, #268, .F. ) ;
#3731 = COLOUR_RGB ( '',0.8980392156862745400, 0.9215686274509803400, 0.9294117647058823800 ) ;
#3733 = ORIENTED_EDGE ( 'NONE', *, *, #3830, .F. ) ;
#3734 = ORIENTED_EDGE ( 'NONE', *, *, #1285, .T. ) ;
#3735 = CIRCLE ( 'NONE', #1819, 0.04999999999999969700 ) ;
#3736 = DIRECTION ( 'NONE',  ( 0.0000000000000000000, -1.000000000000000000, -0.0000000000000000000 ) ) ;
#3737 = ORIENTED_EDGE ( 'NONE', *, *, #1586, .F. ) ;
#3738 = CARTESIAN_POINT ( 'NONE',  ( -1.340510337246697100, 0.0000000000000000000, -6.177093836854995200 ) ) ;
#3739 = COLOUR_RGB ( '',0.8980392156862745400, 0.9215686274509803400, 0.9294117647058823800 ) ;
#3740 = VERTEX_POINT ( 'NONE', #1938 ) ;
#3741 = VERTEX_POINT ( 'NONE', #830 ) ;
#3742 = B_SPLINE_CURVE_WITH_KNOTS ( 'NONE', 3,
 ( #1050, #1790, #2555, #4394, #2526, #1431, #2268, #3012, #43, #2177, #2539, #329, #3681, #2934, #2912, #2649, #426, #3761, #695, #1527, #1442, #2286 ),
 .UNSPECIFIED., .F., .F.,
 ( 4, 3, 3, 3, 3, 3, 3, 4 ),
 ( 0.0001504004321180143000, 0.0001905304737965551900, 0.0002284395864042266500, 0.0002512595458129236500, 0.0002689097384813515500, 0.0002832246632543390900, 0.0002976425488257343000, 0.0003008911039720310300 ),
 .UNSPECIFIED. ) ;
#3743 = VECTOR ( 'NONE', #707, 1000.000000000000000 ) ;
#3744 = LINE ( 'NONE', #1966, #1430 ) ;
#3745 =( LENGTH_UNIT ( ) NAMED_UNIT ( * ) SI_UNIT ( .MILLI., .METRE. ) );
#3746 = EDGE_CURVE ( 'NONE', #4393, #2846, #3781, .T. ) ;
#3747 = LINE ( 'NONE', #4814, #215 ) ;
#3748 = CARTESIAN_POINT ( 'NONE',  ( 4.959489662753302500, 0.0000000000000000000, -2.559758836854994200 ) ) ;
#3749 = DIRECTION ( 'NONE',  ( -2.465190328815661900E-032, 0.0000000000000000000, -1.000000000000000000 ) ) ;
#3750 = DIRECTION ( 'NONE',  ( -0.9999960426590096500, 0.0000000000000000000, -0.002813301676023186900 ) ) ;
#3751 = CARTESIAN_POINT ( 'NONE',  ( 6.259489897287851400, 3.449728573581574600, -3.903807891337260900 ) ) ;
#3752 = ORIENTED_EDGE ( 'NONE', *, *, #2835, .F. ) ;
#3753 =( GEOMETRIC_REPRESENTATION_CONTEXT ( 3 ) GLOBAL_UNCERTAINTY_ASSIGNED_CONTEXT ( ( #2570 ) ) GLOBAL_UNIT_ASSIGNED_CONTEXT ( ( #3700, #2625, #4805 ) ) REPRESENTATION_CONTEXT ( 'NONE', 'WORKASPACE' ) );
#3754 = DIRECTION ( 'NONE',  ( -1.000000000000000000, 0.0000000000000000000, -2.990902544787598600E-016 ) ) ;
#3755 = MECHANICAL_DESIGN_GEOMETRIC_PRESENTATION_REPRESENTATION (  '', ( #2082 ), #4175 ) ;
#3756 = VECTOR ( 'NONE', #1318, 1000.000000000000000 ) ;
#3757 = MECHANICAL_DESIGN_GEOMETRIC_PRESENTATION_REPRESENTATION (  '', ( #1283 ), #2363 ) ;
#3758 = CARTESIAN_POINT ( 'NONE',  ( -1.340510337246697100, 5.400000000000000400, -6.177093836854995200 ) ) ;
#3759 = DIRECTION ( 'NONE',  ( 0.0000000000000000000, 0.0000000000000000000, 1.000000000000000000 ) ) ;
#3760 = SURFACE_SIDE_STYLE ('',( #2992 ) ) ;
#3761 = CARTESIAN_POINT ( 'NONE',  ( -1.398578602347621000, 3.499216219597983900, -3.798335125426276300 ) ) ;
#3762 = EDGE_CURVE ( 'NONE', #4541, #2273, #4204, .T. ) ;
#3763 =( NAMED_UNIT ( * ) SI_UNIT ( $, .STERADIAN. ) SOLID_ANGLE_UNIT ( ) );
#3764 = DIRECTION ( 'NONE',  ( 0.0000000000000000000, 0.0000000000000000000, 1.000000000000000000 ) ) ;
#3765 = ORIENTED_EDGE ( 'NONE', *, *, #743, .T. ) ;
#3766 = CARTESIAN_POINT ( 'NONE',  ( 1.898720866560917900, 5.400000000000000400, -2.982709398945779400 ) ) ;
#3767 = SURFACE_STYLE_USAGE ( .BOTH. , #1994 ) ;
#3768 = ORIENTED_EDGE ( 'NONE', *, *, #3997, .F. ) ;
#3769 = ORIENTED_EDGE ( 'NONE', *, *, #3606, .F. ) ;
#3770 = CARTESIAN_POINT ( 'NONE',  ( 1.372451319879636400, 5.400000000000000400, -3.686201945071338600 ) ) ;
#3771 = DIRECTION ( 'NONE',  ( 1.000000000000000000, 0.0000000000000000000, -2.990902544787598600E-016 ) ) ;
#3772 = CARTESIAN_POINT ( 'NONE',  ( -0.1405103372466964300, 0.1000000000000000100, -5.259758836854994800 ) ) ;
#3773 = COLOUR_RGB ( '',0.6509803921568627600, 0.6196078431372549200, 0.5882352941176470800 ) ;
#3774 = ORIENTED_EDGE ( 'NONE', *, *, #2843, .T. ) ;
#3775 = CARTESIAN_POINT ( 'NONE',  ( 6.259489662753303200, 3.499640000000000300, -2.559758836854994200 ) ) ;
#3776 = ORIENTED_EDGE ( 'NONE', *, *, #981, .F. ) ;
#3777 = EDGE_CURVE ( 'NONE', #4350, #4603, #3666, .T. ) ;
#3778 = DIRECTION ( 'NONE',  ( 0.0000000000000000000, -1.000000000000000000, -0.0000000000000000000 ) ) ;
#3779 = CARTESIAN_POINT ( 'NONE',  ( 3.231038199541599500, 5.405000000000000200, -3.686201945071338100 ) ) ;
#3780 = STYLED_ITEM ( 'NONE', ( #1075 ), #1791 ) ;
#3781 = CIRCLE ( 'NONE', #2672, 0.04999999999999991300 ) ;
#3782 = VERTEX_POINT ( 'NONE', #1623 ) ;
#3783 = SURFACE_STYLE_USAGE ( .BOTH. , #749 ) ;
#3784 = CARTESIAN_POINT ( 'NONE',  ( 5.824079466128335300, 3.599640000000000400, -4.059758836854994600 ) ) ;
#3785 = FACE_OUTER_BOUND ( 'NONE', #2714, .T. ) ;
#3786 = PRESENTATION_LAYER_ASSIGNMENT (  '', '', ( #4330 ) ) ;
#3787 = FACE_OUTER_BOUND ( 'NONE', #2044, .T. ) ;
#3788 = VECTOR ( 'NONE', #3688, 1000.000000000000100 ) ;
#3789 = LINE ( 'NONE', #548, #4684 ) ;
#3790 = EDGE_CURVE ( 'NONE', #3203, #4308, #2805, .T. ) ;
#3791 = PLANE ( 'NONE',  #4488 ) ;
#3792 = DIRECTION ( 'NONE',  ( -0.0000000000000000000, -0.0000000000000000000, -1.000000000000000000 ) ) ;
#3794 = ORIENTED_EDGE ( 'NONE', *, *, #3489, .T. ) ;
#3793 = FACE_OUTER_BOUND ( 'NONE', #2855, .T. ) ;
#3795 = CARTESIAN_POINT ( 'NONE',  ( 0.6866324320865855300, 5.405000000000000200, -3.686201945071338600 ) ) ;
#3796 = ORIENTED_EDGE ( 'NONE', *, *, #2925, .T. ) ;
#3797 = UNCERTAINTY_MEASURE_WITH_UNIT (LENGTH_MEASURE( 1.000000000000000100E-005 ), #234, 'distance_accuracy_value', 'NONE');
#3798 = FACE_OUTER_BOUND ( 'NONE', #183, .T. ) ;
#3799 = ORIENTED_EDGE ( 'NONE', *, *, #172, .T. ) ;
#3800 = ORIENTED_EDGE ( 'NONE', *, *, #1204, .T. ) ;
#3801 = DIRECTION ( 'NONE',  ( 0.9219486802374840000, 0.0000000000000000000, -0.3873120589503524200 ) ) ;
#3802 = ORIENTED_EDGE ( 'NONE', *, *, #2244, .F. ) ;
#3803 = VERTEX_POINT ( 'NONE', #2379 ) ;
#3804 = VECTOR ( 'NONE', #1763, 1000.000000000000000 ) ;
#3805 = FILL_AREA_STYLE ('',( #4754 ) ) ;
#3806 = FILL_AREA_STYLE ('',( #4254 ) ) ;
#3807 = DIRECTION ( 'NONE',  ( 0.7145695586382639900, 0.0000000000000000000, -0.6995643972269577300 ) ) ;
#3808 =( NAMED_UNIT ( * ) PLANE_ANGLE_UNIT ( ) SI_UNIT ( $, .RADIAN. ) );
#3809 = LINE ( 'NONE', #1096, #1666 ) ;
#3810 = EDGE_CURVE ( 'NONE', #1596, #1024, #3202, .T. ) ;
#3811 = DIRECTION ( 'NONE',  ( 0.2746459304916925600, 0.0000000000000000000, -0.9615454294334471200 ) ) ;
#3812 = CARTESIAN_POINT ( 'NONE',  ( 1.235564354306629900, 5.405000000000000200, -3.686201945071338600 ) ) ;
#3813 = VECTOR ( 'NONE', #1796, 1000.000000000000100 ) ;
#3814 = DIRECTION ( 'NONE',  ( 0.0000000000000000000, -1.000000000000000000, -0.0000000000000000000 ) ) ;
#3815 = MECHANICAL_DESIGN_GEOMETRIC_PRESENTATION_REPRESENTATION (  '', ( #1736 ), #4064 ) ;
#3816 = VERTEX_POINT ( 'NONE', #1274 ) ;
#3817 = CARTESIAN_POINT ( 'NONE',  ( 6.259489662753303200, 0.1000000000000000100, -5.259758836854994800 ) ) ;
#3818 = DIRECTION ( 'NONE',  ( -1.000000000000000000, 0.0000000000000000000, 2.465190328815661900E-032 ) ) ;
#3819 = VECTOR ( 'NONE', #4011, 1000.000000000000000 ) ;
#3820 = EDGE_CURVE ( 'NONE', #2150, #3871, #1409, .T. ) ;
#3821 = AXIS2_PLACEMENT_3D ( 'NONE', #108, #3901, #2376 ) ;
#3822 = CARTESIAN_POINT ( 'NONE',  ( -1.440510337246696700, 0.1500000000000000200, -5.259758836854994800 ) ) ;
#3823 = CARTESIAN_POINT ( 'NONE',  ( 0.5804344111939931900, 5.405000000000000200, -3.315721371127209800 ) ) ;
#3824 = PLANE ( 'NONE',  #2715 ) ;
#3825 = DIRECTION ( 'NONE',  ( -2.465190328815661900E-032, 0.0000000000000000000, -1.000000000000000000 ) ) ;
#3826 =( GEOMETRIC_REPRESENTATION_CONTEXT ( 3 ) GLOBAL_UNCERTAINTY_ASSIGNED_CONTEXT ( ( #3528 ) ) GLOBAL_UNIT_ASSIGNED_CONTEXT ( ( #3029, #3724, #1183 ) ) REPRESENTATION_CONTEXT ( 'NONE', 'WORKASPACE' ) );
#3827 = CARTESIAN_POINT ( 'NONE',  ( -1.436947254737795100, 3.469291163012573300, -3.984670856809279900 ) ) ;
#3828 = ADVANCED_FACE ( 'NONE', ( #3547 ), #4250, .T. ) ;
#3829 = DIRECTION ( 'NONE',  ( -0.0000000000000000000, -0.0000000000000000000, -1.000000000000000000 ) ) ;
#3830 = EDGE_CURVE ( 'NONE', #3566, #2386, #4141, .T. ) ;
#3831 = CARTESIAN_POINT ( 'NONE',  ( -1.535689863520399000, 3.571732867968949500, -4.057212774654474600 ) ) ;
#3832 =( NAMED_UNIT ( * ) PLANE_ANGLE_UNIT ( ) SI_UNIT ( $, .RADIAN. ) );
#3833 = CARTESIAN_POINT ( 'NONE',  ( 6.309489662753303000, 3.549640000000000100, -2.559758836854994200 ) ) ;
#3834 = EDGE_LOOP ( 'NONE', ( #2346, #1268, #4268, #1129 ) ) ;
#3835 = FILL_AREA_STYLE ('',( #3880 ) ) ;
#3836 = CARTESIAN_POINT ( 'NONE',  ( -0.7405103372466973500, 5.400000000000000400, -6.177093836854995200 ) ) ;
#3837 = DIRECTION ( 'NONE',  ( -1.000000000000000000, 0.0000000000000000000, 2.465190328815661900E-032 ) ) ;
#3838 = VECTOR ( 'NONE', #3045, 1000.000000000000000 ) ;
#3839 = EDGE_CURVE ( 'NONE', #4386, #1891, #2558, .T. ) ;
#3840 = LINE ( 'NONE', #3663, #2493 ) ;
#3841 = ORIENTED_EDGE ( 'NONE', *, *, #382, .F. ) ;
#3842 = VECTOR ( 'NONE', #1450, 1000.000000000000000 ) ;
#3843 = DIRECTION ( 'NONE',  ( -0.0000000000000000000, -0.0000000000000000000, -1.000000000000000000 ) ) ;
#3844 = CARTESIAN_POINT ( 'NONE',  ( -1.440504607772171300, 3.450851783687515000, -3.934563367899758000 ) ) ;
#3845 = DIRECTION ( 'NONE',  ( 1.000000000000000000, 0.0000000000000000000, 0.0000000000000000000 ) ) ;
#3846 = LINE ( 'NONE', #4068, #3486 ) ;
#3847 = ORIENTED_EDGE ( 'NONE', *, *, #3115, .T. ) ;
#3848 = CARTESIAN_POINT ( 'NONE',  ( 3.890648313175632200, 5.405000000000000200, -2.817423836854994400 ) ) ;
#3849 = EDGE_CURVE ( 'NONE', #1762, #1797, #190, .T. ) ;
#3850 = SURFACE_SIDE_STYLE ('',( #1300 ) ) ;
#3851 = STYLED_ITEM ( 'NONE', ( #3213 ), #2147 ) ;
#3852 = LINE ( 'NONE', #1530, #3554 ) ;
#3853 = VECTOR ( 'NONE', #462, 1000.000000000000000 ) ;
#3854 = LINE ( 'NONE', #2133, #3557 ) ;
#3855 = DIRECTION ( 'NONE',  ( 1.000000000000000000, 0.0000000000000000000, 0.0000000000000000000 ) ) ;
#3856 = CARTESIAN_POINT ( 'NONE',  ( 1.122451953502365200, 5.405000000000000200, -2.817423836854994400 ) ) ;
#3857 = ADVANCED_FACE ( 'NONE', ( #546 ), #3229, .F. ) ;
#3858 = ORIENTED_EDGE ( 'NONE', *, *, #4678, .F. ) ;
#3859 = DIRECTION ( 'NONE',  ( -0.2760118818968579900, 0.0000000000000000000, 0.9611542233438683500 ) ) ;
#3860 = ORIENTED_EDGE ( 'NONE', *, *, #339, .T. ) ;
#3861 = ORIENTED_EDGE ( 'NONE', *, *, #3093, .F. ) ;
#3862 = AXIS2_PLACEMENT_3D ( 'NONE', #1613, #466, #1973 ) ;
#3863 = LINE ( 'NONE', #871, #2979 ) ;
#3864 = VECTOR ( 'NONE', #1169, 1000.000000000000100 ) ;
#3865 = VERTEX_POINT ( 'NONE', #3992 ) ;
#3866 = CARTESIAN_POINT ( 'NONE',  ( 5.824079466128335300, 3.599640000000000400, -3.759758836854994300 ) ) ;
#3867 = ORIENTED_EDGE ( 'NONE', *, *, #2679, .T. ) ;
#3868 = EDGE_CURVE ( 'NONE', #2102, #4371, #2502, .T. ) ;
#3869 = CARTESIAN_POINT ( 'NONE',  ( 2.100930858683645500, 5.400000000000000400, -3.686201945071338100 ) ) ;
#3870 = CARTESIAN_POINT ( 'NONE',  ( 2.876592199962253000, 5.400000000000000400, -2.817423836854994400 ) ) ;
#3871 = VERTEX_POINT ( 'NONE', #4007 ) ;
#3872 = FILL_AREA_STYLE_COLOUR ( '', #418 ) ;
#3873 = AXIS2_PLACEMENT_3D ( 'NONE', #1012, #3261, #4027 ) ;
#3874 = VECTOR ( 'NONE', #827, 1000.000000000000000 ) ;
#3875 = CARTESIAN_POINT ( 'NONE',  ( -1.521716927015856800, 3.588705953911038600, -4.059359794860364800 ) ) ;
#3876 = CARTESIAN_POINT ( 'NONE',  ( 1.897352512381540000, 5.400000000000000400, -3.359241902295953000 ) ) ;
#3877 = FACE_OUTER_BOUND ( 'NONE', #2898, .T. ) ;
#3878 = PRESENTATION_STYLE_ASSIGNMENT (( #3767 ) ) ;
#3879 = PLANE ( 'NONE',  #2354 ) ;
#3880 = FILL_AREA_STYLE_COLOUR ( '', #203 ) ;
#3881 = ORIENTED_EDGE ( 'NONE', *, *, #4777, .F. ) ;
#3882 = DIRECTION ( 'NONE',  ( -0.9620200793798751000, 0.0000000000000000000, -0.2729786930695121700 ) ) ;
#3883 = CARTESIAN_POINT ( 'NONE',  ( 4.138130224153913500, 5.400000000000000400, -2.817423836854994400 ) ) ;
#3884 = SURFACE_SIDE_STYLE ('',( #4233 ) ) ;
#3885 = EDGE_CURVE ( 'NONE', #2144, #1453, #1582, .T. ) ;
#3886 = CARTESIAN_POINT ( 'NONE',  ( -1.340510337246696700, 5.400000000000000400, -1.042423836854993800 ) ) ;
#3887 = MECHANICAL_DESIGN_GEOMETRIC_PRESENTATION_REPRESENTATION (  '', ( #3693 ), #1554 ) ;
#3888 = FILL_AREA_STYLE_COLOUR ( '', #425 ) ;
#3889 = CARTESIAN_POINT ( 'NONE',  ( -1.340510337246696700, 3.599640000000000400, -5.259758836854994800 ) ) ;
#3890 = MECHANICAL_DESIGN_GEOMETRIC_PRESENTATION_REPRESENTATION (  '', ( #4582 ), #2296 ) ;
#3891 = CARTESIAN_POINT ( 'NONE',  ( 1.898720866560917900, 5.405000000000000200, -2.982709398945779400 ) ) ;
#3892 = CARTESIAN_POINT ( 'NONE',  ( 0.4392614687446703100, 5.405000000000000200, -3.686201945071338600 ) ) ;
#3893 = EDGE_CURVE ( 'NONE', #726, #2530, #1458, .T. ) ;
#3894 = MECHANICAL_DESIGN_GEOMETRIC_PRESENTATION_REPRESENTATION (  '', ( #4058 ), #810 ) ;
#3895 = CARTESIAN_POINT ( 'NONE',  ( -1.340510337246696700, 0.1000000000000000100, -2.442037603657841900 ) ) ;
#3896 = DIRECTION ( 'NONE',  ( 0.2793947940814895400, 0.0000000000000000000, -0.9601763114346041400 ) ) ;
#3897 = UNCERTAINTY_MEASURE_WITH_UNIT (LENGTH_MEASURE( 1.000000000000000100E-005 ), #1332, 'distance_accuracy_value', 'NONE');
#3898 = VERTEX_POINT ( 'NONE', #4751 ) ;
#3899 = VERTEX_POINT ( 'NONE', #1833 ) ;
#3900 = CIRCLE ( 'NONE', #1971, 0.1499999999999999700 ) ;
#3901 = DIRECTION ( 'NONE',  ( 2.465190328815661900E-032, 0.0000000000000000000, 1.000000000000000000 ) ) ;
#3902 = DIRECTION ( 'NONE',  ( -0.0000000000000000000, 1.000000000000000000, 0.0000000000000000000 ) ) ;
#3903 = VECTOR ( 'NONE', #3771, 1000.000000000000000 ) ;
#3904 = ORIENTED_EDGE ( 'NONE', *, *, #1085, .F. ) ;
#3905 = VECTOR ( 'NONE', #2587, 1000.000000000000000 ) ;
#3906 = ORIENTED_EDGE ( 'NONE', *, *, #828, .T. ) ;
#3907 = SURFACE_STYLE_USAGE ( .BOTH. , #618 ) ;
#3908 = DIRECTION ( 'NONE',  ( 0.2762517575166175700, 0.0000000000000000000, -0.9610853065513903500 ) ) ;
#3909 = ADVANCED_FACE ( 'NONE', ( #3487 ), #2155, .T. ) ;
#3910 = DIRECTION ( 'NONE',  ( 0.0000000000000000000, -1.000000000000000000, -0.0000000000000000000 ) ) ;
#3911 = CARTESIAN_POINT ( 'NONE',  ( 0.4392614687446703100, 5.405000000000000200, -3.686201945071338600 ) ) ;
#3912 = ORIENTED_EDGE ( 'NONE', *, *, #1840, .F. ) ;
#3913 = LINE ( 'NONE', #3895, #607 ) ;
#3914 = EDGE_CURVE ( 'NONE', #322, #3039, #3683, .T. ) ;
#3915 = LINE ( 'NONE', #3449, #1175 ) ;
#3916 = PRESENTATION_LAYER_ASSIGNMENT (  '', '', ( #1736 ) ) ;
#3917 =( LENGTH_UNIT ( ) NAMED_UNIT ( * ) SI_UNIT ( .MILLI., .METRE. ) );
#3918 = VECTOR ( 'NONE', #1385, 1000.000000000000000 ) ;
#3919 = ADVANCED_FACE ( 'NONE', ( #4485 ), #2201, .F. ) ;
#3920 = SURFACE_STYLE_FILL_AREA ( #1908 ) ;
#3921 =( NAMED_UNIT ( * ) SI_UNIT ( $, .STERADIAN. ) SOLID_ANGLE_UNIT ( ) );
#3922 = FACE_OUTER_BOUND ( 'NONE', #722, .T. ) ;
#3923 = EDGE_CURVE ( 'NONE', #3196, #4454, #4609, .T. ) ;
#3924 = ORIENTED_EDGE ( 'NONE', *, *, #3158, .F. ) ;
#3925 = DIRECTION ( 'NONE',  ( 0.0000000000000000000, 0.0000000000000000000, 1.000000000000000000 ) ) ;
#3926 = AXIS2_PLACEMENT_3D ( 'NONE', #2252, #3717, #3007 ) ;
#3927 = ORIENTED_EDGE ( 'NONE', *, *, #4706, .F. ) ;
#3928 = ORIENTED_EDGE ( 'NONE', *, *, #1939, .F. ) ;
#3929 = ORIENTED_EDGE ( 'NONE', *, *, #45, .F. ) ;
#3930 = ORIENTED_EDGE ( 'NONE', *, *, #257, .T. ) ;
#3931 = EDGE_LOOP ( 'NONE', ( #3979, #4543, #206, #2380 ) ) ;
#3932 = CARTESIAN_POINT ( 'NONE',  ( 3.828084412704141600, 5.405000000000000200, -3.519685392539197100 ) ) ;
#3933 = EDGE_CURVE ( 'NONE', #3212, #1807, #3840, .T. ) ;
#3934 =( LENGTH_UNIT ( ) NAMED_UNIT ( * ) SI_UNIT ( .MILLI., .METRE. ) );
#3935 = DIRECTION ( 'NONE',  ( 2.465190328815661900E-032, 0.0000000000000000000, 1.000000000000000000 ) ) ;
#3936 = LINE ( 'NONE', #4085, #1319 ) ;
#3937 = VECTOR ( 'NONE', #1365, 1000.000000000000000 ) ;
#3938 = CYLINDRICAL_SURFACE ( 'NONE', #1041, 0.04999999999999969700 ) ;
#3939 = EDGE_CURVE ( 'NONE', #2322, #3782, #4076, .T. ) ;
#3940 = PLANE ( 'NONE',  #2986 ) ;
#3941 = DIRECTION ( 'NONE',  ( 0.9999999968487352000, 0.0000000000000000000, 7.938847109813536200E-005 ) ) ;
#3942 = COLOUR_RGB ( '',0.8980392156862745400, 0.9215686274509803400, 0.9294117647058823800 ) ;
#3943 = DIRECTION ( 'NONE',  ( 0.0000000000000000000, -1.000000000000000000, 0.0000000000000000000 ) ) ;
#3944 = VECTOR ( 'NONE', #391, 1000.000000000000000 ) ;
#3945 = ORIENTED_EDGE ( 'NONE', *, *, #4357, .T. ) ;
#3946 = ADVANCED_FACE ( 'NONE', ( #1046 ), #4483, .F. ) ;
#3947 = CARTESIAN_POINT ( 'NONE',  ( 0.8299926272431523700, 5.405000000000000200, -3.289146770602190200 ) ) ;
#3948 = SURFACE_SIDE_STYLE ('',( #3099 ) ) ;
#3949 = SHAPE_DEFINITION_REPRESENTATION ( #964, #4295 ) ;
#3950 =( GEOMETRIC_REPRESENTATION_CONTEXT ( 3 ) GLOBAL_UNCERTAINTY_ASSIGNED_CONTEXT ( ( #4529 ) ) GLOBAL_UNIT_ASSIGNED_CONTEXT ( ( #306, #2549, #1449 ) ) REPRESENTATION_CONTEXT ( 'NONE', 'WORKASPACE' ) );
#3951 = CARTESIAN_POINT ( 'NONE',  ( 6.359489662753302900, -5.521864977630730200E-017, -2.559758836854994200 ) ) ;
#3952 = CARTESIAN_POINT ( 'NONE',  ( 2.879001348637680200, 5.405000000000000200, -3.594598821583897300 ) ) ;
#3953 =( GEOMETRIC_REPRESENTATION_CONTEXT ( 3 ) GLOBAL_UNCERTAINTY_ASSIGNED_CONTEXT ( ( #1867 ) ) GLOBAL_UNIT_ASSIGNED_CONTEXT ( ( #341, #4074, #1816 ) ) REPRESENTATION_CONTEXT ( 'NONE', 'WORKASPACE' ) );
#3954 = CARTESIAN_POINT ( 'NONE',  ( -1.390510337246696900, 0.1000000000000000100, -2.559758836854994200 ) ) ;
#3955 =( GEOMETRIC_REPRESENTATION_CONTEXT ( 3 ) GLOBAL_UNCERTAINTY_ASSIGNED_CONTEXT ( ( #955 ) ) GLOBAL_UNIT_ASSIGNED_CONTEXT ( ( #100, #873, #2697 ) ) REPRESENTATION_CONTEXT ( 'NONE', 'WORKASPACE' ) );
#3956 = FILL_AREA_STYLE_COLOUR ( '', #1528 ) ;
#3957 =( NAMED_UNIT ( * ) SI_UNIT ( $, .STERADIAN. ) SOLID_ANGLE_UNIT ( ) );
#3958 = ORIENTED_EDGE ( 'NONE', *, *, #2397, .T. ) ;
#3959 =( NAMED_UNIT ( * ) PLANE_ANGLE_UNIT ( ) SI_UNIT ( $, .RADIAN. ) );
#3960 = EDGE_CURVE ( 'NONE', #4479, #3119, #2387, .T. ) ;
#3961 = UNCERTAINTY_MEASURE_WITH_UNIT (LENGTH_MEASURE( 1.000000000000000100E-005 ), #3337, 'distance_accuracy_value', 'NONE');
#3962 = ORIENTED_EDGE ( 'NONE', *, *, #2456, .T. ) ;
#3963 = CYLINDRICAL_SURFACE ( 'NONE', #4401, 0.1499999999999999700 ) ;
#3964 = ADVANCED_FACE ( 'NONE', ( #2854 ), #1918, .F. ) ;
#3965 = EDGE_LOOP ( 'NONE', ( #671, #3734, #1595, #3360 ) ) ;
#3966 = DIRECTION ( 'NONE',  ( -0.0000000000000000000, 1.000000000000000000, 0.0000000000000000000 ) ) ;
#3967 = DIRECTION ( 'NONE',  ( 0.0000000000000000000, 0.0000000000000000000, 1.000000000000000000 ) ) ;
#3968 = ORIENTED_EDGE ( 'NONE', *, *, #3556, .F. ) ;
#3969 = CARTESIAN_POINT ( 'NONE',  ( -1.340510337246696700, 0.1000000000000000100, -2.559758836854994200 ) ) ;
#3970 = FILL_AREA_STYLE_COLOUR ( '', #4436 ) ;
#3971 = SURFACE_STYLE_FILL_AREA ( #3805 ) ;
#3972 = ORIENTED_EDGE ( 'NONE', *, *, #508, .T. ) ;
#3973 = CARTESIAN_POINT ( 'NONE',  ( -1.390510337246696900, 3.499640000000000300, -2.559758836854994200 ) ) ;
#3974 = LINE ( 'NONE', #2544, #4617 ) ;
#3975 =( NAMED_UNIT ( * ) SI_UNIT ( $, .STERADIAN. ) SOLID_ANGLE_UNIT ( ) );
#3976 = VECTOR ( 'NONE', #1970, 1000.000000000000000 ) ;
#3977 = AXIS2_PLACEMENT_3D ( 'NONE', #4679, #2427, #1716 ) ;
#3979 = ORIENTED_EDGE ( 'NONE', *, *, #1342, .T. ) ;
#3978 = LINE ( 'NONE', #3533, #1363 ) ;
#3980 = DIRECTION ( 'NONE',  ( 0.0000000000000000000, 0.0000000000000000000, 1.000000000000000000 ) ) ;
#3981 = ORIENTED_EDGE ( 'NONE', *, *, #4302, .T. ) ;
#3982 = VERTEX_POINT ( 'NONE', #2245 ) ;
#3983 = DIRECTION ( 'NONE',  ( -0.4443210308329222900, 0.0000000000000000000, 0.8958676361826948300 ) ) ;
#3984 = PLANE ( 'NONE',  #4359 ) ;
#3985 = SURFACE_STYLE_FILL_AREA ( #2313 ) ;
#3987 = ORIENTED_EDGE ( 'NONE', *, *, #2161, .T. ) ;
#3986 = PRESENTATION_STYLE_ASSIGNMENT (( #4612 ) ) ;
#3988 = ORIENTED_EDGE ( 'NONE', *, *, #3205, .T. ) ;
#3989 = SURFACE_STYLE_USAGE ( .BOTH. , #2831 ) ;
#3990 = AXIS2_PLACEMENT_3D ( 'NONE', #3911, #3935, #3112 ) ;
#3991 = ORIENTED_EDGE ( 'NONE', *, *, #1792, .F. ) ;
#3992 = CARTESIAN_POINT ( 'NONE',  ( 2.655822253245574400, 5.405000000000000200, -2.817423836854994400 ) ) ;
#3993 = DIRECTION ( 'NONE',  ( 1.000000000000000000, 0.0000000000000000000, 0.0000000000000000000 ) ) ;
#3994 = ADVANCED_FACE ( 'NONE', ( #817 ), #1937, .F. ) ;
#3995 = VECTOR ( 'NONE', #2242, 1000.000000000000000 ) ;
#3996 = FACE_OUTER_BOUND ( 'NONE', #303, .T. ) ;
#3997 = EDGE_CURVE ( 'NONE', #1713, #3478, #1006, .T. ) ;
#3998 = MECHANICAL_DESIGN_GEOMETRIC_PRESENTATION_REPRESENTATION (  '', ( #746 ), #3073 ) ;
#3999 = VECTOR ( 'NONE', #4648, 1000.000000000000000 ) ;
#4000 = COLOUR_RGB ( '',0.8980392156862745400, 0.9215686274509803400, 0.9294117647058823800 ) ;
#4001 = ORIENTED_EDGE ( 'NONE', *, *, #464, .F. ) ;
#4002 =( LENGTH_UNIT ( ) NAMED_UNIT ( * ) SI_UNIT ( .MILLI., .METRE. ) );
#4003 = DIRECTION ( 'NONE',  ( 0.0000000000000000000, 0.0000000000000000000, -1.000000000000000000 ) ) ;
#4004 = FILL_AREA_STYLE_COLOUR ( '', #1367 ) ;
#4005 = ADVANCED_FACE ( 'NONE', ( #538 ), #2797, .T. ) ;
#4006 = CARTESIAN_POINT ( 'NONE',  ( 6.259489662753303200, 0.1000000000000000100, -5.259758836854994800 ) ) ;
#4007 = CARTESIAN_POINT ( 'NONE',  ( 2.100930858683645500, 5.405000000000000200, -3.686201945071338100 ) ) ;
#4008 = DIRECTION ( 'NONE',  ( 0.2746918797667230500, 0.0000000000000000000, -0.9615323037684299100 ) ) ;
#4009 = EDGE_CURVE ( 'NONE', #2521, #2093, #4664, .T. ) ;
#4010 = PRESENTATION_LAYER_ASSIGNMENT (  '', '', ( #1981 ) ) ;
#4011 = DIRECTION ( 'NONE',  ( 0.0000000000000000000, -1.000000000000000000, -0.0000000000000000000 ) ) ;
#4012 = ADVANCED_FACE ( 'NONE', ( #1805 ), #1348, .T. ) ;
#4013 = SURFACE_SIDE_STYLE ('',( #79 ) ) ;
#4014 = STYLED_ITEM ( 'NONE', ( #380 ), #2106 ) ;
#4015 = DIRECTION ( 'NONE',  ( -1.000000000000000000, 1.204789559495399200E-016, 0.0000000000000000000 ) ) ;
#4016 = VERTEX_POINT ( 'NONE', #1859 ) ;
#4017 = DIRECTION ( 'NONE',  ( -1.000000000000000000, 0.0000000000000000000, 2.465190328815661900E-032 ) ) ;
#4018 = VERTEX_POINT ( 'NONE', #4218 ) ;
#4019 = CIRCLE ( 'NONE', #3351, 1.000000000000000000 ) ;
#4020 = VERTEX_POINT ( 'NONE', #1637 ) ;
#4021 = FACE_OUTER_BOUND ( 'NONE', #780, .T. ) ;
#4022 = ORIENTED_EDGE ( 'NONE', *, *, #3914, .T. ) ;
#4023 = EDGE_CURVE ( 'NONE', #2386, #2833, #351, .T. ) ;
#4024 = FILL_AREA_STYLE_COLOUR ( '', #1236 ) ;
#4025 = VECTOR ( 'NONE', #2596, 999.9999999999998900 ) ;
#4026 = ORIENTED_EDGE ( 'NONE', *, *, #4364, .F. ) ;
#4027 = DIRECTION ( 'NONE',  ( -0.2759782365590711700, 0.0000000000000000000, 0.9611638845408963000 ) ) ;
#4028 = FILL_AREA_STYLE_COLOUR ( '', #2469 ) ;
#4029 = LINE ( 'NONE', #4300, #3727 ) ;
#4030 =( LENGTH_UNIT ( ) NAMED_UNIT ( * ) SI_UNIT ( .MILLI., .METRE. ) );
#4031 = DIRECTION ( 'NONE',  ( 0.0000000000000000000, -0.0000000000000000000, -1.000000000000000000 ) ) ;
#4032 = CARTESIAN_POINT ( 'NONE',  ( 3.684444206148180400, 5.400000000000000400, -2.982741098268310700 ) ) ;
#4033 = FACE_OUTER_BOUND ( 'NONE', #1369, .T. ) ;
#4034 = ADVANCED_FACE ( 'NONE', ( #3193 ), #3791, .F. ) ;
#4035 = ORIENTED_EDGE ( 'NONE', *, *, #382, .T. ) ;
#4036 = LINE ( 'NONE', #1507, #3788 ) ;
#4037 = VECTOR ( 'NONE', #2582, 1000.000000000000000 ) ;
#4039 = VERTEX_POINT ( 'NONE', #4184 ) ;
#4038 = FACE_OUTER_BOUND ( 'NONE', #3026, .T. ) ;
#4040 = LINE ( 'NONE', #3545, #3443 ) ;
#4041 = CLOSED_SHELL ( 'NONE', ( #1335, #2392, #2420, #4378, #125, #3626, #583, #3919, #662, #289, #4717, #2496, #3946, #3561, #4255, #4646, #994, #3473, #2483 ) ) ;
#4042 = EDGE_LOOP ( 'NONE', ( #3024, #2572, #359, #3192 ) ) ;
#4043 = EDGE_CURVE ( 'NONE', #4733, #532, #596, .T. ) ;
#4044 = VERTEX_POINT ( 'NONE', #1977 ) ;
#4045 = CARTESIAN_POINT ( 'NONE',  ( 2.437501996936831400, 5.405000000000000200, -3.065535702132370100 ) ) ;
#4046 = DIRECTION ( 'NONE',  ( 0.0000000000000000000, -1.000000000000000000, -0.0000000000000000000 ) ) ;
#4047 = SURFACE_STYLE_FILL_AREA ( #1043 ) ;
#4048 = DIRECTION ( 'NONE',  ( 0.0000000000000000000, -1.000000000000000000, -0.0000000000000000000 ) ) ;
#4049 = DIRECTION ( 'NONE',  ( 0.0000000000000000000, 0.0000000000000000000, 1.000000000000000000 ) ) ;
#4050 = LINE ( 'NONE', #282, #1721 ) ;
#4051 = STYLED_ITEM ( 'NONE', ( #1135 ), #2713 ) ;
#4052 = VECTOR ( 'NONE', #237, 1000.000000000000000 ) ;
#4053 = UNCERTAINTY_MEASURE_WITH_UNIT (LENGTH_MEASURE( 1.000000000000000100E-005 ), #639, 'distance_accuracy_value', 'NONE');
#4054 = CARTESIAN_POINT ( 'NONE',  ( 3.890648313175632200, 5.405000000000000200, -2.817423836854994400 ) ) ;
#4055 = EDGE_CURVE ( 'NONE', #3039, #4665, #3296, .T. ) ;
#4056 = VECTOR ( 'NONE', #877, 1000.000000000000100 ) ;
#4057 = LINE ( 'NONE', #49, #3697 ) ;
#4058 = STYLED_ITEM ( 'NONE', ( #2952 ), #4703 ) ;
#4059 = FILL_AREA_STYLE ('',( #4024 ) ) ;
#4060 = CARTESIAN_POINT ( 'NONE',  ( 6.320747978637913700, 3.598675746248155800, -3.759750539866614400 ) ) ;
#4061 = SURFACE_STYLE_USAGE ( .BOTH. , #2538 ) ;
#4062 =( NAMED_UNIT ( * ) SI_UNIT ( $, .STERADIAN. ) SOLID_ANGLE_UNIT ( ) );
#4063 = EDGE_CURVE ( 'NONE', #4435, #1884, #4197, .T. ) ;
#4064 =( GEOMETRIC_REPRESENTATION_CONTEXT ( 3 ) GLOBAL_UNCERTAINTY_ASSIGNED_CONTEXT ( ( #1782 ) ) GLOBAL_UNIT_ASSIGNED_CONTEXT ( ( #1616, #4207, #2750 ) ) REPRESENTATION_CONTEXT ( 'NONE', 'WORKASPACE' ) );
#4065 =( LENGTH_UNIT ( ) NAMED_UNIT ( * ) SI_UNIT ( .MILLI., .METRE. ) );
#4066 = PRODUCT_DEFINITION_CONTEXT ( 'detailed design', #3155, 'design' ) ;
#4067 = EDGE_LOOP ( 'NONE', ( #1234, #1026, #1924, #1771 ) ) ;
#4068 = CARTESIAN_POINT ( 'NONE',  ( 2.280473191349524000, 5.405000000000000200, -3.590874150936058200 ) ) ;
#4069 = CARTESIAN_POINT ( 'NONE',  ( 6.159489662753302700, 3.599640000000000400, -5.259758836854994800 ) ) ;
#4070 = EDGE_CURVE ( 'NONE', #1221, #4738, #826, .T. ) ;
#4071 = EDGE_LOOP ( 'NONE', ( #2361, #3680, #847, #4658 ) ) ;
#4072 = ORIENTED_EDGE ( 'NONE', *, *, #4422, .F. ) ;
#4073 = EDGE_CURVE ( 'NONE', #823, #4694, #1223, .T. ) ;
#4074 =( NAMED_UNIT ( * ) PLANE_ANGLE_UNIT ( ) SI_UNIT ( $, .RADIAN. ) );
#4075 = ORIENTED_EDGE ( 'NONE', *, *, #3232, .F. ) ;
#4076 = LINE ( 'NONE', #4113, #3084 ) ;
#4077 = ORIENTED_EDGE ( 'NONE', *, *, #3830, .T. ) ;
#4078 = FILL_AREA_STYLE_COLOUR ( '', #1588 ) ;
#4079 = PRESENTATION_LAYER_ASSIGNMENT (  '', '', ( #1498 ) ) ;
#4080 =( NAMED_UNIT ( * ) SI_UNIT ( $, .STERADIAN. ) SOLID_ANGLE_UNIT ( ) );
#4081 = PRESENTATION_STYLE_ASSIGNMENT (( #1794 ) ) ;
#4082 = PRESENTATION_STYLE_ASSIGNMENT (( #3662 ) ) ;
#4083 = VERTEX_POINT ( 'NONE', #915 ) ;
#4084 = EDGE_CURVE ( 'NONE', #597, #4083, #3303, .T. ) ;
#4085 = CARTESIAN_POINT ( 'NONE',  ( 3.828084412704141600, 5.400000000000000400, -3.519685392539197100 ) ) ;
#4086 =( NAMED_UNIT ( * ) SI_UNIT ( $, .STERADIAN. ) SOLID_ANGLE_UNIT ( ) );
#4087 = LINE ( 'NONE', #3795, #4327 ) ;
#4088 = EDGE_LOOP ( 'NONE', ( #2611, #273, #3496, #3968 ) ) ;
#4089 = ORIENTED_EDGE ( 'NONE', *, *, #2244, .T. ) ;
#4090 = VERTEX_POINT ( 'NONE', #163 ) ;
#4091 = CARTESIAN_POINT ( 'NONE',  ( 6.259489662753303200, 3.449640000000000500, -5.259758836854994800 ) ) ;
#4092 = EDGE_CURVE ( 'NONE', #2153, #3083, #1577, .T. ) ;
#4093 = CARTESIAN_POINT ( 'NONE',  ( 5.559489662753303900, 5.400000000000000400, -6.177093836854995200 ) ) ;
#4094 = DIRECTION ( 'NONE',  ( 1.000000000000000000, 0.0000000000000000000, 0.0000000000000000000 ) ) ;
#4096 = EDGE_LOOP ( 'NONE', ( #3981, #112, #2569, #2010, #242, #3794, #3111, #1839, #631, #3249, #1053, #3388, #3962, #1457, #4573, #3765, #3 ) ) ;
#4095 = SURFACE_STYLE_FILL_AREA ( #3806 ) ;
#4097 = DIRECTION ( 'NONE',  ( 1.000000000000000000, 0.0000000000000000000, -2.465190328815661900E-032 ) ) ;
#4098 = ORIENTED_EDGE ( 'NONE', *, *, #2431, .F. ) ;
#4099 = ORIENTED_EDGE ( 'NONE', *, *, #4282, .F. ) ;
#4100 = DIRECTION ( 'NONE',  ( 0.0000000000000000000, -0.0000000000000000000, -1.000000000000000000 ) ) ;
#4101 = STYLED_ITEM ( 'NONE', ( #1878 ), #265 ) ;
#4102 = EDGE_CURVE ( 'NONE', #14, #2636, #1813, .T. ) ;
#4103 = VECTOR ( 'NONE', #806, 1000.000000000000000 ) ;
#4104 = PRESENTATION_STYLE_ASSIGNMENT (( #2556 ) ) ;
#4105 = MECHANICAL_DESIGN_GEOMETRIC_PRESENTATION_REPRESENTATION (  '', ( #2358 ), #685 ) ;
#4106 = CARTESIAN_POINT ( 'NONE',  ( -1.340510337246696700, 5.400000000000000400, -1.706981370460688900 ) ) ;
#4107 = DIRECTION ( 'NONE',  ( 1.000000000000000000, 0.0000000000000000000, 0.0000000000000000000 ) ) ;
#4108 = UNCERTAINTY_MEASURE_WITH_UNIT (LENGTH_MEASURE( 1.000000000000000100E-005 ), #4030, 'distance_accuracy_value', 'NONE');
#4109 = FACE_OUTER_BOUND ( 'NONE', #185, .T. ) ;
#4110 = ORIENTED_EDGE ( 'NONE', *, *, #4412, .F. ) ;
#4111 = AXIS2_PLACEMENT_3D ( 'NONE', #2139, #989, #594 ) ;
#4112 = DIRECTION ( 'NONE',  ( 0.0000000000000000000, 0.0000000000000000000, -1.000000000000000000 ) ) ;
#4113 = CARTESIAN_POINT ( 'NONE',  ( -1.005100140621728800, 3.599640000000000400, -3.759758836854994300 ) ) ;
#4114 = DIRECTION ( 'NONE',  ( -0.2763139702539130200, 0.0000000000000000000, 0.9610674221107069500 ) ) ;
#4115 = VECTOR ( 'NONE', #1531, 1000.000000000000000 ) ;
#4116 = EDGE_CURVE ( 'NONE', #984, #3782, #296, .T. ) ;
#4117 = CARTESIAN_POINT ( 'NONE',  ( 3.259489662753303200, 0.1000000000000000100, -2.442037603657841900 ) ) ;
#4118 = CARTESIAN_POINT ( 'NONE',  ( 6.255926580244401500, 3.469291163012572900, -3.834846816900709500 ) ) ;
#4119 = STYLED_ITEM ( 'NONE', ( #2845 ), #4759 ) ;
#4120 =( NAMED_UNIT ( * ) SI_UNIT ( $, .STERADIAN. ) SOLID_ANGLE_UNIT ( ) );
#4121 = DIRECTION ( 'NONE',  ( -2.465190328815661900E-032, 0.0000000000000000000, -1.000000000000000000 ) ) ;
#4122 = DIRECTION ( 'NONE',  ( -0.0000000000000000000, -0.0000000000000000000, -1.000000000000000000 ) ) ;
#4123 = DIRECTION ( 'NONE',  ( -0.0000000000000000000, 0.0000000000000000000, -1.000000000000000000 ) ) ;
#4124 = DIRECTION ( 'NONE',  ( 0.0000000000000000000, 0.0000000000000000000, 1.000000000000000000 ) ) ;
#4125 = FILL_AREA_STYLE_COLOUR ( '', #4211 ) ;
#4126 = DIRECTION ( 'NONE',  ( 0.0000000000000000000, -0.0000000000000000000, 1.000000000000000000 ) ) ;
#4127 = EDGE_CURVE ( 'NONE', #4039, #3106, #2807, .T. ) ;
#4128 = SURFACE_SIDE_STYLE ('',( #2223 ) ) ;
#4129 = ORIENTED_EDGE ( 'NONE', *, *, #3537, .T. ) ;
#4130 = CARTESIAN_POINT ( 'NONE',  ( 6.259489662753303200, 3.449640000000000500, -3.906784021861661800 ) ) ;
#4131 = ORIENTED_EDGE ( 'NONE', *, *, #4753, .F. ) ;
#4132 = ORIENTED_EDGE ( 'NONE', *, *, #4217, .F. ) ;
#4133 = CARTESIAN_POINT ( 'NONE',  ( 4.959489662753302500, 0.0000000000000000000, -2.559758836854994200 ) ) ;
#4134 = ORIENTED_EDGE ( 'NONE', *, *, #1438, .F. ) ;
#4135 = CARTESIAN_POINT ( 'NONE',  ( 5.559489662753303900, 0.0000000000000000000, -6.777093836854994900 ) ) ;
#4136 =( LENGTH_UNIT ( ) NAMED_UNIT ( * ) SI_UNIT ( .MILLI., .METRE. ) );
#4137 = PRESENTATION_STYLE_ASSIGNMENT (( #3632 ) ) ;
#4138 = VERTEX_POINT ( 'NONE', #867 ) ;
#4139 = MECHANICAL_DESIGN_GEOMETRIC_PRESENTATION_REPRESENTATION (  '', ( #2730 ), #2140 ) ;
#4140 = ORIENTED_EDGE ( 'NONE', *, *, #2355, .T. ) ;
#4141 = LINE ( 'NONE', #2230, #1702 ) ;
#4142 = ORIENTED_EDGE ( 'NONE', *, *, #3849, .T. ) ;
#4143 = FILL_AREA_STYLE ('',( #1845 ) ) ;
#4144 = EDGE_CURVE ( 'NONE', #1024, #4391, #2681, .T. ) ;
#4145 = CARTESIAN_POINT ( 'NONE',  ( -0.1405103372466964300, 0.0000000000000000000, -5.259758836854994800 ) ) ;
#4146 = CARTESIAN_POINT ( 'NONE',  ( 6.359489662753302900, 3.599640000000000400, -5.259758836854994800 ) ) ;
#4147 = CARTESIAN_POINT ( 'NONE',  ( 2.981147139190194900, 5.405000000000000200, -2.817423836854994400 ) ) ;
#4148 = STYLED_ITEM ( 'NONE', ( #940 ), #4744 ) ;
#4149 = VECTOR ( 'NONE', #2073, 1000.000000000000000 ) ;
#4150 = DIRECTION ( 'NONE',  ( 1.000000000000000000, 0.0000000000000000000, 0.0000000000000000000 ) ) ;
#4151 = FILL_AREA_STYLE ('',( #1956 ) ) ;
#4152 = PLANE ( 'NONE',  #3862 ) ;
#4153 = EDGE_LOOP ( 'NONE', ( #846, #2314, #3603, #2282 ) ) ;
#4154 = SURFACE_SIDE_STYLE ('',( #1777 ) ) ;
#4156 = ORIENTED_EDGE ( 'NONE', *, *, #1611, .T. ) ;
#4155 = CIRCLE ( 'NONE', #927, 0.04999999999999969700 ) ;
#4157 = CARTESIAN_POINT ( 'NONE',  ( 1.524462789758187700, 5.405000000000000200, -3.359241902295953400 ) ) ;
#4158 = CARTESIAN_POINT ( 'NONE',  ( 4.092203185916966700, 5.405000000000000200, -3.518457043707875700 ) ) ;
#4159 = LINE ( 'NONE', #2852, #2063 ) ;
#4160 = ORIENTED_EDGE ( 'NONE', *, *, #1074, .T. ) ;
#4161 = EDGE_LOOP ( 'NONE', ( #3679, #2064, #2126, #3987 ) ) ;
#4162 = VERTEX_POINT ( 'NONE', #4306 ) ;
#4163 = VECTOR ( 'NONE', #3324, 1000.000000000000000 ) ;
#4164 = LINE ( 'NONE', #540, #1196 ) ;
#4165 = DIRECTION ( 'NONE',  ( 1.000000000000000000, -0.0000000000000000000, 0.0000000000000000000 ) ) ;
#4166 = EDGE_CURVE ( 'NONE', #4629, #947, #4554, .T. ) ;
#4167 = COLOUR_RGB ( '',0.7921568627450980000, 0.8196078431372548800, 0.9333333333333333500 ) ;
#4168 = DIRECTION ( 'NONE',  ( 0.0000000000000000000, -1.000000000000000000, 0.0000000000000000000 ) ) ;
#4169 = CARTESIAN_POINT ( 'NONE',  ( 1.235564354306629900, 5.405000000000000200, -3.686201945071338600 ) ) ;
#4170 = CARTESIAN_POINT ( 'NONE',  ( 6.238140128624770000, 3.490617442640408200, -4.012783503740038800 ) ) ;
#4171 =( GEOMETRIC_REPRESENTATION_CONTEXT ( 3 ) GLOBAL_UNCERTAINTY_ASSIGNED_CONTEXT ( ( #2219 ) ) GLOBAL_UNIT_ASSIGNED_CONTEXT ( ( #2189, #2167, #323 ) ) REPRESENTATION_CONTEXT ( 'NONE', 'WORKASPACE' ) );
#4172 = CARTESIAN_POINT ( 'NONE',  ( 4.818979325506606200, 0.1000000000000000100, 0.0000000000000000000 ) ) ;
#4173 = PRESENTATION_STYLE_ASSIGNMENT (( #1478 ) ) ;
#4174 = SURFACE_STYLE_USAGE ( .BOTH. , #4580 ) ;
#4175 =( GEOMETRIC_REPRESENTATION_CONTEXT ( 3 ) GLOBAL_UNCERTAINTY_ASSIGNED_CONTEXT ( ( #3591 ) ) GLOBAL_UNIT_ASSIGNED_CONTEXT ( ( #2685, #3808, #3404 ) ) REPRESENTATION_CONTEXT ( 'NONE', 'WORKASPACE' ) );
#4176 = VECTOR ( 'NONE', #3837, 1000.000000000000000 ) ;
#4177 = CARTESIAN_POINT ( 'NONE',  ( 0.4366304240989218300, 5.405000000000000200, -2.817423836854994400 ) ) ;
#4178 = PLANE ( 'NONE',  #61 ) ;
#4179 = CARTESIAN_POINT ( 'NONE',  ( 1.372451319879636400, 5.405000000000000200, -3.686201945071338600 ) ) ;
#4180 = EDGE_CURVE ( 'NONE', #4448, #4733, #4434, .T. ) ;
#4181 = VECTOR ( 'NONE', #1009, 1000.000000000000000 ) ;
#4182 = AXIS2_PLACEMENT_3D ( 'NONE', #4507, #2647, #3707 ) ;
#4183 = PLANE ( 'NONE',  #2390 ) ;
#4184 = CARTESIAN_POINT ( 'NONE',  ( 6.209489662753303400, 0.1000000000000000100, -2.559758836854994200 ) ) ;
#4185 = CARTESIAN_POINT ( 'NONE',  ( 1.025524628295780400, 5.400000000000000400, -2.817423836854994400 ) ) ;
#4186 = CARTESIAN_POINT ( 'NONE',  ( -1.490510337246697000, 3.599640000000000400, -5.259758836854994800 ) ) ;
#4187 = EDGE_CURVE ( 'NONE', #1698, #117, #3913, .T. ) ;
#4188 = DIRECTION ( 'NONE',  ( 0.0000000000000000000, -1.000000000000000000, -0.0000000000000000000 ) ) ;
#4189 =( LENGTH_UNIT ( ) NAMED_UNIT ( * ) SI_UNIT ( .MILLI., .METRE. ) );
#4190 = ADVANCED_FACE ( 'NONE', ( #2909 ), #2812, .T. ) ;
#4191 = CARTESIAN_POINT ( 'NONE',  ( 2.111010162719252100, 0.0000000000000000000, -0.6770938368549936900 ) ) ;
#4192 = DIRECTION ( 'NONE',  ( 0.004650693823683843400, 0.0000000000000000000, -0.9999891854650021500 ) ) ;
#4193 = ORIENTED_EDGE ( 'NONE', *, *, #3762, .T. ) ;
#4194 = DIRECTION ( 'NONE',  ( 0.0000000000000000000, -1.000000000000000000, -0.0000000000000000000 ) ) ;
#4195 = CARTESIAN_POINT ( 'NONE',  ( 6.251652807192233900, 3.477047873583785500, -3.996461334072600300 ) ) ;
#4196 = ORIENTED_EDGE ( 'NONE', *, *, #1743, .F. ) ;
#4197 = LINE ( 'NONE', #1574, #1583 ) ;
#4198 = PRESENTATION_LAYER_ASSIGNMENT (  '', '', ( #2022 ) ) ;
#4199 = ORIENTED_EDGE ( 'NONE', *, *, #2664, .F. ) ;
#4200 = UNCERTAINTY_MEASURE_WITH_UNIT (LENGTH_MEASURE( 1.000000000000000100E-005 ), #2343, 'distance_accuracy_value', 'NONE');
#4201 = SURFACE_SIDE_STYLE ('',( #317 ) ) ;
#4202 = AXIS2_PLACEMENT_3D ( 'NONE', #2477, #1013, #4725 ) ;
#4203 = ORIENTED_EDGE ( 'NONE', *, *, #1085, .T. ) ;
#4204 = LINE ( 'NONE', #3408, #657 ) ;
#4205 =( NAMED_UNIT ( * ) PLANE_ANGLE_UNIT ( ) SI_UNIT ( $, .RADIAN. ) );
#4206 = ORIENTED_EDGE ( 'NONE', *, *, #1573, .F. ) ;
#4207 =( NAMED_UNIT ( * ) PLANE_ANGLE_UNIT ( ) SI_UNIT ( $, .RADIAN. ) );
#4208 = CARTESIAN_POINT ( 'NONE',  ( 6.159489662753302700, 3.499640000000000300, -5.259758836854994800 ) ) ;
#4209 = DIRECTION ( 'NONE',  ( 0.0000000000000000000, 1.000000000000000000, 0.0000000000000000000 ) ) ;
#4210 = LINE ( 'NONE', #3817, #2280 ) ;
#4211 = COLOUR_RGB ( '',0.8980392156862745400, 0.9215686274509803400, 0.9294117647058823800 ) ;
#4212 =( GEOMETRIC_REPRESENTATION_CONTEXT ( 3 ) GLOBAL_UNCERTAINTY_ASSIGNED_CONTEXT ( ( #3025 ) ) GLOBAL_UNIT_ASSIGNED_CONTEXT ( ( #1240, #3832, #1553 ) ) REPRESENTATION_CONTEXT ( 'NONE', 'WORKASPACE' ) );
#4213 = LINE ( 'NONE', #1076, #3311 ) ;
#4214 = CARTESIAN_POINT ( 'NONE',  ( 1.478641415935711700, 5.400000000000000400, -3.198634632207177000 ) ) ;
#4215 = FACE_OUTER_BOUND ( 'NONE', #769, .T. ) ;
#4216 = CIRCLE ( 'NONE', #445, 0.04999999999999991300 ) ;
#4217 = EDGE_CURVE ( 'NONE', #4445, #4674, #1452, .T. ) ;
#4218 = CARTESIAN_POINT ( 'NONE',  ( 3.337119988877415900, 5.400000000000000400, -3.198634632205447300 ) ) ;
#4219 = CARTESIAN_POINT ( 'NONE',  ( -1.438507694675120700, 3.464214845810475100, -3.975125514717149600 ) ) ;
#4220 = PLANE ( 'NONE',  #3177 ) ;
#4221 = ORIENTED_EDGE ( 'NONE', *, *, #3015, .F. ) ;
#4222 = PRESENTATION_LAYER_ASSIGNMENT (  '', '', ( #229 ) ) ;
#4223 = ORIENTED_EDGE ( 'NONE', *, *, #2108, .F. ) ;
#4224 = VERTEX_POINT ( 'NONE', #3544 ) ;
#4225 = FILL_AREA_STYLE_COLOUR ( '', #2624 ) ;
#4226 = VECTOR ( 'NONE', #1190, 1000.000000000000000 ) ;
#4227 = CARTESIAN_POINT ( 'NONE',  ( 1.967307638725128000, 5.405000000000000200, -3.520834493059949600 ) ) ;
#4228 = ORIENTED_EDGE ( 'NONE', *, *, #1074, .F. ) ;
#4229 = ORIENTED_EDGE ( 'NONE', *, *, #2491, .T. ) ;
#4230 = ORIENTED_EDGE ( 'NONE', *, *, #1904, .T. ) ;
#4231 = CARTESIAN_POINT ( 'NONE',  ( 3.259489662753303200, 0.1000000000000000100, -2.442037603657841900 ) ) ;
#4232 = PLANE ( 'NONE',  #933 ) ;
#4233 = SURFACE_STYLE_FILL_AREA ( #3161 ) ;
#4234 = VECTOR ( 'NONE', #2591, 1000.000000000000000 ) ;
#4235 = FILL_AREA_STYLE ('',( #488 ) ) ;
#4236 = CARTESIAN_POINT ( 'NONE',  ( 0.4392614687446703100, 5.405000000000000200, -3.686201945071338600 ) ) ;
#4237 = DIRECTION ( 'NONE',  ( 0.0000000000000000000, -1.000000000000000000, -0.0000000000000000000 ) ) ;
#4238 = VECTOR ( 'NONE', #2454, 1000.000000000000000 ) ;
#4239 = SURFACE_STYLE_USAGE ( .BOTH. , #4591 ) ;
#4240 =( GEOMETRIC_REPRESENTATION_CONTEXT ( 3 ) GLOBAL_UNCERTAINTY_ASSIGNED_CONTEXT ( ( #3077 ) ) GLOBAL_UNIT_ASSIGNED_CONTEXT ( ( #1059, #2213, #3653 ) ) REPRESENTATION_CONTEXT ( 'NONE', 'WORKASPACE' ) );
#4241 = EDGE_LOOP ( 'NONE', ( #4099, #965, #4818, #1314, #319, #3720, #4720, #3215, #515, #4447, #2497, #4484, #4196 ) ) ;
#4242 = DIRECTION ( 'NONE',  ( 1.000000000000000000, -0.0000000000000000000, 1.512487620017200200E-016 ) ) ;
#4243 = FACE_OUTER_BOUND ( 'NONE', #255, .T. ) ;
#4244 = AXIS2_PLACEMENT_3D ( 'NONE', #2088, #620, #3186 ) ;
#4245 =( LENGTH_UNIT ( ) NAMED_UNIT ( * ) SI_UNIT ( .MILLI., .METRE. ) );
#4246 =( NAMED_UNIT ( * ) SI_UNIT ( $, .STERADIAN. ) SOLID_ANGLE_UNIT ( ) );
#4247 = EDGE_CURVE ( 'NONE', #3412, #1542, #476, .T. ) ;
#4248 = AXIS2_PLACEMENT_3D ( 'NONE', #2959, #4791, #4031 ) ;
#4249 = CARTESIAN_POINT ( 'NONE',  ( 6.159489662753302700, 5.400000000000000400, -1.706981370460689500 ) ) ;
#4250 = PLANE ( 'NONE',  #2918 ) ;
#4251 = CARTESIAN_POINT ( 'NONE',  ( -1.540510337246696800, 3.549640000000000100, -2.559758836854994200 ) ) ;
#4252 = VERTEX_POINT ( 'NONE', #2464 ) ;
#4253 = ORIENTED_EDGE ( 'NONE', *, *, #1865, .F. ) ;
#4254 = FILL_AREA_STYLE_COLOUR ( '', #1422 ) ;
#4255 = ADVANCED_FACE ( 'NONE', ( #710 ), #3940, .F. ) ;
#4256 = ORIENTED_EDGE ( 'NONE', *, *, #4482, .F. ) ;
#4257 = CARTESIAN_POINT ( 'NONE',  ( 2.981147139190194900, 5.405000000000000200, -2.817423836854994400 ) ) ;
#4258 = FACE_OUTER_BOUND ( 'NONE', #2694, .T. ) ;
#4259 = ORIENTED_EDGE ( 'NONE', *, *, #2094, .T. ) ;
#4260 = EDGE_LOOP ( 'NONE', ( #4763, #842, #4026, #4343 ) ) ;
#4261 =( NAMED_UNIT ( * ) PLANE_ANGLE_UNIT ( ) SI_UNIT ( $, .RADIAN. ) );
#4262 = ADVANCED_FACE ( 'NONE', ( #481 ), #3208, .F. ) ;
#4263 = ORIENTED_EDGE ( 'NONE', *, *, #2186, .T. ) ;
#4264 = DIRECTION ( 'NONE',  ( -0.9219486802374842200, 0.0000000000000000000, -0.3873120589503521400 ) ) ;
#4265 = ORIENTED_EDGE ( 'NONE', *, *, #3569, .T. ) ;
#4266 = ORIENTED_EDGE ( 'NONE', *, *, #4587, .F. ) ;
#4267 = AXIS2_PLACEMENT_3D ( 'NONE', #2542, #2916, #1817 ) ;
#4268 = ORIENTED_EDGE ( 'NONE', *, *, #2865, .F. ) ;
#4269 = DIRECTION ( 'NONE',  ( 0.4668459304955069900, 0.0000000000000000000, -0.8843386665637685800 ) ) ;
#4270 = PRESENTATION_STYLE_ASSIGNMENT (( #1662 ) ) ;
#4271 = VECTOR ( 'NONE', #2311, 1000.000000000000000 ) ;
#4272 = COLOUR_RGB ( '',0.6509803921568627600, 0.6196078431372549200, 0.5882352941176470800 ) ;
#4273 = CARTESIAN_POINT ( 'NONE',  ( -1.490510337246696600, -5.324655514143918600E-017, -5.259758836854994800 ) ) ;
#4274 =( NAMED_UNIT ( * ) SI_UNIT ( $, .STERADIAN. ) SOLID_ANGLE_UNIT ( ) );
#4275 = CARTESIAN_POINT ( 'NONE',  ( 6.209489662753303400, 3.499640000000000300, -2.559758836854994200 ) ) ;
#4276 = ORIENTED_EDGE ( 'NONE', *, *, #4593, .T. ) ;
#4277 = PRESENTATION_LAYER_ASSIGNMENT (  '', '', ( #878 ) ) ;
#4278 = VERTEX_POINT ( 'NONE', #4324 ) ;
#4279 = CARTESIAN_POINT ( 'NONE',  ( 1.967307638725128000, 5.405000000000000200, -3.520834493059949600 ) ) ;
#4280 = CIRCLE ( 'NONE', #595, 0.1499999999999999700 ) ;
#4281 = ORIENTED_EDGE ( 'NONE', *, *, #913, .T. ) ;
#4282 = EDGE_CURVE ( 'NONE', #3719, #825, #1406, .T. ) ;
#4283 =( LENGTH_UNIT ( ) NAMED_UNIT ( * ) SI_UNIT ( .MILLI., .METRE. ) );
#4284 = CARTESIAN_POINT ( 'NONE',  ( 3.095281221737706800, 0.0000000000000000000, 0.2448548433824903900 ) ) ;
#4285 = ORIENTED_EDGE ( 'NONE', *, *, #717, .F. ) ;
#4286 = ADVANCED_FACE ( 'NONE', ( #4021 ), #3165, .F. ) ;
#4287 = LINE ( 'NONE', #4822, #621 ) ;
#4288 = VECTOR ( 'NONE', #4667, 1000.000000000000000 ) ;
#4289 = CARTESIAN_POINT ( 'NONE',  ( -1.340510337246696900, 3.599640000000000400, -3.909758836854994300 ) ) ;
#4290 = SURFACE_STYLE_FILL_AREA ( #1148 ) ;
#4291 = DIRECTION ( 'NONE',  ( 0.0000000000000000000, 0.0000000000000000000, 1.000000000000000000 ) ) ;
#4292 = ADVANCED_FACE ( 'NONE', ( #651 ), #4669, .F. ) ;
#4293 = DIRECTION ( 'NONE',  ( 0.4443210308329224000, 0.0000000000000000000, -0.8958676361826948300 ) ) ;
#4294 = ORIENTED_EDGE ( 'NONE', *, *, #335, .T. ) ;
#4295 = ADVANCED_BREP_SHAPE_REPRESENTATION ( 'IS_MPLCV_0654(3126)_L7.9W7.1T5.4', ( #703, #2370, #1727, #3492, #1388 ), #1462 ) ;
#4296 = SURFACE_STYLE_USAGE ( .BOTH. , #3884 ) ;
#4297 = EDGE_CURVE ( 'NONE', #2816, #649, #1696, .T. ) ;
#4298 = AXIS2_PLACEMENT_3D ( 'NONE', #1906, #4508, #829 ) ;
#4299 =( GEOMETRIC_REPRESENTATION_CONTEXT ( 3 ) GLOBAL_UNCERTAINTY_ASSIGNED_CONTEXT ( ( #2225 ) ) GLOBAL_UNIT_ASSIGNED_CONTEXT ( ( #3917, #4261, #579 ) ) REPRESENTATION_CONTEXT ( 'NONE', 'WORKASPACE' ) );
#4300 = CARTESIAN_POINT ( 'NONE',  ( 3.890648313175632200, 5.405000000000000200, -2.817423836854994400 ) ) ;
#4301 = CARTESIAN_POINT ( 'NONE',  ( 0.9496575785984551200, 5.405000000000000200, -3.686201945071338600 ) ) ;
#4302 = EDGE_CURVE ( 'NONE', #2128, #652, #4489, .T. ) ;
#4303 = PRESENTATION_LAYER_ASSIGNMENT (  '', '', ( #1724 ) ) ;
#4304 = DIRECTION ( 'NONE',  ( -1.204789559495399200E-016, -1.000000000000000000, 0.0000000000000000000 ) ) ;
#4305 = ADVANCED_FACE ( 'NONE', ( #3604 ), #1738, .F. ) ;
#4306 = CARTESIAN_POINT ( 'NONE',  ( -1.540510337246696800, 3.549640000000000100, -5.259758836854994800 ) ) ;
#4307 = DIRECTION ( 'NONE',  ( 0.0000000000000000000, 0.0000000000000000000, 1.000000000000000000 ) ) ;
#4308 = VERTEX_POINT ( 'NONE', #611 ) ;
#4309 = FACE_OUTER_BOUND ( 'NONE', #3338, .T. ) ;
#4310 =( NAMED_UNIT ( * ) SI_UNIT ( $, .STERADIAN. ) SOLID_ANGLE_UNIT ( ) );
#4311 = VECTOR ( 'NONE', #2829, 1000.000000000000000 ) ;
#4312 = VECTOR ( 'NONE', #1931, 1000.000000000000100 ) ;
#4313 = UNCERTAINTY_MEASURE_WITH_UNIT (LENGTH_MEASURE( 1.000000000000000100E-005 ), #1217, 'distance_accuracy_value', 'NONE');
#4314 = ORIENTED_EDGE ( 'NONE', *, *, #3606, .T. ) ;
#4315 = FILL_AREA_STYLE ('',( #3553 ) ) ;
#4316 =( NAMED_UNIT ( * ) PLANE_ANGLE_UNIT ( ) SI_UNIT ( $, .RADIAN. ) );
#4317 = CARTESIAN_POINT ( 'NONE',  ( -1.540510337246696800, 3.549640000000000100, -4.051180193092304400 ) ) ;
#4318 = VERTEX_POINT ( 'NONE', #3235 ) ;
#4319 = VECTOR ( 'NONE', #697, 1000.000000000000000 ) ;
#4320 = AXIS2_PLACEMENT_3D ( 'NONE', #3509, #210, #3908 ) ;
#4321 = CARTESIAN_POINT ( 'NONE',  ( 6.159489662753302700, 3.499640000000000300, -5.259758836854994800 ) ) ;
#4322 = VECTOR ( 'NONE', #3464, 1000.000000000000000 ) ;
#4323 = VECTOR ( 'NONE', #3549, 1000.000000000000000 ) ;
#4324 = CARTESIAN_POINT ( 'NONE',  ( 3.684444206148180400, 5.400000000000000400, -2.982741098268310700 ) ) ;
#4325 = SURFACE_SIDE_STYLE ('',( #2125 ) ) ;
#4326 = EDGE_CURVE ( 'NONE', #3356, #137, #3660, .T. ) ;
#4327 = VECTOR ( 'NONE', #1187, 1000.000000000000200 ) ;
#4328 = LINE ( 'NONE', #1626, #260 ) ;
#4329 = CARTESIAN_POINT ( 'NONE',  ( 1.372451319879636400, 5.400000000000000400, -3.686201945071338600 ) ) ;
#4330 = STYLED_ITEM ( 'NONE', ( #2187 ), #2719 ) ;
#4331 = ORIENTED_EDGE ( 'NONE', *, *, #4357, .F. ) ;
#4332 = ORIENTED_EDGE ( 'NONE', *, *, #3015, .T. ) ;
#4333 = ADVANCED_FACE ( 'NONE', ( #2103 ), #3582, .T. ) ;
#4334 = EDGE_LOOP ( 'NONE', ( #966, #157, #3507, #356 ) ) ;
#4335 = ORIENTED_EDGE ( 'NONE', *, *, #1927, .T. ) ;
#4336 = VERTEX_POINT ( 'NONE', #2871 ) ;
#4337 = EDGE_CURVE ( 'NONE', #814, #4733, #3480, .T. ) ;
#4338 = SURFACE_SIDE_STYLE ('',( #1448 ) ) ;
#4340 = CLOSED_SHELL ( 'NONE', ( #4355, #632, #156, #3994, #1018, #4262, #2817, #3251, #1427, #233, #3109, #582, #1741, #4034, #3857, #3432, #4305, #1305, #917, #2884, #3146, #4598, #1726, #1781, #1402 ) ) ;
#4339 = LINE ( 'NONE', #3402, #1072 ) ;
#4341 = SURFACE_STYLE_FILL_AREA ( #310 ) ;
#4342 = VERTEX_POINT ( 'NONE', #4724 ) ;
#4343 = ORIENTED_EDGE ( 'NONE', *, *, #4777, .T. ) ;
#4344 = CARTESIAN_POINT ( 'NONE',  ( 6.159489662753302700, 3.499640000000000300, -5.259758836854994800 ) ) ;
#4345 = DIRECTION ( 'NONE',  ( 0.2762033010288968400, 0.0000000000000000000, -0.9610992334305238400 ) ) ;
#4346 =( NAMED_UNIT ( * ) SI_UNIT ( $, .STERADIAN. ) SOLID_ANGLE_UNIT ( ) );
#4347 = COLOUR_RGB ( '',0.6509803921568627600, 0.6196078431372549200, 0.5882352941176470800 ) ;
#4348 = VECTOR ( 'NONE', #2028, 1000.000000000000000 ) ;
#4349 = LINE ( 'NONE', #1177, #4802 ) ;
#4350 = VERTEX_POINT ( 'NONE', #325 ) ;
#4351 = EDGE_CURVE ( 'NONE', #2512, #3044, #1932, .T. ) ;
#4352 = UNCERTAINTY_MEASURE_WITH_UNIT (LENGTH_MEASURE( 1.000000000000000100E-005 ), #3052, 'distance_accuracy_value', 'NONE');
#4353 = CARTESIAN_POINT ( 'NONE',  ( 2.100930858683645500, 5.400000000000000400, -3.686201945071338100 ) ) ;
#4354 = CARTESIAN_POINT ( 'NONE',  ( 0.5718359686798146800, 5.405000000000000200, -3.289146770602183500 ) ) ;
#4355 = ADVANCED_FACE ( 'NONE', ( #2495 ), #2537, .F. ) ;
#4356 = FILL_AREA_STYLE_COLOUR ( '', #248 ) ;
#4357 = EDGE_CURVE ( 'NONE', #4674, #2753, #2271, .T. ) ;
#4358 = DIRECTION ( 'NONE',  ( 0.0000000000000000000, -1.000000000000000000, -0.0000000000000000000 ) ) ;
#4359 = AXIS2_PLACEMENT_3D ( 'NONE', #3565, #4707, #996 ) ;
#4360 = SURFACE_SIDE_STYLE ('',( #612 ) ) ;
#4361 = CARTESIAN_POINT ( 'NONE',  ( 0.1895896627533029700, 5.405000000000000200, -2.817423836854994400 ) ) ;
#4362 = DIRECTION ( 'NONE',  ( -0.2763173343569809700, 0.0000000000000000000, 0.9610664548998952800 ) ) ;
#4363 = VECTOR ( 'NONE', #1717, 1000.000000000000000 ) ;
#4364 = EDGE_CURVE ( 'NONE', #3264, #2153, #2903, .T. ) ;
#4365 = ORIENTED_EDGE ( 'NONE', *, *, #797, .F. ) ;
#4366 = ORIENTED_EDGE ( 'NONE', *, *, #2179, .T. ) ;
#4367 = MECHANICAL_DESIGN_GEOMETRIC_PRESENTATION_REPRESENTATION (  '', ( #1724 ), #1870 ) ;
#4368 = FILL_AREA_STYLE_COLOUR ( '', #2534 ) ;
#4369 = SURFACE_SIDE_STYLE ('',( #2856 ) ) ;
#4370 = SURFACE_STYLE_USAGE ( .BOTH. , #4013 ) ;
#4371 = VERTEX_POINT ( 'NONE', #293 ) ;
#4372 = VERTEX_POINT ( 'NONE', #4745 ) ;
#4373 = FACE_OUTER_BOUND ( 'NONE', #4465, .T. ) ;
#4374 = ORIENTED_EDGE ( 'NONE', *, *, #3810, .F. ) ;
#4375 =( NAMED_UNIT ( * ) PLANE_ANGLE_UNIT ( ) SI_UNIT ( $, .RADIAN. ) );
#4376 = EDGE_LOOP ( 'NONE', ( #2289, #3357, #1247, #1862 ) ) ;
#4377 = CARTESIAN_POINT ( 'NONE',  ( 5.559489662753302100, 5.400000000000000400, -6.777093836854994900 ) ) ;
#4378 = ADVANCED_FACE ( 'NONE', ( #4373 ), #4387, .F. ) ;
#4379 = ORIENTED_EDGE ( 'NONE', *, *, #1500, .F. ) ;
#4380 = FACE_OUTER_BOUND ( 'NONE', #1368, .T. ) ;
#4381 = SURFACE_STYLE_FILL_AREA ( #2052 ) ;
#4382 = LINE ( 'NONE', #3122, #2224 ) ;
#4383 = EDGE_CURVE ( 'NONE', #2869, #1762, #3023, .T. ) ;
#4385 = ORIENTED_EDGE ( 'NONE', *, *, #345, .F. ) ;
#4384 = VECTOR ( 'NONE', #2053, 1000.000000000000200 ) ;
#4386 = VERTEX_POINT ( 'NONE', #1044 ) ;
#4387 = PLANE ( 'NONE',  #385 ) ;
#4388 = PLANE ( 'NONE',  #2853 ) ;
#4389 = EDGE_LOOP ( 'NONE', ( #1068, #3687, #3802, #1447, #762, #2348, #1130, #2446, #4608, #1020, #1003, #4803, #2878, #643, #2237, #4110, #541, #80, #4266, #1641, #2037, #2060, #1534 ) ) ;
#4390 = VECTOR ( 'NONE', #3397, 1000.000000000000000 ) ;
#4391 = VERTEX_POINT ( 'NONE', #995 ) ;
#4392 = CYLINDRICAL_SURFACE ( 'NONE', #3004, 0.04999999999999969700 ) ;
#4393 = VERTEX_POINT ( 'NONE', #1795 ) ;
#4394 = CARTESIAN_POINT ( 'NONE',  ( -1.440231234496790500, 3.454915639927602600, -3.870327128780971300 ) ) ;
#4395 = ORIENTED_EDGE ( 'NONE', *, *, #2077, .F. ) ;
#4396 = CARTESIAN_POINT ( 'NONE',  ( 6.322310142147236100, 3.597968410982669100, -4.059749522532995600 ) ) ;
#4397 = CARTESIAN_POINT ( 'NONE',  ( -1.490510337246697000, 3.549640000000000100, -5.259758836854994800 ) ) ;
#4398 = PRESENTATION_STYLE_ASSIGNMENT (( #4296 ) ) ;
#4399 = VECTOR ( 'NONE', #4237, 1000.000000000000000 ) ;
#4400 = EDGE_CURVE ( 'NONE', #1533, #2976, #2152, .T. ) ;
#4401 = AXIS2_PLACEMENT_3D ( 'NONE', #3006, #1142, #2278 ) ;
#4402 = VERTEX_POINT ( 'NONE', #693 ) ;
#4403 = SURFACE_SIDE_STYLE ('',( #4047 ) ) ;
#4404 = ADVANCED_FACE ( 'NONE', ( #2677 ), #3276, .F. ) ;
#4405 = DIRECTION ( 'NONE',  ( 8.673617379884035500E-016, 0.0000000000000000000, -1.000000000000000000 ) ) ;
#4406 = CARTESIAN_POINT ( 'NONE',  ( 4.625702820937581400, 5.405000000000000200, -3.686201945071338600 ) ) ;
#4407 = FACE_OUTER_BOUND ( 'NONE', #1435, .T. ) ;
#4408 = DIRECTION ( 'NONE',  ( 0.0000000000000000000, -1.000000000000000000, -0.0000000000000000000 ) ) ;
#4409 = FILL_AREA_STYLE ('',( #3970 ) ) ;
#4410 = UNCERTAINTY_MEASURE_WITH_UNIT (LENGTH_MEASURE( 1.000000000000000100E-005 ), #1541, 'distance_accuracy_value', 'NONE');
#4411 = VECTOR ( 'NONE', #1395, 1000.000000000000000 ) ;
#4412 = EDGE_CURVE ( 'NONE', #1949, #2731, #944, .T. ) ;
#4413 = CARTESIAN_POINT ( 'NONE',  ( 1.559489662753303000, 0.0000000000000000000, -2.442037603657841900 ) ) ;
#4414 = AXIS2_PLACEMENT_3D ( 'NONE', #978, #2775, #550 ) ;
#4415 = SURFACE_STYLE_USAGE ( .BOTH. , #1104 ) ;
#4416 = EDGE_CURVE ( 'NONE', #736, #2762, #4563, .T. ) ;
#4417 = CARTESIAN_POINT ( 'NONE',  ( -1.440510337246696700, 0.1500000000000000200, -2.559758836854994200 ) ) ;
#4418 = EDGE_CURVE ( 'NONE', #899, #494, #1864, .T. ) ;
#4419 =( NAMED_UNIT ( * ) SI_UNIT ( $, .STERADIAN. ) SOLID_ANGLE_UNIT ( ) );
#4420 =( GEOMETRIC_REPRESENTATION_CONTEXT ( 3 ) GLOBAL_UNCERTAINTY_ASSIGNED_CONTEXT ( ( #2958 ) ) GLOBAL_UNIT_ASSIGNED_CONTEXT ( ( #2872, #2484, #4346 ) ) REPRESENTATION_CONTEXT ( 'NONE', 'WORKASPACE' ) );
#4421 = DIRECTION ( 'NONE',  ( -0.9999999968487353100, 0.0000000000000000000, -7.938847109813534800E-005 ) ) ;
#4422 = EDGE_CURVE ( 'NONE', #544, #82, #1008, .T. ) ;
#4423 = ORIENTED_EDGE ( 'NONE', *, *, #4070, .F. ) ;
#4424 = LINE ( 'NONE', #1617, #1975 ) ;
#4425 = FILL_AREA_STYLE ('',( #3363 ) ) ;
#4426 = MECHANICAL_DESIGN_GEOMETRIC_PRESENTATION_REPRESENTATION (  '', ( #4523 ), #1910 ) ;
#4427 = LINE ( 'NONE', #3784, #2437 ) ;
#4428 = ORIENTED_EDGE ( 'NONE', *, *, #3746, .T. ) ;
#4429 = EDGE_CURVE ( 'NONE', #1752, #4734, #1988, .T. ) ;
#4430 = CARTESIAN_POINT ( 'NONE',  ( 1.417118309955932600, 5.405000000000000200, -2.982709398945779800 ) ) ;
#4431 = PLANE ( 'NONE',  #427 ) ;
#4432 = DIRECTION ( 'NONE',  ( 1.000000000000000000, 0.0000000000000000000, -2.465190328815661900E-032 ) ) ;
#4433 = UNCERTAINTY_MEASURE_WITH_UNIT (LENGTH_MEASURE( 1.000000000000000100E-005 ), #158, 'distance_accuracy_value', 'NONE');
#4434 = LINE ( 'NONE', #509, #3538 ) ;
#4435 = VERTEX_POINT ( 'NONE', #3705 ) ;
#4436 = COLOUR_RGB ( '',0.6509803921568627600, 0.6196078431372549200, 0.5882352941176470800 ) ;
#4437 = CARTESIAN_POINT ( 'NONE',  ( 6.359489662753302900, 3.554893428850572700, -4.053037560674664700 ) ) ;
#4438 = CARTESIAN_POINT ( 'NONE',  ( 3.259489662753303200, 0.1000000000000000100, -2.442037603657841900 ) ) ;
#4439 = COLOUR_RGB ( '',0.8980392156862745400, 0.9215686274509803400, 0.9294117647058823800 ) ;
#4440 =( NAMED_UNIT ( * ) SI_UNIT ( $, .STERADIAN. ) SOLID_ANGLE_UNIT ( ) );
#4441 = DIRECTION ( 'NONE',  ( 0.2763139702539129700, 0.0000000000000000000, -0.9610674221107068400 ) ) ;
#4442 = CARTESIAN_POINT ( 'NONE',  ( 0.9496575785984551200, 5.405000000000000200, -3.686201945071338600 ) ) ;
#4444 = EDGE_LOOP ( 'NONE', ( #2465, #1987, #1410, #1229 ) ) ;
#4443 = VECTOR ( 'NONE', #2074, 1000.000000000000000 ) ;
#4445 = VERTEX_POINT ( 'NONE', #2199 ) ;
#4446 = FACE_BOUND ( 'NONE', #2917, .T. ) ;
#4447 = ORIENTED_EDGE ( 'NONE', *, *, #15, .T. ) ;
#4448 = VERTEX_POINT ( 'NONE', #4780 ) ;
#4449 = EDGE_CURVE ( 'NONE', #3566, #2530, #62, .T. ) ;
#4450 = STYLED_ITEM ( 'NONE', ( #205 ), #2054 ) ;
#4451 = CARTESIAN_POINT ( 'NONE',  ( 2.470912718707049200, 5.400000000000000400, -3.686201945071338100 ) ) ;
#4452 = CARTESIAN_POINT ( 'NONE',  ( 2.707969162787354600, 5.400000000000000400, 0.3229061631450061400 ) ) ;
#4454 = VERTEX_POINT ( 'NONE', #4417 ) ;
#4453 = LINE ( 'NONE', #2294, #1375 ) ;
#4455 =( NAMED_UNIT ( * ) PLANE_ANGLE_UNIT ( ) SI_UNIT ( $, .RADIAN. ) );
#4456 = VECTOR ( 'NONE', #895, 1000.000000000000000 ) ;
#4457 = AXIS2_PLACEMENT_3D ( 'NONE', #2653, #3451, #799 ) ;
#4458 = CARTESIAN_POINT ( 'NONE',  ( 0.7611839598098247800, 5.405000000000000200, -2.817423836854994400 ) ) ;
#4459 = FILL_AREA_STYLE_COLOUR ( '', #2615 ) ;
#4460 = DIRECTION ( 'NONE',  ( -0.9610674221107069500, 0.0000000000000000000, -0.2763139702539130200 ) ) ;
#4461 = SURFACE_SIDE_STYLE ('',( #1535 ) ) ;
#4462 = EDGE_CURVE ( 'NONE', #3047, #2896, #2847, .T. ) ;
#4463 = COLOUR_RGB ( '',0.6509803921568627600, 0.6196078431372549200, 0.5882352941176470800 ) ;
#4464 = CARTESIAN_POINT ( 'NONE',  ( 6.209489662753303400, 3.499640000000000300, -3.797955437980004700 ) ) ;
#4465 = EDGE_LOOP ( 'NONE', ( #1364, #2058, #1480, #681 ) ) ;
#4466 = MECHANICAL_DESIGN_GEOMETRIC_PRESENTATION_REPRESENTATION (  '', ( #229 ), #4711 ) ;
#4467 = LINE ( 'NONE', #4344, #2718 ) ;
#4468 = CARTESIAN_POINT ( 'NONE',  ( 6.348840913584715500, 3.580975199950984700, -3.760849715211926500 ) ) ;
#4469 = UNCERTAINTY_MEASURE_WITH_UNIT (LENGTH_MEASURE( 1.000000000000000100E-005 ), #3392, 'distance_accuracy_value', 'NONE');
#4470 = DIRECTION ( 'NONE',  ( -2.990902544787599100E-016, 0.0000000000000000000, 1.000000000000000000 ) ) ;
#4471 = DIRECTION ( 'NONE',  ( -1.000000000000000000, -1.301042606982605600E-016, -0.0000000000000000000 ) ) ;
#4472 = SURFACE_STYLE_USAGE ( .BOTH. , #4461 ) ;
#4473 = CARTESIAN_POINT ( 'NONE',  ( 6.222521684575937700, 3.497911797223787200, -3.799525571640170800 ) ) ;
#4474 = STYLED_ITEM ( 'NONE', ( #2699 ), #703 ) ;
#4475 =( LENGTH_UNIT ( ) NAMED_UNIT ( * ) SI_UNIT ( .MILLI., .METRE. ) );
#4476 = CARTESIAN_POINT ( 'NONE',  ( 6.331300650255295500, 3.594978091090304000, -3.759819894659953000 ) ) ;
#4477 = MECHANICAL_DESIGN_GEOMETRIC_PRESENTATION_REPRESENTATION (  '', ( #4051 ), #313 ) ;
#4478 = ORIENTED_EDGE ( 'NONE', *, *, #2825, .F. ) ;
#4479 = VERTEX_POINT ( 'NONE', #1092 ) ;
#4480 = VECTOR ( 'NONE', #727, 1000.000000000000200 ) ;
#4481 = DIRECTION ( 'NONE',  ( 1.000000000000000000, 0.0000000000000000000, 2.990902544787599100E-016 ) ) ;
#4482 = EDGE_CURVE ( 'NONE', #4787, #4642, #4550, .T. ) ;
#4483 = PLANE ( 'NONE',  #1655 ) ;
#4484 = ORIENTED_EDGE ( 'NONE', *, *, #1927, .F. ) ;
#4485 = FACE_OUTER_BOUND ( 'NONE', #3255, .T. ) ;
#4486 = EDGE_LOOP ( 'NONE', ( #1745, #1532, #539, #1057 ) ) ;
#4487 = CARTESIAN_POINT ( 'NONE',  ( 2.058393005879270100, 5.400000000000000400, -2.817423836854994000 ) ) ;
#4488 = AXIS2_PLACEMENT_3D ( 'NONE', #894, #3062, #1259 ) ;
#4489 = LINE ( 'NONE', #2504, #759 ) ;
#4490 = EDGE_LOOP ( 'NONE', ( #4281, #275, #599, #3474 ) ) ;
#4491 = SURFACE_STYLE_USAGE ( .BOTH. , #4128 ) ;
#4492 = ORIENTED_EDGE ( 'NONE', *, *, #4247, .T. ) ;
#4493 =( NAMED_UNIT ( * ) PLANE_ANGLE_UNIT ( ) SI_UNIT ( $, .RADIAN. ) );
#4494 = VECTOR ( 'NONE', #2368, 1000.000000000000000 ) ;
#4495 = EDGE_LOOP ( 'NONE', ( #3243, #2693, #1941, #1757 ) ) ;
#4496 = DIRECTION ( 'NONE',  ( -0.9985542843760948400, 0.0000000000000000000, -0.05375259206908232500 ) ) ;
#4497 = CARTESIAN_POINT ( 'NONE',  ( 1.025524628295780400, 5.400000000000000400, -2.817423836854994400 ) ) ;
#4498 = DIRECTION ( 'NONE',  ( -1.000000000000000000, 0.0000000000000000000, 2.465190328815661900E-032 ) ) ;
#4499 = CIRCLE ( 'NONE', #1203, 0.04999999999999969700 ) ;
#4500 = LINE ( 'NONE', #3779, #838 ) ;
#4501 = VERTEX_POINT ( 'NONE', #1467 ) ;
#4502 = VERTEX_POINT ( 'NONE', #3695 ) ;
#4503 = ORIENTED_EDGE ( 'NONE', *, *, #4640, .T. ) ;
#4504 = CARTESIAN_POINT ( 'NONE',  ( 1.571483454697584200, 5.405000000000000200, -3.520834493059950000 ) ) ;
#4505 = VECTOR ( 'NONE', #4516, 1000.000000000000000 ) ;
#4506 = EDGE_CURVE ( 'NONE', #1802, #4501, #2734, .T. ) ;
#4507 = CARTESIAN_POINT ( 'NONE',  ( 2.470912718707049200, 5.405000000000000200, -3.686201945071338100 ) ) ;
#4508 = DIRECTION ( 'NONE',  ( 1.000000000000000000, 0.0000000000000000000, 0.0000000000000000000 ) ) ;
#4509 = ORIENTED_EDGE ( 'NONE', *, *, #1146, .T. ) ;
#4510 = CIRCLE ( 'NONE', #4202, 0.1499999999999999700 ) ;
#4511 = ORIENTED_EDGE ( 'NONE', *, *, #4619, .F. ) ;
#4512 = EDGE_LOOP ( 'NONE', ( #2634, #1555, #1180, #1219 ) ) ;
#4513 = DIRECTION ( 'NONE',  ( 0.0000000000000000000, 0.0000000000000000000, 1.000000000000000000 ) ) ;
#4514 =( GEOMETRIC_REPRESENTATION_CONTEXT ( 3 ) GLOBAL_UNCERTAINTY_ASSIGNED_CONTEXT ( ( #3586 ) ) GLOBAL_UNIT_ASSIGNED_CONTEXT ( ( #1444, #2937, #4440 ) ) REPRESENTATION_CONTEXT ( 'NONE', 'WORKASPACE' ) );
#4515 = LINE ( 'NONE', #42, #786 ) ;
#4516 = DIRECTION ( 'NONE',  ( -0.0000000000000000000, 1.000000000000000000, -0.0000000000000000000 ) ) ;
#4517 = PRESENTATION_LAYER_ASSIGNMENT (  '', '', ( #3851 ) ) ;
#4518 = CARTESIAN_POINT ( 'NONE',  ( 2.437501996936831400, 5.400000000000000400, -3.065535702132370100 ) ) ;
#4519 = CARTESIAN_POINT ( 'NONE',  ( 6.159489662753302700, 0.1000000000000000100, -5.442037603657841100 ) ) ;
#4520 = CARTESIAN_POINT ( 'NONE',  ( 2.655822253245574400, 5.400000000000000400, -2.817423836854994400 ) ) ;
#4521 = VECTOR ( 'NONE', #3267, 1000.000000000000000 ) ;
#4522 = ORIENTED_EDGE ( 'NONE', *, *, #3655, .F. ) ;
#4523 = STYLED_ITEM ( 'NONE', ( #3300 ), #3654 ) ;
#4524 = CARTESIAN_POINT ( 'NONE',  ( 6.359489662753303700, 3.549640000000000100, -3.768337480617685000 ) ) ;
#4525 = FILL_AREA_STYLE_COLOUR ( '', #3773 ) ;
#4526 = CARTESIAN_POINT ( 'NONE',  ( 3.828084412704141600, 5.405000000000000200, -3.519685392539197100 ) ) ;
#4527 = COLOUR_RGB ( '',0.6509803921568627600, 0.6196078431372549200, 0.5882352941176470800 ) ;
#4528 = CARTESIAN_POINT ( 'NONE',  ( 0.8299926272431523700, 5.405000000000000200, -3.289146770602190200 ) ) ;
#4529 = UNCERTAINTY_MEASURE_WITH_UNIT (LENGTH_MEASURE( 1.000000000000000100E-005 ), #306, 'distance_accuracy_value', 'NONE');
#4530 = CARTESIAN_POINT ( 'NONE',  ( 1.025524628295780400, 5.405000000000000200, -2.817423836854994400 ) ) ;
#4531 = EDGE_CURVE ( 'NONE', #1517, #4787, #2321, .T. ) ;
#4532 = CARTESIAN_POINT ( 'NONE',  ( 3.231038199541599500, 5.405000000000000200, -3.686201945071338100 ) ) ;
#4533 = CARTESIAN_POINT ( 'NONE',  ( 4.577490409989048100, 5.400000000000000400, -3.518438160091719600 ) ) ;
#4534 = FILL_AREA_STYLE ('',( #3387 ) ) ;
#4535 = DIRECTION ( 'NONE',  ( 0.2763173343569809100, 0.0000000000000000000, -0.9610664548998952800 ) ) ;
#4536 = SURFACE_SIDE_STYLE ('',( #3691 ) ) ;
#4537 =( NAMED_UNIT ( * ) SI_UNIT ( $, .STERADIAN. ) SOLID_ANGLE_UNIT ( ) );
#4538 = DIRECTION ( 'NONE',  ( 1.000000000000000000, 0.0000000000000000000, 0.0000000000000000000 ) ) ;
#4539 = CARTESIAN_POINT ( 'NONE',  ( -1.490510337246697000, 3.549640000000000100, -2.559758836854994200 ) ) ;
#4540 = EDGE_CURVE ( 'NONE', #4738, #3543, #3714, .T. ) ;
#4541 = VERTEX_POINT ( 'NONE', #1128 ) ;
#4542 = AXIS2_PLACEMENT_3D ( 'NONE', #2628, #811, #3036 ) ;
#4543 = ORIENTED_EDGE ( 'NONE', *, *, #3515, .F. ) ;
#4544 = LINE ( 'NONE', #1331, #3536 ) ;
#4545 =( LENGTH_UNIT ( ) NAMED_UNIT ( * ) SI_UNIT ( .MILLI., .METRE. ) );
#4546 = VECTOR ( 'NONE', #522, 1000.000000000000000 ) ;
#4547 = ORIENTED_EDGE ( 'NONE', *, *, #1270, .T. ) ;
#4548 = SURFACE_SIDE_STYLE ('',( #479 ) ) ;
#4549 = PLANE ( 'NONE',  #435 ) ;
#4550 = LINE ( 'NONE', #3301, #598 ) ;
#4551 = ORIENTED_EDGE ( 'NONE', *, *, #4217, .T. ) ;
#4552 = EDGE_LOOP ( 'NONE', ( #2388, #667, #3508, #456 ) ) ;
#4553 = SURFACE_STYLE_FILL_AREA ( #1233 ) ;
#4554 = LINE ( 'NONE', #3116, #3204 ) ;
#4555 = FILL_AREA_STYLE_COLOUR ( '', #1031 ) ;
#4556 = EDGE_CURVE ( 'NONE', #3260, #726, #2553, .T. ) ;
#4557 = DIRECTION ( 'NONE',  ( 1.000000000000000000, 0.0000000000000000000, -2.465190328815661900E-032 ) ) ;
#4558 = CARTESIAN_POINT ( 'NONE',  ( 1.967307638725128000, 5.405000000000000200, -3.520834493059949600 ) ) ;
#4559 = CARTESIAN_POINT ( 'NONE',  ( 6.259489662753303200, 3.449640000000000500, -3.923020183680451900 ) ) ;
#4560 = CARTESIAN_POINT ( 'NONE',  ( 0.4366304240989218300, 5.405000000000000200, -2.817423836854994400 ) ) ;
#4561 = AXIS2_PLACEMENT_3D ( 'NONE', #3415, #788, #1155 ) ;
#4562 = SURFACE_SIDE_STYLE ('',( #2563 ) ) ;
#4563 = B_SPLINE_CURVE_WITH_KNOTS ( 'NONE', 3,
 ( #1827, #2190, #4060, #366, #4476, #20, #1061, #3326, #4468, #348, #2943, #3716, #2600, #2550, #2617, #390 ),
 .UNSPECIFIED., .F., .F.,
 ( 4, 3, 3, 3, 3, 4 ),
 ( 0.0000000000000000000, 1.677192897142053600E-005, 3.354777582179636900E-005, 5.024495964556844300E-005, 6.662057270628018200E-005, 7.903401390284716500E-005 ),
 .UNSPECIFIED. ) ;
#4564 = VECTOR ( 'NONE', #44, 1000.000000000000000 ) ;
#4565 = DIRECTION ( 'NONE',  ( 0.7059037656364857100, 0.0000000000000000000, -0.7083077534943617000 ) ) ;
#4567 = EDGE_LOOP ( 'NONE', ( #2557, #674, #4615, #3472 ) ) ;
#4566 = FACE_OUTER_BOUND ( 'NONE', #480, .T. ) ;
#4568 = CARTESIAN_POINT ( 'NONE',  ( 1.967307638725128000, 5.405000000000000200, -3.520834493059949600 ) ) ;
#4569 = ORIENTED_EDGE ( 'NONE', *, *, #1333, .T. ) ;
#4570 = EDGE_LOOP ( 'NONE', ( #2100, #1067, #898, #3628, #4022, #176, #1404, #2520, #1824, #4075, #3092 ) ) ;
#4571 = VECTOR ( 'NONE', #463, 1000.000000000000000 ) ;
#4573 = ORIENTED_EDGE ( 'NONE', *, *, #1550, .T. ) ;
#4572 = VECTOR ( 'NONE', #3005, 1000.000000000000000 ) ;
#4574 = LINE ( 'NONE', #4279, #1601 ) ;
#4575 = LINE ( 'NONE', #164, #2132 ) ;
#4576 = DIRECTION ( 'NONE',  ( -0.2762517575166176200, 0.0000000000000000000, 0.9610853065513903500 ) ) ;
#4577 = CARTESIAN_POINT ( 'NONE',  ( 6.222322902342625600, 3.498179768285076400, -4.020259681704218700 ) ) ;
#4578 = DIRECTION ( 'NONE',  ( -1.000000000000000000, 0.0000000000000000000, 2.465190328815661900E-032 ) ) ;
#4579 = CARTESIAN_POINT ( 'NONE',  ( -1.529861588078108800, 3.580975199950985600, -4.058667958498062100 ) ) ;
#4580 = SURFACE_SIDE_STYLE ('',( #3985 ) ) ;
#4581 = EDGE_CURVE ( 'NONE', #668, #4665, #2096, .T. ) ;
#4582 = STYLED_ITEM ( 'NONE', ( #2592 ), #3129 ) ;
#4583 = FACE_OUTER_BOUND ( 'NONE', #4241, .T. ) ;
#4584 = ORIENTED_EDGE ( 'NONE', *, *, #1386, .T. ) ;
#4585 = SURFACE_STYLE_USAGE ( .BOTH. , #3435 ) ;
#4586 = DIRECTION ( 'NONE',  ( -0.9999891854650021500, 0.0000000000000000000, -0.004650693823683843400 ) ) ;
#4587 = EDGE_CURVE ( 'NONE', #4083, #4625, #3417, .T. ) ;
#4588 = PRESENTATION_LAYER_ASSIGNMENT (  '', '', ( #92 ) ) ;
#4589 = CARTESIAN_POINT ( 'NONE',  ( -0.7278223961970499100, 5.400000000000000400, -0.7850326902232049900 ) ) ;
#4590 = CARTESIAN_POINT ( 'NONE',  ( -1.399399861599157900, 3.499030154536676200, -4.021024172373461000 ) ) ;
#4591 = SURFACE_SIDE_STYLE ('',( #4553 ) ) ;
#4592 = CARTESIAN_POINT ( 'NONE',  ( 4.959489662753302500, 0.1000000000000000100, -5.259758836854994800 ) ) ;
#4593 = EDGE_CURVE ( 'NONE', #4625, #142, #3194, .T. ) ;
#4594 = DIRECTION ( 'NONE',  ( 0.0000000000000000000, 1.000000000000000000, 0.0000000000000000000 ) ) ;
#4595 = FILL_AREA_STYLE ('',( #535 ) ) ;
#4596 = PLANE ( 'NONE',  #2568 ) ;
#4597 = EDGE_CURVE ( 'NONE', #831, #3039, #4427, .T. ) ;
#4598 = ADVANCED_FACE ( 'NONE', ( #4258 ), #4178, .F. ) ;
#4599 = CARTESIAN_POINT ( 'NONE',  ( -1.533551706470231800, 3.575683214730531300, -3.761617712528051400 ) ) ;
#4600 = CARTESIAN_POINT ( 'NONE',  ( -1.440510571781245000, 3.449728573581574600, -3.915709782372728000 ) ) ;
#4601 = DIRECTION ( 'NONE',  ( -0.7059037656364858200, 0.0000000000000000000, 0.7083077534943615900 ) ) ;
#4602 = ORIENTED_EDGE ( 'NONE', *, *, #2735, .F. ) ;
#4603 = VERTEX_POINT ( 'NONE', #4497 ) ;
#4604 = PRESENTATION_LAYER_ASSIGNMENT (  '', '', ( #683 ) ) ;
#4605 = EDGE_CURVE ( 'NONE', #4090, #1387, #1100, .T. ) ;
#4606 =( LENGTH_UNIT ( ) NAMED_UNIT ( * ) SI_UNIT ( .MILLI., .METRE. ) );
#4607 = AXIS2_PLACEMENT_3D ( 'NONE', #3070, #1225, #864 ) ;
#4608 = ORIENTED_EDGE ( 'NONE', *, *, #284, .F. ) ;
#4609 = CIRCLE ( 'NONE', #1587, 0.04999999999999991300 ) ;
#4610 = ORIENTED_EDGE ( 'NONE', *, *, #473, .T. ) ;
#4611 = VECTOR ( 'NONE', #2418, 1000.000000000000200 ) ;
#4612 = SURFACE_STYLE_USAGE ( .BOTH. , #1645 ) ;
#4613 = PLANE ( 'NONE',  #1216 ) ;
#4614 = DIRECTION ( 'NONE',  ( 0.0000000000000000000, -1.000000000000000000, 0.0000000000000000000 ) ) ;
#4615 = ORIENTED_EDGE ( 'NONE', *, *, #159, .T. ) ;
#4616 =( GEOMETRIC_REPRESENTATION_CONTEXT ( 3 ) GLOBAL_UNCERTAINTY_ASSIGNED_CONTEXT ( ( #454 ) ) GLOBAL_UNIT_ASSIGNED_CONTEXT ( ( #4709, #3571, #613 ) ) REPRESENTATION_CONTEXT ( 'NONE', 'WORKASPACE' ) );
#4617 = VECTOR ( 'NONE', #406, 1000.000000000000200 ) ;
#4618 = LINE ( 'NONE', #4273, #4322 ) ;
#4619 = EDGE_CURVE ( 'NONE', #4336, #4090, #1401, .T. ) ;
#4620 = CARTESIAN_POINT ( 'NONE',  ( -1.424428828237544100, 3.486376030935633500, -4.008101469074119900 ) ) ;
#4621 = UNCERTAINTY_MEASURE_WITH_UNIT (LENGTH_MEASURE( 1.000000000000000100E-005 ), #3294, 'distance_accuracy_value', 'NONE');
#4623 = ORIENTED_EDGE ( 'NONE', *, *, #2575, .F. ) ;
#4622 = SURFACE_STYLE_FILL_AREA ( #168 ) ;
#4624 = ORIENTED_EDGE ( 'NONE', *, *, #3584, .F. ) ;
#4625 = VERTEX_POINT ( 'NONE', #2684 ) ;
#4626 = DIRECTION ( 'NONE',  ( 0.0000000000000000000, -0.0000000000000000000, 1.000000000000000000 ) ) ;
#4627 = LINE ( 'NONE', #3848, #3623 ) ;
#4628 = CARTESIAN_POINT ( 'NONE',  ( -1.390510337246696900, 3.449640000000000500, -5.259758836854994800 ) ) ;
#4629 = VERTEX_POINT ( 'NONE', #4157 ) ;
#4630 = ADVANCED_FACE ( 'NONE', ( #1747 ), #3963, .F. ) ;
#4631 = VECTOR ( 'NONE', #4307, 1000.000000000000000 ) ;
#4632 = ORIENTED_EDGE ( 'NONE', *, *, #4282, .T. ) ;
#4633 = VERTEX_POINT ( 'NONE', #3738 ) ;
#4634 = DIRECTION ( 'NONE',  ( 0.0000000000000000000, -0.0000000000000000000, 1.000000000000000000 ) ) ;
#4635 = CARTESIAN_POINT ( 'NONE',  ( 2.879001348637680200, 5.405000000000000200, -3.594598821583897300 ) ) ;
#4636 = PLANE ( 'NONE',  #1514 ) ;
#4637 = LINE ( 'NONE', #4458, #3995 ) ;
#4638 = CARTESIAN_POINT ( 'NONE',  ( 0.8299926272431523700, 5.405000000000000200, -3.289146770602190200 ) ) ;
#4639 = DIRECTION ( 'NONE',  ( 0.0000000000000000000, 0.0000000000000000000, -1.000000000000000000 ) ) ;
#4640 = EDGE_CURVE ( 'NONE', #3365, #1826, #644, .T. ) ;
#4641 = AXIS2_PLACEMENT_3D ( 'NONE', #3423, #3378, #2267 ) ;
#4642 = VERTEX_POINT ( 'NONE', #3403 ) ;
#4643 = DIRECTION ( 'NONE',  ( -0.0000000000000000000, 0.0000000000000000000, -1.000000000000000000 ) ) ;
#4644 = AXIS2_PLACEMENT_3D ( 'NONE', #2482, #2130, #3560 ) ;
#4645 = DIRECTION ( 'NONE',  ( 0.0000000000000000000, 1.000000000000000000, -0.0000000000000000000 ) ) ;
#4646 = ADVANCED_FACE ( 'NONE', ( #1226 ), #1584, .F. ) ;
#4647 = CARTESIAN_POINT ( 'NONE',  ( -1.390510337246696900, 0.1000000000000000100, -5.259758836854994800 ) ) ;
#4648 = DIRECTION ( 'NONE',  ( -1.000000000000000000, -1.301042606982605600E-016, -0.0000000000000000000 ) ) ;
#4649 = EDGE_CURVE ( 'NONE', #883, #2117, #241, .T. ) ;
#4650 = PRESENTATION_LAYER_ASSIGNMENT (  '', '', ( #4058 ) ) ;
#4651 = DIRECTION ( 'NONE',  ( 0.3829140317376764600, 0.0000000000000000000, 0.9237839814038765200 ) ) ;
#4652 = DIRECTION ( 'NONE',  ( 0.0000000000000000000, 0.0000000000000000000, -1.000000000000000000 ) ) ;
#4653 = DIRECTION ( 'NONE',  ( 0.0000000000000000000, 0.0000000000000000000, -1.000000000000000000 ) ) ;
#4654 = FILL_AREA_STYLE_COLOUR ( '', #2687 ) ;
#4655 = CARTESIAN_POINT ( 'NONE',  ( 1.025524628295780400, 5.405000000000000200, -2.817423836854994400 ) ) ;
#4656 = ORIENTED_EDGE ( 'NONE', *, *, #1011, .F. ) ;
#4657 = SURFACE_STYLE_USAGE ( .BOTH. , #2802 ) ;
#4658 = ORIENTED_EDGE ( 'NONE', *, *, #4762, .F. ) ;
#4659 = CARTESIAN_POINT ( 'NONE',  ( 0.0000000000000000000, 0.0000000000000000000, 0.0000000000000000000 ) ) ;
#4660 = PLANE ( 'NONE',  #3990 ) ;
#4661 = LINE ( 'NONE', #226, #3652 ) ;
#4662 = EDGE_CURVE ( 'NONE', #1522, #263, #3245, .T. ) ;
#4663 = AXIS2_PLACEMENT_3D ( 'NONE', #436, #2665, #3019 ) ;
#4664 = LINE ( 'NONE', #3391, #3903 ) ;
#4665 = VERTEX_POINT ( 'NONE', #1540 ) ;
#4666 = PRESENTATION_STYLE_ASSIGNMENT (( #967 ) ) ;
#4667 = DIRECTION ( 'NONE',  ( -1.000000000000000000, 0.0000000000000000000, 0.0000000000000000000 ) ) ;
#4668 = ORIENTED_EDGE ( 'NONE', *, *, #218, .T. ) ;
#4669 = PLANE ( 'NONE',  #2892 ) ;
#4670 = ORIENTED_EDGE ( 'NONE', *, *, #4737, .F. ) ;
#4671 = ORIENTED_EDGE ( 'NONE', *, *, #4383, .T. ) ;
#4672 = DIRECTION ( 'NONE',  ( -1.000000000000000000, 0.0000000000000000000, 2.465190328815661900E-032 ) ) ;
#4673 =( GEOMETRIC_REPRESENTATION_CONTEXT ( 3 ) GLOBAL_UNCERTAINTY_ASSIGNED_CONTEXT ( ( #2466 ) ) GLOBAL_UNIT_ASSIGNED_CONTEXT ( ( #1788, #1062, #3287 ) ) REPRESENTATION_CONTEXT ( 'NONE', 'WORKASPACE' ) );
#4674 = VERTEX_POINT ( 'NONE', #469 ) ;
#4675 = SURFACE_STYLE_FILL_AREA ( #3482 ) ;
#4676 = ADVANCED_FACE ( 'NONE', ( #2383 ), #238, .T. ) ;
#4677 = VECTOR ( 'NONE', #2815, 1000.000000000000000 ) ;
#4678 = EDGE_CURVE ( 'NONE', #1980, #115, #3900, .T. ) ;
#4679 = CARTESIAN_POINT ( 'NONE',  ( -1.390510337246696900, 3.449640000000000500, -5.259758836854994800 ) ) ;
#4680 = LINE ( 'NONE', #2949, #4726 ) ;
#4681 = CARTESIAN_POINT ( 'NONE',  ( 3.684444206148180400, 5.405000000000000200, -2.982741098268310700 ) ) ;
#4682 = AXIS2_PLACEMENT_3D ( 'NONE', #3573, #252, #1755 ) ;
#4683 = LINE ( 'NONE', #1497, #2566 ) ;
#4684 = VECTOR ( 'NONE', #4269, 1000.000000000000100 ) ;
#4685 = ORIENTED_EDGE ( 'NONE', *, *, #1021, .F. ) ;
#4686 = VERTEX_POINT ( 'NONE', #2733 ) ;
#4687 = CARTESIAN_POINT ( 'NONE',  ( 6.159489662753302700, 3.599640000000000400, -2.559758836854994200 ) ) ;
#4688 = ORIENTED_EDGE ( 'NONE', *, *, #291, .F. ) ;
#4689 = VERTEX_POINT ( 'NONE', #520 ) ;
#4690 = EDGE_CURVE ( 'NONE', #532, #4138, #4019, .T. ) ;
#4691 = FILL_AREA_STYLE_COLOUR ( '', #193 ) ;
#4692 = CARTESIAN_POINT ( 'NONE',  ( 6.359489662753303700, 3.599640000000000400, -3.909758836854994300 ) ) ;
#4693 = FACE_OUTER_BOUND ( 'NONE', #4042, .T. ) ;
#4694 = VERTEX_POINT ( 'NONE', #3892 ) ;
#4695 = LINE ( 'NONE', #2789, #972 ) ;
#4696 = VECTOR ( 'NONE', #744, 1000.000000000000200 ) ;
#4697 =( NAMED_UNIT ( * ) PLANE_ANGLE_UNIT ( ) SI_UNIT ( $, .RADIAN. ) );
#4698 = CARTESIAN_POINT ( 'NONE',  ( -1.005100140621728800, 3.499640000000000300, -3.797955437980004700 ) ) ;
#4699 = LINE ( 'NONE', #2414, #4801 ) ;
#4700 = SURFACE_STYLE_FILL_AREA ( #102 ) ;
#4701 = ORIENTED_EDGE ( 'NONE', *, *, #1338, .T. ) ;
#4702 = SURFACE_SIDE_STYLE ('',( #397 ) ) ;
#4703 = ADVANCED_FACE ( 'NONE', ( #4309 ), #4613, .T. ) ;
#4704 = AXIS2_PLACEMENT_3D ( 'NONE', #1004, #3531, #1316 ) ;
#4705 = DIRECTION ( 'NONE',  ( 0.2793947940878290200, 0.0000000000000000000, -0.9601763114327595000 ) ) ;
#4706 = EDGE_CURVE ( 'NONE', #4391, #117, #4424, .T. ) ;
#4707 = DIRECTION ( 'NONE',  ( 0.9280290862137038400, 0.0000000000000000000, -0.3725077383643968800 ) ) ;
#4708 = AXIS2_PLACEMENT_3D ( 'NONE', #526, #4594, #4626 ) ;
#4709 =( LENGTH_UNIT ( ) NAMED_UNIT ( * ) SI_UNIT ( .MILLI., .METRE. ) );
#4710 = PRESENTATION_LAYER_ASSIGNMENT (  '', '', ( #2602 ) ) ;
#4711 =( GEOMETRIC_REPRESENTATION_CONTEXT ( 3 ) GLOBAL_UNCERTAINTY_ASSIGNED_CONTEXT ( ( #3400 ) ) GLOBAL_UNIT_ASSIGNED_CONTEXT ( ( #3219, #1317, #3975 ) ) REPRESENTATION_CONTEXT ( 'NONE', 'WORKASPACE' ) );
#4712 = DIRECTION ( 'NONE',  ( 0.0000000000000000000, -1.000000000000000000, -0.0000000000000000000 ) ) ;
#4713 = CARTESIAN_POINT ( 'NONE',  ( 6.159489662753302700, 3.499640000000000300, -2.559758836854994200 ) ) ;
#4714 = CARTESIAN_POINT ( 'NONE',  ( -1.440510337246696700, 0.1000000000000000100, -2.559758836854994200 ) ) ;
#4715 = ORIENTED_EDGE ( 'NONE', *, *, #3489, .F. ) ;
#4716 = PRESENTATION_STYLE_ASSIGNMENT (( #2393 ) ) ;
#4717 = ADVANCED_FACE ( 'NONE', ( #2036 ), #2027, .F. ) ;
#4718 = ORIENTED_EDGE ( 'NONE', *, *, #3158, .T. ) ;
#4719 = SURFACE_STYLE_FILL_AREA ( #2782 ) ;
#4720 = ORIENTED_EDGE ( 'NONE', *, *, #332, .F. ) ;
#4721 = PRESENTATION_LAYER_ASSIGNMENT (  '', '', ( #3713 ) ) ;
#4722 = COLOUR_RGB ( '',0.8980392156862745400, 0.9215686274509803400, 0.9294117647058823800 ) ;
#4723 = ORIENTED_EDGE ( 'NONE', *, *, #362, .T. ) ;
#4724 = CARTESIAN_POINT ( 'NONE',  ( -1.340510337246696700, 0.1000000000000000100, -5.442037603657841100 ) ) ;
#4725 = DIRECTION ( 'NONE',  ( 0.0000000000000000000, 0.0000000000000000000, 1.000000000000000000 ) ) ;
#4726 = VECTOR ( 'NONE', #2247, 1000.000000000000000 ) ;
#4727 = VECTOR ( 'NONE', #1032, 1000.000000000000200 ) ;
#4728 = CARTESIAN_POINT ( 'NONE',  ( 4.339626981466238000, 5.405000000000000200, -3.518457043705699700 ) ) ;
#4729 = MECHANICAL_DESIGN_GEOMETRIC_PRESENTATION_REPRESENTATION (  '', ( #4330 ), #1313 ) ;
#4730 = CARTESIAN_POINT ( 'NONE',  ( 2.280473191349524000, 5.400000000000000400, -3.590874150936058200 ) ) ;
#4732 = ORIENTED_EDGE ( 'NONE', *, *, #3997, .T. ) ;
#4731 = VECTOR ( 'NONE', #923, 1000.000000000000000 ) ;
#4733 = VERTEX_POINT ( 'NONE', #924 ) ;
#4734 = VERTEX_POINT ( 'NONE', #2035 ) ;
#4735 = ORIENTED_EDGE ( 'NONE', *, *, #3671, .T. ) ;
#4736 = SURFACE_STYLE_FILL_AREA ( #2663 ) ;
#4737 = EDGE_CURVE ( 'NONE', #3119, #4734, #53, .T. ) ;
#4738 = VERTEX_POINT ( 'NONE', #2413 ) ;
#4739 = AXIS2_PLACEMENT_3D ( 'NONE', #929, #949, #3525 ) ;
#4740 = VECTOR ( 'NONE', #3896, 1000.000000000000100 ) ;
#4741 = ORIENTED_EDGE ( 'NONE', *, *, #4762, .T. ) ;
#4742 = VERTEX_POINT ( 'NONE', #4647 ) ;
#4743 = DIRECTION ( 'NONE',  ( 0.0000000000000000000, 0.0000000000000000000, 1.000000000000000000 ) ) ;
#4744 = ADVANCED_FACE ( 'NONE', ( #1925 ), #3824, .T. ) ;
#4745 = CARTESIAN_POINT ( 'NONE',  ( 6.159489662753302700, 0.0000000000000000000, -1.706981370460689500 ) ) ;
#4746 = DIRECTION ( 'NONE',  ( -1.000000000000000000, 0.0000000000000000000, 2.990902544787599100E-016 ) ) ;
#4747 = FACE_OUTER_BOUND ( 'NONE', #4161, .T. ) ;
#4748 = VECTOR ( 'NONE', #2030, 1000.000000000000100 ) ;
#4749 = CARTESIAN_POINT ( 'NONE',  ( 1.417118309955932600, 5.405000000000000200, -2.982709398945779800 ) ) ;
#4750 = VECTOR ( 'NONE', #4498, 1000.000000000000000 ) ;
#4751 = CARTESIAN_POINT ( 'NONE',  ( 2.437501996936831400, 5.400000000000000400, -3.065535702132370100 ) ) ;
#4752 = ORIENTED_EDGE ( 'NONE', *, *, #247, .T. ) ;
#4753 = EDGE_CURVE ( 'NONE', #2233, #2263, #1346, .T. ) ;
#4754 = FILL_AREA_STYLE_COLOUR ( '', #4722 ) ;
#4755 = MECHANICAL_DESIGN_GEOMETRIC_PRESENTATION_REPRESENTATION (  '', ( #1981 ), #173 ) ;
#4756 = DIRECTION ( 'NONE',  ( 1.000000000000000000, 0.0000000000000000000, -2.465190328815661900E-032 ) ) ;
#4757 = STYLED_ITEM ( 'NONE', ( #95 ), #2316 ) ;
#4758 = CARTESIAN_POINT ( 'NONE',  ( 6.341805456866598700, 3.588176963899886400, -4.059350697422957000 ) ) ;
#4759 = ADVANCED_FACE ( 'NONE', ( #2671 ), #958, .T. ) ;
#4760 = AXIS2_PLACEMENT_3D ( 'NONE', #2950, #859, #3764 ) ;
#4761 = ORIENTED_EDGE ( 'NONE', *, *, #4640, .F. ) ;
#4762 = EDGE_CURVE ( 'NONE', #4402, #2144, #2795, .T. ) ;
#4763 = ORIENTED_EDGE ( 'NONE', *, *, #3293, .T. ) ;
#4764 = ORIENTED_EDGE ( 'NONE', *, *, #2029, .F. ) ;
#4765 = CARTESIAN_POINT ( 'NONE',  ( -1.540510337246696800, 3.599640000000000400, -5.259758836854994800 ) ) ;
#4766 = PRESENTATION_STYLE_ASSIGNMENT (( #1161 ) ) ;
#4767 = ORIENTED_EDGE ( 'NONE', *, *, #2907, .T. ) ;
#4768 = COLOUR_RGB ( '',0.8980392156862745400, 0.9215686274509803400, 0.9294117647058823800 ) ;
#4769 = ORIENTED_EDGE ( 'NONE', *, *, #999, .F. ) ;
#4770 = DIRECTION ( 'NONE',  ( 0.0000000000000000000, -0.0000000000000000000, -1.000000000000000000 ) ) ;
#4771 = CARTESIAN_POINT ( 'NONE',  ( 3.875982092989141800, 5.405000000000000200, -3.686201945071338600 ) ) ;
#4772 = VECTOR ( 'NONE', #165, 1000.000000000000000 ) ;
#4773 = PRESENTATION_STYLE_ASSIGNMENT (( #2405 ) ) ;
#4774 = ORIENTED_EDGE ( 'NONE', *, *, #2443, .T. ) ;
#4775 =( NAMED_UNIT ( * ) PLANE_ANGLE_UNIT ( ) SI_UNIT ( $, .RADIAN. ) );
#4776 = PRESENTATION_STYLE_ASSIGNMENT (( #1220 ) ) ;
#4777 = EDGE_CURVE ( 'NONE', #3264, #3741, #4661, .T. ) ;
#4778 = AXIS2_PLACEMENT_3D ( 'NONE', #46, #453, #3750 ) ;
#4779 = LINE ( 'NONE', #1940, #1759 ) ;
#4780 = CARTESIAN_POINT ( 'NONE',  ( 1.723698103768899900, 5.400000000000000400, 0.2448548433824906700 ) ) ;
#4781 = CARTESIAN_POINT ( 'NONE',  ( -1.490510337246697000, 3.599640000000000400, -4.059758836854994600 ) ) ;
#4782 = SURFACE_STYLE_FILL_AREA ( #4425 ) ;
#4783 = ORIENTED_EDGE ( 'NONE', *, *, #1967, .T. ) ;
#4784 = EDGE_LOOP ( 'NONE', ( #4156, #1158, #3563, #239 ) ) ;
#4785 = VECTOR ( 'NONE', #1440, 1000.000000000000000 ) ;
#4786 = ORIENTED_EDGE ( 'NONE', *, *, #3839, .T. ) ;
#4787 = VERTEX_POINT ( 'NONE', #212 ) ;
#4788 = DIRECTION ( 'NONE',  ( 7.938847109813534800E-005, 0.0000000000000000000, -0.9999999968487353100 ) ) ;
#4789 = STYLED_ITEM ( 'NONE', ( #286 ), #3224 ) ;
#4790 = LINE ( 'NONE', #856, #3376 ) ;
#4791 = DIRECTION ( 'NONE',  ( 0.0000000000000000000, -1.000000000000000000, 0.0000000000000000000 ) ) ;
#4792 = ORIENTED_EDGE ( 'NONE', *, *, #1276, .T. ) ;
#4793 =( NAMED_UNIT ( * ) PLANE_ANGLE_UNIT ( ) SI_UNIT ( $, .RADIAN. ) );
#4794 = LINE ( 'NONE', #4249, #2069 ) ;
#4795 = COLOUR_RGB ( '',0.8980392156862745400, 0.9215686274509803400, 0.9294117647058823800 ) ;
#4796 = EDGE_CURVE ( 'NONE', #2232, #4738, #4544, .T. ) ;
#4797 = AXIS2_PLACEMENT_3D ( 'NONE', #2472, #1360, #575 ) ;
#4798 = VECTOR ( 'NONE', #4362, 1000.000000000000100 ) ;
#4799 = CARTESIAN_POINT ( 'NONE',  ( 6.309489662753303000, 3.599640000000000400, -3.759758836854994300 ) ) ;
#4800 = FILL_AREA_STYLE ('',( #4004 ) ) ;
#4801 = VECTOR ( 'NONE', #170, 1000.000000000000000 ) ;
#4802 = VECTOR ( 'NONE', #1559, 1000.000000000000100 ) ;
#4803 = ORIENTED_EDGE ( 'NONE', *, *, #3893, .F. ) ;
#4804 = SURFACE_SIDE_STYLE ('',( #1957 ) ) ;
#4805 =( NAMED_UNIT ( * ) SI_UNIT ( $, .STERADIAN. ) SOLID_ANGLE_UNIT ( ) );
#4806 = CARTESIAN_POINT ( 'NONE',  ( 3.755772969893660400, 5.400000000000000400, -3.359212844580303300 ) ) ;
#4807 = AXIS2_PLACEMENT_3D ( 'NONE', #3823, #2374, #4565 ) ;
#4808 = CARTESIAN_POINT ( 'NONE',  ( 1.897352512381540000, 5.405000000000000200, -3.359241902295953000 ) ) ;
#4809 = DIRECTION ( 'NONE',  ( 0.0000000000000000000, -1.000000000000000000, -0.0000000000000000000 ) ) ;
#4810 = FILL_AREA_STYLE ('',( #367 ) ) ;
#4811 = AXIS2_PLACEMENT_3D ( 'NONE', #3523, #2254, #1883 ) ;
#4812 = EDGE_CURVE ( 'NONE', #3982, #1933, #3468, .T. ) ;
#4813 = CARTESIAN_POINT ( 'NONE',  ( 6.345865251008628900, 3.584366602179497500, -4.059041665762662500 ) ) ;
#4814 = CARTESIAN_POINT ( 'NONE',  ( -1.005100140621728800, 3.499640000000000300, -4.021562235729983400 ) ) ;
#4815 = DIRECTION ( 'NONE',  ( 0.0000000000000000000, 0.0000000000000000000, -1.000000000000000000 ) ) ;
#4816 =( GEOMETRIC_REPRESENTATION_CONTEXT ( 3 ) GLOBAL_UNCERTAINTY_ASSIGNED_CONTEXT ( ( #2304 ) ) GLOBAL_UNIT_ASSIGNED_CONTEXT ( ( #56, #808, #4537 ) ) REPRESENTATION_CONTEXT ( 'NONE', 'WORKASPACE' ) );
#4817 = DIRECTION ( 'NONE',  ( -1.000000000000000000, 0.0000000000000000000, 0.0000000000000000000 ) ) ;
#4818 = ORIENTED_EDGE ( 'NONE', *, *, #3240, .F. ) ;
#4819 = FILL_AREA_STYLE_COLOUR ( '', #1064 ) ;
#4820 = VECTOR ( 'NONE', #4809, 1000.000000000000000 ) ;
#4821 = EDGE_CURVE ( 'NONE', #947, #2896, #3352, .T. ) ;
#4822 = CARTESIAN_POINT ( 'NONE',  ( 2.879001348637680200, 5.400000000000000400, -3.594598821583897300 ) ) ;
#4823 = SURFACE_STYLE_FILL_AREA ( #774 ) ;
#4824 = ORIENTED_EDGE ( 'NONE', *, *, #1673, .F. ) ;
#4825 = DIRECTION ( 'NONE',  ( -0.2764273280489760200, 0.0000000000000000000, 0.9610348236706637300 ) ) ;
#4826 = CARTESIAN_POINT ( 'NONE',  ( -1.340510337246696900, 3.599640000000000400, -3.759758836854994300 ) ) ;
ENDSEC;
END-ISO-10303-21;
