ISO-10303-21;
HEADER;
FILE_DESCRIPTION (( 'STEP AP214' ),
    '1' );
FILE_NAME ('TC33X2104E.STEP',
    '2021-11-30T11:40:16',
    ( '' ),
    ( '' ),
    'SwSTEP 2.0',
    'SolidWorks 2020',
    '' );
FILE_SCHEMA (( 'AUTOMOTIVE_DESIGN' ));
ENDSEC;

DATA;
#1 = CARTESIAN_POINT ( 'NONE',  ( -1.100000000000003197, 0.000000000000000000, 0.8499999999999967581 ) ) ;
#2 = VECTOR ( 'NONE', #6816, 1000.000000000000000 ) ;
#3 = VECTOR ( 'NONE', #4727, 1000.000000000000000 ) ;
#4 = EDGE_CURVE ( 'NONE', #2058, #132, #6142, .T. ) ;
#5 = FACE_OUTER_BOUND ( 'NONE', #4576, .T. ) ;
#6 = ORIENTED_EDGE ( 'NONE', *, *, #6615, .F. ) ;
#7 = VECTOR ( 'NONE', #4818, 1000.000000000000114 ) ;
#8 = ORIENTED_EDGE ( 'NONE', *, *, #1053, .F. ) ;
#9 = ORIENTED_EDGE ( 'NONE', *, *, #5555, .F. ) ;
#10 =( NAMED_UNIT ( * ) PLANE_ANGLE_UNIT ( ) SI_UNIT ( $, .RADIAN. ) );
#11 = DIRECTION ( 'NONE',  ( 0.000000000000000000, -0.000000000000000000, -1.000000000000000000 ) ) ;
#12 = DIRECTION ( 'NONE',  ( -1.000000000000000000, 3.502807018799322109E-15, -3.263320628122684032E-15 ) ) ;
#13 = CARTESIAN_POINT ( 'NONE',  ( 1.600000000000001199, 0.6000000000000000888, -0.3749999999999942824 ) ) ;
#14 = VERTEX_POINT ( 'NONE', #4422 ) ;
#15 = ORIENTED_EDGE ( 'NONE', *, *, #5158, .F. ) ;
#16 = CARTESIAN_POINT ( 'NONE',  ( 1.279999999999998694, 1.199999999999999956, 0.3708099243547879342 ) ) ;
#17 = PLANE ( 'NONE',  #2444 ) ;
#18 = PLANE ( 'NONE',  #388 ) ;
#19 =( LENGTH_UNIT ( ) NAMED_UNIT ( * ) SI_UNIT ( .MILLI., .METRE. ) );
#20 = FACE_OUTER_BOUND ( 'NONE', #3455, .T. ) ;
#21 = ORIENTED_EDGE ( 'NONE', *, *, #2655, .F. ) ;
#22 = VERTEX_POINT ( 'NONE', #6205 ) ;
#23 = LINE ( 'NONE', #2253, #4703 ) ;
#24 = CARTESIAN_POINT ( 'NONE',  ( 1.900000000000000799, 0.1000000000000000056, -0.3749999999999932276 ) ) ;
#25 = EDGE_CURVE ( 'NONE', #445, #7089, #1136, .T. ) ;
#26 = EDGE_CURVE ( 'NONE', #6097, #98, #7072, .T. ) ;
#27 = FACE_OUTER_BOUND ( 'NONE', #802, .T. ) ;
#28 = EDGE_CURVE ( 'NONE', #3719, #4764, #581, .T. ) ;
#29 = ORIENTED_EDGE ( 'NONE', *, *, #6599, .T. ) ;
#30 = CARTESIAN_POINT ( 'NONE',  ( -0.9659547428989363471, 0.5000000000000000000, -1.332883828495627032 ) ) ;
#31 = CARTESIAN_POINT ( 'NONE',  ( -1.265954742898935503, 0.6000000000000036415, -1.332883828495625922 ) ) ;
#32 = CARTESIAN_POINT ( 'NONE',  ( -1.700245513687541399, 0.7000000000000005107, 0.4176401038210468264 ) ) ;
#33 = EDGE_LOOP ( 'NONE', ( #5694, #3883, #5082, #3115 ) ) ;
#34 = CARTESIAN_POINT ( 'NONE',  ( -0.9999999999999986677, 0.1000000000000000056, -0.4000000000000041300 ) ) ;
#35 = DIRECTION ( 'NONE',  ( -1.000000000000000000, 0.000000000000000000, -2.624119600854730203E-15 ) ) ;
#36 = ADVANCED_FACE ( 'NONE', ( #5046 ), #5118, .T. ) ;
#37 = CARTESIAN_POINT ( 'NONE',  ( -1.265954742898935503, 0.6000000000000036415, -1.332883828495625922 ) ) ;
#38 = CIRCLE ( 'NONE', #1569, 0.2500000000000000000 ) ;
#39 = DIRECTION ( 'NONE',  ( 3.491481338843133355E-15, -0.000000000000000000, -1.000000000000000000 ) ) ;
#40 = EDGE_LOOP ( 'NONE', ( #7018, #4965, #532, #2857 ) ) ;
#41 = LINE ( 'NONE', #3353, #5541 ) ;
#42 = EDGE_LOOP ( 'NONE', ( #6122, #1090, #4324, #4480 ) ) ;
#43 = AXIS2_PLACEMENT_3D ( 'NONE', #5565, #5007, #574 ) ;
#44 = CARTESIAN_POINT ( 'NONE',  ( 1.280000000000003135, 1.099999999999999867, -0.9260669522232131134 ) ) ;
#45 = LINE ( 'NONE', #730, #400 ) ;
#46 = AXIS2_PLACEMENT_3D ( 'NONE', #4435, #1146, #2805 ) ;
#47 = DIRECTION ( 'NONE',  ( 3.266776225374635264E-15, 0.000000000000000000, -1.000000000000000000 ) ) ;
#48 = ORIENTED_EDGE ( 'NONE', *, *, #1867, .F. ) ;
#49 = ORIENTED_EDGE ( 'NONE', *, *, #2800, .T. ) ;
#50 = CARTESIAN_POINT ( 'NONE',  ( 0.1000000000000000056, 1.199999999999999956, 3.491481338843133355E-16 ) ) ;
#51 = AXIS2_PLACEMENT_3D ( 'NONE', #6155, #1764, #2370 ) ;
#52 = CARTESIAN_POINT ( 'NONE',  ( 1.850000000000004530, 0.6000000000000000888, -1.339999999999993641 ) ) ;
#53 = AXIS2_PLACEMENT_3D ( 'NONE', #2932, #2279, #5592 ) ;
#54 = DIRECTION ( 'NONE',  ( 0.1305261922200485203, -0.9914448613738108262, 4.557297643665511566E-16 ) ) ;
#55 = CARTESIAN_POINT ( 'NONE',  ( 0.7491781560021151254, 1.089999999999992308, 0.5486963839590104364 ) ) ;
#56 = CARTESIAN_POINT ( 'NONE',  ( -1.800000000000003375, 0.5500000000000001554, 0.5499999999999942712 ) ) ;
#57 = AXIS2_PLACEMENT_3D ( 'NONE', #473, #1143, #4362 ) ;
#58 = CARTESIAN_POINT ( 'NONE',  ( -1.602568033750411791, 0.6000000000000011990, 1.332883828495615930 ) ) ;
#59 = ORIENTED_EDGE ( 'NONE', *, *, #6962, .T. ) ;
#60 = CARTESIAN_POINT ( 'NONE',  ( -1.265954742898944607, 0.6000000000000036415, 1.332883828495617040 ) ) ;
#61 = DIRECTION ( 'NONE',  ( -1.000000000000000000, 0.000000000000000000, -3.614007241618349165E-15 ) ) ;
#62 = VECTOR ( 'NONE', #2907, 1000.000000000000000 ) ;
#63 = AXIS2_PLACEMENT_3D ( 'NONE', #630, #1694, #1148 ) ;
#64 = DIRECTION ( 'NONE',  ( -7.047314121155773299E-15, 1.000000000000000000, -2.460556574298107867E-29 ) ) ;
#65 = CARTESIAN_POINT ( 'NONE',  ( 1.723057370616930761, 0.1000000000000000056, 0.3750000000000052736 ) ) ;
#66 = EDGE_LOOP ( 'NONE', ( #280, #3084, #2074, #1703 ) ) ;
#67 = CARTESIAN_POINT ( 'NONE',  ( -1.199038105676660138, 1.089999999999998970, 0.7499999999999957812 ) ) ;
#68 = DIRECTION ( 'NONE',  ( 0.000000000000000000, 1.000000000000000000, 0.000000000000000000 ) ) ;
#69 = EDGE_CURVE ( 'NONE', #2702, #1447, #6478, .T. ) ;
#70 = VERTEX_POINT ( 'NONE', #6438 ) ;
#71 = EDGE_CURVE ( 'NONE', #2195, #4314, #2520, .T. ) ;
#72 = DIRECTION ( 'NONE',  ( 3.491481338843133355E-15, 0.000000000000000000, -1.000000000000000000 ) ) ;
#73 = CARTESIAN_POINT ( 'NONE',  ( 1.850000000000001199, 0.6000000000000000888, -0.3749999999999933942 ) ) ;
#74 = EDGE_CURVE ( 'NONE', #485, #95, #294, .T. ) ;
#75 = ADVANCED_FACE ( 'NONE', ( #3679 ), #893, .F. ) ;
#76 = PLANE ( 'NONE',  #3063 ) ;
#77 = ORIENTED_EDGE ( 'NONE', *, *, #5149, .T. ) ;
#78 = CARTESIAN_POINT ( 'NONE',  ( -1.700245513687537846, 0.6000000000000005329, -0.4176401038210587058 ) ) ;
#79 = ORIENTED_EDGE ( 'NONE', *, *, #7011, .F. ) ;
#80 = DIRECTION ( 'NONE',  ( 3.491481338843133355E-15, 0.000000000000000000, -1.000000000000000000 ) ) ;
#81 = CARTESIAN_POINT ( 'NONE',  ( 1.149999999999999245, 1.199999999999999956, 0.2500000000000039968 ) ) ;
#82 = ADVANCED_FACE ( 'NONE', ( #3096 ), #2480, .F. ) ;
#83 = EDGE_LOOP ( 'NONE', ( #2165, #2912, #4391, #4414, #2996, #5904, #3913, #5858, #7124, #213, #6147, #3920, #5788, #1406 ) ) ;
#84 = ORIENTED_EDGE ( 'NONE', *, *, #7023, .T. ) ;
#85 = ORIENTED_EDGE ( 'NONE', *, *, #1322, .T. ) ;
#86 = LINE ( 'NONE', #2385, #6546 ) ;
#87 = ORIENTED_EDGE ( 'NONE', *, *, #4943, .F. ) ;
#88 = EDGE_CURVE ( 'NONE', #1468, #5247, #3056, .T. ) ;
#89 = ORIENTED_EDGE ( 'NONE', *, *, #4670, .F. ) ;
#90 = ORIENTED_EDGE ( 'NONE', *, *, #7045, .F. ) ;
#91 = CARTESIAN_POINT ( 'NONE',  ( 0.1000000000000000056, 0.5000000000000000000, 1.332883828495627032 ) ) ;
#92 = DIRECTION ( 'NONE',  ( 0.000000000000000000, -1.000000000000000000, 0.000000000000000000 ) ) ;
#93 = LINE ( 'NONE', #1785, #2332 ) ;
#94 = DIRECTION ( 'NONE',  ( 0.000000000000000000, 1.000000000000000000, 0.000000000000000000 ) ) ;
#95 = VERTEX_POINT ( 'NONE', #1402 ) ;
#96 = LINE ( 'NONE', #1722, #6429 ) ;
#97 = CARTESIAN_POINT ( 'NONE',  ( -1.351449120171323903, 0.6000000000000029754, 0.3313493293834428033 ) ) ;
#98 = VERTEX_POINT ( 'NONE', #5398 ) ;
#99 = CARTESIAN_POINT ( 'NONE',  ( -1.750000000000002220, 0.1499999999999996891, 0.5499999999999947153 ) ) ;
#100 = CARTESIAN_POINT ( 'NONE',  ( -1.700245513687538068, 0.7000000000000005107, -0.5500000000000064837 ) ) ;
#101 = VECTOR ( 'NONE', #6540, 1000.000000000000000 ) ;
#102 = VECTOR ( 'NONE', #3922, 1000.000000000000000 ) ;
#103 = CARTESIAN_POINT ( 'NONE',  ( -1.700245513687537402, 0.6000000000000005329, -0.5500000000000064837 ) ) ;
#104 = VERTEX_POINT ( 'NONE', #3721 ) ;
#105 = ORIENTED_EDGE ( 'NONE', *, *, #477, .F. ) ;
#106 = CARTESIAN_POINT ( 'NONE',  ( -1.449999999999995071, 0.000000000000000000, -1.350000000000004974 ) ) ;
#107 = VECTOR ( 'NONE', #223, 1000.000000000000000 ) ;
#108 = PRODUCT_CONTEXT ( 'NONE', #4057, 'mechanical' ) ;
#109 = ADVANCED_FACE ( 'NONE', ( #2631 ), #5907, .F. ) ;
#110 = CARTESIAN_POINT ( 'NONE',  ( -1.300000000000003819, 0.000000000000000000, 1.099999999999996092 ) ) ;
#111 = EDGE_CURVE ( 'NONE', #3933, #2125, #4808, .T. ) ;
#112 = EDGE_CURVE ( 'NONE', #1316, #4010, #5980, .T. ) ;
#113 = LINE ( 'NONE', #2345, #5658 ) ;
#114 = AXIS2_PLACEMENT_3D ( 'NONE', #3948, #124, #616 ) ;
#115 = VERTEX_POINT ( 'NONE', #4848 ) ;
#116 = ORIENTED_EDGE ( 'NONE', *, *, #6656, .F. ) ;
#117 = ORIENTED_EDGE ( 'NONE', *, *, #6662, .T. ) ;
#118 = CARTESIAN_POINT ( 'NONE',  ( 0.1000000000000000056, 1.099999999999999645, 3.491481338843133355E-16 ) ) ;
#119 = EDGE_CURVE ( 'NONE', #4405, #4958, #7068, .T. ) ;
#120 = FACE_OUTER_BOUND ( 'NONE', #5836, .T. ) ;
#121 = EDGE_LOOP ( 'NONE', ( #891, #2593, #2685, #542 ) ) ;
#122 = EDGE_LOOP ( 'NONE', ( #1193, #772, #292 ) ) ;
#123 = ORIENTED_EDGE ( 'NONE', *, *, #4066, .T. ) ;
#124 = DIRECTION ( 'NONE',  ( 0.000000000000000000, 1.000000000000000000, 0.000000000000000000 ) ) ;
#125 = ADVANCED_FACE ( 'NONE', ( #5941 ), #2019, .F. ) ;
#126 = DIRECTION ( 'NONE',  ( -7.047314121155772510E-15, 1.000000000000000000, -2.460556574298107587E-29 ) ) ;
#127 = LINE ( 'NONE', #2361, #5401 ) ;
#128 = EDGE_LOOP ( 'NONE', ( #4064, #4887, #3467, #4089, #929, #308, #89, #6406, #5124, #408, #15 ) ) ;
#129 = LINE ( 'NONE', #5711, #6780 ) ;
#130 = CARTESIAN_POINT ( 'NONE',  ( 0.1000000000000035028, 0.6000000000000000888, -0.9999999999999995559 ) ) ;
#131 = EDGE_LOOP ( 'NONE', ( #4549, #6858, #6743, #7058 ) ) ;
#132 = VERTEX_POINT ( 'NONE', #4179 ) ;
#133 = DIRECTION ( 'NONE',  ( -3.491481338843133355E-15, 0.000000000000000000, 1.000000000000000000 ) ) ;
#134 = DIRECTION ( 'NONE',  ( -3.491481338843133355E-15, 0.000000000000000000, 1.000000000000000000 ) ) ;
#135 = LINE ( 'NONE', #874, #2839 ) ;
#136 = CARTESIAN_POINT ( 'NONE',  ( -1.750000000000004885, 0.6000000000000000888, 1.339999999999993641 ) ) ;
#137 = ORIENTED_EDGE ( 'NONE', *, *, #1575, .F. ) ;
#138 = DIRECTION ( 'NONE',  ( -7.047314121155773299E-15, 1.000000000000000000, -2.460556574298107867E-29 ) ) ;
#139 = LINE ( 'NONE', #1947, #1354 ) ;
#140 = VECTOR ( 'NONE', #2382, 1000.000000000000000 ) ;
#141 = ORIENTED_EDGE ( 'NONE', *, *, #6009, .F. ) ;
#142 = EDGE_CURVE ( 'NONE', #6642, #1043, #7031, .T. ) ;
#143 = EDGE_LOOP ( 'NONE', ( #3461, #1223, #2577, #5139 ) ) ;
#144 = EDGE_CURVE ( 'NONE', #6109, #2175, #4302, .T. ) ;
#145 = DIRECTION ( 'NONE',  ( 0.000000000000000000, 1.000000000000000000, 0.000000000000000000 ) ) ;
#146 = CARTESIAN_POINT ( 'NONE',  ( 1.955662327361978647, 0.6766342260651925233, 0.8083411615685623941 ) ) ;
#147 = AXIS2_PLACEMENT_3D ( 'NONE', #829, #5779, #792 ) ;
#148 = MANIFOLD_SOLID_BREP ( 'Body-Move/Copy2[7]', #5208 ) ;
#149 = DIRECTION ( 'NONE',  ( -7.047314121155773299E-15, 1.000000000000000000, -2.460556574298107867E-29 ) ) ;
#150 = ORIENTED_EDGE ( 'NONE', *, *, #5603, .T. ) ;
#151 = EDGE_CURVE ( 'NONE', #6287, #3981, #1441, .T. ) ;
#152 = ORIENTED_EDGE ( 'NONE', *, *, #3055, .T. ) ;
#153 = EDGE_CURVE ( 'NONE', #173, #759, #5033, .T. ) ;
#154 = AXIS2_PLACEMENT_3D ( 'NONE', #4759, #955, #242 ) ;
#155 = LINE ( 'NONE', #2393, #3596 ) ;
#156 = LINE ( 'NONE', #5048, #6379 ) ;
#157 = VECTOR ( 'NONE', #3413, 1000.000000000000000 ) ;
#158 = VECTOR ( 'NONE', #3699, 1000.000000000000000 ) ;
#159 = CARTESIAN_POINT ( 'NONE',  ( 0.5974937185533071293, 0.1000000000000000056, 0.7500000000000021094 ) ) ;
#160 = ORIENTED_EDGE ( 'NONE', *, *, #5368, .T. ) ;
#161 = LINE ( 'NONE', #3919, #876 ) ;
#162 = EDGE_CURVE ( 'NONE', #4023, #4854, #2240, .T. ) ;
#163 = ORIENTED_EDGE ( 'NONE', *, *, #722, .F. ) ;
#164 = VECTOR ( 'NONE', #1913, 1000.000000000000000 ) ;
#165 = EDGE_LOOP ( 'NONE', ( #4009, #5702, #7030, #2342 ) ) ;
#166 = DIRECTION ( 'NONE',  ( 0.000000000000000000, 1.000000000000000000, 0.000000000000000000 ) ) ;
#167 = CARTESIAN_POINT ( 'NONE',  ( 0.7044375921718386557, -1.979848480983505743, 0.5976246289850432047 ) ) ;
#168 = VECTOR ( 'NONE', #5301, 1000.000000000000000 ) ;
#169 = VECTOR ( 'NONE', #2016, 1000.000000000000000 ) ;
#170 = DIRECTION ( 'NONE',  ( 4.358843076831536902E-15, 0.000000000000000000, -1.000000000000000000 ) ) ;
#171 = EDGE_CURVE ( 'NONE', #3933, #5703, #6664, .T. ) ;
#172 = LINE ( 'NONE', #2408, #4933 ) ;
#173 = VERTEX_POINT ( 'NONE', #3901 ) ;
#174 = VERTEX_POINT ( 'NONE', #4889 ) ;
#175 = FACE_OUTER_BOUND ( 'NONE', #4339, .T. ) ;
#176 = VECTOR ( 'NONE', #2522, 1000.000000000000000 ) ;
#177 = DIRECTION ( 'NONE',  ( 3.491481338843133355E-15, 0.000000000000000000, -1.000000000000000000 ) ) ;
#178 = CARTESIAN_POINT ( 'NONE',  ( -0.1500000000000036304, 0.9899999999999949951, 1.049999999999999822 ) ) ;
#179 = DIRECTION ( 'NONE',  ( 1.000000000000000000, 0.000000000000000000, 3.551714792870105736E-15 ) ) ;
#180 = ORIENTED_EDGE ( 'NONE', *, *, #6905, .F. ) ;
#181 = ORIENTED_EDGE ( 'NONE', *, *, #4191, .T. ) ;
#182 = VERTEX_POINT ( 'NONE', #2776 ) ;
#183 = LINE ( 'NONE', #6919, #1182 ) ;
#184 = CYLINDRICAL_SURFACE ( 'NONE', #6120, 0.3000000000000000444 ) ;
#185 = CARTESIAN_POINT ( 'NONE',  ( -1.749999999999998890, 0.6000000000000000888, -0.4000000000000056288 ) ) ;
#186 = EDGE_LOOP ( 'NONE', ( #4609, #2953, #3700, #5725, #5133, #5099, #4584, #3745, #1295, #3637, #3174, #6837, #656, #409, #2362, #625, #7159, #2219, #6917, #6535 ) ) ;
#187 = DIRECTION ( 'NONE',  ( 0.000000000000000000, -1.000000000000000000, 0.000000000000000000 ) ) ;
#188 = ORIENTED_EDGE ( 'NONE', *, *, #6132, .T. ) ;
#189 = DIRECTION ( 'NONE',  ( 3.491481338843133355E-15, 0.000000000000000000, -1.000000000000000000 ) ) ;
#190 = DIRECTION ( 'NONE',  ( -1.000000000000000000, 0.000000000000000000, -3.491481338843133355E-15 ) ) ;
#191 = CARTESIAN_POINT ( 'NONE',  ( -1.700245513687535848, 0.7000000000000005107, -1.200000000000005951 ) ) ;
#192 = CARTESIAN_POINT ( 'NONE',  ( -1.891421356237313889, 0.09999999999999985290, 1.199999999999993516 ) ) ;
#193 = EDGE_CURVE ( 'NONE', #6444, #3438, #1595, .T. ) ;
#194 = EDGE_CURVE ( 'NONE', #1334, #3943, #4918, .T. ) ;
#195 = DIRECTION ( 'NONE',  ( 1.000000000000000000, 0.000000000000000000, 2.891205793294679017E-15 ) ) ;
#196 = ORIENTED_EDGE ( 'NONE', *, *, #6376, .T. ) ;
#197 = ORIENTED_EDGE ( 'NONE', *, *, #6823, .F. ) ;
#198 = DIRECTION ( 'NONE',  ( 0.000000000000000000, 1.000000000000000000, 0.000000000000000000 ) ) ;
#199 = DIRECTION ( 'NONE',  ( -3.502807018799322109E-15, -1.000000000000000000, -1.222998533970658192E-29 ) ) ;
#200 = CARTESIAN_POINT ( 'NONE',  ( 0.9124038404635951283, 1.199999999999999956, 0.2500000000000032196 ) ) ;
#201 = CARTESIAN_POINT ( 'NONE',  ( -1.449999999999995071, 0.000000000000000000, -1.350000000000004974 ) ) ;
#202 = CARTESIAN_POINT ( 'NONE',  ( 0.7491781560021123498, 1.089999999999992308, 1.352245436956507785 ) ) ;
#203 = EDGE_LOOP ( 'NONE', ( #4147, #5207, #2881 ) ) ;
#204 = VERTEX_POINT ( 'NONE', #5588 ) ;
#205 = DIRECTION ( 'NONE',  ( -1.000000000000000000, 0.000000000000000000, -3.491481338843133355E-15 ) ) ;
#206 = LINE ( 'NONE', #4611, #1064 ) ;
#207 = ADVANCED_FACE ( 'NONE', ( #1039 ), #3252, .F. ) ;
#208 = DIRECTION ( 'NONE',  ( -7.047314121155772510E-15, 1.000000000000000000, -2.460556574298107587E-29 ) ) ;
#209 = CARTESIAN_POINT ( 'NONE',  ( 0.7960480172743344962, 0.9867910218307567316, 0.4798769432452734685 ) ) ;
#210 = EDGE_LOOP ( 'NONE', ( #2129, #2814, #3773, #1679 ) ) ;
#211 = CIRCLE ( 'NONE', #1869, 1.000000000000000000 ) ;
#212 = ORIENTED_EDGE ( 'NONE', *, *, #26, .T. ) ;
#213 = ORIENTED_EDGE ( 'NONE', *, *, #6794, .T. ) ;
#214 = VECTOR ( 'NONE', #2005, 1000.000000000000000 ) ;
#215 = PLANE ( 'NONE',  #3005 ) ;
#216 = FACE_OUTER_BOUND ( 'NONE', #6621, .T. ) ;
#217 = DIRECTION ( 'NONE',  ( -1.000000000000000000, 0.000000000000000000, -3.263320628122684032E-15 ) ) ;
#218 = AXIS2_PLACEMENT_3D ( 'NONE', #4529, #92, #6778 ) ;
#219 = ORIENTED_EDGE ( 'NONE', *, *, #1112, .T. ) ;
#220 = ORIENTED_EDGE ( 'NONE', *, *, #3407, .T. ) ;
#221 = VECTOR ( 'NONE', #2584, 1000.000000000000000 ) ;
#222 = DIRECTION ( 'NONE',  ( 0.000000000000000000, -1.000000000000000000, -0.000000000000000000 ) ) ;
#223 = DIRECTION ( 'NONE',  ( -7.047314121155773299E-15, 1.000000000000000000, -2.460556574298107867E-29 ) ) ;
#224 = LINE ( 'NONE', #5918, #1815 ) ;
#225 = ORIENTED_EDGE ( 'NONE', *, *, #2306, .F. ) ;
#226 = LINE ( 'NONE', #6886, #544 ) ;
#227 = EDGE_CURVE ( 'NONE', #5306, #5732, #563, .T. ) ;
#228 = LINE ( 'NONE', #3075, #6303 ) ;
#229 = EDGE_CURVE ( 'NONE', #710, #3103, #4407, .T. ) ;
#230 = LINE ( 'NONE', #5259, #6923 ) ;
#231 = ORIENTED_EDGE ( 'NONE', *, *, #6752, .T. ) ;
#232 = LINE ( 'NONE', #4749, #4409 ) ;
#233 = EDGE_CURVE ( 'NONE', #7049, #4394, #2666, .T. ) ;
#234 = EDGE_CURVE ( 'NONE', #4051, #4748, #6631, .T. ) ;
#235 = LINE ( 'NONE', #6895, #6672 ) ;
#236 = DIRECTION ( 'NONE',  ( 1.000000000000000000, -4.207103668092284950E-16, 3.491481338843133355E-15 ) ) ;
#237 = DIRECTION ( 'NONE',  ( 1.000000000000000000, -3.469446951953615372E-15, 3.491481338843133355E-15 ) ) ;
#238 = ORIENTED_EDGE ( 'NONE', *, *, #5482, .F. ) ;
#239 = VERTEX_POINT ( 'NONE', #2167 ) ;
#240 = EDGE_CURVE ( 'NONE', #5530, #1123, #6037, .T. ) ;
#241 = CARTESIAN_POINT ( 'NONE',  ( -1.449999999999995737, 0.000000000000000000, -1.200000000000005063 ) ) ;
#242 = DIRECTION ( 'NONE',  ( -7.047314121155773299E-15, 1.000000000000000000, -2.460556574298107867E-29 ) ) ;
#243 = LINE ( 'NONE', #5599, #6391 ) ;
#244 = LINE ( 'NONE', #2980, #2849 ) ;
#245 = DIRECTION ( 'NONE',  ( -1.000000000000000000, 0.000000000000000000, -3.491481338843133355E-15 ) ) ;
#246 = DIRECTION ( 'NONE',  ( 3.491481338843133355E-15, 0.000000000000000000, -1.000000000000000000 ) ) ;
#247 = ORIENTED_EDGE ( 'NONE', *, *, #4883, .T. ) ;
#248 = ORIENTED_EDGE ( 'NONE', *, *, #6344, .T. ) ;
#249 = EDGE_LOOP ( 'NONE', ( #4433, #633, #5348, #1036 ) ) ;
#250 = EDGE_CURVE ( 'NONE', #6703, #5359, #6059, .T. ) ;
#251 = ORIENTED_EDGE ( 'NONE', *, *, #1861, .T. ) ;
#252 = FACE_OUTER_BOUND ( 'NONE', #3500, .T. ) ;
#253 = DIRECTION ( 'NONE',  ( -3.491481338843133355E-15, 0.000000000000000000, 1.000000000000000000 ) ) ;
#254 = VECTOR ( 'NONE', #3648, 1000.000000000000000 ) ;
#255 = ORIENTED_EDGE ( 'NONE', *, *, #6814, .F. ) ;
#256 = FACE_OUTER_BOUND ( 'NONE', #7116, .T. ) ;
#257 = ORIENTED_EDGE ( 'NONE', *, *, #1735, .F. ) ;
#258 = VERTEX_POINT ( 'NONE', #2740 ) ;
#259 = AXIS2_PLACEMENT_3D ( 'NONE', #2109, #1612, #6003 ) ;
#260 = LINE ( 'NONE', #5772, #5117 ) ;
#261 = DIRECTION ( 'NONE',  ( 3.491481338843133355E-15, -0.000000000000000000, -1.000000000000000000 ) ) ;
#262 = PRESENTATION_STYLE_ASSIGNMENT (( #2567 ) ) ;
#263 = LINE ( 'NONE', #2029, #2499 ) ;
#264 = CARTESIAN_POINT ( 'NONE',  ( 1.161850439563976822, 0.8590782517322099743, -1.076613822489788985 ) ) ;
#265 = ORIENTED_EDGE ( 'NONE', *, *, #6411, .F. ) ;
#266 = FACE_BOUND ( 'NONE', #6157, .T. ) ;
#267 = DIRECTION ( 'NONE',  ( 0.5905389299238794631, 3.775254759121810746E-15, -0.8070091525158554768 ) ) ;
#268 = VERTEX_POINT ( 'NONE', #4961 ) ;
#269 = STYLED_ITEM ( 'NONE', ( #4451 ), #2600 ) ;
#270 = CIRCLE ( 'NONE', #4111, 0.1499999999999999667 ) ;
#271 = AXIS2_PLACEMENT_3D ( 'NONE', #1353, #4060, #7180 ) ;
#272 = FACE_OUTER_BOUND ( 'NONE', #7138, .T. ) ;
#273 = VERTEX_POINT ( 'NONE', #2203 ) ;
#274 = ADVANCED_FACE ( 'NONE', ( #1662 ), #3862, .F. ) ;
#275 = CARTESIAN_POINT ( 'NONE',  ( 0.7863873249187238734, 0.9899999999999897771, 0.7288795901552093115 ) ) ;
#276 = VECTOR ( 'NONE', #6069, 1000.000000000000000 ) ;
#277 = VECTOR ( 'NONE', #3768, 1000.000000000000000 ) ;
#278 = ORIENTED_EDGE ( 'NONE', *, *, #2800, .F. ) ;
#279 = EDGE_CURVE ( 'NONE', #2561, #3354, #4067, .T. ) ;
#280 = ORIENTED_EDGE ( 'NONE', *, *, #475, .T. ) ;
#281 = CARTESIAN_POINT ( 'NONE',  ( 0.8517638489321291972, 0.9719151922228733698, -1.500000000000000888 ) ) ;
#282 = PLANE ( 'NONE',  #480 ) ;
#283 = VECTOR ( 'NONE', #2494, 1000.000000000000000 ) ;
#284 = VECTOR ( 'NONE', #4803, 1000.000000000000000 ) ;
#285 = CARTESIAN_POINT ( 'NONE',  ( -1.749999999999998890, 0.6000000000000000888, -0.4000000000000056288 ) ) ;
#286 = ADVANCED_FACE ( 'NONE', ( #634 ), #3425, .T. ) ;
#287 = ADVANCED_FACE ( 'NONE', ( #175 ), #6831, .F. ) ;
#288 = CARTESIAN_POINT ( 'NONE',  ( -1.899999999999997469, 0.5499999999999998224, -1.200000000000006839 ) ) ;
#289 = DIRECTION ( 'NONE',  ( 1.000000000000000000, -0.000000000000000000, 3.491481338843133355E-15 ) ) ;
#290 = ORIENTED_EDGE ( 'NONE', *, *, #6625, .T. ) ;
#291 = VECTOR ( 'NONE', #1263, 1000.000000000000114 ) ;
#292 = ORIENTED_EDGE ( 'NONE', *, *, #4464, .T. ) ;
#293 = ORIENTED_EDGE ( 'NONE', *, *, #1751, .F. ) ;
#294 = LINE ( 'NONE', #4145, #330 ) ;
#295 = DIRECTION ( 'NONE',  ( -1.000000000000000000, 0.000000000000000000, -3.491481338843133355E-15 ) ) ;
#296 = CARTESIAN_POINT ( 'NONE',  ( -1.749999999999998890, 0.6000000000000000888, -0.4000000000000056288 ) ) ;
#297 = ADVANCED_FACE ( 'NONE', ( #671 ), #2877, .F. ) ;
#298 = ORIENTED_EDGE ( 'NONE', *, *, #4565, .T. ) ;
#299 = VERTEX_POINT ( 'NONE', #3518 ) ;
#300 = EDGE_LOOP ( 'NONE', ( #2420, #6821, #6270, #369 ) ) ;
#301 = VECTOR ( 'NONE', #2720, 1000.000000000000000 ) ;
#302 = CARTESIAN_POINT ( 'NONE',  ( -1.750000000000000000, 0.6000000000000005329, -0.5500000000000065947 ) ) ;
#303 = LINE ( 'NONE', #1883, #6536 ) ;
#304 = CARTESIAN_POINT ( 'NONE',  ( 0.7960480172742714355, 0.9867910218307720527, -0.4798769432454136341 ) ) ;
#305 = CARTESIAN_POINT ( 'NONE',  ( 1.279999999999998694, 1.099999999999999867, 0.3708099243547879342 ) ) ;
#306 = EDGE_CURVE ( 'NONE', #945, #6444, #689, .T. ) ;
#307 = SURFACE_STYLE_FILL_AREA ( #5302 ) ;
#308 = ORIENTED_EDGE ( 'NONE', *, *, #4340, .F. ) ;
#309 = LINE ( 'NONE', #6934, #7012 ) ;
#310 = CARTESIAN_POINT ( 'NONE',  ( 0.1000000000000000056, 0.5000000000000000000, 3.491481338843133355E-16 ) ) ;
#311 = EDGE_LOOP ( 'NONE', ( #560, #3043, #3431 ) ) ;
#312 = DIRECTION ( 'NONE',  ( 3.491481338843133355E-15, 0.000000000000000000, -1.000000000000000000 ) ) ;
#313 = VERTEX_POINT ( 'NONE', #6324 ) ;
#314 = LINE ( 'NONE', #1356, #2487 ) ;
#315 = CARTESIAN_POINT ( 'NONE',  ( 0.5974937185533123474, 0.1000000000000000056, -0.7499999999999980016 ) ) ;
#316 = ORIENTED_EDGE ( 'NONE', *, *, #580, .T. ) ;
#317 = ORIENTED_EDGE ( 'NONE', *, *, #4487, .F. ) ;
#318 = DIRECTION ( 'NONE',  ( 1.000000000000000000, -3.571489509364014885E-15, 3.491481338843132961E-15 ) ) ;
#319 = CARTESIAN_POINT ( 'NONE',  ( -1.449999999999995071, 0.000000000000000000, -1.350000000000004974 ) ) ;
#320 = CARTESIAN_POINT ( 'NONE',  ( -1.300000000000002265, 0.000000000000000000, 0.6999999999999960698 ) ) ;
#321 = LINE ( 'NONE', #4257, #6566 ) ;
#322 = VECTOR ( 'NONE', #2180, 1000.000000000000000 ) ;
#323 = DIRECTION ( 'NONE',  ( 0.000000000000000000, 1.000000000000000000, 0.000000000000000000 ) ) ;
#324 = CARTESIAN_POINT ( 'NONE',  ( 0.7491781560021151254, 0.9899999999999947731, 0.5486963839590102143 ) ) ;
#325 = EDGE_LOOP ( 'NONE', ( #2503, #3394, #5488, #8 ) ) ;
#326 = ORIENTED_EDGE ( 'NONE', *, *, #3373, .T. ) ;
#327 = VERTEX_POINT ( 'NONE', #6727 ) ;
#328 = SURFACE_STYLE_FILL_AREA ( #6515 ) ;
#329 = ADVANCED_FACE ( 'NONE', ( #5202 ), #6192, .F. ) ;
#330 = VECTOR ( 'NONE', #962, 1000.000000000000000 ) ;
#331 = ADVANCED_FACE ( 'NONE', ( #2443 ), #6229, .T. ) ;
#332 = PLANE ( 'NONE',  #2557 ) ;
#333 = DIRECTION ( 'NONE',  ( 1.000000000000000000, 0.000000000000000000, 0.000000000000000000 ) ) ;
#334 = B_SPLINE_CURVE_WITH_KNOTS ( 'NONE', 3,
 ( #2962, #2987, #5188, #6378 ),
 .UNSPECIFIED., .F., .F.,
 ( 4, 4 ),
 ( 0.000000000000000000, 0.0001576769461357489430 ),
 .UNSPECIFIED. ) ;
#335 = VERTEX_POINT ( 'NONE', #2343 ) ;
#336 = VECTOR ( 'NONE', #7165, 1000.000000000000000 ) ;
#337 = DIRECTION ( 'NONE',  ( 0.1305261922200485203, -0.9914448613738108262, 4.557297643665510580E-16 ) ) ;
#338 = AXIS2_PLACEMENT_3D ( 'NONE', #6460, #5381, #2615 ) ;
#339 = ORIENTED_EDGE ( 'NONE', *, *, #694, .T. ) ;
#340 = EDGE_CURVE ( 'NONE', #2525, #3080, #6866, .T. ) ;
#341 = LINE ( 'NONE', #2565, #6272 ) ;
#343 = AXIS2_PLACEMENT_3D ( 'NONE', #5216, #1923, #5883 ) ;
#342 = SURFACE_STYLE_FILL_AREA ( #4123 ) ;
#344 = DIRECTION ( 'NONE',  ( 1.000000000000000000, 0.000000000000000000, 3.431247884816160974E-15 ) ) ;
#345 = CARTESIAN_POINT ( 'NONE',  ( -1.749999999999996225, 0.1000000000000000056, -1.200000000000006173 ) ) ;
#346 = CARTESIAN_POINT ( 'NONE',  ( -0.9659547428989363471, 0.5000000000000000000, 1.332883828495627032 ) ) ;
#347 = AXIS2_PLACEMENT_3D ( 'NONE', #4896, #5912, #5370 ) ;
#348 = ORIENTED_EDGE ( 'NONE', *, *, #6174, .T. ) ;
#349 = ADVANCED_FACE ( 'NONE', ( #702 ), #6760, .F. ) ;
#350 = DIRECTION ( 'NONE',  ( 0.000000000000000000, 1.000000000000000000, 0.000000000000000000 ) ) ;
#351 = ORIENTED_EDGE ( 'NONE', *, *, #3235, .T. ) ;
#352 = DIRECTION ( 'NONE',  ( -1.000000000000000000, 0.000000000000000000, -0.000000000000000000 ) ) ;
#353 = CARTESIAN_POINT ( 'NONE',  ( 0.7491781560021196773, 0.9899999999999837819, -0.7606363926145573995 ) ) ;
#354 = DIRECTION ( 'NONE',  ( -6.960928290796748333E-15, 1.000000000000000000, -2.430395122834207356E-29 ) ) ;
#355 = ORIENTED_EDGE ( 'NONE', *, *, #3134, .F. ) ;
#356 = DIRECTION ( 'NONE',  ( -1.000000000000000000, -7.047314121155773299E-15, -3.491481338843133355E-15 ) ) ;
#357 = DIRECTION ( 'NONE',  ( -3.491481338843133355E-15, -0.000000000000000000, 1.000000000000000000 ) ) ;
#358 = ORIENTED_EDGE ( 'NONE', *, *, #6843, .T. ) ;
#359 = ORIENTED_EDGE ( 'NONE', *, *, #5411, .T. ) ;
#360 = DIRECTION ( 'NONE',  ( -3.491481338843133355E-15, -0.000000000000000000, 1.000000000000000000 ) ) ;
#361 = CARTESIAN_POINT ( 'NONE',  ( 0.1000000000000000056, 1.199999999999999956, 3.491481338843133355E-16 ) ) ;
#362 = DIRECTION ( 'NONE',  ( 0.000000000000000000, 1.000000000000000000, 0.000000000000000000 ) ) ;
#363 = DIRECTION ( 'NONE',  ( 3.491481338843133355E-15, 0.000000000000000000, -1.000000000000000000 ) ) ;
#364 = LINE ( 'NONE', #1034, #3324 ) ;
#365 = CARTESIAN_POINT ( 'NONE',  ( 1.581636014379621313, 0.1499999999999999667, 0.3750000000000047740 ) ) ;
#366 = ORIENTED_EDGE ( 'NONE', *, *, #1854, .F. ) ;
#367 = CARTESIAN_POINT ( 'NONE',  ( 0.09999999999999999167, 0.9899999999999926636, 3.491481338843133355E-16 ) ) ;
#368 = ORIENTED_EDGE ( 'NONE', *, *, #5908, .F. ) ;
#369 = ORIENTED_EDGE ( 'NONE', *, *, #2789, .T. ) ;
#370 = CARTESIAN_POINT ( 'NONE',  ( 0.1000000000000000056, -1.979848480983505743, 3.491481338843133355E-16 ) ) ;
#371 = CARTESIAN_POINT ( 'NONE',  ( 0.1000000000000000056, 0.5000000000000000000, 3.491481338843133355E-16 ) ) ;
#372 = FACE_OUTER_BOUND ( 'NONE', #3062, .T. ) ;
#373 = VERTEX_POINT ( 'NONE', #734 ) ;
#374 = ADVANCED_FACE ( 'NONE', ( #5688 ), #5719, .F. ) ;
#375 = EDGE_CURVE ( 'NONE', #239, #5680, #4099, .T. ) ;
#376 = ORIENTED_EDGE ( 'NONE', *, *, #592, .F. ) ;
#377 = ORIENTED_EDGE ( 'NONE', *, *, #7048, .T. ) ;
#378 = EDGE_CURVE ( 'NONE', #5310, #4936, #1359, .T. ) ;
#379 = DIRECTION ( 'NONE',  ( 3.491481338843133355E-15, 0.000000000000000000, -1.000000000000000000 ) ) ;
#380 = CARTESIAN_POINT ( 'NONE',  ( -0.7124038404635950616, -1.979848480983505743, -0.2500000000000023870 ) ) ;
#381 = CARTESIAN_POINT ( 'NONE',  ( 4.283609105641981677E-15, 1.089999999999994751, -0.2500000000000000555 ) ) ;
#382 = VECTOR ( 'NONE', #2960, 1000.000000000000000 ) ;
#383 = FACE_OUTER_BOUND ( 'NONE', #3102, .T. ) ;
#384 = CARTESIAN_POINT ( 'NONE',  ( 0.7044375921718457612, 1.089999999999993641, -1.372827446247159910 ) ) ;
#385 = CARTESIAN_POINT ( 'NONE',  ( 0.1000000000000000056, 0.9899999999999941069, 3.491481338843133355E-16 ) ) ;
#386 = ADVANCED_FACE ( 'NONE', ( #3487 ), #5135, .T. ) ;
#387 = EDGE_CURVE ( 'NONE', #1540, #6077, #1288, .T. ) ;
#388 = AXIS2_PLACEMENT_3D ( 'NONE', #2248, #3872, #1669 ) ;
#389 = EDGE_LOOP ( 'NONE', ( #5660, #1169, #3638, #4940 ) ) ;
#390 = DIRECTION ( 'NONE',  ( -0.000000000000000000, 1.000000000000000000, -0.000000000000000000 ) ) ;
#391 = VERTEX_POINT ( 'NONE', #1943 ) ;
#392 = DIRECTION ( 'NONE',  ( -1.000000000000000000, 0.000000000000000000, -3.263320628122684032E-15 ) ) ;
#393 = DIRECTION ( 'NONE',  ( -1.000000000000000000, 0.000000000000000000, -3.491481338843133355E-15 ) ) ;
#394 = AXIS2_PLACEMENT_3D ( 'NONE', #3210, #5501, #3856 ) ;
#395 = ORIENTED_EDGE ( 'NONE', *, *, #3822, .T. ) ;
#396 = EDGE_CURVE ( 'NONE', #3080, #5039, #6943, .T. ) ;
#397 = LINE ( 'NONE', #5540, #6210 ) ;
#398 = ORIENTED_EDGE ( 'NONE', *, *, #1514, .T. ) ;
#399 = AXIS2_PLACEMENT_3D ( 'NONE', #1142, #1179, #3382 ) ;
#400 = VECTOR ( 'NONE', #6162, 1000.000000000000000 ) ;
#401 = LINE ( 'NONE', #2512, #6619 ) ;
#402 = PLANE ( 'NONE',  #6722 ) ;
#403 = CIRCLE ( 'NONE', #2734, 0.8499999999999999778 ) ;
#404 = EDGE_CURVE ( 'NONE', #1371, #5464, #2974, .T. ) ;
#405 = PRESENTATION_LAYER_ASSIGNMENT (  '', '', ( #763 ) ) ;
#406 = DIRECTION ( 'NONE',  ( -3.491481338843133355E-15, -0.000000000000000000, 1.000000000000000000 ) ) ;
#407 = ORIENTED_EDGE ( 'NONE', *, *, #888, .F. ) ;
#408 = ORIENTED_EDGE ( 'NONE', *, *, #5366, .F. ) ;
#409 = ORIENTED_EDGE ( 'NONE', *, *, #3741, .T. ) ;
#410 = DIRECTION ( 'NONE',  ( 0.000000000000000000, 1.000000000000000000, 0.000000000000000000 ) ) ;
#411 = CIRCLE ( 'NONE', #6906, 0.2500000000000000000 ) ;
#412 = PRESENTATION_LAYER_ASSIGNMENT (  '', '', ( #4112 ) ) ;
#413 = CARTESIAN_POINT ( 'NONE',  ( -1.700245513687543397, 0.6000000000000005329, 1.199999999999994182 ) ) ;
#414 = FILL_AREA_STYLE ('',( #2096 ) ) ;
#415 = AXIS2_PLACEMENT_3D ( 'NONE', #2375, #6802, #1291 ) ;
#416 = AXIS2_PLACEMENT_3D ( 'NONE', #6586, #5505, #4957 ) ;
#417 = EDGE_LOOP ( 'NONE', ( #1255, #476, #808, #547 ) ) ;
#418 = DIRECTION ( 'NONE',  ( -1.000000000000000000, -3.433306879537431628E-15, -2.891205793294679017E-15 ) ) ;
#419 = DIRECTION ( 'NONE',  ( 0.4024130287276453388, -0.1464334684150297161, -0.9036708436362145269 ) ) ;
#420 = DIRECTION ( 'NONE',  ( -2.624119600854730203E-15, 0.000000000000000000, 1.000000000000000000 ) ) ;
#421 = LINE ( 'NONE', #2638, #538 ) ;
#422 = PLANE ( 'NONE',  #3534 ) ;
#423 = ADVANCED_FACE ( 'NONE', ( #1476 ), #4171, .T. ) ;
#424 = CARTESIAN_POINT ( 'NONE',  ( 0.8517638489321228690, 0.9719151922228845830, 0.3241632708993269496 ) ) ;
#425 = ORIENTED_EDGE ( 'NONE', *, *, #2742, .T. ) ;
#426 = DIRECTION ( 'NONE',  ( 6.960928290796750700E-15, -1.000000000000000000, -1.180517527547043970E-16 ) ) ;
#427 = DIRECTION ( 'NONE',  ( 3.263320628122684426E-15, 0.000000000000000000, -1.000000000000000000 ) ) ;
#428 = ORIENTED_EDGE ( 'NONE', *, *, #2603, .F. ) ;
#429 = LINE ( 'NONE', #3306, #4292 ) ;
#430 = DIRECTION ( 'NONE',  ( 0.7071067811865500152, 0.000000000000000000, -0.7071067811865451302 ) ) ;
#431 = EDGE_CURVE ( 'NONE', #3608, #7176, #5897, .T. ) ;
#432 = EDGE_CURVE ( 'NONE', #1715, #1482, #1431, .T. ) ;
#433 = CARTESIAN_POINT ( 'NONE',  ( -1.450000000000003952, 0.000000000000000000, 1.199999999999995071 ) ) ;
#434 = EDGE_CURVE ( 'NONE', #1721, #3817, #4840, .T. ) ;
#435 = EDGE_LOOP ( 'NONE', ( #1484, #4751, #3684, #1633 ) ) ;
#436 = DIRECTION ( 'NONE',  ( -1.000000000000000000, 0.000000000000000000, -3.491481338843133355E-15 ) ) ;
#437 = CARTESIAN_POINT ( 'NONE',  ( 1.280000000000003135, 1.099999999999999867, -0.9260669522232131134 ) ) ;
#438 = EDGE_LOOP ( 'NONE', ( #359, #2442, #6484, #1389, #1967, #6856 ) ) ;
#439 = CARTESIAN_POINT ( 'NONE',  ( -1.265954742898944385, 0.6000000000000036415, 1.227565347459475431 ) ) ;
#440 = LINE ( 'NONE', #3244, #5394 ) ;
#441 = EDGE_CURVE ( 'NONE', #1316, #3973, #6902, .T. ) ;
#442 = LINE ( 'NONE', #2549, #2551 ) ;
#443 = DIRECTION ( 'NONE',  ( 3.491481338843133355E-15, -0.000000000000000000, -1.000000000000000000 ) ) ;
#444 = ORIENTED_EDGE ( 'NONE', *, *, #5095, .F. ) ;
#445 = VERTEX_POINT ( 'NONE', #954 ) ;
#446 = ORIENTED_EDGE ( 'NONE', *, *, #1425, .T. ) ;
#447 = DIRECTION ( 'NONE',  ( -3.491481338843133355E-15, 0.000000000000000000, 1.000000000000000000 ) ) ;
#448 = EDGE_CURVE ( 'NONE', #1096, #2036, #3630, .T. ) ;
#449 = LINE ( 'NONE', #6592, #6451 ) ;
#450 =( NAMED_UNIT ( * ) SI_UNIT ( $, .STERADIAN. ) SOLID_ANGLE_UNIT ( ) );
#451 = ORIENTED_EDGE ( 'NONE', *, *, #516, .F. ) ;
#452 = AXIS2_PLACEMENT_3D ( 'NONE', #6093, #1115, #2411 ) ;
#453 = EDGE_LOOP ( 'NONE', ( #6184, #1738, #6558, #316 ) ) ;
#454 = LINE ( 'NONE', #7184, #1794 ) ;
#455 = FACE_OUTER_BOUND ( 'NONE', #5988, .T. ) ;
#456 = DIRECTION ( 'NONE',  ( 3.491481338843133355E-15, 0.000000000000000000, -1.000000000000000000 ) ) ;
#457 = VECTOR ( 'NONE', #4717, 1000.000000000000000 ) ;
#458 = AXIS2_PLACEMENT_3D ( 'NONE', #73, #1214, #766 ) ;
#459 = CARTESIAN_POINT ( 'NONE',  ( -0.7124038404635967270, 0.9899999999999972156, 0.2499999999999976130 ) ) ;
#460 = FACE_OUTER_BOUND ( 'NONE', #6870, .T. ) ;
#461 = AXIS2_PLACEMENT_3D ( 'NONE', #832, #3621, #6975 ) ;
#462 = ORIENTED_EDGE ( 'NONE', *, *, #4425, .T. ) ;
#463 = CARTESIAN_POINT ( 'NONE',  ( 1.509954935525318565, 1.077536728289187229, 0.3750000000000045519 ) ) ;
#464 = AXIS2_PLACEMENT_3D ( 'NONE', #4621, #2481, #3097 ) ;
#465 = CARTESIAN_POINT ( 'NONE',  ( 0.1000000000000000056, 2.430559530910099131, 3.491481338843133355E-16 ) ) ;
#466 = VERTEX_POINT ( 'NONE', #2621 ) ;
#467 = CARTESIAN_POINT ( 'NONE',  ( 0.1000000000000000056, 1.199999999999999956, 3.491481338843133355E-16 ) ) ;
#468 = LINE ( 'NONE', #7164, #1445 ) ;
#469 = CARTESIAN_POINT ( 'NONE',  ( 0.1000000000000000056, 0.5000000000000000000, 3.491481338843133355E-16 ) ) ;
#470 = VERTEX_POINT ( 'NONE', #4758 ) ;
#471 = VECTOR ( 'NONE', #4308, 1000.000000000000000 ) ;
#472 = DIRECTION ( 'NONE',  ( -3.491481338843133355E-15, 0.000000000000000000, 1.000000000000000000 ) ) ;
#473 = CARTESIAN_POINT ( 'NONE',  ( 0.09999999999999999167, 0.000000000000000000, 3.491481338843133355E-16 ) ) ;
#474 = EDGE_CURVE ( 'NONE', #4764, #4967, #401, .T. ) ;
#475 = EDGE_CURVE ( 'NONE', #3060, #7071, #7060, .T. ) ;
#476 = ORIENTED_EDGE ( 'NONE', *, *, #5900, .T. ) ;
#477 = EDGE_CURVE ( 'NONE', #4328, #4214, #7079, .T. ) ;
#478 = DIRECTION ( 'NONE',  ( 1.000000000000000000, -3.571489509364014885E-15, 3.491481338843133355E-15 ) ) ;
#479 = CARTESIAN_POINT ( 'NONE',  ( 1.279999999999995364, 0.8160849868743065283, 1.372827446247167016 ) ) ;
#480 = AXIS2_PLACEMENT_3D ( 'NONE', #4256, #2513, #5827 ) ;
#481 = CARTESIAN_POINT ( 'NONE',  ( -1.351449120171321683, 0.6000000000000029754, -0.3313493293834522402 ) ) ;
#482 = ADVANCED_FACE ( 'NONE', ( #882 ), #839, .F. ) ;
#483 = PLANE ( 'NONE',  #416 ) ;
#484 = ORIENTED_EDGE ( 'NONE', *, *, #5723, .T. ) ;
#485 = VERTEX_POINT ( 'NONE', #5272 ) ;
#486 = VERTEX_POINT ( 'NONE', #4289 ) ;
#487 = CARTESIAN_POINT ( 'NONE',  ( 0.09999999999999650835, 0.9899999999999926636, 1.000000000000000444 ) ) ;
#488 = CARTESIAN_POINT ( 'NONE',  ( 0.1000000000000000056, 0.9899999999999941069, 3.491481338843133355E-16 ) ) ;
#489 = UNCERTAINTY_MEASURE_WITH_UNIT (LENGTH_MEASURE( 1.000000000000000082E-05 ), #5324, 'distance_accuracy_value', 'NONE');
#490 = EDGE_CURVE ( 'NONE', #115, #4716, #3085, .T. ) ;
#491 = ORIENTED_EDGE ( 'NONE', *, *, #5345, .T. ) ;
#492 = ORIENTED_EDGE ( 'NONE', *, *, #1775, .F. ) ;
#493 = DIRECTION ( 'NONE',  ( 0.000000000000000000, 1.000000000000000000, 0.000000000000000000 ) ) ;
#494 = CARTESIAN_POINT ( 'NONE',  ( -0.9659547428989363471, 0.6000000000000000888, 1.332883828495627032 ) ) ;
#495 = FACE_OUTER_BOUND ( 'NONE', #5175, .T. ) ;
#496 = DIRECTION ( 'NONE',  ( 0.000000000000000000, 1.000000000000000000, 0.000000000000000000 ) ) ;
#497 = DIRECTION ( 'NONE',  ( 0.8660254037844354880, 0.5000000000000056621, 3.023711536277445951E-15 ) ) ;
#498 = ORIENTED_EDGE ( 'NONE', *, *, #490, .F. ) ;
#499 = ORIENTED_EDGE ( 'NONE', *, *, #3910, .F. ) ;
#500 = LINE ( 'NONE', #7082, #1799 ) ;
#501 = CARTESIAN_POINT ( 'NONE',  ( 1.609099421662701923, 1.090589347511192075, -0.3749999999999943379 ) ) ;
#502 = EDGE_LOOP ( 'NONE', ( #3008, #5474, #2173, #2850 ) ) ;
#503 = CARTESIAN_POINT ( 'NONE',  ( -1.099999999999996980, 0.000000000000000000, -0.8500000000000044187 ) ) ;
#504 = FACE_OUTER_BOUND ( 'NONE', #4170, .T. ) ;
#505 = DIRECTION ( 'NONE',  ( 0.3419523097666907763, 0.9397173074096406564, 1.193920108324707201E-15 ) ) ;
#506 = LINE ( 'NONE', #6116, #3889 ) ;
#507 = VERTEX_POINT ( 'NONE', #6983 ) ;
#508 = AXIS2_PLACEMENT_3D ( 'NONE', #3105, #1448, #1919 ) ;
#509 = CARTESIAN_POINT ( 'NONE',  ( -1.900000000000001910, 0.09999999999999950595, 0.5499999999999939382 ) ) ;
#510 = PLANE ( 'NONE',  #3531 ) ;
#511 = ORIENTED_EDGE ( 'NONE', *, *, #4673, .F. ) ;
#512 = DIRECTION ( 'NONE',  ( 0.000000000000000000, 1.000000000000000000, 0.000000000000000000 ) ) ;
#513 = LINE ( 'NONE', #2732, #4098 ) ;
#514 = AXIS2_PLACEMENT_3D ( 'NONE', #7110, #5443, #6025 ) ;
#515 = DIRECTION ( 'NONE',  ( -1.000000000000000000, -7.047314121155772510E-15, -3.491481338843133355E-15 ) ) ;
#516 = EDGE_CURVE ( 'NONE', #5624, #740, #4797, .T. ) ;
#517 = DIRECTION ( 'NONE',  ( -1.000000000000000000, 3.502807018799322109E-15, -3.491481338843133355E-15 ) ) ;
#518 = VECTOR ( 'NONE', #2817, 1000.000000000000000 ) ;
#519 = DIRECTION ( 'NONE',  ( -1.000000000000000000, -7.047314121155772510E-15, -3.491481338843133355E-15 ) ) ;
#520 = VECTOR ( 'NONE', #3791, 1000.000000000000000 ) ;
#521 = EDGE_LOOP ( 'NONE', ( #6447, #3506, #2457, #5618, #1307, #3486, #2143, #1381, #4730, #2721, #6462, #1990, #6173, #2334, #6334 ) ) ;
#522 = ORIENTED_EDGE ( 'NONE', *, *, #162, .T. ) ;
#523 = ORIENTED_EDGE ( 'NONE', *, *, #3407, .F. ) ;
#524 = DIRECTION ( 'NONE',  ( -6.982962677686266711E-15, -1.000000000000000000, -2.438088387897967896E-29 ) ) ;
#525 = EDGE_CURVE ( 'NONE', #5533, #2772, #2086, .T. ) ;
#526 = AXIS2_PLACEMENT_3D ( 'NONE', #6088, #2771, #4993 ) ;
#527 = EDGE_CURVE ( 'NONE', #2227, #1759, #4254, .T. ) ;
#528 = CIRCLE ( 'NONE', #3190, 0.9000000000000000222 ) ;
#529 = CARTESIAN_POINT ( 'NONE',  ( -0.9999999999999986677, 0.000000000000000000, -0.4000000000000041300 ) ) ;
#530 = ORIENTED_EDGE ( 'NONE', *, *, #592, .T. ) ;
#531 = AXIS2_PLACEMENT_3D ( 'NONE', #1211, #6819, #1275 ) ;
#532 = ORIENTED_EDGE ( 'NONE', *, *, #1457, .F. ) ;
#533 = CIRCLE ( 'NONE', #4580, 1.000000000000000000 ) ;
#534 = CARTESIAN_POINT ( 'NONE',  ( 0.8517638489321194273, 0.9719151922228845830, 1.298018149117632802 ) ) ;
#535 = CARTESIAN_POINT ( 'NONE',  ( 0.1000000000000000056, -1.979848480983505743, 3.491481338843133355E-16 ) ) ;
#536 = DIRECTION ( 'NONE',  ( -1.000000000000000000, 0.000000000000000000, -3.491481338843133355E-15 ) ) ;
#537 = ADVANCED_FACE ( 'NONE', ( #5790 ), #5235, .T. ) ;
#538 = VECTOR ( 'NONE', #4780, 1000.000000000000000 ) ;
#539 = CIRCLE ( 'NONE', #5542, 0.1499999999999999667 ) ;
#540 = CARTESIAN_POINT ( 'NONE',  ( -1.450000000000002620, 1.090000000000000746, 0.7499999999999948930 ) ) ;
#541 = CARTESIAN_POINT ( 'NONE',  ( 1.850000000000001199, 0.6000000000000000888, -0.3749999999999933942 ) ) ;
#542 = ORIENTED_EDGE ( 'NONE', *, *, #6411, .T. ) ;
#543 = ORIENTED_EDGE ( 'NONE', *, *, #1999, .T. ) ;
#544 = VECTOR ( 'NONE', #1929, 1000.000000000000000 ) ;
#545 = FACE_OUTER_BOUND ( 'NONE', #121, .T. ) ;
#546 = LINE ( 'NONE', #1058, #565 ) ;
#547 = ORIENTED_EDGE ( 'NONE', *, *, #2579, .F. ) ;
#548 = CARTESIAN_POINT ( 'NONE',  ( 0.3499999999999972577, 1.089999999999991420, 0.8124038404635972599 ) ) ;
#549 = CARTESIAN_POINT ( 'NONE',  ( -1.749999999999995337, 0.6000000000000000888, -1.340000000000005631 ) ) ;
#550 = FACE_OUTER_BOUND ( 'NONE', #2580, .T. ) ;
#551 = DIRECTION ( 'NONE',  ( -1.000000000000000000, 0.000000000000000000, -3.491481338843133355E-15 ) ) ;
#552 = EDGE_LOOP ( 'NONE', ( #2556, #6571, #5947, #690 ) ) ;
#553 = LINE ( 'NONE', #2651, #5049 ) ;
#554 = DIRECTION ( 'NONE',  ( 0.9135180926580671601, 0.000000000000000000, -0.4067981002737932616 ) ) ;
#555 = ORIENTED_EDGE ( 'NONE', *, *, #1508, .T. ) ;
#556 = DIRECTION ( 'NONE',  ( 1.000000000000000000, 1.445602896647341678E-15, 3.614007241618353898E-15 ) ) ;
#557 = CARTESIAN_POINT ( 'NONE',  ( 0.9124038404635951283, -1.979848480983505743, 0.2500000000000032196 ) ) ;
#558 = DIRECTION ( 'NONE',  ( -0.000000000000000000, 1.000000000000000000, -0.000000000000000000 ) ) ;
#559 = CARTESIAN_POINT ( 'NONE',  ( -1.351449120171320128, 0.6000000000000029754, -0.7664364973372644885 ) ) ;
#560 = ORIENTED_EDGE ( 'NONE', *, *, #661, .F. ) ;
#561 = VERTEX_POINT ( 'NONE', #595 ) ;
#562 = ORIENTED_EDGE ( 'NONE', *, *, #5561, .F. ) ;
#563 = LINE ( 'NONE', #6698, #1855 ) ;
#564 = CARTESIAN_POINT ( 'NONE',  ( -1.100000000000003642, 0.000000000000000000, 1.099999999999996758 ) ) ;
#565 = VECTOR ( 'NONE', #427, 1000.000000000000000 ) ;
#566 = CARTESIAN_POINT ( 'NONE',  ( -1.000000000000002442, 0.1000000000000000056, 0.6999999999999971800 ) ) ;
#567 = LINE ( 'NONE', #5000, #1349 ) ;
#568 = ORIENTED_EDGE ( 'NONE', *, *, #6784, .T. ) ;
#569 = EDGE_CURVE ( 'NONE', #3017, #2664, #4519, .T. ) ;
#570 = VERTEX_POINT ( 'NONE', #6083 ) ;
#571 = EDGE_CURVE ( 'NONE', #2164, #6238, #2232, .T. ) ;
#572 = FACE_OUTER_BOUND ( 'NONE', #5857, .T. ) ;
#573 = CARTESIAN_POINT ( 'NONE',  ( 0.7491781560021123498, 1.089999999999992308, 1.372827446247165240 ) ) ;
#574 = DIRECTION ( 'NONE',  ( 0.9397173074096422107, -0.3419523097666865574, 3.281005442608681834E-15 ) ) ;
#575 = EDGE_CURVE ( 'NONE', #6865, #794, #1671, .T. ) ;
#576 = PLANE ( 'NONE',  #1807 ) ;
#577 = PLANE ( 'NONE',  #5173 ) ;
#578 = VECTOR ( 'NONE', #4442, 1000.000000000000000 ) ;
#579 = ORIENTED_EDGE ( 'NONE', *, *, #5998, .T. ) ;
#580 = EDGE_CURVE ( 'NONE', #2415, #3817, #3890, .T. ) ;
#581 = LINE ( 'NONE', #5608, #5103 ) ;
#582 = DIRECTION ( 'NONE',  ( 1.000000000000000000, 0.000000000000000000, 3.491481338843133355E-15 ) ) ;
#583 = DIRECTION ( 'NONE',  ( -3.491481338843133355E-15, 0.000000000000000000, 1.000000000000000000 ) ) ;
#584 = AXIS2_PLACEMENT_3D ( 'NONE', #6578, #6039, #3815 ) ;
#585 = DIRECTION ( 'NONE',  ( 3.491481338843133355E-15, 0.000000000000000000, -1.000000000000000000 ) ) ;
#586 = CARTESIAN_POINT ( 'NONE',  ( -0.1500000000000000222, 0.000000000000000000, -5.237222008264700033E-16 ) ) ;
#587 = VERTEX_POINT ( 'NONE', #995 ) ;
#588 = CARTESIAN_POINT ( 'NONE',  ( 0.9124038404635967936, 1.056263979040565459, -0.2499999999999968081 ) ) ;
#589 = CARTESIAN_POINT ( 'NONE',  ( -1.900000000000001910, 0.09999999999999950595, 0.5499999999999939382 ) ) ;
#590 = AXIS2_PLACEMENT_3D ( 'NONE', #2147, #5537, #6007 ) ;
#591 = AXIS2_PLACEMENT_3D ( 'NONE', #664, #5094, #6825 ) ;
#592 = EDGE_CURVE ( 'NONE', #5159, #1316, #6653, .T. ) ;
#593 = EDGE_LOOP ( 'NONE', ( #7036, #1834, #674, #4566 ) ) ;
#594 = B_SPLINE_CURVE_WITH_KNOTS ( 'NONE', 3,
 ( #55, #2289, #4492, #3368 ),
 .UNSPECIFIED., .F., .F.,
 ( 4, 4 ),
 ( 1.533293416683374186E-19, 0.0002644298111990473323 ),
 .UNSPECIFIED. ) ;
#595 = CARTESIAN_POINT ( 'NONE',  ( -1.700245513687541177, 0.6000000000000005329, 0.5499999999999946043 ) ) ;
#596 = DIRECTION ( 'NONE',  ( 3.491481338843133355E-15, 0.000000000000000000, -1.000000000000000000 ) ) ;
#597 = CARTESIAN_POINT ( 'NONE',  ( -1.399999999999997469, 0.6000000000000026423, -1.105933661623257125 ) ) ;
#598 = VECTOR ( 'NONE', #4866, 1000.000000000000000 ) ;
#599 = DIRECTION ( 'NONE',  ( 0.000000000000000000, -1.000000000000000000, 0.000000000000000000 ) ) ;
#600 = VERTEX_POINT ( 'NONE', #439 ) ;
#601 = DIRECTION ( 'NONE',  ( 1.000000000000000000, 0.000000000000000000, 3.252606517456511724E-15 ) ) ;
#602 = VECTOR ( 'NONE', #4855, 1000.000000000000000 ) ;
#603 = EDGE_LOOP ( 'NONE', ( #6237, #2207, #851, #6627 ) ) ;
#604 = CARTESIAN_POINT ( 'NONE',  ( -1.000000000000001332, 0.000000000000000000, 0.3999999999999971911 ) ) ;
#605 = FACE_OUTER_BOUND ( 'NONE', #711, .T. ) ;
#606 = ORIENTED_EDGE ( 'NONE', *, *, #5181, .T. ) ;
#607 = CARTESIAN_POINT ( 'NONE',  ( 0.1000000000000000056, 1.199999999999999956, 3.491481338843133355E-16 ) ) ;
#608 = ORIENTED_EDGE ( 'NONE', *, *, #6431, .F. ) ;
#609 = CARTESIAN_POINT ( 'NONE',  ( -0.1499999999999976075, 1.199999999999999956, -0.8124038404635963717 ) ) ;
#610 = LINE ( 'NONE', #6637, #1409 ) ;
#611 = LINE ( 'NONE', #1166, #860 ) ;
#612 = EDGE_CURVE ( 'NONE', #5092, #3528, #3819, .T. ) ;
#613 = DIRECTION ( 'NONE',  ( 0.000000000000000000, -1.000000000000000000, -0.000000000000000000 ) ) ;
#614 = EDGE_LOOP ( 'NONE', ( #5320, #3736, #4268, #6758 ) ) ;
#615 = DIRECTION ( 'NONE',  ( -3.491481338843133355E-15, 0.000000000000000000, 1.000000000000000000 ) ) ;
#616 = DIRECTION ( 'NONE',  ( -1.000000000000000000, 0.000000000000000000, -3.491481338843133355E-15 ) ) ;
#617 = FACE_OUTER_BOUND ( 'NONE', #5838, .T. ) ;
#618 = EDGE_CURVE ( 'NONE', #5080, #2125, #7129, .T. ) ;
#619 = EDGE_CURVE ( 'NONE', #204, #6805, #5429, .T. ) ;
#620 = DIRECTION ( 'NONE',  ( 0.000000000000000000, 0.000000000000000000, -1.000000000000000000 ) ) ;
#621 = ORIENTED_EDGE ( 'NONE', *, *, #4192, .T. ) ;
#622 = CARTESIAN_POINT ( 'NONE',  ( 0.1000000000000000056, 0.6000000000000000888, -1.332883828495627032 ) ) ;
#623 = DIRECTION ( 'NONE',  ( 0.000000000000000000, 1.000000000000000000, 0.000000000000000000 ) ) ;
#624 = VERTEX_POINT ( 'NONE', #6014 ) ;
#625 = ORIENTED_EDGE ( 'NONE', *, *, #5738, .F. ) ;
#626 = FACE_OUTER_BOUND ( 'NONE', #803, .T. ) ;
#627 = CARTESIAN_POINT ( 'NONE',  ( 1.849999999999995204, 0.6000000000000000888, 1.340000000000006963 ) ) ;
#628 = EDGE_CURVE ( 'NONE', #3474, #4710, #2157, .T. ) ;
#629 = VECTOR ( 'NONE', #6577, 1000.000000000000000 ) ;
#630 = CARTESIAN_POINT ( 'NONE',  ( -1.351449120171325458, 0.6000000000000029754, 0.7664364973372549406 ) ) ;
#631 = EDGE_LOOP ( 'NONE', ( #5434, #1563, #7037, #2663 ) ) ;
#632 = DIRECTION ( 'NONE',  ( 1.000000000000000000, 0.000000000000000000, 3.491481338843133355E-15 ) ) ;
#633 = ORIENTED_EDGE ( 'NONE', *, *, #4026, .F. ) ;
#634 = FACE_OUTER_BOUND ( 'NONE', #3695, .T. ) ;
#635 = EDGE_CURVE ( 'NONE', #5732, #5733, #4325, .T. ) ;
#636 = VECTOR ( 'NONE', #3034, 1000.000000000000000 ) ;
#637 = VECTOR ( 'NONE', #3510, 1000.000000000000000 ) ;
#638 = CARTESIAN_POINT ( 'NONE',  ( -1.449999999999997513, 1.090000000000000746, -0.7500000000000051070 ) ) ;
#639 = ORIENTED_EDGE ( 'NONE', *, *, #5271, .F. ) ;
#640 = VERTEX_POINT ( 'NONE', #6123 ) ;
#641 = CIRCLE ( 'NONE', #2271, 1.332883828495627032 ) ;
#642 = LINE ( 'NONE', #52, #5627 ) ;
#643 = AXIS2_PLACEMENT_3D ( 'NONE', #3445, #4502, #6213 ) ;
#644 = DIRECTION ( 'NONE',  ( 0.000000000000000000, 0.000000000000000000, -1.000000000000000000 ) ) ;
#645 = ORIENTED_EDGE ( 'NONE', *, *, #4773, .T. ) ;
#646 = VECTOR ( 'NONE', #3205, 1000.000000000000000 ) ;
#647 = VECTOR ( 'NONE', #5567, 1000.000000000000000 ) ;
#648 = EDGE_LOOP ( 'NONE', ( #2060, #1879, #6864, #6323 ) ) ;
#649 = ORIENTED_EDGE ( 'NONE', *, *, #6773, .F. ) ;
#650 = DIRECTION ( 'NONE',  ( 3.491481338843133355E-15, 0.000000000000000000, -1.000000000000000000 ) ) ;
#651 = CARTESIAN_POINT ( 'NONE',  ( -1.799999999999998268, 0.6999999999999998446, -1.200000000000006395 ) ) ;
#652 = VECTOR ( 'NONE', #2473, 1000.000000000000000 ) ;
#653 = AXIS2_PLACEMENT_3D ( 'NONE', #2414, #4212, #6836 ) ;
#654 = CARTESIAN_POINT ( 'NONE',  ( -1.299999999999996048, 0.000000000000000000, -1.100000000000005196 ) ) ;
#655 = CARTESIAN_POINT ( 'NONE',  ( 0.1000000000000035028, 0.9899999999999926636, -0.9999999999999995559 ) ) ;
#656 = ORIENTED_EDGE ( 'NONE', *, *, #2389, .T. ) ;
#657 = DIRECTION ( 'NONE',  ( -3.491481338843133355E-15, 0.000000000000000000, 1.000000000000000000 ) ) ;
#658 = DIRECTION ( 'NONE',  ( 1.000000000000000000, 0.000000000000000000, 3.491481338843133355E-15 ) ) ;
#659 = ADVANCED_FACE ( 'NONE', ( #2196 ), #7207, .F. ) ;
#660 = EDGE_LOOP ( 'NONE', ( #5225, #3083, #4960, #4377 ) ) ;
#661 = EDGE_CURVE ( 'NONE', #794, #6202, #6048, .T. ) ;
#662 = ORIENTED_EDGE ( 'NONE', *, *, #5664, .T. ) ;
#663 = CARTESIAN_POINT ( 'NONE',  ( 1.254226891336545524, 0.000000000000000000, -0.3070147898133140374 ) ) ;
#664 = CARTESIAN_POINT ( 'NONE',  ( -1.749999999999997335, 0.5500000000000002665, -1.200000000000006173 ) ) ;
#665 = EDGE_CURVE ( 'NONE', #3608, #5092, #3361, .T. ) ;
#666 = CARTESIAN_POINT ( 'NONE',  ( -1.700245513687535848, 0.7000000000000005107, -1.200000000000005951 ) ) ;
#667 = ORIENTED_EDGE ( 'NONE', *, *, #7099, .F. ) ;
#668 = DIRECTION ( 'NONE',  ( 0.000000000000000000, 1.000000000000000000, 0.000000000000000000 ) ) ;
#669 = ORIENTED_EDGE ( 'NONE', *, *, #1155, .T. ) ;
#670 = EDGE_CURVE ( 'NONE', #5867, #4394, #4408, .T. ) ;
#671 = FACE_OUTER_BOUND ( 'NONE', #2354, .T. ) ;
#672 = CARTESIAN_POINT ( 'NONE',  ( -1.750000000000002665, 0.7000000000000001776, -6.110092342975492838E-15 ) ) ;
#673 = CARTESIAN_POINT ( 'NONE',  ( -1.351449120171324569, 0.7000000000000030642, 0.3313493293834428033 ) ) ;
#674 = ORIENTED_EDGE ( 'NONE', *, *, #741, .F. ) ;
#675 = VERTEX_POINT ( 'NONE', #6582 ) ;
#676 = ADVANCED_FACE ( 'NONE', ( #3315 ), #5500, .F. ) ;
#677 = LINE ( 'NONE', #6198, #3404 ) ;
#678 = CARTESIAN_POINT ( 'NONE',  ( 0.8859590799087974089, 1.065886922963848571, -1.277602569154005163 ) ) ;
#679 = EDGE_LOOP ( 'NONE', ( #2716, #6992, #407, #2281 ) ) ;
#680 = ORIENTED_EDGE ( 'NONE', *, *, #1014, .F. ) ;
#681 = DIRECTION ( 'NONE',  ( -6.944615092633338914E-15, 1.000000000000000000, -2.424699400137768028E-29 ) ) ;
#682 = LINE ( 'NONE', #2889, #1215 ) ;
#683 = DIRECTION ( 'NONE',  ( 0.5905389299238739120, 3.775254759121810746E-15, 0.8070091525158596957 ) ) ;
#684 = DIRECTION ( 'NONE',  ( -0.7071067811865507924, 0.000000000000000000, 0.7071067811865442421 ) ) ;
#685 = DIRECTION ( 'NONE',  ( -3.722162652137921163E-15, 0.000000000000000000, 1.000000000000000000 ) ) ;
#686 = VERTEX_POINT ( 'NONE', #34 ) ;
#687 = CARTESIAN_POINT ( 'NONE',  ( -1.199038105676661026, 0.9899999999999988809, 0.7499999999999957812 ) ) ;
#688 = DIRECTION ( 'NONE',  ( 3.491481338843133355E-15, -0.000000000000000000, -1.000000000000000000 ) ) ;
#689 = CIRCLE ( 'NONE', #3830, 0.1499999999999999667 ) ;
#690 = ORIENTED_EDGE ( 'NONE', *, *, #1154, .T. ) ;
#691 = ORIENTED_EDGE ( 'NONE', *, *, #1824, .F. ) ;
#692 = CARTESIAN_POINT ( 'NONE',  ( 0.3500000000000026978, -1.979848480983505743, -0.8124038404635947064 ) ) ;
#693 = LINE ( 'NONE', #5130, #1530 ) ;
#694 = EDGE_CURVE ( 'NONE', #5733, #6901, #2265, .T. ) ;
#695 = AXIS2_PLACEMENT_3D ( 'NONE', #5581, #2804, #5026 ) ;
#696 = ADVANCED_FACE ( 'NONE', ( #5971 ), #1579, .F. ) ;
#697 = VECTOR ( 'NONE', #6501, 999.9999999999998863 ) ;
#698 = PLANE ( 'NONE',  #5982 ) ;
#699 = CARTESIAN_POINT ( 'NONE',  ( 0.3500000000000026978, -1.979848480983505743, -0.8124038404635947064 ) ) ;
#700 = EDGE_LOOP ( 'NONE', ( #3888, #6959, #1626, #4404 ) ) ;
#701 = ORIENTED_EDGE ( 'NONE', *, *, #2767, .T. ) ;
#702 = FACE_OUTER_BOUND ( 'NONE', #2274, .T. ) ;
#703 = AXIS2_PLACEMENT_3D ( 'NONE', #6413, #1340, #5809 ) ;
#704 = VECTOR ( 'NONE', #420, 1000.000000000000000 ) ;
#705 = EDGE_CURVE ( 'NONE', #6787, #2124, #3879, .T. ) ;
#706 = EDGE_CURVE ( 'NONE', #960, #4865, #4320, .T. ) ;
#707 = CARTESIAN_POINT ( 'NONE',  ( 0.7044375921718454281, 0.9899999999999922196, -1.372827446247159910 ) ) ;
#708 = AXIS2_PLACEMENT_3D ( 'NONE', #1605, #493, #5951 ) ;
#709 = ORIENTED_EDGE ( 'NONE', *, *, #1238, .T. ) ;
#710 = VERTEX_POINT ( 'NONE', #2190 ) ;
#711 = EDGE_LOOP ( 'NONE', ( #2452, #6916, #5803, #3963 ) ) ;
#712 = CARTESIAN_POINT ( 'NONE',  ( -1.351449120171326124, 0.7000000000000030642, 0.7664364973372549406 ) ) ;
#713 = DIRECTION ( 'NONE',  ( -1.000000000000000000, 0.000000000000000000, -3.491481338843133355E-15 ) ) ;
#714 = LINE ( 'NONE', #5632, #751 ) ;
#715 = ORIENTED_EDGE ( 'NONE', *, *, #233, .F. ) ;
#716 = EDGE_LOOP ( 'NONE', ( #3897, #909, #1388, #117 ) ) ;
#717 = EDGE_LOOP ( 'NONE', ( #5308, #5686, #6354, #1519 ) ) ;
#718 = FACE_OUTER_BOUND ( 'NONE', #717, .T. ) ;
#719 = DIRECTION ( 'NONE',  ( 3.491481338843133355E-15, 0.000000000000000000, -1.000000000000000000 ) ) ;
#720 = DIRECTION ( 'NONE',  ( 1.000000000000000000, 0.000000000000000000, 3.491481338843134539E-15 ) ) ;
#721 = CARTESIAN_POINT ( 'NONE',  ( 1.279999999999995142, 0.8160849868743065283, 1.372827446247167016 ) ) ;
#722 = EDGE_CURVE ( 'NONE', #2366, #2702, #5018, .T. ) ;
#723 = DIRECTION ( 'NONE',  ( 3.491481338843133355E-15, 0.000000000000000000, -1.000000000000000000 ) ) ;
#724 = ORIENTED_EDGE ( 'NONE', *, *, #2866, .T. ) ;
#725 = CARTESIAN_POINT ( 'NONE',  ( 0.5974937185533123474, 0.000000000000000000, -0.7499999999999980016 ) ) ;
#726 = ORIENTED_EDGE ( 'NONE', *, *, #665, .F. ) ;
#727 = ORIENTED_EDGE ( 'NONE', *, *, #5326, .T. ) ;
#728 = FACE_OUTER_BOUND ( 'NONE', #5472, .T. ) ;
#729 = CYLINDRICAL_SURFACE ( 'NONE', #5591, 0.2500000000000000000 ) ;
#730 = CARTESIAN_POINT ( 'NONE',  ( -1.299999999999996048, 0.000000000000000000, -1.100000000000005196 ) ) ;
#731 = DIRECTION ( 'NONE',  ( 0.000000000000000000, 1.000000000000000000, 0.000000000000000000 ) ) ;
#732 = ORIENTED_EDGE ( 'NONE', *, *, #4836, .F. ) ;
#733 = ORIENTED_EDGE ( 'NONE', *, *, #6875, .T. ) ;
#734 = CARTESIAN_POINT ( 'NONE',  ( 1.094503525664563215, 0.9899999999999908873, -0.2499999999999961975 ) ) ;
#735 = AXIS2_PLACEMENT_3D ( 'NONE', #2920, #1410, #4734 ) ;
#736 = DIRECTION ( 'NONE',  ( 1.000000000000000000, 0.000000000000000000, 3.491481338843133355E-15 ) ) ;
#737 = DIRECTION ( 'NONE',  ( -1.000000000000000000, -7.047314121155772510E-15, -3.491481338843133355E-15 ) ) ;
#738 = AXIS2_PLACEMENT_3D ( 'NONE', #3086, #6398, #5313 ) ;
#739 = ORIENTED_EDGE ( 'NONE', *, *, #396, .F. ) ;
#740 = VERTEX_POINT ( 'NONE', #5422 ) ;
#741 = EDGE_CURVE ( 'NONE', #1840, #5976, #6115, .T. ) ;
#742 = EDGE_CURVE ( 'NONE', #7108, #5159, #4997, .T. ) ;
#743 = FACE_OUTER_BOUND ( 'NONE', #5328, .T. ) ;
#744 = CARTESIAN_POINT ( 'NONE',  ( 0.8859590799087940782, 1.065886922963848571, -0.3236793547771025237 ) ) ;
#745 = VECTOR ( 'NONE', #3946, 1000.000000000000114 ) ;
#746 = CIRCLE ( 'NONE', #1331, 0.1599999999999999756 ) ;
#747 = DIRECTION ( 'NONE',  ( -3.502807018799322109E-15, -1.000000000000000000, -1.222998533970658192E-29 ) ) ;
#748 = VERTEX_POINT ( 'NONE', #4427 ) ;
#749 = AXIS2_PLACEMENT_3D ( 'NONE', #6254, #731, #5166 ) ;
#750 = VERTEX_POINT ( 'NONE', #1095 ) ;
#751 = VECTOR ( 'NONE', #5079, 1000.000000000000000 ) ;
#752 = EDGE_CURVE ( 'NONE', #486, #5088, #5963, .T. ) ;
#753 = DIRECTION ( 'NONE',  ( -1.000000000000000000, 0.000000000000000000, -3.614007241618348376E-15 ) ) ;
#754 = PLANE ( 'NONE',  #5699 ) ;
#755 = MECHANICAL_DESIGN_GEOMETRIC_PRESENTATION_REPRESENTATION (  '', ( #269 ), #7143 ) ;
#756 = VECTOR ( 'NONE', #94, 1000.000000000000000 ) ;
#757 = CARTESIAN_POINT ( 'NONE',  ( -0.9999999999999976685, 0.1000000000000000056, -0.7000000000000040634 ) ) ;
#758 = ORIENTED_EDGE ( 'NONE', *, *, #4251, .T. ) ;
#759 = VERTEX_POINT ( 'NONE', #3307 ) ;
#760 = AXIS2_PLACEMENT_3D ( 'NONE', #3716, #632, #4575 ) ;
#761 = CARTESIAN_POINT ( 'NONE',  ( 0.7044375921718282196, -1.979848480983507963, 0.5976246289850537519 ) ) ;
#762 = ADVANCED_FACE ( 'NONE', ( #550 ), #1616, .T. ) ;
#763 = STYLED_ITEM ( 'NONE', ( #3256 ), #5037 ) ;
#764 = ORIENTED_EDGE ( 'NONE', *, *, #441, .T. ) ;
#765 = CARTESIAN_POINT ( 'NONE',  ( 0.1000000000000000056, 0.6000000000000000888, 3.491481338843133355E-16 ) ) ;
#766 = DIRECTION ( 'NONE',  ( -3.266776225374635264E-15, 0.000000000000000000, 1.000000000000000000 ) ) ;
#767 = DIRECTION ( 'NONE',  ( -1.000000000000000000, 0.000000000000000000, -3.491481338843133355E-15 ) ) ;
#768 = VECTOR ( 'NONE', #1739, 1000.000000000000000 ) ;
#769 = AXIS2_PLACEMENT_3D ( 'NONE', #5864, #3049, #5278 ) ;
#770 = PLANE ( 'NONE',  #4814 ) ;
#771 = ORIENTED_EDGE ( 'NONE', *, *, #3135, .T. ) ;
#772 = ORIENTED_EDGE ( 'NONE', *, *, #2959, .T. ) ;
#773 = CARTESIAN_POINT ( 'NONE',  ( -1.750000000000004441, 0.09999999999999979738, 1.199999999999993960 ) ) ;
#774 = DIRECTION ( 'NONE',  ( 1.000000000000000000, 0.000000000000000000, 4.336808689942025625E-15 ) ) ;
#775 = DIRECTION ( 'NONE',  ( 1.000000000000000000, 0.000000000000000000, 3.491481338843133355E-15 ) ) ;
#776 = ORIENTED_EDGE ( 'NONE', *, *, #4551, .F. ) ;
#777 = ORIENTED_EDGE ( 'NONE', *, *, #5293, .T. ) ;
#778 = ORIENTED_EDGE ( 'NONE', *, *, #1473, .T. ) ;
#779 = DIRECTION ( 'NONE',  ( -7.047314121155773299E-15, 1.000000000000000000, -2.460556574298107867E-29 ) ) ;
#780 = ORIENTED_EDGE ( 'NONE', *, *, #240, .F. ) ;
#781 = ADVANCED_FACE ( 'NONE', ( #3342 ), #1024, .F. ) ;
#782 = ADVANCED_FACE ( 'NONE', ( #27 ), #2256, .F. ) ;
#783 = ORIENTED_EDGE ( 'NONE', *, *, #4634, .T. ) ;
#784 = ADVANCED_FACE ( 'NONE', ( #3236 ), #986, .T. ) ;
#785 = CARTESIAN_POINT ( 'NONE',  ( 0.1000000000000000056, 0.5000000000000000000, 1.332883828495627032 ) ) ;
#786 = PLANE ( 'NONE',  #2471 ) ;
#787 = DIRECTION ( 'NONE',  ( -1.000000000000000000, 0.000000000000000000, -3.491481338843132961E-15 ) ) ;
#788 = DIRECTION ( 'NONE',  ( -1.000000000000000000, 0.000000000000000000, -3.491481338843133355E-15 ) ) ;
#789 = DIRECTION ( 'NONE',  ( 1.000000000000000000, -0.000000000000000000, 3.263320628122684426E-15 ) ) ;
#790 = ORIENTED_EDGE ( 'NONE', *, *, #1903, .T. ) ;
#791 = EDGE_CURVE ( 'NONE', #3719, #4197, #4945, .T. ) ;
#792 = DIRECTION ( 'NONE',  ( 1.000000000000000000, 0.000000000000000000, 3.491481338843133355E-15 ) ) ;
#793 = CARTESIAN_POINT ( 'NONE',  ( -1.750000000000000888, 0.7000000000000000666, -0.5500000000000065947 ) ) ;
#794 = VERTEX_POINT ( 'NONE', #4393 ) ;
#795 = CARTESIAN_POINT ( 'NONE',  ( 0.8517638489321291972, 0.9719151922228733698, -1.500000000000000888 ) ) ;
#796 = CARTESIAN_POINT ( 'NONE',  ( 1.850000000000001199, 0.1000000000000000056, -0.3749999999999933942 ) ) ;
#797 = DIRECTION ( 'NONE',  ( 0.000000000000000000, 1.000000000000000000, 0.000000000000000000 ) ) ;
#798 = ADVANCED_FACE ( 'NONE', ( #2114 ), #2223, .F. ) ;
#799 = DIRECTION ( 'NONE',  ( 0.000000000000000000, -1.000000000000000000, 0.000000000000000000 ) ) ;
#800 = DIRECTION ( 'NONE',  ( -3.491481338843133355E-15, 0.000000000000000000, 1.000000000000000000 ) ) ;
#801 = AXIS2_PLACEMENT_3D ( 'NONE', #370, #410, #2590 ) ;
#802 = EDGE_LOOP ( 'NONE', ( #778, #4259, #2628, #3160 ) ) ;
#803 = EDGE_LOOP ( 'NONE', ( #1627, #2793, #1273, #3064 ) ) ;
#804 = CARTESIAN_POINT ( 'NONE',  ( 0.8190608266487939826, 0.9838154455415807353, -1.316958523657185687 ) ) ;
#805 = CARTESIAN_POINT ( 'NONE',  ( -1.351449120171320128, 0.6000000000000029754, -0.7664364973372644885 ) ) ;
#806 = VECTOR ( 'NONE', #5353, 1000.000000000000000 ) ;
#807 = CARTESIAN_POINT ( 'NONE',  ( 0.7044375921718463163, 1.089999999999992308, -1.372827446247159910 ) ) ;
#808 = ORIENTED_EDGE ( 'NONE', *, *, #5415, .F. ) ;
#809 = AXIS2_PLACEMENT_3D ( 'NONE', #4501, #1270, #1752 ) ;
#810 = ORIENTED_EDGE ( 'NONE', *, *, #5055, .T. ) ;
#811 = ORIENTED_EDGE ( 'NONE', *, *, #4251, .F. ) ;
#812 = AXIS2_PLACEMENT_3D ( 'NONE', #2437, #1860, #4640 ) ;
#813 = CARTESIAN_POINT ( 'NONE',  ( 0.3500000000000067502, 0.9899999999999932188, 1.050000000000001377 ) ) ;
#814 = CARTESIAN_POINT ( 'NONE',  ( -1.700245513687541399, 0.7000000000000005107, 0.4176401038210468264 ) ) ;
#815 = VECTOR ( 'NONE', #4013, 1000.000000000000000 ) ;
#816 = VERTEX_POINT ( 'NONE', #3742 ) ;
#817 = DIRECTION ( 'NONE',  ( 3.491481338843133355E-15, -0.000000000000000000, -1.000000000000000000 ) ) ;
#818 = ORIENTED_EDGE ( 'NONE', *, *, #6344, .F. ) ;
#819 = ORIENTED_EDGE ( 'NONE', *, *, #4200, .T. ) ;
#820 = LINE ( 'NONE', #3542, #1293 ) ;
#821 = EDGE_CURVE ( 'NONE', #4650, #3228, #2671, .T. ) ;
#822 = SURFACE_SIDE_STYLE ('',( #342 ) ) ;
#823 = CARTESIAN_POINT ( 'NONE',  ( -1.000000000000003553, 0.9899999999999926636, 0.9999999999999965583 ) ) ;
#824 = LINE ( 'NONE', #2072, #1821 ) ;
#825 = CARTESIAN_POINT ( 'NONE',  ( -1.749999999999996225, 0.1499999999999996891, -1.200000000000006173 ) ) ;
#826 = ADVANCED_FACE ( 'NONE', ( #4867 ), #7088, .T. ) ;
#827 = CARTESIAN_POINT ( 'NONE',  ( 1.690000000000005054, 0.1000000000000000056, -1.499999999999994449 ) ) ;
#828 = EDGE_LOOP ( 'NONE', ( #4598, #1542, #1488, #3827 ) ) ;
#829 = CARTESIAN_POINT ( 'NONE',  ( -1.449999999999995737, 0.1000000000000000056, -1.200000000000005063 ) ) ;
#830 = DIRECTION ( 'NONE',  ( 1.000000000000000000, 0.000000000000000000, 3.491481338843133355E-15 ) ) ;
#831 = EDGE_LOOP ( 'NONE', ( #4261, #2321, #2855, #5076 ) ) ;
#832 = CARTESIAN_POINT ( 'NONE',  ( 0.3499999999999972577, -1.979848480983505743, 0.8124038404635971489 ) ) ;
#833 = EDGE_CURVE ( 'NONE', #5247, #932, #156, .T. ) ;
#834 = EDGE_CURVE ( 'NONE', #624, #3608, #4594, .T. ) ;
#835 = CARTESIAN_POINT ( 'NONE',  ( 1.689999999999995062, 0.6000000000000000888, 1.500000000000006439 ) ) ;
#836 = CARTESIAN_POINT ( 'NONE',  ( 1.279999999999997806, 2.430559530910099131, 0.7089465547634555831 ) ) ;
#837 = VERTEX_POINT ( 'NONE', #1206 ) ;
#838 = ORIENTED_EDGE ( 'NONE', *, *, #4725, .F. ) ;
#839 = PLANE ( 'NONE',  #6371 ) ;
#840 = DIRECTION ( 'NONE',  ( -1.000000000000000000, 0.000000000000000000, -3.491481338843133355E-15 ) ) ;
#841 = EDGE_CURVE ( 'NONE', #3391, #1184, #6713, .T. ) ;
#842 = CARTESIAN_POINT ( 'NONE',  ( -1.590000000000005187, 0.6000000000000000888, 1.499999999999994005 ) ) ;
#843 = FACE_OUTER_BOUND ( 'NONE', #5633, .T. ) ;
#844 = DIRECTION ( 'NONE',  ( 1.000000000000000000, -3.491481338843133355E-15, 3.491481338843133355E-15 ) ) ;
#845 = ORIENTED_EDGE ( 'NONE', *, *, #2318, .F. ) ;
#846 = VERTEX_POINT ( 'NONE', #3472 ) ;
#847 = CARTESIAN_POINT ( 'NONE',  ( 1.150000000000001021, -1.979848480983505743, -0.2499999999999960032 ) ) ;
#848 = DIRECTION ( 'NONE',  ( -1.000000000000000000, 0.000000000000000000, -3.491481338843133355E-15 ) ) ;
#849 = DIRECTION ( 'NONE',  ( 0.1305261922200485203, -0.9914448613738108262, 4.557297643665510580E-16 ) ) ;
#850 = VECTOR ( 'NONE', #3442, 1000.000000000000000 ) ;
#851 = ORIENTED_EDGE ( 'NONE', *, *, #5722, .F. ) ;
#852 = VERTEX_POINT ( 'NONE', #1848 ) ;
#853 = ORIENTED_EDGE ( 'NONE', *, *, #3408, .T. ) ;
#854 = VECTOR ( 'NONE', #6565, 1000.000000000000000 ) ;
#855 = DIRECTION ( 'NONE',  ( 1.000000000000000000, 0.000000000000000000, 4.065758146820647150E-15 ) ) ;
#856 = CARTESIAN_POINT ( 'NONE',  ( 0.7849206803938815202, 0.9899999999999922196, 1.335086372898038665 ) ) ;
#857 = LINE ( 'NONE', #1452, #1401 ) ;
#858 = CARTESIAN_POINT ( 'NONE',  ( 0.5974937185533071293, 0.000000000000000000, 0.7500000000000021094 ) ) ;
#859 = CARTESIAN_POINT ( 'NONE',  ( -1.349999999999997646, 1.199999999999999956, -0.7500000000000046629 ) ) ;
#860 = VECTOR ( 'NONE', #5041, 1000.000000000000000 ) ;
#861 = DIRECTION ( 'NONE',  ( -3.491481338843133355E-15, 0.000000000000000000, 1.000000000000000000 ) ) ;
#862 = AXIS2_PLACEMENT_3D ( 'NONE', #5129, #72, #2929 ) ;
#863 = VERTEX_POINT ( 'NONE', #6145 ) ;
#864 = CARTESIAN_POINT ( 'NONE',  ( 0.3500000000000026978, 1.089999999999991420, -0.8124038404635947064 ) ) ;
#865 = VERTEX_POINT ( 'NONE', #5122 ) ;
#866 = DIRECTION ( 'NONE',  ( -3.491481338843133355E-15, 3.942553354492624709E-15, 1.000000000000000000 ) ) ;
#867 = LINE ( 'NONE', #2854, #2941 ) ;
#868 = VECTOR ( 'NONE', #2249, 1000.000000000000000 ) ;
#869 = CIRCLE ( 'NONE', #749, 1.499999999999999556 ) ;
#870 = AXIS2_PLACEMENT_3D ( 'NONE', #1649, #5538, #5575 ) ;
#871 = FACE_OUTER_BOUND ( 'NONE', #6301, .T. ) ;
#872 = LINE ( 'NONE', #4246, #5277 ) ;
#873 = EDGE_LOOP ( 'NONE', ( #4306, #6063, #4544, #621 ) ) ;
#874 = CARTESIAN_POINT ( 'NONE',  ( -1.982764571739800692E-16, 1.089999999999994751, 1.050000000000000044 ) ) ;
#875 = ADVANCED_FACE ( 'NONE', ( #617 ), #6779, .F. ) ;
#876 = VECTOR ( 'NONE', #6717, 1000.000000000000000 ) ;
#877 = EDGE_CURVE ( 'NONE', #3354, #1592, #93, .T. ) ;
#878 =( GEOMETRIC_REPRESENTATION_CONTEXT ( 3 ) GLOBAL_UNCERTAINTY_ASSIGNED_CONTEXT ( ( #3171 ) ) GLOBAL_UNIT_ASSIGNED_CONTEXT ( ( #1562, #5984, #450 ) ) REPRESENTATION_CONTEXT ( 'NONE', 'WORKASPACE' ) );
#879 = EDGE_LOOP ( 'NONE', ( #358, #6477, #4144, #3669 ) ) ;
#880 = ORIENTED_EDGE ( 'NONE', *, *, #6510, .F. ) ;
#881 = EDGE_CURVE ( 'NONE', #675, #2310, #5673, .T. ) ;
#882 = FACE_OUTER_BOUND ( 'NONE', #2581, .T. ) ;
#883 = LINE ( 'NONE', #6360, #2341 ) ;
#884 = VECTOR ( 'NONE', #3674, 1000.000000000000000 ) ;
#885 = AXIS2_PLACEMENT_3D ( 'NONE', #6054, #4403, #7134 ) ;
#886 = DIRECTION ( 'NONE',  ( 1.000000000000000000, 7.086008913773445480E-15, 3.491481338843133355E-15 ) ) ;
#887 = PLANE ( 'NONE',  #4828 ) ;
#888 = EDGE_CURVE ( 'NONE', #1345, #6444, #1176, .T. ) ;
#889 = FACE_OUTER_BOUND ( 'NONE', #203, .T. ) ;
#890 = ORIENTED_EDGE ( 'NONE', *, *, #3290, .T. ) ;
#891 = ORIENTED_EDGE ( 'NONE', *, *, #619, .T. ) ;
#892 = ORIENTED_EDGE ( 'NONE', *, *, #1162, .T. ) ;
#893 = CYLINDRICAL_SURFACE ( 'NONE', #801, 0.8499999999999999778 ) ;
#894 = DIRECTION ( 'NONE',  ( -3.491481338843133355E-15, 0.000000000000000000, 1.000000000000000000 ) ) ;
#895 = ORIENTED_EDGE ( 'NONE', *, *, #3213, .T. ) ;
#896 = EDGE_LOOP ( 'NONE', ( #543, #163, #238, #1743 ) ) ;
#897 = ORIENTED_EDGE ( 'NONE', *, *, #1904, .F. ) ;
#898 = DIRECTION ( 'NONE',  ( 3.491481338843133355E-15, -0.000000000000000000, -1.000000000000000000 ) ) ;
#899 = CARTESIAN_POINT ( 'NONE',  ( -1.899999999999999911, 0.09999999999999306666, -6.633814543801953375E-15 ) ) ;
#900 = FILL_AREA_STYLE_COLOUR ( '', #2204 ) ;
#901 = DIRECTION ( 'NONE',  ( 3.491481338843133355E-15, 0.000000000000000000, -1.000000000000000000 ) ) ;
#902 = CARTESIAN_POINT ( 'NONE',  ( -0.1499999999999965250, -1.979848480983505743, -1.050000000000000488 ) ) ;
#903 = DIRECTION ( 'NONE',  ( 3.491481338843133355E-15, 0.000000000000000000, -1.000000000000000000 ) ) ;
#904 = CARTESIAN_POINT ( 'NONE',  ( 1.849999999999995204, 0.1000000000000000056, 1.500000000000006883 ) ) ;
#905 = CARTESIAN_POINT ( 'NONE',  ( -1.602568033750412457, 0.7000000000000012879, 1.332883828495615930 ) ) ;
#906 = ORIENTED_EDGE ( 'NONE', *, *, #2570, .T. ) ;
#907 = CARTESIAN_POINT ( 'NONE',  ( -1.449999999999995071, 0.1000000000000000056, -1.350000000000004974 ) ) ;
#908 = CYLINDRICAL_SURFACE ( 'NONE', #2840, 0.8499999999999998668 ) ;
#909 = ORIENTED_EDGE ( 'NONE', *, *, #2844, .F. ) ;
#910 = CARTESIAN_POINT ( 'NONE',  ( -1.900000000000001910, 0.1499999999999996891, 0.5499999999999939382 ) ) ;
#911 = VERTEX_POINT ( 'NONE', #6274 ) ;
#912 = ORIENTED_EDGE ( 'NONE', *, *, #7067, .F. ) ;
#913 = CARTESIAN_POINT ( 'NONE',  ( 0.7044375921718358802, 0.9899999999999922196, 1.372827446247164795 ) ) ;
#914 = CARTESIAN_POINT ( 'NONE',  ( 0.8859590799087974089, 1.065886922963848571, -1.277602569154005163 ) ) ;
#915 = EDGE_CURVE ( 'NONE', #5039, #992, #2825, .T. ) ;
#916 = ADVANCED_FACE ( 'NONE', ( #2396 ), #3406, .T. ) ;
#917 = DIRECTION ( 'NONE',  ( 0.4024130287276453943, -0.1464334684150296884, -0.9036708436362145269 ) ) ;
#918 = VECTOR ( 'NONE', #6523, 1000.000000000000000 ) ;
#919 = ADVANCED_FACE ( 'NONE', ( #3503 ), #4531, .F. ) ;
#920 = VERTEX_POINT ( 'NONE', #5739 ) ;
#921 = ORIENTED_EDGE ( 'NONE', *, *, #741, .T. ) ;
#922 = ORIENTED_EDGE ( 'NONE', *, *, #112, .F. ) ;
#923 = DIRECTION ( 'NONE',  ( 0.000000000000000000, 1.000000000000000000, 0.000000000000000000 ) ) ;
#924 =( GEOMETRIC_REPRESENTATION_CONTEXT ( 3 ) GLOBAL_UNCERTAINTY_ASSIGNED_CONTEXT ( ( #7033 ) ) GLOBAL_UNIT_ASSIGNED_CONTEXT ( ( #4217, #10, #1079 ) ) REPRESENTATION_CONTEXT ( 'NONE', 'WORKASPACE' ) );
#925 = FILL_AREA_STYLE ('',( #6516 ) ) ;
#926 = EDGE_CURVE ( 'NONE', #3078, #2391, #1242, .T. ) ;
#927 = EDGE_CURVE ( 'NONE', #5032, #570, #3004, .T. ) ;
#928 = PRESENTATION_STYLE_ASSIGNMENT (( #7181 ) ) ;
#929 = ORIENTED_EDGE ( 'NONE', *, *, #4515, .F. ) ;
#930 = VECTOR ( 'NONE', #5388, 1000.000000000000000 ) ;
#931 = VECTOR ( 'NONE', #1690, 1000.000000000000000 ) ;
#932 = VERTEX_POINT ( 'NONE', #1823 ) ;
#933 = CARTESIAN_POINT ( 'NONE',  ( 1.161850439563968829, 0.8590782517322099743, 1.076613822489797201 ) ) ;
#934 = DIRECTION ( 'NONE',  ( 0.000000000000000000, 1.000000000000000000, 0.000000000000000000 ) ) ;
#936 = VECTOR ( 'NONE', #2762, 1000.000000000000000 ) ;
#935 =( LENGTH_UNIT ( ) NAMED_UNIT ( * ) SI_UNIT ( .MILLI., .METRE. ) );
#937 = ADVANCED_FACE ( 'NONE', ( #4016 ), #754, .F. ) ;
#938 = CARTESIAN_POINT ( 'NONE',  ( 0.8414888131944446847, 0.9756541594375249815, -0.3643473851387348805 ) ) ;
#939 = FACE_OUTER_BOUND ( 'NONE', #2320, .T. ) ;
#940 = LINE ( 'NONE', #5525, #1232 ) ;
#941 = CARTESIAN_POINT ( 'NONE',  ( -0.1047030918396986005, 0.8899999999999925748, -1.094503525664543675 ) ) ;
#942 = AXIS2_PLACEMENT_3D ( 'NONE', #5017, #5573, #61 ) ;
#943 = ORIENTED_EDGE ( 'NONE', *, *, #375, .T. ) ;
#944 = PLANE ( 'NONE',  #4336 ) ;
#945 = VERTEX_POINT ( 'NONE', #192 ) ;
#946 = EDGE_CURVE ( 'NONE', #5157, #2310, #2427, .T. ) ;
#947 = CARTESIAN_POINT ( 'NONE',  ( 1.737794573425379241, 0.1130526192220048520, 0.3750000000000053846 ) ) ;
#948 = DIRECTION ( 'NONE',  ( 0.000000000000000000, 1.000000000000000000, 0.000000000000000000 ) ) ;
#949 = ORIENTED_EDGE ( 'NONE', *, *, #1559, .T. ) ;
#950 = DIRECTION ( 'NONE',  ( -3.491481338843133355E-15, -0.000000000000000000, 1.000000000000000000 ) ) ;
#951 = FACE_OUTER_BOUND ( 'NONE', #828, .T. ) ;
#952 = ORIENTED_EDGE ( 'NONE', *, *, #5991, .F. ) ;
#953 = ORIENTED_EDGE ( 'NONE', *, *, #6087, .T. ) ;
#954 = CARTESIAN_POINT ( 'NONE',  ( -1.400000000000004796, 0.7000000000000027311, 0.8327843745034422263 ) ) ;
#955 = DIRECTION ( 'NONE',  ( 1.000000000000000000, 7.047314121155773299E-15, 3.491481338843133355E-15 ) ) ;
#956 = CARTESIAN_POINT ( 'NONE',  ( 0.09999999999999999167, 0.9899999999999926636, 3.491481338843133355E-16 ) ) ;
#957 = CARTESIAN_POINT ( 'NONE',  ( -1.119846099012075324, 0.6000000000000046407, 0.9318663323339586579 ) ) ;
#958 = DIRECTION ( 'NONE',  ( -3.722162652137921163E-15, 0.000000000000000000, 1.000000000000000000 ) ) ;
#959 = VERTEX_POINT ( 'NONE', #3915 ) ;
#960 = VERTEX_POINT ( 'NONE', #5612 ) ;
#961 = EDGE_LOOP ( 'NONE', ( #6047, #3527, #6579, #4044 ) ) ;
#962 = DIRECTION ( 'NONE',  ( 0.000000000000000000, 1.000000000000000000, 0.000000000000000000 ) ) ;
#963 = DIRECTION ( 'NONE',  ( 3.491481338843133750E-15, 0.000000000000000000, -1.000000000000000000 ) ) ;
#964 = CARTESIAN_POINT ( 'NONE',  ( -1.700245513687534960, 0.6000000000000005329, -1.235206348558495204 ) ) ;
#965 = ORIENTED_EDGE ( 'NONE', *, *, #3341, .T. ) ;
#966 = ORIENTED_EDGE ( 'NONE', *, *, #5096, .F. ) ;
#967 = ADVANCED_FACE ( 'NONE', ( #383 ), #1413, .F. ) ;
#968 = EDGE_LOOP ( 'NONE', ( #4399, #6351, #4686, #3460 ) ) ;
#969 = EDGE_CURVE ( 'NONE', #3620, #104, #2028, .T. ) ;
#970 = EDGE_CURVE ( 'NONE', #6519, #1468, #6452, .T. ) ;
#971 = CARTESIAN_POINT ( 'NONE',  ( 1.279999999999996918, 0.8160849868743065283, 0.9260669522232218842 ) ) ;
#972 = LINE ( 'NONE', #3766, #3866 ) ;
#973 = DIRECTION ( 'NONE',  ( -1.000000000000000000, 0.000000000000000000, -3.614007241618348376E-15 ) ) ;
#974 = VECTOR ( 'NONE', #4522, 1000.000000000000000 ) ;
#975 = CARTESIAN_POINT ( 'NONE',  ( -0.7999999999999999334, 0.000000000000000000, -2.793185071074506684E-15 ) ) ;
#976 =( NAMED_UNIT ( * ) SI_UNIT ( $, .STERADIAN. ) SOLID_ANGLE_UNIT ( ) );
#977 = DIRECTION ( 'NONE',  ( 0.000000000000000000, 1.000000000000000000, 0.000000000000000000 ) ) ;
#978 = EDGE_CURVE ( 'NONE', #1287, #4756, #6882, .T. ) ;
#979 = VECTOR ( 'NONE', #5531, 1000.000000000000000 ) ;
#980 = EDGE_LOOP ( 'NONE', ( #2738, #5768, #2764, #1350, #2006, #6799, #4109, #1267 ) ) ;
#981 = DIRECTION ( 'NONE',  ( -3.491481338843133355E-15, 0.000000000000000000, 1.000000000000000000 ) ) ;
#982 = DIRECTION ( 'NONE',  ( -6.982962677686266711E-15, -1.000000000000000000, -2.438088387897967896E-29 ) ) ;
#983 = ORIENTED_EDGE ( 'NONE', *, *, #1686, .T. ) ;
#984 = CARTESIAN_POINT ( 'NONE',  ( -0.4035898384862225408, 0.7899999999999925970, -1.409126389621360119E-15 ) ) ;
#985 = DIRECTION ( 'NONE',  ( 0.000000000000000000, 1.000000000000000000, 0.000000000000000000 ) ) ;
#986 = PLANE ( 'NONE',  #4625 ) ;
#987 = VECTOR ( 'NONE', #4255, 1000.000000000000000 ) ;
#988 = DIRECTION ( 'NONE',  ( 0.000000000000000000, 1.000000000000000000, 0.000000000000000000 ) ) ;
#989 = EDGE_LOOP ( 'NONE', ( #1986, #1942, #4533, #3423 ) ) ;
#990 = CARTESIAN_POINT ( 'NONE',  ( 0.1000000000000000056, 0.5000000000000000000, 1.332883828495627032 ) ) ;
#991 = LINE ( 'NONE', #3279, #646 ) ;
#992 = VERTEX_POINT ( 'NONE', #6306 ) ;
#993 = AXIS2_PLACEMENT_3D ( 'NONE', #6617, #950, #2080 ) ;
#994 = AXIS2_PLACEMENT_3D ( 'NONE', #185, #2419, #4623 ) ;
#995 = CARTESIAN_POINT ( 'NONE',  ( -1.450000000000004619, 0.1000000000000000056, 1.349999999999994982 ) ) ;
#996 = DIRECTION ( 'NONE',  ( 0.000000000000000000, 0.000000000000000000, -1.000000000000000000 ) ) ;
#997 = FACE_OUTER_BOUND ( 'NONE', #2918, .T. ) ;
#998 = AXIS2_PLACEMENT_3D ( 'NONE', #5446, #3808, #237 ) ;
#999 = AXIS2_PLACEMENT_3D ( 'NONE', #7188, #2639, #4859 ) ;
#1000 = VERTEX_POINT ( 'NONE', #6930 ) ;
#1001 = ORIENTED_EDGE ( 'NONE', *, *, #4516, .T. ) ;
#1002 = VERTEX_POINT ( 'NONE', #6348 ) ;
#1003 = SURFACE_SIDE_STYLE ('',( #328 ) ) ;
#1004 = AXIS2_PLACEMENT_3D ( 'NONE', #957, #1997, #3069 ) ;
#1005 = VECTOR ( 'NONE', #958, 1000.000000000000000 ) ;
#1006 = CARTESIAN_POINT ( 'NONE',  ( 0.3499999999999972577, 0.9899999999999932188, 0.8124038404635972599 ) ) ;
#1007 = AXIS2_PLACEMENT_3D ( 'NONE', #2035, #6890, #5224 ) ;
#1008 = ORIENTED_EDGE ( 'NONE', *, *, #5217, .F. ) ;
#1009 = ORIENTED_EDGE ( 'NONE', *, *, #6696, .F. ) ;
#1010 = DIRECTION ( 'NONE',  ( 3.491481338843133355E-15, -0.000000000000000000, -1.000000000000000000 ) ) ;
#1011 = PLANE ( 'NONE',  #2258 ) ;
#1012 = SURFACE_SIDE_STYLE ('',( #5008 ) ) ;
#1013 = EDGE_CURVE ( 'NONE', #1573, #6715, #1996, .T. ) ;
#1014 = EDGE_CURVE ( 'NONE', #2036, #2431, #3833, .T. ) ;
#1015 = CARTESIAN_POINT ( 'NONE',  ( 0.9457731086634567630, 0.000000000000000000, -0.3070147898133150921 ) ) ;
#1016 = CARTESIAN_POINT ( 'NONE',  ( 0.1000000000000000056, 1.099999999999999867, 3.491481338843133355E-16 ) ) ;
#1017 = EDGE_CURVE ( 'NONE', #6751, #5613, #3109, .T. ) ;
#1018 = ORIENTED_EDGE ( 'NONE', *, *, #1903, .F. ) ;
#1019 = DIRECTION ( 'NONE',  ( -3.491481338843133355E-15, 0.000000000000000000, 1.000000000000000000 ) ) ;
#1020 = PLANE ( 'NONE',  #5887 ) ;
#1021 = VERTEX_POINT ( 'NONE', #3577 ) ;
#1022 = LINE ( 'NONE', #1138, #5927 ) ;
#1023 = CARTESIAN_POINT ( 'NONE',  ( 0.1000000000000000056, 1.099999999999999867, 3.491481338843133355E-16 ) ) ;
#1024 = PLANE ( 'NONE',  #4628 ) ;
#1025 = CARTESIAN_POINT ( 'NONE',  ( -1.700245513687543619, 0.6000000000000005329, 1.235206348558483436 ) ) ;
#1026 = ORIENTED_EDGE ( 'NONE', *, *, #3972, .F. ) ;
#1027 = CARTESIAN_POINT ( 'NONE',  ( 0.9457731086634567630, 0.000000000000000000, -0.3070147898133150921 ) ) ;
#1028 = CARTESIAN_POINT ( 'NONE',  ( 0.5974937185533123474, 0.000000000000000000, -0.7499999999999980016 ) ) ;
#1029 = ORIENTED_EDGE ( 'NONE', *, *, #1245, .F. ) ;
#1030 = DIRECTION ( 'NONE',  ( -1.000000000000000000, 0.000000000000000000, -3.491481338843133355E-15 ) ) ;
#1031 = LINE ( 'NONE', #5027, #3642 ) ;
#1032 = CARTESIAN_POINT ( 'NONE',  ( 0.9124038404635951283, 1.199999999999999956, 0.2500000000000032196 ) ) ;
#1033 = EDGE_CURVE ( 'NONE', #4988, #7148, #5808, .T. ) ;
#1034 = CARTESIAN_POINT ( 'NONE',  ( -1.400000000000006128, 0.7000000000000027311, 1.199999999999995071 ) ) ;
#1035 = DIRECTION ( 'NONE',  ( 1.000000000000000000, -3.571489509364014885E-15, 6.156016597943508263E-15 ) ) ;
#1036 = ORIENTED_EDGE ( 'NONE', *, *, #4352, .T. ) ;
#1037 = ORIENTED_EDGE ( 'NONE', *, *, #4157, .T. ) ;
#1038 = ORIENTED_EDGE ( 'NONE', *, *, #3002, .F. ) ;
#1039 = FACE_OUTER_BOUND ( 'NONE', #6428, .T. ) ;
#1040 = LINE ( 'NONE', #2315, #5996 ) ;
#1041 = ORIENTED_EDGE ( 'NONE', *, *, #7161, .T. ) ;
#1042 = AXIS2_PLACEMENT_3D ( 'NONE', #1557, #3604, #5833 ) ;
#1043 = VERTEX_POINT ( 'NONE', #2455 ) ;
#1044 = FACE_OUTER_BOUND ( 'NONE', #3759, .T. ) ;
#1045 = CARTESIAN_POINT ( 'NONE',  ( 1.017367721727774121, 0.9116538494102449652, 1.202106543493662416 ) ) ;
#1046 = CARTESIAN_POINT ( 'NONE',  ( -0.9999999999999976685, 0.000000000000000000, -0.7000000000000040634 ) ) ;
#1047 = CARTESIAN_POINT ( 'NONE',  ( -1.351449120171325458, 0.6000000000000029754, 0.7664364973372549406 ) ) ;
#1048 = VECTOR ( 'NONE', #3746, 1000.000000000000000 ) ;
#1049 = VECTOR ( 'NONE', #4473, 1000.000000000000000 ) ;
#1050 = FACE_OUTER_BOUND ( 'NONE', #122, .T. ) ;
#1051 = DIRECTION ( 'NONE',  ( 0.000000000000000000, 1.000000000000000000, 0.000000000000000000 ) ) ;
#1052 = DIRECTION ( 'NONE',  ( -0.9397173074096411005, 0.3419523097666894995, -3.281005442608677889E-15 ) ) ;
#1053 = EDGE_CURVE ( 'NONE', #4958, #6606, #5253, .T. ) ;
#1054 = VECTOR ( 'NONE', #684, 1000.000000000000114 ) ;
#1055 = ORIENTED_EDGE ( 'NONE', *, *, #74, .F. ) ;
#1056 = PLANE ( 'NONE',  #5042 ) ;
#1057 = STYLED_ITEM ( 'NONE', ( #3688 ), #2463 ) ;
#1058 = CARTESIAN_POINT ( 'NONE',  ( 0.3500000000000026978, 1.199999999999999956, -0.8124038404635947064 ) ) ;
#1059 = ORIENTED_EDGE ( 'NONE', *, *, #2879, .F. ) ;
#1060 = DIRECTION ( 'NONE',  ( -1.000000000000000000, 0.000000000000000000, -3.491481338843133355E-15 ) ) ;
#1061 = DIRECTION ( 'NONE',  ( 0.9397173074096407674, -0.3419523097666908318, 3.281005442608676312E-15 ) ) ;
#1062 = LINE ( 'NONE', #2688, #3993 ) ;
#1063 = ORIENTED_EDGE ( 'NONE', *, *, #4487, .T. ) ;
#1064 = VECTOR ( 'NONE', #3333, 1000.000000000000000 ) ;
#1065 = DIRECTION ( 'NONE',  ( -1.000000000000000000, 0.000000000000000000, -3.491481338843132961E-15 ) ) ;
#1066 = CARTESIAN_POINT ( 'NONE',  ( -1.399999999999998579, 0.6000000000000026423, -0.8327843745034519962 ) ) ;
#1067 = EDGE_CURVE ( 'NONE', #4710, #3218, #3029, .T. ) ;
#1068 = VERTEX_POINT ( 'NONE', #4153 ) ;
#1069 = EDGE_CURVE ( 'NONE', #1971, #4394, #5774, .T. ) ;
#1070 = DIRECTION ( 'NONE',  ( -1.000000000000000000, 0.000000000000000000, 1.083450971607855692E-14 ) ) ;
#1071 = CYLINDRICAL_SURFACE ( 'NONE', #394, 0.1600000000000001976 ) ;
#1072 = DIRECTION ( 'NONE',  ( 1.000000000000000000, 0.000000000000000000, 3.491481338843133750E-15 ) ) ;
#1073 = DIRECTION ( 'NONE',  ( -1.000000000000000000, 0.000000000000000000, -3.614007241618349165E-15 ) ) ;
#1074 = ORIENTED_EDGE ( 'NONE', *, *, #2624, .T. ) ;
#1075 = DIRECTION ( 'NONE',  ( 3.263320628122684032E-15, 0.000000000000000000, -1.000000000000000000 ) ) ;
#1076 = VERTEX_POINT ( 'NONE', #3615 ) ;
#1077 = ORIENTED_EDGE ( 'NONE', *, *, #833, .T. ) ;
#1078 = EDGE_CURVE ( 'NONE', #5976, #1981, #3651, .T. ) ;
#1079 =( NAMED_UNIT ( * ) SI_UNIT ( $, .STERADIAN. ) SOLID_ANGLE_UNIT ( ) );
#1080 = CARTESIAN_POINT ( 'NONE',  ( 0.8311657359503991094, 0.9794106084124063472, -0.4047193825007179835 ) ) ;
#1081 = ORIENTED_EDGE ( 'NONE', *, *, #1339, .T. ) ;
#1082 = EDGE_LOOP ( 'NONE', ( #5893, #1100, #79, #3446 ) ) ;
#1083 = CARTESIAN_POINT ( 'NONE',  ( -0.9659547428989363471, 0.5000000000000000000, -1.332883828495627032 ) ) ;
#1084 = CARTESIAN_POINT ( 'NONE',  ( -1.750000000000002220, 0.000000000000000000, 0.5499999999999948264 ) ) ;
#1085 = CARTESIAN_POINT ( 'NONE',  ( 1.469222055512360736, 0.8536442408972402252, 1.372827446247167682 ) ) ;
#1086 = CARTESIAN_POINT ( 'NONE',  ( 1.130000000000000560, 1.099999999999999867, 3.945373912892742427E-15 ) ) ;
#1087 = CARTESIAN_POINT ( 'NONE',  ( 0.8032570994633490002, 0.9899999999999924416, 0.4847140618204893725 ) ) ;
#1088 = VERTEX_POINT ( 'NONE', #858 ) ;
#1089 = PRODUCT ( 'TC33X2104E', 'TC33X2104E', '', ( #108 ) ) ;
#1090 = ORIENTED_EDGE ( 'NONE', *, *, #3485, .T. ) ;
#1091 = DIRECTION ( 'NONE',  ( 3.491481338843133355E-15, 0.000000000000000000, -1.000000000000000000 ) ) ;
#1092 = PLANE ( 'NONE',  #1156 ) ;
#1093 = VERTEX_POINT ( 'NONE', #1494 ) ;
#1094 = CARTESIAN_POINT ( 'NONE',  ( 0.7044375921718358802, 0.9899999999999922196, 1.372827446247165017 ) ) ;
#1095 = CARTESIAN_POINT ( 'NONE',  ( -1.613954739249935155, 0.6000000000000010880, 0.3313493293834419151 ) ) ;
#1096 = VERTEX_POINT ( 'NONE', #7000 ) ;
#1097 = AXIS2_PLACEMENT_3D ( 'NONE', #2815, #4586, #1227 ) ;
#1098 = CARTESIAN_POINT ( 'NONE',  ( 0.3499999999999963696, 0.9899999999999932188, 1.050000000000001377 ) ) ;
#1099 = DIRECTION ( 'NONE',  ( -3.502807018799322109E-15, -1.000000000000000000, -1.222998533970658192E-29 ) ) ;
#1100 = ORIENTED_EDGE ( 'NONE', *, *, #6656, .T. ) ;
#1101 = DIRECTION ( 'NONE',  ( -3.491481338843133355E-15, 0.000000000000000000, 1.000000000000000000 ) ) ;
#1102 = CARTESIAN_POINT ( 'NONE',  ( 0.8204508554180667268, 0.9833096300749981644, -0.6951297489265386709 ) ) ;
#1103 = AXIS2_PLACEMENT_3D ( 'NONE', #7195, #981, #6608 ) ;
#1104 = LINE ( 'NONE', #5620, #3471 ) ;
#1105 = EDGE_CURVE ( 'NONE', #5101, #1779, #3068, .T. ) ;
#1106 = EDGE_CURVE ( 'NONE', #1556, #4862, #4410, .T. ) ;
#1107 = VECTOR ( 'NONE', #6695, 1000.000000000000000 ) ;
#1108 = DIRECTION ( 'NONE',  ( -3.491481338843133355E-15, 0.000000000000000000, 1.000000000000000000 ) ) ;
#1109 = AXIS2_PLACEMENT_3D ( 'NONE', #6691, #4472, #3958 ) ;
#1110 = VERTEX_POINT ( 'NONE', #2601 ) ;
#1111 = ADVANCED_FACE ( 'NONE', ( #4083 ), #6389, .F. ) ;
#1112 = EDGE_CURVE ( 'NONE', #507, #1259, #6419, .T. ) ;
#1113 = ORIENTED_EDGE ( 'NONE', *, *, #6431, .T. ) ;
#1114 = EDGE_LOOP ( 'NONE', ( #5303, #3825, #6724, #298 ) ) ;
#1115 = DIRECTION ( 'NONE',  ( 0.000000000000000000, -1.000000000000000000, 0.000000000000000000 ) ) ;
#1116 = DIRECTION ( 'NONE',  ( 3.502807018799322109E-15, 1.000000000000000000, 1.222998533970658192E-29 ) ) ;
#1117 = AXIS2_PLACEMENT_3D ( 'NONE', #6356, #356, #1469 ) ;
#1118 = AXIS2_PLACEMENT_3D ( 'NONE', #5424, #4946, #2149 ) ;
#1119 = CARTESIAN_POINT ( 'NONE',  ( 1.899999999999998357, 0.000000000000000000, 0.3750000000000059397 ) ) ;
#1120 = ADVANCED_FACE ( 'NONE', ( #6459 ), #3036, .T. ) ;
#1121 = CARTESIAN_POINT ( 'NONE',  ( 1.254226891336545524, 0.1000000000000000056, -0.3070147898133140374 ) ) ;
#1122 = VERTEX_POINT ( 'NONE', #3696 ) ;
#1123 = VERTEX_POINT ( 'NONE', #2004 ) ;
#1124 = VECTOR ( 'NONE', #1638, 1000.000000000000000 ) ;
#1125 = CARTESIAN_POINT ( 'NONE',  ( -0.1500000000000027978, -1.979848480983505743, 0.8124038404635953725 ) ) ;
#1126 = CARTESIAN_POINT ( 'NONE',  ( -0.1500000000000027978, -1.979848480983505743, 0.8124038404635953725 ) ) ;
#1127 = CARTESIAN_POINT ( 'NONE',  ( 1.609099421662701035, 1.090589347511192075, 5.618140603078599208E-15 ) ) ;
#1128 = PLANE ( 'NONE',  #43 ) ;
#1129 = SURFACE_STYLE_USAGE ( .BOTH. , #1012 ) ;
#1130 = PRESENTATION_LAYER_ASSIGNMENT (  '', '', ( #1455 ) ) ;
#1131 = AXIS2_PLACEMENT_3D ( 'NONE', #1443, #3098, #333 ) ;
#1132 = EDGE_CURVE ( 'NONE', #6941, #1844, #2574, .T. ) ;
#1133 = VECTOR ( 'NONE', #443, 1000.000000000000000 ) ;
#1134 = CARTESIAN_POINT ( 'NONE',  ( -1.799999999999999600, 0.5500000000000001554, -0.5500000000000068168 ) ) ;
#1135 = ORIENTED_EDGE ( 'NONE', *, *, #3816, .F. ) ;
#1136 = LINE ( 'NONE', #3338, #3930 ) ;
#1137 = LINE ( 'NONE', #501, #2746 ) ;
#1138 = CARTESIAN_POINT ( 'NONE',  ( 1.900000000000001910, 0.1000000000000000056, -0.7499999999999933387 ) ) ;
#1139 = CARTESIAN_POINT ( 'NONE',  ( -1.300000000000002265, 0.000000000000000000, 0.6999999999999960698 ) ) ;
#1140 = DIRECTION ( 'NONE',  ( 0.000000000000000000, 1.000000000000000000, 0.000000000000000000 ) ) ;
#1141 = ORIENTED_EDGE ( 'NONE', *, *, #6980, .F. ) ;
#1142 = CARTESIAN_POINT ( 'NONE',  ( 0.1000000000000000056, 0.9899999999999941069, 3.491481338843133355E-16 ) ) ;
#1143 = DIRECTION ( 'NONE',  ( -0.000000000000000000, -1.000000000000000000, 0.000000000000000000 ) ) ;
#1144 = ORIENTED_EDGE ( 'NONE', *, *, #3456, .F. ) ;
#1145 = CARTESIAN_POINT ( 'NONE',  ( -0.1499999999999976075, -1.979848480983505743, -0.8124038404635963717 ) ) ;
#1146 = DIRECTION ( 'NONE',  ( 3.491481338843133750E-15, -0.000000000000000000, -1.000000000000000000 ) ) ;
#1147 = CARTESIAN_POINT ( 'NONE',  ( -0.9659547428989363471, 0.5000000000000000000, -1.332883828495627032 ) ) ;
#1148 = DIRECTION ( 'NONE',  ( 0.5905389299238794631, 0.000000000000000000, -0.8070091525158554768 ) ) ;
#1149 = ORIENTED_EDGE ( 'NONE', *, *, #2992, .F. ) ;
#1150 = DIRECTION ( 'NONE',  ( -3.491481338843133355E-15, 0.000000000000000000, 1.000000000000000000 ) ) ;
#1151 = ORIENTED_EDGE ( 'NONE', *, *, #6615, .T. ) ;
#1152 = ORIENTED_EDGE ( 'NONE', *, *, #2579, .T. ) ;
#1153 = DIRECTION ( 'NONE',  ( 3.491481338843133750E-15, -0.000000000000000000, -1.000000000000000000 ) ) ;
#1154 = EDGE_CURVE ( 'NONE', #4650, #2416, #3154, .T. ) ;
#1155 = EDGE_CURVE ( 'NONE', #4269, #686, #6314, .T. ) ;
#1156 = AXIS2_PLACEMENT_3D ( 'NONE', #3811, #2187, #1675 ) ;
#1157 = EDGE_CURVE ( 'NONE', #5492, #3957, #5782, .T. ) ;
#1158 = LINE ( 'NONE', #4411, #2040 ) ;
#1159 = FACE_OUTER_BOUND ( 'NONE', #2506, .T. ) ;
#1160 = ORIENTED_EDGE ( 'NONE', *, *, #5678, .F. ) ;
#1161 = VERTEX_POINT ( 'NONE', #4980 ) ;
#1162 = EDGE_CURVE ( 'NONE', #3193, #2237, #1535, .T. ) ;
#1163 = EDGE_CURVE ( 'NONE', #6018, #6606, #5962, .T. ) ;
#1164 = DIRECTION ( 'NONE',  ( -3.260800025548345547E-15, 0.000000000000000000, 1.000000000000000000 ) ) ;
#1165 = DIRECTION ( 'NONE',  ( 0.000000000000000000, 1.000000000000000000, 0.000000000000000000 ) ) ;
#1166 = CARTESIAN_POINT ( 'NONE',  ( -1.800000000000004263, 0.1499999999999996891, 1.199999999999993738 ) ) ;
#1167 = FACE_OUTER_BOUND ( 'NONE', #4672, .T. ) ;
#1168 = VECTOR ( 'NONE', #3928, 1000.000000000000000 ) ;
#1169 = ORIENTED_EDGE ( 'NONE', *, *, #5901, .T. ) ;
#1170 = CARTESIAN_POINT ( 'NONE',  ( -1.749999999999997780, 0.6000000000000005329, -1.200000000000006173 ) ) ;
#1171 = DIRECTION ( 'NONE',  ( 0.5905389299238794631, 3.775254759121810746E-15, -0.8070091525158554768 ) ) ;
#1172 = EDGE_CURVE ( 'NONE', #6300, #4958, #6576, .T. ) ;
#1173 = DIRECTION ( 'NONE',  ( -1.000000000000000000, 0.000000000000000000, -4.065758146820642416E-15 ) ) ;
#1174 = CARTESIAN_POINT ( 'NONE',  ( 1.900000000000000799, 0.000000000000000000, -0.3749999999999932276 ) ) ;
#1175 = AXIS2_PLACEMENT_3D ( 'NONE', #4646, #80, #1257 ) ;
#1176 = LINE ( 'NONE', #6179, #1980 ) ;
#1177 = LINE ( 'NONE', #5190, #756 ) ;
#1178 = VERTEX_POINT ( 'NONE', #984 ) ;
#1179 = DIRECTION ( 'NONE',  ( 3.502807018799322109E-15, 1.000000000000000000, 1.222998533970658192E-29 ) ) ;
#1180 = CYLINDRICAL_SURFACE ( 'NONE', #2954, 0.1499999999999999667 ) ;
#1181 = AXIS2_PLACEMENT_3D ( 'NONE', #1094, #6207, #583 ) ;
#1182 = VECTOR ( 'NONE', #5286, 1000.000000000000000 ) ;
#1183 = ORIENTED_EDGE ( 'NONE', *, *, #3613, .T. ) ;
#1184 = VERTEX_POINT ( 'NONE', #503 ) ;
#1185 = CARTESIAN_POINT ( 'NONE',  ( 1.280000000000003135, 1.199999999999999956, -0.9260669522232131134 ) ) ;
#1186 = DIRECTION ( 'NONE',  ( -3.491481338843133355E-15, 0.000000000000000000, 1.000000000000000000 ) ) ;
#1187 = CARTESIAN_POINT ( 'NONE',  ( 0.5974937185533071293, 0.1000000000000000056, 0.7500000000000021094 ) ) ;
#1188 = VERTEX_POINT ( 'NONE', #548 ) ;
#1189 = VECTOR ( 'NONE', #2013, 1000.000000000000000 ) ;
#1190 = EDGE_LOOP ( 'NONE', ( #983, #2587, #4619, #2108 ) ) ;
#1191 = DIRECTION ( 'NONE',  ( -3.263320628122684032E-15, -7.992029389258310241E-31, 1.000000000000000000 ) ) ;
#1192 = DIRECTION ( 'NONE',  ( -3.491481338843133355E-15, 0.000000000000000000, 1.000000000000000000 ) ) ;
#1193 = ORIENTED_EDGE ( 'NONE', *, *, #1892, .F. ) ;
#1194 = DIRECTION ( 'NONE',  ( 0.000000000000000000, 1.000000000000000000, 0.000000000000000000 ) ) ;
#1195 = ORIENTED_EDGE ( 'NONE', *, *, #2603, .T. ) ;
#1196 = DIRECTION ( 'NONE',  ( 1.000000000000000000, -3.469446951953615372E-15, 3.491481338843133355E-15 ) ) ;
#1197 = CARTESIAN_POINT ( 'NONE',  ( 0.000000000000000000, -0.4942926941623180248, -0.1000000000000000056 ) ) ;
#1198 = VERTEX_POINT ( 'NONE', #4904 ) ;
#1199 = EDGE_CURVE ( 'NONE', #2880, #6364, #7197, .T. ) ;
#1200 = EDGE_CURVE ( 'NONE', #299, #3391, #7120, .T. ) ;
#1201 = EDGE_LOOP ( 'NONE', ( #446, #4054, #3860, #4591, #3859, #2401, #1501, #1224, #3239, #6660, #1674, #5895, #4674, #4775 ) ) ;
#1202 = EDGE_CURVE ( 'NONE', #3726, #5480, #3740, .T. ) ;
#1203 = EDGE_LOOP ( 'NONE', ( #5692, #5475, #4110, #4085 ) ) ;
#1204 = CARTESIAN_POINT ( 'NONE',  ( 0.3499999999999999778, 0.1000000000000000056, 1.252634638573780461E-15 ) ) ;
#1205 = FACE_OUTER_BOUND ( 'NONE', #5576, .T. ) ;
#1206 = CARTESIAN_POINT ( 'NONE',  ( -1.613954739249932935, 0.6000000000000010880, -0.3313493293834531839 ) ) ;
#1207 = LINE ( 'NONE', #1306, #1918 ) ;
#1208 = ORIENTED_EDGE ( 'NONE', *, *, #5504, .F. ) ;
#1209 = EDGE_CURVE ( 'NONE', #3537, #920, #7163, .T. ) ;
#1210 = PLANE ( 'NONE',  #1916 ) ;
#1211 = CARTESIAN_POINT ( 'NONE',  ( 1.850000000000004974, 0.1000000000000000056, -1.499999999999993561 ) ) ;
#1212 = ORIENTED_EDGE ( 'NONE', *, *, #240, .T. ) ;
#1213 = FACE_OUTER_BOUND ( 'NONE', #5743, .T. ) ;
#1214 = DIRECTION ( 'NONE',  ( -1.000000000000000000, 0.000000000000000000, -3.266776225374635264E-15 ) ) ;
#1215 = VECTOR ( 'NONE', #6777, 1000.000000000000000 ) ;
#1216 = EDGE_CURVE ( 'NONE', #911, #794, #211, .T. ) ;
#1217 = DIRECTION ( 'NONE',  ( 0.000000000000000000, 1.000000000000000000, -0.000000000000000000 ) ) ;
#1218 = ORIENTED_EDGE ( 'NONE', *, *, #7059, .T. ) ;
#1219 = EDGE_LOOP ( 'NONE', ( #649, #6278, #3681, #3286 ) ) ;
#1220 = VECTOR ( 'NONE', #2599, 1000.000000000000000 ) ;
#1221 = DIRECTION ( 'NONE',  ( -3.491481338843133355E-15, 0.000000000000000000, 1.000000000000000000 ) ) ;
#1222 = VECTOR ( 'NONE', #4208, 1000.000000000000000 ) ;
#1223 = ORIENTED_EDGE ( 'NONE', *, *, #448, .F. ) ;
#1224 = ORIENTED_EDGE ( 'NONE', *, *, #2262, .F. ) ;
#1225 = CARTESIAN_POINT ( 'NONE',  ( -1.350000000000002309, 1.199999999999999956, 0.7499999999999953371 ) ) ;
#1226 = VECTOR ( 'NONE', #599, 1000.000000000000000 ) ;
#1227 = DIRECTION ( 'NONE',  ( 1.000000000000000000, -3.469446951953615372E-15, 3.491481338843133355E-15 ) ) ;
#1228 = VECTOR ( 'NONE', #7053, 1000.000000000000000 ) ;
#1229 = CARTESIAN_POINT ( 'NONE',  ( 1.279999999999996918, 2.430559530910099131, 0.9260669522232218842 ) ) ;
#1230 = EDGE_LOOP ( 'NONE', ( #4178, #2365, #2842, #3559 ) ) ;
#1231 = AXIS2_PLACEMENT_3D ( 'NONE', #3851, #1099, #3886 ) ;
#1232 = VECTOR ( 'NONE', #3297, 1000.000000000000000 ) ;
#1233 = ORIENTED_EDGE ( 'NONE', *, *, #2908, .F. ) ;
#1234 = ORIENTED_EDGE ( 'NONE', *, *, #4495, .T. ) ;
#1235 = CARTESIAN_POINT ( 'NONE',  ( -1.351449120171326124, 0.7000000000000030642, 0.7664364973372549406 ) ) ;
#1236 = DIRECTION ( 'NONE',  ( -0.000000000000000000, -1.000000000000000000, 0.000000000000000000 ) ) ;
#1237 = DIRECTION ( 'NONE',  ( -3.491481338843133355E-15, -0.000000000000000000, 1.000000000000000000 ) ) ;
#1238 = EDGE_CURVE ( 'NONE', #5926, #3943, #1022, .T. ) ;
#1239 = VECTOR ( 'NONE', #6931, 1000.000000000000000 ) ;
#1240 = EDGE_CURVE ( 'NONE', #2772, #5733, #2792, .T. ) ;
#1241 = VECTOR ( 'NONE', #289, 1000.000000000000000 ) ;
#1242 = LINE ( 'NONE', #3378, #1054 ) ;
#1243 = PLANE ( 'NONE',  #643 ) ;
#1244 = ORIENTED_EDGE ( 'NONE', *, *, #3581, .F. ) ;
#1245 = EDGE_CURVE ( 'NONE', #5352, #204, #429, .T. ) ;
#1246 = LINE ( 'NONE', #5676, #4220 ) ;
#1247 = AXIS2_PLACEMENT_3D ( 'NONE', #50, #6167, #3395 ) ;
#1248 = DIRECTION ( 'NONE',  ( -1.000000000000000000, 0.000000000000000000, -3.491481338843133355E-15 ) ) ;
#1249 = ORIENTED_EDGE ( 'NONE', *, *, #6774, .T. ) ;
#1250 = ORIENTED_EDGE ( 'NONE', *, *, #3869, .T. ) ;
#1251 = CARTESIAN_POINT ( 'NONE',  ( 1.899999999999998357, 0.000000000000000000, 0.3750000000000059397 ) ) ;
#1252 = ADVANCED_FACE ( 'NONE', ( #7086, #6644 ), #3340, .T. ) ;
#1253 = CARTESIAN_POINT ( 'NONE',  ( -1.900000000000004796, 0.1000000000000000056, 1.349999999999993427 ) ) ;
#1254 = CARTESIAN_POINT ( 'NONE',  ( 1.600000000000001199, 0.6000000000000000888, -0.3749999999999942824 ) ) ;
#1255 = ORIENTED_EDGE ( 'NONE', *, *, #6009, .T. ) ;
#1256 = VERTEX_POINT ( 'NONE', #5420 ) ;
#1257 = DIRECTION ( 'NONE',  ( -1.000000000000000000, 0.000000000000000000, -3.491481338843133355E-15 ) ) ;
#1258 = EDGE_CURVE ( 'NONE', #1447, #2227, #2189, .T. ) ;
#1259 = VERTEX_POINT ( 'NONE', #4830 ) ;
#1260 = ORIENTED_EDGE ( 'NONE', *, *, #5136, .F. ) ;
#1261 = EDGE_CURVE ( 'NONE', #3228, #587, #2112, .T. ) ;
#1262 = AXIS2_PLACEMENT_3D ( 'NONE', #7118, #6643, #3845 ) ;
#1263 = DIRECTION ( 'NONE',  ( -0.4024130287276393991, 0.1464334684150298826, -0.9036708436362170804 ) ) ;
#1264 = DIRECTION ( 'NONE',  ( 0.000000000000000000, 1.000000000000000000, 0.000000000000000000 ) ) ;
#1265 = ORIENTED_EDGE ( 'NONE', *, *, #575, .T. ) ;
#1266 = ORIENTED_EDGE ( 'NONE', *, *, #3450, .T. ) ;
#1267 = ORIENTED_EDGE ( 'NONE', *, *, #1339, .F. ) ;
#1268 = LINE ( 'NONE', #3468, #2821 ) ;
#1269 = DIRECTION ( 'NONE',  ( 0.000000000000000000, 1.000000000000000000, 0.000000000000000000 ) ) ;
#1270 = DIRECTION ( 'NONE',  ( -1.000000000000000000, -3.469446951953614978E-15, -3.491481338843133355E-15 ) ) ;
#1271 = AXIS2_PLACEMENT_3D ( 'NONE', #3145, #2988, #5773 ) ;
#1272 = LINE ( 'NONE', #5709, #6316 ) ;
#1273 = ORIENTED_EDGE ( 'NONE', *, *, #1473, .F. ) ;
#1274 = DIRECTION ( 'NONE',  ( 3.491481338843133355E-15, 0.000000000000000000, -1.000000000000000000 ) ) ;
#1275 = DIRECTION ( 'NONE',  ( 1.000000000000000000, 0.000000000000000000, 3.491481338843133355E-15 ) ) ;
#1276 = AXIS2_PLACEMENT_3D ( 'NONE', #5570, #5670, #3375 ) ;
#1277 = ORIENTED_EDGE ( 'NONE', *, *, #5721, .F. ) ;
#1278 = ORIENTED_EDGE ( 'NONE', *, *, #2485, .T. ) ;
#1279 = CARTESIAN_POINT ( 'NONE',  ( -1.400000000000005906, 0.7000000000000027311, 1.105933661623247133 ) ) ;
#1280 = CARTESIAN_POINT ( 'NONE',  ( -1.750000000000005773, 0.5500000000000002665, 1.199999999999993960 ) ) ;
#1281 = AXIS2_PLACEMENT_3D ( 'NONE', #2374, #2905, #2843 ) ;
#1282 = VECTOR ( 'NONE', #5714, 1000.000000000000000 ) ;
#1283 = EDGE_CURVE ( 'NONE', #1188, #258, #7050, .T. ) ;
#1284 = EDGE_CURVE ( 'NONE', #2366, #5310, #4318, .T. ) ;
#1285 = DIRECTION ( 'NONE',  ( 0.000000000000000000, -1.000000000000000000, 0.000000000000000000 ) ) ;
#1286 = LINE ( 'NONE', #3926, #1478 ) ;
#1287 = VERTEX_POINT ( 'NONE', #3847 ) ;
#1288 = LINE ( 'NONE', #2937, #4742 ) ;
#1289 = VECTOR ( 'NONE', #4701, 1000.000000000000114 ) ;
#1290 = LINE ( 'NONE', #1127, #3480 ) ;
#1291 = DIRECTION ( 'NONE',  ( 1.000000000000000000, 0.000000000000000000, 3.263320628122684032E-15 ) ) ;
#1292 = CARTESIAN_POINT ( 'NONE',  ( -1.800000000000005596, 0.5500000000000001554, 1.199999999999993738 ) ) ;
#1293 = VECTOR ( 'NONE', #6997, 1000.000000000000000 ) ;
#1294 = ADVANCED_FACE ( 'NONE', ( #6075 ), #3777, .T. ) ;
#1295 = ORIENTED_EDGE ( 'NONE', *, *, #28, .T. ) ;
#1296 = ORIENTED_EDGE ( 'NONE', *, *, #5226, .F. ) ;
#1297 = FACE_OUTER_BOUND ( 'NONE', #3629, .T. ) ;
#1298 = DIRECTION ( 'NONE',  ( 3.491481338843133355E-15, 0.000000000000000000, -1.000000000000000000 ) ) ;
#1299 = DIRECTION ( 'NONE',  ( 3.469446951953614978E-15, -1.000000000000000000, 1.211350928885223548E-29 ) ) ;
#1300 = ORIENTED_EDGE ( 'NONE', *, *, #4287, .F. ) ;
#1301 = EDGE_CURVE ( 'NONE', #2033, #1628, #3264, .T. ) ;
#1302 = ORIENTED_EDGE ( 'NONE', *, *, #1526, .F. ) ;
#1303 = DIRECTION ( 'NONE',  ( -3.491481338843133750E-15, 0.000000000000000000, 1.000000000000000000 ) ) ;
#1304 = CARTESIAN_POINT ( 'NONE',  ( -1.799999999999998268, 0.6999999999999998446, -1.200000000000006395 ) ) ;
#1305 = DIRECTION ( 'NONE',  ( -1.000000000000000000, 0.000000000000000000, -3.491481338843133355E-15 ) ) ;
#1306 = CARTESIAN_POINT ( 'NONE',  ( -0.9500000000000010658, -1.979848480983505743, 0.2499999999999968636 ) ) ;
#1307 = ORIENTED_EDGE ( 'NONE', *, *, #2759, .F. ) ;
#1308 = FACE_OUTER_BOUND ( 'NONE', #3715, .T. ) ;
#1309 = EDGE_LOOP ( 'NONE', ( #4815, #4129, #2023, #5569 ) ) ;
#1310 = DIRECTION ( 'NONE',  ( -1.000000000000000000, 0.000000000000000000, -3.614007241618349165E-15 ) ) ;
#1311 = ORIENTED_EDGE ( 'NONE', *, *, #6249, .F. ) ;
#1312 = CARTESIAN_POINT ( 'NONE',  ( -0.1499999999999965250, 1.199999999999999956, -1.050000000000000488 ) ) ;
#1313 = LINE ( 'NONE', #5196, #5462 ) ;
#1314 = CARTESIAN_POINT ( 'NONE',  ( 0.3500000000000035305, 1.089999999999994307, -1.049999999999998934 ) ) ;
#1315 = DIRECTION ( 'NONE',  ( 0.7071067811865507924, 0.000000000000000000, -0.7071067811865442421 ) ) ;
#1316 = VERTEX_POINT ( 'NONE', #3914 ) ;
#1317 = ORIENTED_EDGE ( 'NONE', *, *, #2562, .T. ) ;
#1318 = DIRECTION ( 'NONE',  ( -1.000000000000000000, 0.000000000000000000, -3.491481338843133355E-15 ) ) ;
#1319 = AXIS2_PLACEMENT_3D ( 'NONE', #3938, #5110, #6738 ) ;
#1320 = DIRECTION ( 'NONE',  ( 3.491481338843133355E-15, -0.000000000000000000, -1.000000000000000000 ) ) ;
#1321 = EDGE_CURVE ( 'NONE', #4590, #1400, #4861, .T. ) ;
#1322 = EDGE_CURVE ( 'NONE', #6771, #5986, #155, .T. ) ;
#1323 = CARTESIAN_POINT ( 'NONE',  ( 0.1000000000000000056, 0.9899999999999941069, 3.491481338843133355E-16 ) ) ;
#1324 = EDGE_CURVE ( 'NONE', #5837, #273, #5084, .T. ) ;
#1325 = LINE ( 'NONE', #6946, #2395 ) ;
#1326 = CIRCLE ( 'NONE', #6423, 1.000000000000000000 ) ;
#1327 = ORIENTED_EDGE ( 'NONE', *, *, #3581, .T. ) ;
#1328 = CARTESIAN_POINT ( 'NONE',  ( 1.279999999999996918, 0.8160849868743065283, 0.9260669522232218842 ) ) ;
#1329 = EDGE_CURVE ( 'NONE', #1358, #2164, #6385, .T. ) ;
#1330 = CIRCLE ( 'NONE', #5520, 0.1499999999999997446 ) ;
#1331 = AXIS2_PLACEMENT_3D ( 'NONE', #4499, #1717, #1173 ) ;
#1332 = ORIENTED_EDGE ( 'NONE', *, *, #5113, .F. ) ;
#1333 = AXIS2_PLACEMENT_3D ( 'NONE', #1727, #3923, #5131 ) ;
#1334 = VERTEX_POINT ( 'NONE', #1174 ) ;
#1335 = AXIS2_PLACEMENT_3D ( 'NONE', #4201, #5347, #354 ) ;
#1336 = DIRECTION ( 'NONE',  ( -6.944615092633338914E-15, 1.000000000000000000, -2.424699400137768028E-29 ) ) ;
#1337 = DIRECTION ( 'NONE',  ( 1.000000000000000000, 0.000000000000000000, 4.336808689942025625E-15 ) ) ;
#1338 = CYLINDRICAL_SURFACE ( 'NONE', #6730, 0.8499999999999999778 ) ;
#1339 = EDGE_CURVE ( 'NONE', #3202, #486, #3138, .T. ) ;
#1340 = DIRECTION ( 'NONE',  ( 3.502807018799322109E-15, 1.000000000000000000, 1.222998533970658192E-29 ) ) ;
#1341 = VECTOR ( 'NONE', #1470, 1000.000000000000000 ) ;
#1342 = AXIS2_PLACEMENT_3D ( 'NONE', #1086, #496, #6027 ) ;
#1343 = LINE ( 'NONE', #1496, #4944 ) ;
#1344 = ORIENTED_EDGE ( 'NONE', *, *, #6353, .T. ) ;
#1345 = VERTEX_POINT ( 'NONE', #2796 ) ;
#1346 = AXIS2_PLACEMENT_3D ( 'NONE', #3955, #3887, #1248 ) ;
#1347 = FACE_BOUND ( 'NONE', #2498, .T. ) ;
#1348 = PRESENTATION_STYLE_ASSIGNMENT (( #3152 ) ) ;
#1349 = VECTOR ( 'NONE', #3965, 1000.000000000000000 ) ;
#1350 = ORIENTED_EDGE ( 'NONE', *, *, #6556, .F. ) ;
#1351 = CARTESIAN_POINT ( 'NONE',  ( -1.899999999999998801, 0.1000000000000000056, -0.4000000000000072387 ) ) ;
#1352 = DIRECTION ( 'NONE',  ( 0.000000000000000000, -1.000000000000000000, 0.000000000000000000 ) ) ;
#1353 = CARTESIAN_POINT ( 'NONE',  ( -1.450000000000004619, 0.000000000000000000, 1.349999999999994982 ) ) ;
#1354 = VECTOR ( 'NONE', #2939, 1000.000000000000000 ) ;
#1355 = VECTOR ( 'NONE', #1978, 1000.000000000000000 ) ;
#1356 = CARTESIAN_POINT ( 'NONE',  ( 0.7044375921718358802, 0.9899999999999922196, 1.372827446247165017 ) ) ;
#1357 = ORIENTED_EDGE ( 'NONE', *, *, #2213, .T. ) ;
#1358 = VERTEX_POINT ( 'NONE', #3469 ) ;
#1359 = LINE ( 'NONE', #5072, #7204 ) ;
#1360 = LINE ( 'NONE', #3561, #5161 ) ;
#1361 = CYLINDRICAL_SURFACE ( 'NONE', #6739, 0.3999999999999999667 ) ;
#1362 = LINE ( 'NONE', #5793, #62 ) ;
#1363 = CARTESIAN_POINT ( 'NONE',  ( -1.400000000000005240, 0.6000000000000026423, 1.105933661623247133 ) ) ;
#1364 = FACE_OUTER_BOUND ( 'NONE', #5115, .T. ) ;
#1365 = DIRECTION ( 'NONE',  ( 0.2712141387545529136, 0.7453221192620270719, 0.6090466562410362661 ) ) ;
#1366 = ORIENTED_EDGE ( 'NONE', *, *, #5361, .F. ) ;
#1367 = ADVANCED_FACE ( 'NONE', ( #1847 ), #5047, .T. ) ;
#1368 = EDGE_LOOP ( 'NONE', ( #5752, #4276, #4847, #4894 ) ) ;
#1369 = FACE_OUTER_BOUND ( 'NONE', #40, .T. ) ;
#1370 = CARTESIAN_POINT ( 'NONE',  ( -1.400000000000004130, 0.6000000000000026423, 0.8327843745034422263 ) ) ;
#1371 = VERTEX_POINT ( 'NONE', #3443 ) ;
#1372 = EDGE_CURVE ( 'NONE', #3943, #313, #2860, .T. ) ;
#1373 = ORIENTED_EDGE ( 'NONE', *, *, #4746, .T. ) ;
#1374 = EDGE_CURVE ( 'NONE', #313, #4278, #6163, .T. ) ;
#1375 = CARTESIAN_POINT ( 'NONE',  ( -1.750000000000002220, 0.09999999999999979738, 0.5499999999999948264 ) ) ;
#1376 = FILL_AREA_STYLE_COLOUR ( '', #1849 ) ;
#1377 = DIRECTION ( 'NONE',  ( -3.491481338843133750E-15, 0.000000000000000000, 1.000000000000000000 ) ) ;
#1378 = CARTESIAN_POINT ( 'NONE',  ( -1.750000000000002220, 0.1499999999999996891, 0.5499999999999947153 ) ) ;
#1379 = FACE_OUTER_BOUND ( 'NONE', #4128, .T. ) ;
#1380 = EDGE_CURVE ( 'NONE', #1556, #1371, #5121, .T. ) ;
#1381 = ORIENTED_EDGE ( 'NONE', *, *, #1200, .F. ) ;
#1382 = DIRECTION ( 'NONE',  ( -3.491481338843133355E-15, 0.000000000000000000, 1.000000000000000000 ) ) ;
#1383 = CARTESIAN_POINT ( 'NONE',  ( 0.09999999999999999167, 0.000000000000000000, 3.491481338843133355E-16 ) ) ;
#1384 = ORIENTED_EDGE ( 'NONE', *, *, #3081, .F. ) ;
#1385 = DIRECTION ( 'NONE',  ( 3.491481338843133355E-15, 0.000000000000000000, -1.000000000000000000 ) ) ;
#1386 = CARTESIAN_POINT ( 'NONE',  ( 0.1000000000000000056, -1.979848480983505743, 3.491481338843133355E-16 ) ) ;
#1387 = CARTESIAN_POINT ( 'NONE',  ( 0.8517638489321217588, 0.9719151922228820295, 0.6594324191596607765 ) ) ;
#1388 = ORIENTED_EDGE ( 'NONE', *, *, #5678, .T. ) ;
#1389 = ORIENTED_EDGE ( 'NONE', *, *, #1106, .F. ) ;
#1390 = CARTESIAN_POINT ( 'NONE',  ( -1.900000000000005684, 0.5499999999999998224, 1.199999999999993294 ) ) ;
#1391 = DIRECTION ( 'NONE',  ( -2.624119600854730203E-15, 0.000000000000000000, 1.000000000000000000 ) ) ;
#1392 = CARTESIAN_POINT ( 'NONE',  ( -1.799999999999996048, 0.1499999999999996891, -1.200000000000006395 ) ) ;
#1393 = VECTOR ( 'NONE', #3209, 1000.000000000000000 ) ;
#1394 = DIRECTION ( 'NONE',  ( -3.491481338843133355E-15, 0.000000000000000000, 1.000000000000000000 ) ) ;
#1395 = VECTOR ( 'NONE', #7132, 1000.000000000000000 ) ;
#1396 = PLANE ( 'NONE',  #3323 ) ;
#1397 = LINE ( 'NONE', #2981, #6908 ) ;
#1398 = AXIS2_PLACEMENT_3D ( 'NONE', #2893, #126, #2360 ) ;
#1399 = ORIENTED_EDGE ( 'NONE', *, *, #821, .T. ) ;
#1400 = VERTEX_POINT ( 'NONE', #5672 ) ;
#1401 = VECTOR ( 'NONE', #6412, 1000.000000000000000 ) ;
#1402 = CARTESIAN_POINT ( 'NONE',  ( 0.9457731086634567630, 0.1000000000000000056, -0.3070147898133150921 ) ) ;
#1403 = FACE_OUTER_BOUND ( 'NONE', #5242, .T. ) ;
#1404 = LINE ( 'NONE', #3496, #2623 ) ;
#1405 = VECTOR ( 'NONE', #2598, 1000.000000000000000 ) ;
#1406 = ORIENTED_EDGE ( 'NONE', *, *, #4652, .F. ) ;
#1407 = ORIENTED_EDGE ( 'NONE', *, *, #1956, .F. ) ;
#1408 = EDGE_LOOP ( 'NONE', ( #1384, #3402, #1332, #7009 ) ) ;
#1409 = VECTOR ( 'NONE', #4291, 1000.000000000000000 ) ;
#1410 = DIRECTION ( 'NONE',  ( 0.000000000000000000, 1.000000000000000000, 0.000000000000000000 ) ) ;
#1411 = PLANE ( 'NONE',  #4886 ) ;
#1412 = PLANE ( 'NONE',  #3632 ) ;
#1413 = CYLINDRICAL_SURFACE ( 'NONE', #343, 0.8499999999999999778 ) ;
#1414 = CARTESIAN_POINT ( 'NONE',  ( 0.1000000000000000056, 0.6000000000000000888, 3.491481338843133355E-16 ) ) ;
#1415 = EDGE_CURVE ( 'NONE', #6287, #6458, #2295, .T. ) ;
#1416 = EDGE_CURVE ( 'NONE', #3994, #2089, #4500, .T. ) ;
#1417 = CARTESIAN_POINT ( 'NONE',  ( 1.280000000000003135, 1.199999999999999956, -0.9260669522232131134 ) ) ;
#1418 = ADVANCED_FACE ( 'NONE', ( #6241 ), #6681, .T. ) ;
#1419 = EDGE_CURVE ( 'NONE', #4183, #7073, #1749, .T. ) ;
#1420 = ORIENTED_EDGE ( 'NONE', *, *, #2752, .F. ) ;
#1421 = LINE ( 'NONE', #905, #3172 ) ;
#1422 = CARTESIAN_POINT ( 'NONE',  ( -1.613954739249935155, 0.6000000000000010880, 0.3313493293834419151 ) ) ;
#1423 = ORIENTED_EDGE ( 'NONE', *, *, #3141, .T. ) ;
#1424 = DIRECTION ( 'NONE',  ( 1.000000000000000000, -3.502807018799322109E-15, 3.491481338843133355E-15 ) ) ;
#1425 = EDGE_CURVE ( 'NONE', #5492, #132, #1718, .T. ) ;
#1426 = ORIENTED_EDGE ( 'NONE', *, *, #1154, .F. ) ;
#1427 = DIRECTION ( 'NONE',  ( -0.7071067811865507924, 0.000000000000000000, 0.7071067811865442421 ) ) ;
#1428 = CARTESIAN_POINT ( 'NONE',  ( 1.899999999999998357, 0.1000000000000000056, 0.3750000000000059397 ) ) ;
#1429 = VERTEX_POINT ( 'NONE', #1204 ) ;
#1430 = EDGE_LOOP ( 'NONE', ( #2555, #3986, #2409, #2633 ) ) ;
#1431 = LINE ( 'NONE', #5933, #6263 ) ;
#1432 =( BOUNDED_CURVE ( )  B_SPLINE_CURVE ( 3, ( #4390, #2110, #3304, #1576 ),
 .UNSPECIFIED., .F., .F. ) 
 B_SPLINE_CURVE_WITH_KNOTS ( ( 4, 4 ),
 ( 5.263897542564725640, 5.617780072343139253 ),
 .UNSPECIFIED. ) 
 CURVE ( )  GEOMETRIC_REPRESENTATION_ITEM ( )  RATIONAL_B_SPLINE_CURVE ( ( 1.000000000000000000, 0.9895911290851816533, 0.9895911290851816533, 1.000000000000000000 ) ) 
 REPRESENTATION_ITEM ( '' )  );
#1433 = DIRECTION ( 'NONE',  ( 0.000000000000000000, -1.000000000000000000, 0.000000000000000000 ) ) ;
#1434 = ADVANCED_FACE ( 'NONE', ( #3405 ), #5638, .T. ) ;
#1435 = DIRECTION ( 'NONE',  ( 0.7071067811865459074, 0.000000000000000000, 0.7071067811865491270 ) ) ;
#1436 = PLANE ( 'NONE',  #5066 ) ;
#1437 = DIRECTION ( 'NONE',  ( -1.000000000000000000, 0.000000000000000000, -3.491481338843133355E-15 ) ) ;
#1438 = ORIENTED_EDGE ( 'NONE', *, *, #2515, .F. ) ;
#1439 = ORIENTED_EDGE ( 'NONE', *, *, #1693, .F. ) ;
#1440 = ORIENTED_EDGE ( 'NONE', *, *, #5561, .T. ) ;
#1441 = LINE ( 'NONE', #4332, #1168 ) ;
#1442 = CARTESIAN_POINT ( 'NONE',  ( -1.899999999999995914, 0.09999999999999985290, -1.200000000000006839 ) ) ;
#1443 = CARTESIAN_POINT ( 'NONE',  ( 0.000000000000000000, 0.000000000000000000, 0.000000000000000000 ) ) ;
#1444 = UNCERTAINTY_MEASURE_WITH_UNIT (LENGTH_MEASURE( 1.000000000000000082E-05 ), #19, 'distance_accuracy_value', 'NONE');
#1445 = VECTOR ( 'NONE', #1960, 1000.000000000000000 ) ;
#1446 = ORIENTED_EDGE ( 'NONE', *, *, #1172, .T. ) ;
#1447 = VERTEX_POINT ( 'NONE', #5806 ) ;
#1448 = DIRECTION ( 'NONE',  ( -1.000000000000000000, 0.000000000000000000, -2.913240180184197789E-15 ) ) ;
#1449 = VECTOR ( 'NONE', #1635, 1000.000000000000000 ) ;
#1450 = CARTESIAN_POINT ( 'NONE',  ( 0.8517638489321290862, 0.9719151922228905782, -0.3241632708993386625 ) ) ;
#1451 = DIRECTION ( 'NONE',  ( 3.469446951953614978E-15, -1.000000000000000000, 1.211350928885223548E-29 ) ) ;
#1452 = CARTESIAN_POINT ( 'NONE',  ( 1.279999999999997806, 2.430559530910099131, 0.7089465547634555831 ) ) ;
#1453 = CARTESIAN_POINT ( 'NONE',  ( -0.9999999999999976685, 0.1000000000000000056, -0.7000000000000040634 ) ) ;
#1454 = DIRECTION ( 'NONE',  ( 3.469446951953614978E-15, -1.000000000000000000, 1.211350928885223548E-29 ) ) ;
#1455 = STYLED_ITEM ( 'NONE', ( #1348 ), #2650 ) ;
#1456 = VECTOR ( 'NONE', #2158, 1000.000000000000000 ) ;
#1457 = EDGE_CURVE ( 'NONE', #1021, #2664, #4081, .T. ) ;
#1458 = ORIENTED_EDGE ( 'NONE', *, *, #3234, .T. ) ;
#1459 = CARTESIAN_POINT ( 'NONE',  ( 1.849999999999998535, 0.6000000000000000888, 0.3750000000000064948 ) ) ;
#1460 = EDGE_CURVE ( 'NONE', #6678, #5365, #4735, .T. ) ;
#1461 = CARTESIAN_POINT ( 'NONE',  ( -1.750000000000005773, 0.5500000000000002665, 1.199999999999993960 ) ) ;
#1462 = ORIENTED_EDGE ( 'NONE', *, *, #7002, .F. ) ;
#1463 = CARTESIAN_POINT ( 'NONE',  ( -0.9659547428989363471, 0.5000000000000000000, -1.332883828495627032 ) ) ;
#1464 = CIRCLE ( 'NONE', #2153, 1.499999999999999556 ) ;
#1465 = AXIS2_PLACEMENT_3D ( 'NONE', #3783, #436, #7091 ) ;
#1466 = CIRCLE ( 'NONE', #2383, 0.8499999999999998668 ) ;
#1467 = PLANE ( 'NONE',  #6046 ) ;
#1468 = VERTEX_POINT ( 'NONE', #2027 ) ;
#1469 = DIRECTION ( 'NONE',  ( 7.047314121155773299E-15, -1.000000000000000000, 2.460556574298107867E-29 ) ) ;
#1470 = DIRECTION ( 'NONE',  ( -1.000000000000000000, 0.000000000000000000, -3.491481338843133355E-15 ) ) ;
#1471 = AXIS2_PLACEMENT_3D ( 'NONE', #6786, #1789, #1852 ) ;
#1472 = ORIENTED_EDGE ( 'NONE', *, *, #5949, .F. ) ;
#1473 = EDGE_CURVE ( 'NONE', #3761, #1555, #260, .T. ) ;
#1474 = ORIENTED_EDGE ( 'NONE', *, *, #6086, .F. ) ;
#1475 = EDGE_CURVE ( 'NONE', #2934, #3193, #820, .T. ) ;
#1476 = FACE_OUTER_BOUND ( 'NONE', #5940, .T. ) ;
#1477 = CARTESIAN_POINT ( 'NONE',  ( 0.3499999999999972577, -1.979848480983505743, 0.8124038404635972599 ) ) ;
#1478 = VECTOR ( 'NONE', #668, 1000.000000000000000 ) ;
#1479 = AXIS2_PLACEMENT_3D ( 'NONE', #2626, #7133, #2162 ) ;
#1480 = DIRECTION ( 'NONE',  ( 1.000000000000000000, 6.960928290796748333E-15, 3.491481338843133355E-15 ) ) ;
#1481 = CARTESIAN_POINT ( 'NONE',  ( 1.899999999999996803, 0.000000000000000000, 0.7500000000000065503 ) ) ;
#1482 = VERTEX_POINT ( 'NONE', #785 ) ;
#1483 = VECTOR ( 'NONE', #2021, 1000.000000000000000 ) ;
#1484 = ORIENTED_EDGE ( 'NONE', *, *, #5998, .F. ) ;
#1485 = ORIENTED_EDGE ( 'NONE', *, *, #4966, .T. ) ;
#1486 = DIRECTION ( 'NONE',  ( 0.9397173074096411005, -0.3419523097666894995, 3.281005442608677889E-15 ) ) ;
#1487 = VECTOR ( 'NONE', #982, 1000.000000000000000 ) ;
#1488 = ORIENTED_EDGE ( 'NONE', *, *, #2906, .F. ) ;
#1489 = ORIENTED_EDGE ( 'NONE', *, *, #6080, .F. ) ;
#1490 = ORIENTED_EDGE ( 'NONE', *, *, #4523, .F. ) ;
#1491 = ADVANCED_FACE ( 'NONE', ( #3106 ), #5212, .F. ) ;
#1492 = LINE ( 'NONE', #2132, #7 ) ;
#1493 = DIRECTION ( 'NONE',  ( 0.000000000000000000, 1.000000000000000000, 0.000000000000000000 ) ) ;
#1494 = CARTESIAN_POINT ( 'NONE',  ( -1.749999999999998224, 0.1000000000000000056, -0.5500000000000069278 ) ) ;
#1495 = CARTESIAN_POINT ( 'NONE',  ( 0.1000000000000000056, 0.5000000000000000000, 3.491481338843133355E-16 ) ) ;
#1496 = CARTESIAN_POINT ( 'NONE',  ( -0.7124038404635968380, 1.199999999999999956, 0.2499999999999976130 ) ) ;
#1497 = DIRECTION ( 'NONE',  ( 3.491481338843133355E-15, -0.000000000000000000, -1.000000000000000000 ) ) ;
#1498 = CARTESIAN_POINT ( 'NONE',  ( -1.265954742898935725, 0.6000000000000036415, -1.227565347459484091 ) ) ;
#1499 = DIRECTION ( 'NONE',  ( 3.491481338843133355E-15, 0.000000000000000000, -1.000000000000000000 ) ) ;
#1500 = FILL_AREA_STYLE ('',( #6457 ) ) ;
#1501 = ORIENTED_EDGE ( 'NONE', *, *, #6174, .F. ) ;
#1502 = CARTESIAN_POINT ( 'NONE',  ( -0.7124038404635967270, 1.099999999999999645, 0.2499999999999976130 ) ) ;
#1503 = FACE_OUTER_BOUND ( 'NONE', #631, .T. ) ;
#1504 = EDGE_LOOP ( 'NONE', ( #819, #1327, #4496, #2347 ) ) ;
#1505 = CARTESIAN_POINT ( 'NONE',  ( 0.7491781560021223418, 0.6899999999999808509, -1.500000000000000222 ) ) ;
#1506 = DIRECTION ( 'NONE',  ( 3.491481338843133355E-15, 0.000000000000000000, -1.000000000000000000 ) ) ;
#1507 = VERTEX_POINT ( 'NONE', #2961 ) ;
#1508 = EDGE_CURVE ( 'NONE', #748, #3019, #2228, .T. ) ;
#1509 = ORIENTED_EDGE ( 'NONE', *, *, #4874, .F. ) ;
#1510 = DIRECTION ( 'NONE',  ( -3.266776225374635264E-15, 0.000000000000000000, 1.000000000000000000 ) ) ;
#1511 = FACE_OUTER_BOUND ( 'NONE', #3552, .T. ) ;
#1512 = CARTESIAN_POINT ( 'NONE',  ( -1.449999999999995737, 0.000000000000000000, -1.200000000000005063 ) ) ;
#1513 = DIRECTION ( 'NONE',  ( 3.502807018799322109E-15, 1.000000000000000000, 1.222998533970658192E-29 ) ) ;
#1514 = EDGE_CURVE ( 'NONE', #5344, #2654, #4627, .T. ) ;
#1515 = VECTOR ( 'NONE', #4374, 1000.000000000000000 ) ;
#1516 = ADVANCED_FACE ( 'NONE', ( #2491 ), #1882, .F. ) ;
#1517 = CARTESIAN_POINT ( 'NONE',  ( -1.400000000000006128, 0.7000000000000027311, 1.199999999999995071 ) ) ;
#1518 = LINE ( 'NONE', #2163, #1005 ) ;
#1519 = ORIENTED_EDGE ( 'NONE', *, *, #2307, .F. ) ;
#1520 = PLANE ( 'NONE',  #760 ) ;
#1521 = ORIENTED_EDGE ( 'NONE', *, *, #5386, .T. ) ;
#1522 = VERTEX_POINT ( 'NONE', #1993 ) ;
#1523 = CARTESIAN_POINT ( 'NONE',  ( -1.602568033750402687, 0.6000000000000011990, -1.332883828495627032 ) ) ;
#1524 = VECTOR ( 'NONE', #138, 1000.000000000000000 ) ;
#1525 = LINE ( 'NONE', #3722, #1938 ) ;
#1526 = EDGE_CURVE ( 'NONE', #182, #1721, #5333, .T. ) ;
#1527 = CARTESIAN_POINT ( 'NONE',  ( 0.8517638489321250894, 0.9719151922228780327, -0.3241632708992927547 ) ) ;
#1528 = VECTOR ( 'NONE', #1578, 1000.000000000000000 ) ;
#1529 = CARTESIAN_POINT ( 'NONE',  ( -0.7999999999999999334, 0.1000000000000000056, -2.793185071074506684E-15 ) ) ;
#1530 = VECTOR ( 'NONE', #134, 1000.000000000000000 ) ;
#1531 = VERTEX_POINT ( 'NONE', #6852 ) ;
#1532 = DIRECTION ( 'NONE',  ( -1.000000000000000000, 0.000000000000000000, -3.491481338843133355E-15 ) ) ;
#1533 = CARTESIAN_POINT ( 'NONE',  ( -1.602568033750411791, 0.6000000000000011990, 1.332883828495615930 ) ) ;
#1535 = CIRCLE ( 'NONE', #2220, 0.1499999999999999667 ) ;
#1534 = LINE ( 'NONE', #3108, #322 ) ;
#1536 = DIRECTION ( 'NONE',  ( 0.000000000000000000, -1.000000000000000000, 0.000000000000000000 ) ) ;
#1537 = ADVANCED_FACE ( 'NONE', ( #3026 ), #6345, .T. ) ;
#1538 = CARTESIAN_POINT ( 'NONE',  ( -1.900000000000004796, 0.000000000000000000, 1.349999999999993427 ) ) ;
#1539 = AXIS2_PLACEMENT_3D ( 'NONE', #1870, #1837, #2247 ) ;
#1540 = VERTEX_POINT ( 'NONE', #6926 ) ;
#1541 = CARTESIAN_POINT ( 'NONE',  ( -0.7124038404635950616, 1.099999999999999645, -0.2500000000000023870 ) ) ;
#1542 = ORIENTED_EDGE ( 'NONE', *, *, #4613, .T. ) ;
#1543 = DIRECTION ( 'NONE',  ( -3.491481338843133355E-15, 0.000000000000000000, 1.000000000000000000 ) ) ;
#1544 = CARTESIAN_POINT ( 'NONE',  ( 0.8859590799087940782, 1.065886922963848571, -0.3236793547771025237 ) ) ;
#1545 = CARTESIAN_POINT ( 'NONE',  ( 0.000000000000000000, -0.4942926941623180248, -1.100000000000000089 ) ) ;
#1546 = ORIENTED_EDGE ( 'NONE', *, *, #4385, .T. ) ;
#1547 = DIRECTION ( 'NONE',  ( 0.000000000000000000, 1.000000000000000000, 0.000000000000000000 ) ) ;
#1548 = LINE ( 'NONE', #7169, #4357 ) ;
#1549 = ORIENTED_EDGE ( 'NONE', *, *, #3762, .F. ) ;
#1550 = DIRECTION ( 'NONE',  ( 3.263320628122684032E-15, 7.992029389258310241E-31, -1.000000000000000000 ) ) ;
#1551 = DIRECTION ( 'NONE',  ( 1.000000000000000000, 7.047314121155772510E-15, 3.491481338843133355E-15 ) ) ;
#1552 = DIRECTION ( 'NONE',  ( -0.9397173074096412115, 0.3419523097666896105, -3.281005442608678284E-15 ) ) ;
#1553 = CARTESIAN_POINT ( 'NONE',  ( -0.7690598923241488416, 0.6000000000000000888, 0.9999999999999974465 ) ) ;
#1554 = CARTESIAN_POINT ( 'NONE',  ( 0.8517638489321264217, 0.9719151922228767004, -0.6594324191596547813 ) ) ;
#1555 = VERTEX_POINT ( 'NONE', #4151 ) ;
#1556 = VERTEX_POINT ( 'NONE', #1450 ) ;
#1557 = CARTESIAN_POINT ( 'NONE',  ( -1.099999999999996980, 0.000000000000000000, -0.8500000000000044187 ) ) ;
#1558 = ADVANCED_FACE ( 'NONE', ( #5839 ), #1411, .F. ) ;
#1559 = EDGE_CURVE ( 'NONE', #1076, #4055, #4187, .T. ) ;
#1560 = SURFACE_STYLE_FILL_AREA ( #925 ) ;
#1561 = EDGE_CURVE ( 'NONE', #7182, #1287, #341, .T. ) ;
#1562 =( LENGTH_UNIT ( ) NAMED_UNIT ( * ) SI_UNIT ( .MILLI., .METRE. ) );
#1563 = ORIENTED_EDGE ( 'NONE', *, *, #151, .T. ) ;
#1564 = ORIENTED_EDGE ( 'NONE', *, *, #375, .F. ) ;
#1565 = ADVANCED_FACE ( 'NONE', ( #6449 ), #3502, .F. ) ;
#1566 = DIRECTION ( 'NONE',  ( 0.000000000000000000, 1.000000000000000000, 0.000000000000000000 ) ) ;
#1567 = DIRECTION ( 'NONE',  ( -3.502807018799322109E-15, -1.000000000000000000, -1.222998533970658192E-29 ) ) ;
#1568 = DIRECTION ( 'NONE',  ( 1.000000000000000000, -0.000000000000000000, 3.491481338843133355E-15 ) ) ;
#1569 = AXIS2_PLACEMENT_3D ( 'NONE', #4528, #1236, #2859 ) ;
#1570 = CYLINDRICAL_SURFACE ( 'NONE', #999, 0.3298266868594177392 ) ;
#1571 = CARTESIAN_POINT ( 'NONE',  ( 0.8790823825799990443, 0.9619742923302501136, -0.2173246082429752257 ) ) ;
#1572 = AXIS2_PLACEMENT_3D ( 'NONE', #4315, #4978, #3229 ) ;
#1573 = VERTEX_POINT ( 'NONE', #2423 ) ;
#1574 = CARTESIAN_POINT ( 'NONE',  ( -0.9499999999999994005, 0.9899999999999979927, -0.2500000000000031641 ) ) ;
#1575 = EDGE_CURVE ( 'NONE', #6341, #327, #1492, .T. ) ;
#1576 = CARTESIAN_POINT ( 'NONE',  ( 1.279999999999996918, 0.9224999684985708548, 0.9260669522232218842 ) ) ;
#1577 = ORIENTED_EDGE ( 'NONE', *, *, #6168, .F. ) ;
#1578 = DIRECTION ( 'NONE',  ( 3.491481338843133355E-15, 0.000000000000000000, -1.000000000000000000 ) ) ;
#1579 = CYLINDRICAL_SURFACE ( 'NONE', #1637, 0.2500000000000000000 ) ;
#1580 = AXIS2_PLACEMENT_3D ( 'NONE', #765, #3987, #2970 ) ;
#1581 = ORIENTED_EDGE ( 'NONE', *, *, #5507, .T. ) ;
#1582 = DIRECTION ( 'NONE',  ( 0.000000000000000000, 1.000000000000000000, 0.000000000000000000 ) ) ;
#1583 = CARTESIAN_POINT ( 'NONE',  ( -1.349999999999997424, 1.089999999999999636, -0.7500000000000046629 ) ) ;
#1584 = ORIENTED_EDGE ( 'NONE', *, *, #841, .T. ) ;
#1585 = VECTOR ( 'NONE', #2065, 1000.000000000000000 ) ;
#1586 = AXIS2_PLACEMENT_3D ( 'NONE', #4050, #5645, #195 ) ;
#1587 = DIRECTION ( 'NONE',  ( 0.000000000000000000, 1.000000000000000000, 0.000000000000000000 ) ) ;
#1588 = CARTESIAN_POINT ( 'NONE',  ( -1.700245513687535626, 0.7000000000000005107, -1.235206348558495204 ) ) ;
#1589 = DIRECTION ( 'NONE',  ( -3.491481338843133355E-15, 0.000000000000000000, 1.000000000000000000 ) ) ;
#1590 = AXIS2_PLACEMENT_3D ( 'NONE', #7192, #1611, #7043 ) ;
#1591 = LINE ( 'NONE', #3749, #6567 ) ;
#1592 = VERTEX_POINT ( 'NONE', #5483 ) ;
#1593 = ORIENTED_EDGE ( 'NONE', *, *, #6291, .T. ) ;
#1594 = ORIENTED_EDGE ( 'NONE', *, *, #2807, .F. ) ;
#1595 = LINE ( 'NONE', #6130, #1744 ) ;
#1596 = VECTOR ( 'NONE', #68, 1000.000000000000000 ) ;
#1597 = CIRCLE ( 'NONE', #2502, 0.1499999999999999667 ) ;
#1598 = DIRECTION ( 'NONE',  ( 0.000000000000000000, -1.000000000000000000, 0.000000000000000000 ) ) ;
#1599 = LINE ( 'NONE', #964, #3654 ) ;
#1600 = EDGE_CURVE ( 'NONE', #6166, #1161, #4343, .T. ) ;
#1601 =( GEOMETRIC_REPRESENTATION_CONTEXT ( 3 ) GLOBAL_UNCERTAINTY_ASSIGNED_CONTEXT ( ( #489 ) ) GLOBAL_UNIT_ASSIGNED_CONTEXT ( ( #5324, #6991, #3255 ) ) REPRESENTATION_CONTEXT ( 'NONE', 'WORKASPACE' ) );
#1602 = VERTEX_POINT ( 'NONE', #5992 ) ;
#1603 = ORIENTED_EDGE ( 'NONE', *, *, #1202, .T. ) ;
#1604 = ADVANCED_FACE ( 'NONE', ( #455 ), #2677, .F. ) ;
#1605 = CARTESIAN_POINT ( 'NONE',  ( 0.1000000000000000056, -1.979848480983505743, 3.491481338843133355E-16 ) ) ;
#1606 = DIRECTION ( 'NONE',  ( -7.047314121155773299E-15, 1.000000000000000000, -2.460556574298107867E-29 ) ) ;
#1607 = DIRECTION ( 'NONE',  ( 1.000000000000000000, 0.000000000000000000, 3.491481338843133355E-15 ) ) ;
#1608 = FACE_OUTER_BOUND ( 'NONE', #83, .T. ) ;
#1609 = EDGE_CURVE ( 'NONE', #3558, #1096, #3729, .T. ) ;
#1610 = EDGE_CURVE ( 'NONE', #5969, #7150, #3091, .T. ) ;
#1611 = DIRECTION ( 'NONE',  ( 3.491481338843133355E-15, 0.000000000000000000, -1.000000000000000000 ) ) ;
#1612 = DIRECTION ( 'NONE',  ( 3.491481338843133355E-15, 0.000000000000000000, -1.000000000000000000 ) ) ;
#1613 = FACE_OUTER_BOUND ( 'NONE', #2312, .T. ) ;
#1614 = ORIENTED_EDGE ( 'NONE', *, *, #978, .F. ) ;
#1615 = DIRECTION ( 'NONE',  ( 1.000000000000000000, 0.000000000000000000, 2.891205793294679017E-15 ) ) ;
#1616 = PLANE ( 'NONE',  #590 ) ;
#1617 = FACE_OUTER_BOUND ( 'NONE', #249, .T. ) ;
#1618 = ORIENTED_EDGE ( 'NONE', *, *, #4704, .T. ) ;
#1619 = EDGE_CURVE ( 'NONE', #6175, #3572, #6851, .T. ) ;
#1620 = DIRECTION ( 'NONE',  ( 3.491481338843133355E-15, 0.000000000000000000, -1.000000000000000000 ) ) ;
#1621 = DIRECTION ( 'NONE',  ( -1.000000000000000000, 0.000000000000000000, -3.491481338843133355E-15 ) ) ;
#1622 = CARTESIAN_POINT ( 'NONE',  ( 1.150000000000001021, 1.199999999999999956, -0.2499999999999960032 ) ) ;
#1623 = FACE_OUTER_BOUND ( 'NONE', #5481, .T. ) ;
#1624 = FACE_OUTER_BOUND ( 'NONE', #1201, .T. ) ;
#1625 = PRODUCT_DEFINITION_SHAPE ( 'NONE', 'NONE',  #3712 ) ;
#1626 = ORIENTED_EDGE ( 'NONE', *, *, #142, .F. ) ;
#1627 = ORIENTED_EDGE ( 'NONE', *, *, #5571, .T. ) ;
#1628 = VERTEX_POINT ( 'NONE', #2709 ) ;
#1629 = DIRECTION ( 'NONE',  ( 0.000000000000000000, -1.000000000000000000, 0.000000000000000000 ) ) ;
#1630 = LINE ( 'NONE', #5515, #4822 ) ;
#1631 = ORIENTED_EDGE ( 'NONE', *, *, #378, .T. ) ;
#1632 = VECTOR ( 'NONE', #2093, 1000.000000000000114 ) ;
#1633 = ORIENTED_EDGE ( 'NONE', *, *, #2608, .F. ) ;
#1634 = CYLINDRICAL_SURFACE ( 'NONE', #6628, 0.1499999999999999667 ) ;
#1635 = DIRECTION ( 'NONE',  ( 0.000000000000000000, 1.000000000000000000, 0.000000000000000000 ) ) ;
#1636 = CARTESIAN_POINT ( 'NONE',  ( -1.449999999999995071, 0.000000000000000000, -1.350000000000004974 ) ) ;
#1637 = AXIS2_PLACEMENT_3D ( 'NONE', #2647, #1678, #6076 ) ;
#1638 = DIRECTION ( 'NONE',  ( -6.123233995736766036E-17, -1.000000000000000000, -2.137915722948479303E-31 ) ) ;
#1639 = CARTESIAN_POINT ( 'NONE',  ( 0.7044375921718386557, 1.089999999999991864, 0.5976246289850432047 ) ) ;
#1640 = ORIENTED_EDGE ( 'NONE', *, *, #705, .T. ) ;
#1641 = VECTOR ( 'NONE', #3553, 1000.000000000000000 ) ;
#1642 = DIRECTION ( 'NONE',  ( 1.000000000000000000, 0.000000000000000000, 3.491481338843133355E-15 ) ) ;
#1643 = DIRECTION ( 'NONE',  ( 1.000000000000000000, 0.000000000000000000, 3.491481338843133355E-15 ) ) ;
#1644 = ORIENTED_EDGE ( 'NONE', *, *, #1892, .T. ) ;
#1645 = DIRECTION ( 'NONE',  ( 0.000000000000000000, 0.000000000000000000, -1.000000000000000000 ) ) ;
#1646 = ADVANCED_FACE ( 'NONE', ( #3182 ), #4928, .F. ) ;
#1647 = EDGE_CURVE ( 'NONE', #5365, #3025, #5405, .T. ) ;
#1648 = DIRECTION ( 'NONE',  ( -0.000000000000000000, -1.000000000000000000, 0.000000000000000000 ) ) ;
#1649 = CARTESIAN_POINT ( 'NONE',  ( -0.7124038404635968380, -1.979848480983505743, 0.2499999999999976130 ) ) ;
#1650 = ORIENTED_EDGE ( 'NONE', *, *, #1078, .F. ) ;
#1651 = AXIS2_PLACEMENT_3D ( 'NONE', #3765, #2101, #4970 ) ;
#1652 = DIRECTION ( 'NONE',  ( 0.000000000000000000, -1.000000000000000000, 0.000000000000000000 ) ) ;
#1653 = ORIENTED_EDGE ( 'NONE', *, *, #5104, .T. ) ;
#1654 = DIRECTION ( 'NONE',  ( 3.491481338843133355E-15, -0.000000000000000000, -1.000000000000000000 ) ) ;
#1655 = LINE ( 'NONE', #4990, #520 ) ;
#1656 = EDGE_CURVE ( 'NONE', #5976, #3459, #4416, .T. ) ;
#1657 = LINE ( 'NONE', #3317, #1865 ) ;
#1658 = DIRECTION ( 'NONE',  ( 3.491481338843133355E-15, 0.000000000000000000, -1.000000000000000000 ) ) ;
#1659 = VERTEX_POINT ( 'NONE', #3143 ) ;
#1660 = ORIENTED_EDGE ( 'NONE', *, *, #4478, .F. ) ;
#1661 = ORIENTED_EDGE ( 'NONE', *, *, #1991, .F. ) ;
#1662 = FACE_OUTER_BOUND ( 'NONE', #6358, .T. ) ;
#1663 = ADVANCED_FACE ( 'NONE', ( #2754 ), #1634, .T. ) ;
#1664 = CARTESIAN_POINT ( 'NONE',  ( -0.9659547428989363471, 0.5000000000000000000, -1.332883828495627032 ) ) ;
#1665 = ORIENTED_EDGE ( 'NONE', *, *, #5614, .T. ) ;
#1666 = VERTEX_POINT ( 'NONE', #2635 ) ;
#1667 = CARTESIAN_POINT ( 'NONE',  ( -1.199038105676654808, 1.199999999999999956, -0.7500000000000042188 ) ) ;
#1668 = DIRECTION ( 'NONE',  ( -7.228014483236703064E-15, 1.000000000000000000, 0.000000000000000000 ) ) ;
#1669 = DIRECTION ( 'NONE',  ( 1.000000000000000000, 0.000000000000000000, 3.491481338843133355E-15 ) ) ;
#1670 = FACE_OUTER_BOUND ( 'NONE', #3800, .T. ) ;
#1671 =( BOUNDED_CURVE ( )  B_SPLINE_CURVE ( 3, ( #3790, #5544, #4878, #4953 ),
 .UNSPECIFIED., .F., .T. ) 
 B_SPLINE_CURVE_WITH_KNOTS ( ( 4, 4 ),
 ( 1.540743955509788507E-30, 0.1048953472159086797 ),
 .UNSPECIFIED. ) 
 CURVE ( )  GEOMETRIC_REPRESENTATION_ITEM ( )  RATIONAL_B_SPLINE_CURVE ( ( 1.000000000000000000, 0.9990832906771036637, 0.9990832906771036637, 1.000000000000000000 ) ) 
 REPRESENTATION_ITEM ( '' )  );
#1672 = LINE ( 'NONE', #5955, #3071 ) ;
#1673 = ORIENTED_EDGE ( 'NONE', *, *, #2824, .T. ) ;
#1674 = ORIENTED_EDGE ( 'NONE', *, *, #3667, .F. ) ;
#1675 = DIRECTION ( 'NONE',  ( -1.000000000000000000, 0.000000000000000000, -3.408241650257425862E-15 ) ) ;
#1676 = AXIS2_PLACEMENT_3D ( 'NONE', #2596, #3870, #379 ) ;
#1677 = CARTESIAN_POINT ( 'NONE',  ( -0.9659547428989363471, 0.6000000000000000888, -1.332883828495627032 ) ) ;
#1678 = DIRECTION ( 'NONE',  ( 0.000000000000000000, 1.000000000000000000, 0.000000000000000000 ) ) ;
#1679 = ORIENTED_EDGE ( 'NONE', *, *, #2514, .F. ) ;
#1680 = VECTOR ( 'NONE', #2211, 1000.000000000000000 ) ;
#1681 = CARTESIAN_POINT ( 'NONE',  ( -1.749999999999998224, 0.09999999999999979738, -0.5500000000000069278 ) ) ;
#1682 = CARTESIAN_POINT ( 'NONE',  ( 1.280000000000002247, 2.430559530910099131, -0.7089465547634462572 ) ) ;
#1683 = ADVANCED_FACE ( 'NONE', ( #3686 ), #6596, .T. ) ;
#1684 = EDGE_CURVE ( 'NONE', #2047, #2252, #6065, .T. ) ;
#1685 = ORIENTED_EDGE ( 'NONE', *, *, #4253, .F. ) ;
#1686 = EDGE_CURVE ( 'NONE', #1043, #640, #3224, .T. ) ;
#1687 = DIRECTION ( 'NONE',  ( -1.000000000000000000, 0.000000000000000000, -2.891205793294679017E-15 ) ) ;
#1688 = PLANE ( 'NONE',  #2032 ) ;
#1689 = AXIS2_PLACEMENT_3D ( 'NONE', #4493, #3398, #5602 ) ;
#1690 = DIRECTION ( 'NONE',  ( -7.047314121155773299E-15, 1.000000000000000000, -2.460556574298107867E-29 ) ) ;
#1691 = EDGE_CURVE ( 'NONE', #3726, #1782, #6521, .T. ) ;
#1692 = VECTOR ( 'NONE', #6148, 1000.000000000000000 ) ;
#1693 = EDGE_CURVE ( 'NONE', #1522, #1540, #7038, .T. ) ;
#1694 = DIRECTION ( 'NONE',  ( 0.8070091525158555879, 5.687246996426956309E-15, 0.5905389299238795742 ) ) ;
#1695 = AXIS2_PLACEMENT_3D ( 'NONE', #2290, #4452, #5667 ) ;
#1696 = VERTEX_POINT ( 'NONE', #4271 ) ;
#1697 = VERTEX_POINT ( 'NONE', #6486 ) ;
#1698 = AXIS2_PLACEMENT_3D ( 'NONE', #2544, #4794, #6897 ) ;
#1699 = VECTOR ( 'NONE', #6243, 1000.000000000000000 ) ;
#1700 = FACE_BOUND ( 'NONE', #6689, .T. ) ;
#1701 = PLANE ( 'NONE',  #2156 ) ;
#1702 = EDGE_CURVE ( 'NONE', #1982, #2415, #1290, .T. ) ;
#1703 = ORIENTED_EDGE ( 'NONE', *, *, #1867, .T. ) ;
#1704 = CIRCLE ( 'NONE', #3657, 0.1000000000000000472 ) ;
#1705 = VERTEX_POINT ( 'NONE', #6705 ) ;
#1706 = FACE_OUTER_BOUND ( 'NONE', #5147, .T. ) ;
#1707 = LINE ( 'NONE', #6704, #140 ) ;
#1708 = DIRECTION ( 'NONE',  ( -3.491481338843133355E-15, 0.000000000000000000, 1.000000000000000000 ) ) ;
#1709 = CARTESIAN_POINT ( 'NONE',  ( 0.09999999999999632794, 1.099999999999999867, 1.050000000000000488 ) ) ;
#1710 = VECTOR ( 'NONE', #1298, 1000.000000000000000 ) ;
#1711 = AXIS2_PLACEMENT_3D ( 'NONE', #1517, #1480, #2122 ) ;
#1712 = DIRECTION ( 'NONE',  ( -0.000000000000000000, -1.000000000000000000, 0.000000000000000000 ) ) ;
#1713 = ADVANCED_FACE ( 'NONE', ( #2979 ), #6673, .T. ) ;
#1714 = EDGE_LOOP ( 'NONE', ( #4077, #1754, #1026, #4893 ) ) ;
#1715 = VERTEX_POINT ( 'NONE', #2938 ) ;
#1716 = CARTESIAN_POINT ( 'NONE',  ( -0.1500000000000027978, -1.979848480983505743, 0.8124038404635953725 ) ) ;
#1717 = DIRECTION ( 'NONE',  ( 0.000000000000000000, -1.000000000000000000, 0.000000000000000000 ) ) ;
#1718 = LINE ( 'NONE', #1304, #2799 ) ;
#1719 = DIRECTION ( 'NONE',  ( -0.000000000000000000, -1.000000000000000000, 0.000000000000000000 ) ) ;
#1720 = CARTESIAN_POINT ( 'NONE',  ( 0.3500000000000026978, 1.099999999999999645, -0.8124038404635947064 ) ) ;
#1721 = VERTEX_POINT ( 'NONE', #4100 ) ;
#1722 = CARTESIAN_POINT ( 'NONE',  ( 0.1000000000000036832, 1.099999999999999867, -1.049999999999999822 ) ) ;
#1723 = DIRECTION ( 'NONE',  ( -3.469446951953614978E-15, 1.000000000000000000, -1.211350928885223548E-29 ) ) ;
#1724 = ORIENTED_EDGE ( 'NONE', *, *, #3762, .T. ) ;
#1725 = CARTESIAN_POINT ( 'NONE',  ( 3.467778948611310866E-15, 1.089999999999994751, 1.210768548630945258E-29 ) ) ;
#1726 = CARTESIAN_POINT ( 'NONE',  ( 1.609099421662702367, 1.090589347511191853, -0.3749999999999942824 ) ) ;
#1727 = CARTESIAN_POINT ( 'NONE',  ( -1.749999999999998224, 0.1499999999999996891, -0.5500000000000068168 ) ) ;
#1728 = EDGE_CURVE ( 'NONE', #5351, #4036, #2337, .T. ) ;
#1729 = DIRECTION ( 'NONE',  ( 0.000000000000000000, 1.000000000000000000, 0.000000000000000000 ) ) ;
#1730 = ORIENTED_EDGE ( 'NONE', *, *, #1258, .F. ) ;
#1731 = ORIENTED_EDGE ( 'NONE', *, *, #4783, .T. ) ;
#1732 = ADVANCED_FACE ( 'NONE', ( #5006 ), #17, .T. ) ;
#1733 = ADVANCED_FACE ( 'NONE', ( #4033 ), #6833, .T. ) ;
#1734 = DIRECTION ( 'NONE',  ( -3.704885622602663677E-15, 0.9397173074096425438, -0.3419523097666859468 ) ) ;
#1735 = EDGE_CURVE ( 'NONE', #5931, #4687, #206, .T. ) ;
#1736 = EDGE_CURVE ( 'NONE', #5387, #640, #5564, .T. ) ;
#1737 = EDGE_LOOP ( 'NONE', ( #701, #5458, #1989, #6019 ) ) ;
#1738 = ORIENTED_EDGE ( 'NONE', *, *, #5217, .T. ) ;
#1739 = DIRECTION ( 'NONE',  ( 3.491481338843133750E-15, -0.000000000000000000, -1.000000000000000000 ) ) ;
#1740 = CARTESIAN_POINT ( 'NONE',  ( 0.7044375921718427636, -1.979848480983505743, -0.5976246289850380977 ) ) ;
#1741 = ADVANCED_FACE ( 'NONE', ( #6867 ), #6259, .T. ) ;
#1742 = LINE ( 'NONE', #3941, #6772 ) ;
#1743 = ORIENTED_EDGE ( 'NONE', *, *, #3570, .T. ) ;
#1744 = VECTOR ( 'NONE', #1153, 1000.000000000000000 ) ;
#1745 = ORIENTED_EDGE ( 'NONE', *, *, #5064, .F. ) ;
#1746 = EDGE_LOOP ( 'NONE', ( #7139, #6276, #255, #5191 ) ) ;
#1747 = CARTESIAN_POINT ( 'NONE',  ( -0.7499999999999997780, 0.9899999999999926636, -2.618611004132349228E-15 ) ) ;
#1748 = DIRECTION ( 'NONE',  ( 1.000000000000000000, 0.000000000000000000, 2.891205793294679017E-15 ) ) ;
#1749 = LINE ( 'NONE', #5151, #4299 ) ;
#1750 = VECTOR ( 'NONE', #4676, 1000.000000000000000 ) ;
#1751 = EDGE_CURVE ( 'NONE', #2033, #6630, #4491, .T. ) ;
#1752 = DIRECTION ( 'NONE',  ( 3.469446951953614978E-15, -1.000000000000000000, 1.211350928885223548E-29 ) ) ;
#1753 = CARTESIAN_POINT ( 'NONE',  ( -1.750000000000000000, 0.6000000000000005329, -0.5500000000000065947 ) ) ;
#1754 = ORIENTED_EDGE ( 'NONE', *, *, #1609, .T. ) ;
#1755 = PLANE ( 'NONE',  #2606 ) ;
#1756 = PLANE ( 'NONE',  #531 ) ;
#1757 = VECTOR ( 'NONE', #4189, 1000.000000000000000 ) ;
#1758 = VECTOR ( 'NONE', #295, 1000.000000000000000 ) ;
#1759 = VERTEX_POINT ( 'NONE', #3519 ) ;
#1760 = ORIENTED_EDGE ( 'NONE', *, *, #5621, .F. ) ;
#1761 = DIRECTION ( 'NONE',  ( 3.491481338843133355E-15, 0.000000000000000000, -1.000000000000000000 ) ) ;
#1762 = DIRECTION ( 'NONE',  ( 0.000000000000000000, -1.000000000000000000, 0.000000000000000000 ) ) ;
#1763 = VECTOR ( 'NONE', #7075, 1000.000000000000000 ) ;
#1764 = DIRECTION ( 'NONE',  ( 3.502807018799322109E-15, 1.000000000000000000, 1.222998533970658192E-29 ) ) ;
#1765 = LINE ( 'NONE', #3421, #3308 ) ;
#1766 = ORIENTED_EDGE ( 'NONE', *, *, #2655, .T. ) ;
#1767 = DIRECTION ( 'NONE',  ( 1.000000000000000000, 0.000000000000000000, 3.491481338843133355E-15 ) ) ;
#1768 = VECTOR ( 'NONE', #4173, 1000.000000000000000 ) ;
#1769 = ORIENTED_EDGE ( 'NONE', *, *, #5723, .F. ) ;
#1770 = DIRECTION ( 'NONE',  ( 1.000000000000000000, 0.000000000000000000, 3.491481338843133355E-15 ) ) ;
#1771 = CARTESIAN_POINT ( 'NONE',  ( 1.254226891336545524, 0.000000000000000000, -0.3070147898133140374 ) ) ;
#1772 = ORIENTED_EDGE ( 'NONE', *, *, #4943, .T. ) ;
#1773 = ADVANCED_FACE ( 'NONE', ( #6325 ), #1361, .T. ) ;
#1774 = ORIENTED_EDGE ( 'NONE', *, *, #229, .F. ) ;
#1775 = EDGE_CURVE ( 'NONE', #4185, #4116, #4890, .T. ) ;
#1776 = FACE_OUTER_BOUND ( 'NONE', #3727, .T. ) ;
#1777 = EDGE_CURVE ( 'NONE', #5268, #2916, #5203, .T. ) ;
#1778 = CARTESIAN_POINT ( 'NONE',  ( 0.09999999999999999167, 0.000000000000000000, 3.491481338843133355E-16 ) ) ;
#1779 = VERTEX_POINT ( 'NONE', #3562 ) ;
#1780 = ORIENTED_EDGE ( 'NONE', *, *, #6472, .T. ) ;
#1781 = EDGE_CURVE ( 'NONE', #3391, #3594, #3908, .T. ) ;
#1782 = VERTEX_POINT ( 'NONE', #5792 ) ;
#1783 = DIRECTION ( 'NONE',  ( -1.000000000000000000, 0.000000000000000000, -3.491481338843133355E-15 ) ) ;
#1784 = DIRECTION ( 'NONE',  ( 0.000000000000000000, 1.000000000000000000, 0.000000000000000000 ) ) ;
#1785 = CARTESIAN_POINT ( 'NONE',  ( -1.750000000000002220, 0.09999999999999979738, 0.5499999999999948264 ) ) ;
#1786 = FACE_OUTER_BOUND ( 'NONE', #186, .T. ) ;
#1787 = ORIENTED_EDGE ( 'NONE', *, *, #1619, .T. ) ;
#1788 = CARTESIAN_POINT ( 'NONE',  ( -1.199038105676654808, 1.099999999999999867, -0.7500000000000042188 ) ) ;
#1789 = DIRECTION ( 'NONE',  ( -3.491481338843133750E-15, 0.000000000000000000, 1.000000000000000000 ) ) ;
#1790 = EDGE_CURVE ( 'NONE', #6458, #1000, #3367, .T. ) ;
#1791 = ORIENTED_EDGE ( 'NONE', *, *, #4194, .F. ) ;
#1792 = CARTESIAN_POINT ( 'NONE',  ( -1.119846099012068885, 0.6000000000000046407, -0.9318663323339665405 ) ) ;
#1793 = CYLINDRICAL_SURFACE ( 'NONE', #2668, 0.1599999999999999756 ) ;
#1794 = VECTOR ( 'NONE', #2676, 1000.000000000000000 ) ;
#1795 = FACE_OUTER_BOUND ( 'NONE', #7167, .T. ) ;
#1796 = CARTESIAN_POINT ( 'NONE',  ( 0.8517638489321228690, 0.9719151922228845830, 0.3241632708993269496 ) ) ;
#1797 = ORIENTED_EDGE ( 'NONE', *, *, #5010, .F. ) ;
#1798 = ORIENTED_EDGE ( 'NONE', *, *, #477, .T. ) ;
#1799 = VECTOR ( 'NONE', #3737, 1000.000000000000000 ) ;
#1800 = DIRECTION ( 'NONE',  ( 3.491481338843133355E-15, 0.000000000000000000, -1.000000000000000000 ) ) ;
#1801 = VECTOR ( 'NONE', #613, 1000.000000000000000 ) ;
#1802 = DIRECTION ( 'NONE',  ( -3.502807018799322109E-15, -1.000000000000000000, -1.222998533970658192E-29 ) ) ;
#1803 = ORIENTED_EDGE ( 'NONE', *, *, #2314, .T. ) ;
#1804 = VERTEX_POINT ( 'NONE', #5238 ) ;
#1805 = ORIENTED_EDGE ( 'NONE', *, *, #432, .F. ) ;
#1806 = PLANE ( 'NONE',  #5882 ) ;
#1807 = AXIS2_PLACEMENT_3D ( 'NONE', #6674, #7111, #1607 ) ;
#1808 = AXIS2_PLACEMENT_3D ( 'NONE', #1027, #2618, #6504 ) ;
#1809 = LINE ( 'NONE', #3365, #974 ) ;
#1810 = AXIS2_PLACEMENT_3D ( 'NONE', #3310, #5457, #551 ) ;
#1811 = EDGE_CURVE ( 'NONE', #2322, #5359, #243, .T. ) ;
#1812 = CARTESIAN_POINT ( 'NONE',  ( -1.899999999999998801, 0.1000000000000000056, -0.4000000000000072387 ) ) ;
#1813 = ORIENTED_EDGE ( 'NONE', *, *, #915, .T. ) ;
#1814 = VECTOR ( 'NONE', #2640, 1000.000000000000000 ) ;
#1815 = VECTOR ( 'NONE', #2456, 1000.000000000000000 ) ;
#1816 = EDGE_LOOP ( 'NONE', ( #1730, #5978, #5665, #3258, #4388, #5713, #5635, #1935, #3539, #4506, #1029, #4525, #1895, #3344, #6987, #5979 ) ) ;
#1817 = ORIENTED_EDGE ( 'NONE', *, *, #3613, .F. ) ;
#1818 = CARTESIAN_POINT ( 'NONE',  ( 1.094503525664561439, 0.9899999999999908873, 0.2500000000000037748 ) ) ;
#1819 = LINE ( 'NONE', #5083, #6194 ) ;
#1820 = CARTESIAN_POINT ( 'NONE',  ( 1.130000000000000560, 1.099999999999999867, 3.945373912892742427E-15 ) ) ;
#1821 = VECTOR ( 'NONE', #1454, 1000.000000000000000 ) ;
#1822 =( GEOMETRIC_REPRESENTATION_CONTEXT ( 3 ) GLOBAL_UNCERTAINTY_ASSIGNED_CONTEXT ( ( #2669 ) ) GLOBAL_UNIT_ASSIGNED_CONTEXT ( ( #2063, #7070, #5690 ) ) REPRESENTATION_CONTEXT ( 'NONE', 'WORKASPACE' ) );
#1823 = CARTESIAN_POINT ( 'NONE',  ( -1.602568033750403353, 0.7000000000000012879, -1.332883828495627032 ) ) ;
#1824 = EDGE_CURVE ( 'NONE', #3594, #1697, #610, .T. ) ;
#1825 = EDGE_CURVE ( 'NONE', #3609, #3459, #7062, .T. ) ;
#1826 = DIRECTION ( 'NONE',  ( 0.000000000000000000, 1.000000000000000000, 0.000000000000000000 ) ) ;
#1827 = ORIENTED_EDGE ( 'NONE', *, *, #3975, .T. ) ;
#1828 = LINE ( 'NONE', #5023, #3188 ) ;
#1829 = LINE ( 'NONE', #5126, #1596 ) ;
#1830 = CIRCLE ( 'NONE', #2853, 1.499999999999999556 ) ;
#1831 = VERTEX_POINT ( 'NONE', #3597 ) ;
#1832 = DIRECTION ( 'NONE',  ( -1.000000000000000000, -0.000000000000000000, -0.000000000000000000 ) ) ;
#1833 = ADVANCED_FACE ( 'NONE', ( #5275 ), #282, .F. ) ;
#1834 = ORIENTED_EDGE ( 'NONE', *, *, #1656, .F. ) ;
#1835 = ORIENTED_EDGE ( 'NONE', *, *, #4691, .T. ) ;
#1836 = DIRECTION ( 'NONE',  ( 3.469446951953614978E-15, -1.000000000000000000, 1.211350928885223548E-29 ) ) ;
#1837 = DIRECTION ( 'NONE',  ( 7.047314121155772510E-15, -1.000000000000000000, 2.460556574298107587E-29 ) ) ;
#1838 = LINE ( 'NONE', #1948, #7035 ) ;
#1839 = VERTEX_POINT ( 'NONE', #4718 ) ;
#1840 = VERTEX_POINT ( 'NONE', #320 ) ;
#1841 = CARTESIAN_POINT ( 'NONE',  ( -1.700000000000001510, 0.6000000000000000888, 0.3499999999999946487 ) ) ;
#1842 = LINE ( 'NONE', #5246, #1710 ) ;
#1843 = LINE ( 'NONE', #4041, #2597 ) ;
#1844 = VERTEX_POINT ( 'NONE', #5861 ) ;
#1845 = ORIENTED_EDGE ( 'NONE', *, *, #1283, .F. ) ;
#1846 = CARTESIAN_POINT ( 'NONE',  ( 0.9066655318815319831, 0.9519371018476214807, 0.1094510736964581094 ) ) ;
#1847 = FACE_OUTER_BOUND ( 'NONE', #873, .T. ) ;
#1848 = CARTESIAN_POINT ( 'NONE',  ( -1.265954742898935725, 0.6000000000000036415, -1.227565347459484091 ) ) ;
#1849 = COLOUR_RGB ( '',0.7921568627450980005, 0.8196078431372548767, 0.9333333333333333481 ) ;
#1850 = CARTESIAN_POINT ( 'NONE',  ( -1.749999999999995337, 0.6000000000000000888, -1.340000000000005631 ) ) ;
#1851 = ORIENTED_EDGE ( 'NONE', *, *, #3904, .F. ) ;
#1852 = DIRECTION ( 'NONE',  ( 1.000000000000000000, 0.000000000000000000, 4.336808689942025625E-15 ) ) ;
#1853 = PLANE ( 'NONE',  #5995 ) ;
#1854 = EDGE_CURVE ( 'NONE', #5168, #6077, #5935, .T. ) ;
#1855 = VECTOR ( 'NONE', #1191, 1000.000000000000000 ) ;
#1856 = ORIENTED_EDGE ( 'NONE', *, *, #969, .T. ) ;
#1857 = ADVANCED_FACE ( 'NONE', ( #3087 ), #2681, .F. ) ;
#1858 = EDGE_LOOP ( 'NONE', ( #5854, #6939, #4632, #6995 ) ) ;
#1859 = DIRECTION ( 'NONE',  ( 3.263320628122684032E-15, 0.000000000000000000, -1.000000000000000000 ) ) ;
#1860 = DIRECTION ( 'NONE',  ( 3.491481338843133750E-15, -0.000000000000000000, -1.000000000000000000 ) ) ;
#1861 = EDGE_CURVE ( 'NONE', #2535, #2036, #5355, .T. ) ;
#1862 = ADVANCED_FACE ( 'NONE', ( #997 ), #4138, .F. ) ;
#1863 = CARTESIAN_POINT ( 'NONE',  ( -0.7124038404635847366, 0.9899999999999972156, -0.2500000000000023870 ) ) ;
#1864 = VECTOR ( 'NONE', #7122, 1000.000000000000000 ) ;
#1865 = VECTOR ( 'NONE', #558, 1000.000000000000000 ) ;
#1866 = EDGE_LOOP ( 'NONE', ( #5282, #4494, #2486, #3392, #3330, #7065 ) ) ;
#1867 = EDGE_CURVE ( 'NONE', #1123, #3060, #4843, .T. ) ;
#1868 = CARTESIAN_POINT ( 'NONE',  ( 1.581636014379623978, 0.1499999999999999667, -0.3749999999999943934 ) ) ;
#1869 = AXIS2_PLACEMENT_3D ( 'NONE', #3197, #2222, #1645 ) ;
#1870 = CARTESIAN_POINT ( 'NONE',  ( -1.119846099012075991, 0.7000000000000046185, 0.9318663323339586579 ) ) ;
#1871 = LINE ( 'NONE', #4034, #6121 ) ;
#1872 = AXIS2_PLACEMENT_3D ( 'NONE', #4593, #2921, #5707 ) ;
#1873 = ORIENTED_EDGE ( 'NONE', *, *, #490, .T. ) ;
#1874 = ORIENTED_EDGE ( 'NONE', *, *, #3235, .F. ) ;
#1875 = ADVANCED_FACE ( 'NONE', ( #6471 ), #6399, .T. ) ;
#1876 = LINE ( 'NONE', #1442, #3 ) ;
#1877 = CARTESIAN_POINT ( 'NONE',  ( -1.265954742898935725, 0.6000000000000036415, -1.227565347459484091 ) ) ;
#1878 = PLANE ( 'NONE',  #271 ) ;
#1879 = ORIENTED_EDGE ( 'NONE', *, *, #2914, .F. ) ;
#1880 = ORIENTED_EDGE ( 'NONE', *, *, #7005, .T. ) ;
#1881 = PLANE ( 'NONE',  #508 ) ;
#1882 = CYLINDRICAL_SURFACE ( 'NONE', #4059, 0.1599999999999997813 ) ;
#1883 = CARTESIAN_POINT ( 'NONE',  ( 0.7044375921718358802, 0.9899999999999922196, 1.372827446247165017 ) ) ;
#1884 = DIRECTION ( 'NONE',  ( -0.000000000000000000, -0.000000000000000000, 1.000000000000000000 ) ) ;
#1885 = LINE ( 'NONE', #1753, #2273 ) ;
#1886 = ORIENTED_EDGE ( 'NONE', *, *, #3450, .F. ) ;
#1887 = DIRECTION ( 'NONE',  ( -1.000000000000000000, -7.047314121155772510E-15, -3.491481338843133355E-15 ) ) ;
#1888 = ORIENTED_EDGE ( 'NONE', *, *, #791, .T. ) ;
#1889 = CARTESIAN_POINT ( 'NONE',  ( 1.013559915646913057, 0.9130394662060894451, 0.4749822309044481328 ) ) ;
#1890 = LINE ( 'NONE', #3864, #2950 ) ;
#1891 = EDGE_CURVE ( 'NONE', #2125, #4813, #883, .T. ) ;
#1892 = EDGE_CURVE ( 'NONE', #239, #2880, #3163, .T. ) ;
#1893 = PLANE ( 'NONE',  #5285 ) ;
#1894 = DIRECTION ( 'NONE',  ( -4.069722497502068528E-15, 0.000000000000000000, 1.000000000000000000 ) ) ;
#1895 = ORIENTED_EDGE ( 'NONE', *, *, #1508, .F. ) ;
#1896 = ADVANCED_FACE ( 'NONE', ( #6509 ), #7022, .F. ) ;
#1897 = EDGE_CURVE ( 'NONE', #1287, #4865, #3211, .T. ) ;
#1898 = ORIENTED_EDGE ( 'NONE', *, *, #5524, .T. ) ;
#1899 = CARTESIAN_POINT ( 'NONE',  ( -1.351449120171325458, 0.6000000000000029754, 0.7664364973372549406 ) ) ;
#1900 = AXIS2_PLACEMENT_3D ( 'NONE', #3434, #3396, #2882 ) ;
#1901 = CARTESIAN_POINT ( 'NONE',  ( -1.749999999999997335, 0.5500000000000002665, -1.200000000000006173 ) ) ;
#1902 = LINE ( 'NONE', #3521, #884 ) ;
#1903 = EDGE_CURVE ( 'NONE', #1602, #6364, #442, .T. ) ;
#1904 = EDGE_CURVE ( 'NONE', #2150, #5419, #4210, .T. ) ;
#1905 = DIRECTION ( 'NONE',  ( -0.1305261922200485203, 0.9914448613738108262, -4.557297643665511566E-16 ) ) ;
#1906 = CARTESIAN_POINT ( 'NONE',  ( -1.449999999999997513, 1.090000000000000080, -0.7500000000000051070 ) ) ;
#1907 = CIRCLE ( 'NONE', #1572, 0.1000000000000000472 ) ;
#1908 = EDGE_LOOP ( 'NONE', ( #462, #6271, #1474, #4554 ) ) ;
#1909 = ORIENTED_EDGE ( 'NONE', *, *, #4465, .T. ) ;
#1910 = CARTESIAN_POINT ( 'NONE',  ( -1.199038105676654808, 1.099999999999999867, -0.7500000000000042188 ) ) ;
#1911 = DIRECTION ( 'NONE',  ( 3.491481338843133355E-15, -0.000000000000000000, -1.000000000000000000 ) ) ;
#1912 = VECTOR ( 'NONE', #1391, 1000.000000000000000 ) ;
#1913 = DIRECTION ( 'NONE',  ( 1.000000000000000000, 7.086008913773445480E-15, 3.491481338843133355E-15 ) ) ;
#1914 = EDGE_CURVE ( 'NONE', #5157, #4247, #6343, .T. ) ;
#1915 = EDGE_LOOP ( 'NONE', ( #1041, #3251, #5044 ) ) ;
#1916 = AXIS2_PLACEMENT_3D ( 'NONE', #1681, #3885, #6118 ) ;
#1917 = EDGE_LOOP ( 'NONE', ( #1160, #1805, #1509, #7101 ) ) ;
#1918 = VECTOR ( 'NONE', #5674, 1000.000000000000000 ) ;
#1919 = DIRECTION ( 'NONE',  ( -2.913240180184197789E-15, 0.000000000000000000, 1.000000000000000000 ) ) ;
#1920 = CARTESIAN_POINT ( 'NONE',  ( 1.631208257448313992, 0.1565263096110023067, -0.3749999999999942824 ) ) ;
#1921 = DIRECTION ( 'NONE',  ( 1.000000000000000000, -0.000000000000000000, 3.491481338843133355E-15 ) ) ;
#1922 = LINE ( 'NONE', #2071, #5329 ) ;
#1923 = DIRECTION ( 'NONE',  ( 0.000000000000000000, 1.000000000000000000, 0.000000000000000000 ) ) ;
#1924 = VECTOR ( 'NONE', #799, 1000.000000000000000 ) ;
#1925 = ADVANCED_FACE ( 'NONE', ( #6904 ), #402, .T. ) ;
#1926 = VECTOR ( 'NONE', #4235, 1000.000000000000000 ) ;
#1927 = CARTESIAN_POINT ( 'NONE',  ( 0.1000000000000000056, 1.199999999999999956, 3.491481338843133355E-16 ) ) ;
#1928 = VERTEX_POINT ( 'NONE', #4955 ) ;
#1929 = DIRECTION ( 'NONE',  ( -1.000000000000000000, 0.000000000000000000, -3.491481338843133355E-15 ) ) ;
#1930 = ORIENTED_EDGE ( 'NONE', *, *, #25, .F. ) ;
#1931 = AXIS2_PLACEMENT_3D ( 'NONE', #7145, #1598, #11 ) ;
#1932 = CARTESIAN_POINT ( 'NONE',  ( -1.799999999999998268, 0.1499999999999995226, -0.5500000000000071498 ) ) ;
#1933 =( NAMED_UNIT ( * ) PLANE_ANGLE_UNIT ( ) SI_UNIT ( $, .RADIAN. ) );
#1934 = VECTOR ( 'NONE', #323, 1000.000000000000000 ) ;
#1935 = ORIENTED_EDGE ( 'NONE', *, *, #3482, .F. ) ;
#1936 = DIRECTION ( 'NONE',  ( 3.491481338843133355E-15, 0.000000000000000000, -1.000000000000000000 ) ) ;
#1937 = DIRECTION ( 'NONE',  ( 3.491481338843133355E-15, 0.000000000000000000, -1.000000000000000000 ) ) ;
#1938 = VECTOR ( 'NONE', #5944, 1000.000000000000114 ) ;
#1939 = CARTESIAN_POINT ( 'NONE',  ( 0.9124038404635950172, 0.9899999999999926636, 0.2500000000000032196 ) ) ;
#1940 = CYLINDRICAL_SURFACE ( 'NONE', #5750, 0.1499999999999998834 ) ;
#1941 = EDGE_LOOP ( 'NONE', ( #4135, #5091, #1265 ) ) ;
#1942 = ORIENTED_EDGE ( 'NONE', *, *, #7067, .T. ) ;
#1943 = CARTESIAN_POINT ( 'NONE',  ( -1.900000000000002132, 0.1499999999999991618, 0.5499999999999944933 ) ) ;
#1944 = DIRECTION ( 'NONE',  ( -1.000000000000000000, 0.000000000000000000, -3.491481338843133355E-15 ) ) ;
#1945 = VECTOR ( 'NONE', #5849, 1000.000000000000000 ) ;
#1946 = CARTESIAN_POINT ( 'NONE',  ( -1.899999999999995914, 0.09999999999999985290, -1.200000000000006839 ) ) ;
#1947 = CARTESIAN_POINT ( 'NONE',  ( 1.279999999999996918, 1.099999999999999867, 0.9260669522232218842 ) ) ;
#1948 = CARTESIAN_POINT ( 'NONE',  ( -0.7124038404635967270, -1.979848480983505743, 0.2499999999999976130 ) ) ;
#1949 = ORIENTED_EDGE ( 'NONE', *, *, #3540, .T. ) ;
#1950 = ORIENTED_EDGE ( 'NONE', *, *, #618, .F. ) ;
#1951 = ORIENTED_EDGE ( 'NONE', *, *, #1610, .F. ) ;
#1952 = CARTESIAN_POINT ( 'NONE',  ( -0.7124038404635967270, -1.979848480983505743, 0.2499999999999976130 ) ) ;
#1953 = EDGE_CURVE ( 'NONE', #6458, #6588, #2806, .T. ) ;
#1954 = ADVANCED_FACE ( 'NONE', ( #5502 ), #5028, .F. ) ;
#1955 = PLANE ( 'NONE',  #4588 ) ;
#1956 = EDGE_CURVE ( 'NONE', #2089, #5080, #2733, .T. ) ;
#1957 = ORIENTED_EDGE ( 'NONE', *, *, #2872, .T. ) ;
#1958 = ADVANCED_FACE ( 'NONE', ( #5468 ), #6692, .T. ) ;
#1959 = CARTESIAN_POINT ( 'NONE',  ( 1.289371220824155229, 0.3593971272459488553, 0.6879022584223464243 ) ) ;
#1960 = DIRECTION ( 'NONE',  ( -1.000000000000000000, 0.000000000000000000, -3.491481338843133355E-15 ) ) ;
#1961 = CARTESIAN_POINT ( 'NONE',  ( -0.9659547428989363471, 0.6000000000000000888, 1.332883828495627032 ) ) ;
#1962 = LINE ( 'NONE', #6967, #6114 ) ;
#1963 = CARTESIAN_POINT ( 'NONE',  ( -0.1499999999999861167, 0.9899999999999949951, -1.050000000000000488 ) ) ;
#1964 = EDGE_CURVE ( 'NONE', #22, #816, #2694, .T. ) ;
#1965 = ORIENTED_EDGE ( 'NONE', *, *, #4334, .F. ) ;
#1966 = CARTESIAN_POINT ( 'NONE',  ( -0.1499999999999999667, 1.089999999999995195, -5.237222008264698061E-16 ) ) ;
#1967 = ORIENTED_EDGE ( 'NONE', *, *, #2826, .F. ) ;
#1968 = DIRECTION ( 'NONE',  ( 1.000000000000000000, 0.000000000000000000, 0.000000000000000000 ) ) ;
#1969 = VECTOR ( 'NONE', #6020, 1000.000000000000000 ) ;
#1970 = ORIENTED_EDGE ( 'NONE', *, *, #4613, .F. ) ;
#1971 = VERTEX_POINT ( 'NONE', #4437 ) ;
#1972 = CARTESIAN_POINT ( 'NONE',  ( 0.7849206803938908461, 0.9899999999999922196, -1.335086372898033114 ) ) ;
#1973 = DIRECTION ( 'NONE',  ( -3.491481338843133355E-15, 0.000000000000000000, 1.000000000000000000 ) ) ;
#1974 = VECTOR ( 'NONE', #1070, 1000.000000000000000 ) ;
#1975 = AXIS2_PLACEMENT_3D ( 'NONE', #5162, #166, #393 ) ;
#1976 = LINE ( 'NONE', #4174, #4474 ) ;
#1977 = CARTESIAN_POINT ( 'NONE',  ( -1.750000000000002220, 0.1499999999999996891, 0.5499999999999950484 ) ) ;
#1978 = DIRECTION ( 'NONE',  ( 3.491481338843133355E-15, 0.000000000000000000, -1.000000000000000000 ) ) ;
#1979 = EDGE_LOOP ( 'NONE', ( #5770, #2819, #2130, #3052, #5905, #6013 ) ) ;
#1980 = VECTOR ( 'NONE', #4049, 1000.000000000000000 ) ;
#1981 = VERTEX_POINT ( 'NONE', #1 ) ;
#1982 = VERTEX_POINT ( 'NONE', #1726 ) ;
#1983 = DIRECTION ( 'NONE',  ( -1.000000000000000000, 0.000000000000000000, -3.491481338843133355E-15 ) ) ;
#1984 = DIRECTION ( 'NONE',  ( 1.000000000000000000, 0.000000000000000000, 3.491481338843133355E-15 ) ) ;
#1985 = VECTOR ( 'NONE', #4647, 1000.000000000000000 ) ;
#1986 = ORIENTED_EDGE ( 'NONE', *, *, #4063, .F. ) ;
#1987 = EDGE_CURVE ( 'NONE', #5931, #1971, #4912, .T. ) ;
#1988 = EDGE_CURVE ( 'NONE', #299, #3218, #3821, .T. ) ;
#1989 = ORIENTED_EDGE ( 'NONE', *, *, #2121, .F. ) ;
#1990 = ORIENTED_EDGE ( 'NONE', *, *, #2945, .F. ) ;
#1991 = EDGE_CURVE ( 'NONE', #5480, #268, #6085, .T. ) ;
#1992 = ADVANCED_FACE ( 'NONE', ( #3857 ), #5546, .F. ) ;
#1993 = CARTESIAN_POINT ( 'NONE',  ( -1.100000000000003642, 0.000000000000000000, 1.099999999999996758 ) ) ;
#1994 = CARTESIAN_POINT ( 'NONE',  ( 1.581636014379621313, 0.09999999999999996392, 0.3750000000000047740 ) ) ;
#1995 =( LENGTH_UNIT ( ) NAMED_UNIT ( * ) SI_UNIT ( .MILLI., .METRE. ) );
#1996 = LINE ( 'NONE', #6854, #3939 ) ;
#1997 = DIRECTION ( 'NONE',  ( -7.047314121155773299E-15, 1.000000000000000000, -2.460556574298107867E-29 ) ) ;
#1998 = LINE ( 'NONE', #1963, #1926 ) ;
#1999 = EDGE_CURVE ( 'NONE', #3478, #2702, #1104, .T. ) ;
#2000 = ORIENTED_EDGE ( 'NONE', *, *, #5845, .T. ) ;
#2001 = CARTESIAN_POINT ( 'NONE',  ( 1.949391639883164329, 0.5725010754238183397, 0.7942595164934117546 ) ) ;
#2002 = FACE_OUTER_BOUND ( 'NONE', #831, .T. ) ;
#2003 = ORIENTED_EDGE ( 'NONE', *, *, #1106, .T. ) ;
#2004 = CARTESIAN_POINT ( 'NONE',  ( -1.590000000000005187, 0.6000000000000000888, 1.499999999999994005 ) ) ;
#2005 = DIRECTION ( 'NONE',  ( 3.491481338843133355E-15, 0.000000000000000000, -1.000000000000000000 ) ) ;
#2006 = ORIENTED_EDGE ( 'NONE', *, *, #1811, .F. ) ;
#2007 = EDGE_CURVE ( 'NONE', #3981, #570, #2159, .T. ) ;
#2008 = LINE ( 'NONE', #910, #3318 ) ;
#2009 = ORIENTED_EDGE ( 'NONE', *, *, #2609, .F. ) ;
#2010 = EDGE_LOOP ( 'NONE', ( #6151, #5219, #5367, #732, #4216, #3424, #4300, #2649, #6734, #1951 ) ) ;
#2011 = DIRECTION ( 'NONE',  ( -3.502807018799322109E-15, -1.000000000000000000, -1.222998533970658192E-29 ) ) ;
#2012 = LINE ( 'NONE', #4137, #1222 ) ;
#2013 = DIRECTION ( 'NONE',  ( -7.047314121155773299E-15, 1.000000000000000000, -2.460556574298107867E-29 ) ) ;
#2014 = DIRECTION ( 'NONE',  ( 3.491481338843133355E-15, 0.000000000000000000, -1.000000000000000000 ) ) ;
#2015 = ADVANCED_FACE ( 'NONE', ( #1624 ), #4991, .T. ) ;
#2016 = DIRECTION ( 'NONE',  ( 3.491481338843133355E-15, -0.000000000000000000, -1.000000000000000000 ) ) ;
#2017 = VERTEX_POINT ( 'NONE', #4881 ) ;
#2018 = ORIENTED_EDGE ( 'NONE', *, *, #4026, .T. ) ;
#2019 = PLANE ( 'NONE',  #4155 ) ;
#2020 = CARTESIAN_POINT ( 'NONE',  ( 0.09999999999999999167, 0.000000000000000000, 3.491481338843133355E-16 ) ) ;
#2021 = DIRECTION ( 'NONE',  ( 1.000000000000000000, -3.502807018799322109E-15, 3.491481338843133355E-15 ) ) ;
#2022 = CIRCLE ( 'NONE', #3977, 0.5035898384862225186 ) ;
#2023 = ORIENTED_EDGE ( 'NONE', *, *, #1013, .T. ) ;
#2024 = VERTEX_POINT ( 'NONE', #4402 ) ;
#2025 = CARTESIAN_POINT ( 'NONE',  ( -1.450000000000002620, 1.100000000000000311, 0.7499999999999948930 ) ) ;
#2026 = VECTOR ( 'NONE', #3441, 1000.000000000000000 ) ;
#2027 = CARTESIAN_POINT ( 'NONE',  ( -1.700245513687534960, 0.6000000000000005329, -1.235206348558495204 ) ) ;
#2028 = LINE ( 'NONE', #6966, #1757 ) ;
#2029 = CARTESIAN_POINT ( 'NONE',  ( -1.399999999999999245, 0.6000000000000026423, -0.5500000000000054845 ) ) ;
#2030 = CARTESIAN_POINT ( 'NONE',  ( 0.8517638489321285311, 0.9719151922228845830, -1.298018149117626807 ) ) ;
#2031 = AXIS2_PLACEMENT_3D ( 'NONE', #5292, #5875, #337 ) ;
#2032 = AXIS2_PLACEMENT_3D ( 'NONE', #3349, #35, #4954 ) ;
#2033 = VERTEX_POINT ( 'NONE', #6015 ) ;
#2034 = LINE ( 'NONE', #2969, #4092 ) ;
#2035 = CARTESIAN_POINT ( 'NONE',  ( 3.118630814726997136E-15, 0.9899999999999947731, 1.088864129236046863E-29 ) ) ;
#2036 = VERTEX_POINT ( 'NONE', #7097 ) ;
#2037 = EDGE_CURVE ( 'NONE', #6228, #3925, #2787, .T. ) ;
#2038 = CIRCLE ( 'NONE', #3779, 0.1000000000000000472 ) ;
#2039 = EDGE_CURVE ( 'NONE', #5666, #7162, #1657, .T. ) ;
#2040 = VECTOR ( 'NONE', #2205, 1000.000000000000000 ) ;
#2041 = PLANE ( 'NONE',  #6496 ) ;
#2042 = LINE ( 'NONE', #1545, #158 ) ;
#2043 = VERTEX_POINT ( 'NONE', #2770 ) ;
#2044 = CARTESIAN_POINT ( 'NONE',  ( -1.300000000000003819, 0.1000000000000000056, 1.099999999999996092 ) ) ;
#2045 = AXIS2_PLACEMENT_3D ( 'NONE', #4103, #6945, #245 ) ;
#2046 = AXIS2_PLACEMENT_3D ( 'NONE', #4127, #2993, #4663 ) ;
#2047 = VERTEX_POINT ( 'NONE', #1147 ) ;
#2048 = ORIENTED_EDGE ( 'NONE', *, *, #4783, .F. ) ;
#2049 = CARTESIAN_POINT ( 'NONE',  ( 1.850000000000001199, 0.1000000000000000056, -0.3749999999999933942 ) ) ;
#2050 = LINE ( 'NONE', #319, #987 ) ;
#2051 = ADVANCED_FACE ( 'NONE', ( #6125 ), #5583, .F. ) ;
#2052 = DIRECTION ( 'NONE',  ( 0.3419523097666896105, 0.9397173074096412115, 1.193920108324703257E-15 ) ) ;
#2053 = MECHANICAL_DESIGN_GEOMETRIC_PRESENTATION_REPRESENTATION (  '', ( #1455 ), #4121 ) ;
#2054 = VECTOR ( 'NONE', #779, 1000.000000000000000 ) ;
#2055 = VECTOR ( 'NONE', #5240, 1000.000000000000000 ) ;
#2056 = CARTESIAN_POINT ( 'NONE',  ( -1.351449120171321683, 0.6000000000000029754, -0.3313493293834522402 ) ) ;
#2057 = CARTESIAN_POINT ( 'NONE',  ( -0.9499999999999994005, 1.099999999999999645, -0.2500000000000031641 ) ) ;
#2058 = VERTEX_POINT ( 'NONE', #2404 ) ;
#2059 = EDGE_LOOP ( 'NONE', ( #965, #3153, #2917, #4096 ) ) ;
#2060 = ORIENTED_EDGE ( 'NONE', *, *, #5279, .T. ) ;
#2061 = CARTESIAN_POINT ( 'NONE',  ( 0.9457731086634545425, 0.000000000000000000, 0.3070147898133210873 ) ) ;
#2062 = EDGE_CURVE ( 'NONE', #4716, #3620, #3139, .T. ) ;
#2063 =( LENGTH_UNIT ( ) NAMED_UNIT ( * ) SI_UNIT ( .MILLI., .METRE. ) );
#2064 = ORIENTED_EDGE ( 'NONE', *, *, #229, .T. ) ;
#2065 = DIRECTION ( 'NONE',  ( -3.502807018799322109E-15, -1.000000000000000000, -1.222998533970658192E-29 ) ) ;
#2066 = EDGE_LOOP ( 'NONE', ( #7046, #4019, #2284, #2617 ) ) ;
#2067 = ORIENTED_EDGE ( 'NONE', *, *, #618, .T. ) ;
#2068 = LINE ( 'NONE', #3260, #4209 ) ;
#2069 = CARTESIAN_POINT ( 'NONE',  ( -1.100000000000003642, 0.000000000000000000, 1.099999999999996758 ) ) ;
#2070 = CARTESIAN_POINT ( 'NONE',  ( 1.849999999999998535, 0.1000000000000000056, 0.3750000000000064948 ) ) ;
#2071 = CARTESIAN_POINT ( 'NONE',  ( 1.899999999999998357, 0.000000000000000000, 0.3750000000000059397 ) ) ;
#2072 = CARTESIAN_POINT ( 'NONE',  ( -1.800000000000004041, 0.09999999999999341360, 1.199999999999993738 ) ) ;
#2073 = CARTESIAN_POINT ( 'NONE',  ( -1.700245513687544285, 0.7000000000000005107, 1.235206348558483436 ) ) ;
#2074 = ORIENTED_EDGE ( 'NONE', *, *, #5013, .F. ) ;
#2075 = DIRECTION ( 'NONE',  ( -6.123233995736766036E-17, -1.000000000000000000, -2.137915722948479303E-31 ) ) ;
#2076 = ORIENTED_EDGE ( 'NONE', *, *, #5603, .F. ) ;
#2077 = CARTESIAN_POINT ( 'NONE',  ( -1.299999999999997602, 0.000000000000000000, -0.7000000000000051736 ) ) ;
#2078 = LINE ( 'NONE', #5209, #2216 ) ;
#2079 = ORIENTED_EDGE ( 'NONE', *, *, #5604, .F. ) ;
#2080 = DIRECTION ( 'NONE',  ( -1.000000000000000000, 0.000000000000000000, -3.614007241618349165E-15 ) ) ;
#2081 = PLANE ( 'NONE',  #6105 ) ;
#2082 = ADVANCED_FACE ( 'NONE', ( #4058 ), #729, .F. ) ;
#2083 = EDGE_CURVE ( 'NONE', #2339, #1316, #4293, .T. ) ;
#2084 = ORIENTED_EDGE ( 'NONE', *, *, #6694, .F. ) ;
#2085 = ADVANCED_FACE ( 'NONE', ( #2902 ), #4091, .F. ) ;
#2086 = LINE ( 'NONE', #7021, #3126 ) ;
#2087 = CARTESIAN_POINT ( 'NONE',  ( 0.8020650857305493542, 0.9899999999999922196, 1.372827446247165462 ) ) ;
#2088 = EDGE_CURVE ( 'NONE', #6830, #748, #1313, .T. ) ;
#2089 = VERTEX_POINT ( 'NONE', #200 ) ;
#2090 = CARTESIAN_POINT ( 'NONE',  ( -1.700245513687537846, 0.6000000000000005329, -0.4176401038210587058 ) ) ;
#2091 = VERTEX_POINT ( 'NONE', #6187 ) ;
#2092 = ORIENTED_EDGE ( 'NONE', *, *, #5942, .T. ) ;
#2093 = DIRECTION ( 'NONE',  ( 0.7071067811865500152, 5.494129211611367658E-15, -0.7071067811865451302 ) ) ;
#2094 = VECTOR ( 'NONE', #1550, 1000.000000000000000 ) ;
#2095 = DIRECTION ( 'NONE',  ( 0.000000000000000000, 0.000000000000000000, 1.000000000000000000 ) ) ;
#2096 = FILL_AREA_STYLE_COLOUR ( '', #5757 ) ;
#2097 = AXIS2_PLACEMENT_3D ( 'NONE', #1463, #5819, #352 ) ;
#2098 = VECTOR ( 'NONE', #1832, 1000.000000000000000 ) ;
#2099 = ORIENTED_EDGE ( 'NONE', *, *, #5787, .T. ) ;
#2100 = ORIENTED_EDGE ( 'NONE', *, *, #6247, .T. ) ;
#2101 = DIRECTION ( 'NONE',  ( -1.000000000000000000, 0.000000000000000000, -3.263320628122684032E-15 ) ) ;
#2102 = DIRECTION ( 'NONE',  ( -7.047314121155773299E-15, 1.000000000000000000, -2.460556574298107867E-29 ) ) ;
#2104 = AXIS2_PLACEMENT_3D ( 'NONE', #2288, #5720, #4068 ) ;
#2103 = CARTESIAN_POINT ( 'NONE',  ( 0.7491781560021123498, 0.6899999999999922862, 1.372827446247165240 ) ) ;
#2105 = DIRECTION ( 'NONE',  ( 1.000000000000000000, 0.000000000000000000, 3.491481338843133355E-15 ) ) ;
#2106 = FACE_OUTER_BOUND ( 'NONE', #311, .T. ) ;
#2107 = AXIS2_PLACEMENT_3D ( 'NONE', #5040, #5755, #774 ) ;
#2108 = ORIENTED_EDGE ( 'NONE', *, *, #4573, .F. ) ;
#2109 = CARTESIAN_POINT ( 'NONE',  ( 1.581636014379623978, 0.1499999999999999667, -0.3749999999999943934 ) ) ;
#2110 = CARTESIAN_POINT ( 'NONE',  ( 1.037457923506835078, 1.010758237893508271, 1.184403091791961682 ) ) ;
#2111 = ORIENTED_EDGE ( 'NONE', *, *, #3931, .F. ) ;
#2112 = LINE ( 'NONE', #2722, #4633 ) ;
#2113 = DIRECTION ( 'NONE',  ( 1.000000000000000000, -3.491481338843133355E-15, 3.491481338843133355E-15 ) ) ;
#2114 = FACE_OUTER_BOUND ( 'NONE', #1309, .T. ) ;
#2115 = ORIENTED_EDGE ( 'NONE', *, *, #6600, .F. ) ;
#2116 = DIRECTION ( 'NONE',  ( -3.469446951953614978E-15, 1.000000000000000000, -1.211350928885223548E-29 ) ) ;
#2117 = LINE ( 'NONE', #437, #4942 ) ;
#2118 = DIRECTION ( 'NONE',  ( -3.491481338843133355E-15, 0.000000000000000000, 1.000000000000000000 ) ) ;
#2119 = DIRECTION ( 'NONE',  ( 7.047314121155773299E-15, -1.000000000000000000, 2.460556574298107867E-29 ) ) ;
#2120 = CARTESIAN_POINT ( 'NONE',  ( -1.299999999999997602, 0.000000000000000000, -0.7000000000000051736 ) ) ;
#2121 = EDGE_CURVE ( 'NONE', #132, #6494, #5109, .T. ) ;
#2122 = DIRECTION ( 'NONE',  ( -6.960928290796748333E-15, 1.000000000000000000, -2.430395122834207356E-29 ) ) ;
#2123 = ORIENTED_EDGE ( 'NONE', *, *, #3623, .F. ) ;
#2124 = VERTEX_POINT ( 'NONE', #1253 ) ;
#2125 = VERTEX_POINT ( 'NONE', #2305 ) ;
#2126 = CARTESIAN_POINT ( 'NONE',  ( 1.509954935525321229, 1.077536728289187229, -0.3749999999999945599 ) ) ;
#2127 = EDGE_CURVE ( 'NONE', #5516, #3288, #3959, .T. ) ;
#2128 = EDGE_CURVE ( 'NONE', #1592, #391, #2326, .T. ) ;
#2129 = ORIENTED_EDGE ( 'NONE', *, *, #5149, .F. ) ;
#2130 = ORIENTED_EDGE ( 'NONE', *, *, #2871, .F. ) ;
#2131 = DIRECTION ( 'NONE',  ( 0.000000000000000000, 1.000000000000000000, 0.000000000000000000 ) ) ;
#2132 = CARTESIAN_POINT ( 'NONE',  ( 0.9499999999999998446, 0.9899999999999926636, 3.421002249828501011E-15 ) ) ;
#2133 = LINE ( 'NONE', #4344, #854 ) ;
#2134 = LINE ( 'NONE', #4310, #704 ) ;
#2135 = EDGE_CURVE ( 'NONE', #4846, #6520, #6317, .T. ) ;
#2136 = AXIS2_PLACEMENT_3D ( 'NONE', #899, #6410, #1451 ) ;
#2137 = DIRECTION ( 'NONE',  ( 1.000000000000000000, -0.000000000000000000, 3.491481338843133355E-15 ) ) ;
#2138 = FACE_OUTER_BOUND ( 'NONE', #2750, .T. ) ;
#2139 = AXIS2_PLACEMENT_3D ( 'NONE', #535, #934, #5484 ) ;
#2140 = CARTESIAN_POINT ( 'NONE',  ( 0.8362603167072183430, 1.083971730740956430, 1.372827446247165462 ) ) ;
#2141 = CARTESIAN_POINT ( 'NONE',  ( 0.1000000000000000056, 0.5000000000000000000, -1.332883828495627032 ) ) ;
#2142 = DIRECTION ( 'NONE',  ( -0.000000000000000000, -1.000000000000000000, 0.000000000000000000 ) ) ;
#2143 = ORIENTED_EDGE ( 'NONE', *, *, #841, .F. ) ;
#2144 = DIRECTION ( 'NONE',  ( 0.000000000000000000, 1.000000000000000000, 0.000000000000000000 ) ) ;
#2145 = LINE ( 'NONE', #2723, #629 ) ;
#2146 = ADVANCED_FACE ( 'NONE', ( #2336 ), #1793, .F. ) ;
#2147 = CARTESIAN_POINT ( 'NONE',  ( -1.265954742898944385, 0.6000000000000036415, 1.227565347459475431 ) ) ;
#2148 = AXIS2_PLACEMENT_3D ( 'NONE', #7208, #996, #3820 ) ;
#2149 = DIRECTION ( 'NONE',  ( 1.000000000000000000, 0.000000000000000000, 3.574721027428840849E-15 ) ) ;
#2150 = VERTEX_POINT ( 'NONE', #4540 ) ;
#2151 = DIRECTION ( 'NONE',  ( 1.000000000000000000, 0.000000000000000000, 3.491481338843133355E-15 ) ) ;
#2152 = DIRECTION ( 'NONE',  ( -3.491481338843133355E-15, 0.000000000000000000, 1.000000000000000000 ) ) ;
#2153 = AXIS2_PLACEMENT_3D ( 'NONE', #5953, #6639, #536 ) ;
#2154 = ORIENTED_EDGE ( 'NONE', *, *, #2318, .T. ) ;
#2155 = AXIS2_PLACEMENT_3D ( 'NONE', #5426, #3204, #7126 ) ;
#2156 = AXIS2_PLACEMENT_3D ( 'NONE', #3481, #1192, #4999 ) ;
#2157 = LINE ( 'NONE', #4989, #5107 ) ;
#2158 = DIRECTION ( 'NONE',  ( 1.000000000000000000, -3.502807018799322109E-15, 3.491481338843133355E-15 ) ) ;
#2159 = LINE ( 'NONE', #597, #931 ) ;
#2160 = VECTOR ( 'NONE', #1427, 1000.000000000000114 ) ;
#2161 = VECTOR ( 'NONE', #3546, 1000.000000000000114 ) ;
#2162 = DIRECTION ( 'NONE',  ( 1.000000000000000000, 0.000000000000000000, 4.065758146820642416E-15 ) ) ;
#2163 = CARTESIAN_POINT ( 'NONE',  ( -1.749999999999995337, 0.1000000000000000056, -1.340000000000005631 ) ) ;
#2164 = VERTEX_POINT ( 'NONE', #627 ) ;
#2165 = ORIENTED_EDGE ( 'NONE', *, *, #970, .T. ) ;
#2166 = ORIENTED_EDGE ( 'NONE', *, *, #2349, .F. ) ;
#2167 = CARTESIAN_POINT ( 'NONE',  ( -1.450000000000002620, 1.090000000000000746, 0.7499999999999948930 ) ) ;
#2168 = AXIS2_PLACEMENT_3D ( 'NONE', #1323, #1513, #3711 ) ;
#2169 = VECTOR ( 'NONE', #179, 1000.000000000000000 ) ;
#2170 = CYLINDRICAL_SURFACE ( 'NONE', #5547, 1.332883828495627032 ) ;
#2171 = CYLINDRICAL_SURFACE ( 'NONE', #2620, 0.8499999999999998668 ) ;
#2172 = AXIS2_PLACEMENT_3D ( 'NONE', #1383, #5343, #830 ) ;
#2173 = ORIENTED_EDGE ( 'NONE', *, *, #88, .F. ) ;
#2174 = EDGE_CURVE ( 'NONE', #1358, #7071, #4509, .T. ) ;
#2175 = VERTEX_POINT ( 'NONE', #6222 ) ;
#2176 = EDGE_CURVE ( 'NONE', #4916, #6941, #693, .T. ) ;
#2177 = EDGE_CURVE ( 'NONE', #2518, #4405, #2368, .T. ) ;
#2178 = CARTESIAN_POINT ( 'NONE',  ( -1.300000000000002931, 0.000000000000000000, 0.8499999999999960920 ) ) ;
#2179 = CARTESIAN_POINT ( 'NONE',  ( 0.09999999999999999167, 0.7899999999999925970, 3.491481338843133355E-16 ) ) ;
#2180 = DIRECTION ( 'NONE',  ( -1.000000000000000000, 3.502807018799322109E-15, -3.263320628122684032E-15 ) ) ;
#2181 = CARTESIAN_POINT ( 'NONE',  ( -0.9659547428989363471, 0.6000000000000000888, -1.332883828495627032 ) ) ;
#2182 = PLANE ( 'NONE',  #3653 ) ;
#2183 = EDGE_LOOP ( 'NONE', ( #4373, #59, #897, #3656 ) ) ;
#2184 = EDGE_CURVE ( 'NONE', #4617, #3078, #4027, .T. ) ;
#2185 = ORIENTED_EDGE ( 'NONE', *, *, #946, .F. ) ;
#2186 = DIRECTION ( 'NONE',  ( -3.502807018799322109E-15, -1.000000000000000000, -1.222998533970658192E-29 ) ) ;
#2187 = DIRECTION ( 'NONE',  ( 3.408241650257425862E-15, 0.000000000000000000, -1.000000000000000000 ) ) ;
#2188 = ORIENTED_EDGE ( 'NONE', *, *, #6211, .T. ) ;
#2189 = LINE ( 'NONE', #5493, #598 ) ;
#2190 = CARTESIAN_POINT ( 'NONE',  ( -0.1499999999999976075, 1.099999999999999645, -0.8124038404635963717 ) ) ;
#2191 = ORIENTED_EDGE ( 'NONE', *, *, #7074, .F. ) ;
#2192 = FACE_OUTER_BOUND ( 'NONE', #2380, .T. ) ;
#2193 = DIRECTION ( 'NONE',  ( -3.491481338843133355E-15, 0.000000000000000000, 1.000000000000000000 ) ) ;
#2194 = ADVANCED_FACE ( 'NONE', ( #2930 ), #3370, .F. ) ;
#2195 = VERTEX_POINT ( 'NONE', #1502 ) ;
#2196 = FACE_OUTER_BOUND ( 'NONE', #1114, .T. ) ;
#2197 = PLANE ( 'NONE',  #5975 ) ;
#2198 = CARTESIAN_POINT ( 'NONE',  ( -1.300000000000002931, 0.000000000000000000, 0.8499999999999960920 ) ) ;
#2199 = LINE ( 'NONE', #7026, #2851 ) ;
#2200 = EDGE_LOOP ( 'NONE', ( #444, #4915, #3140, #2333 ) ) ;
#2201 = ORIENTED_EDGE ( 'NONE', *, *, #2744, .F. ) ;
#2202 = ORIENTED_EDGE ( 'NONE', *, *, #3448, .T. ) ;
#2203 = CARTESIAN_POINT ( 'NONE',  ( -1.899999999999995914, 0.000000000000000000, -1.200000000000006839 ) ) ;
#2204 = COLOUR_RGB ( '',0.7921568627450980005, 0.8196078431372548767, 0.9333333333333333481 ) ;
#2205 = DIRECTION ( 'NONE',  ( 0.000000000000000000, 1.000000000000000000, 0.000000000000000000 ) ) ;
#2206 = DIRECTION ( 'NONE',  ( 1.000000000000000000, 0.000000000000000000, 3.822030781674080541E-15 ) ) ;
#2207 = ORIENTED_EDGE ( 'NONE', *, *, #1891, .T. ) ;
#2208 = AXIS2_PLACEMENT_3D ( 'NONE', #60, #2292, #4497 ) ;
#2209 = ORIENTED_EDGE ( 'NONE', *, *, #1656, .T. ) ;
#2210 = LINE ( 'NONE', #3332, #2254 ) ;
#2211 = DIRECTION ( 'NONE',  ( 3.491481338843133355E-15, 0.000000000000000000, -1.000000000000000000 ) ) ;
#2212 = DIRECTION ( 'NONE',  ( -1.000000000000000000, 0.000000000000000000, -3.252606517456513696E-15 ) ) ;
#2213 = EDGE_CURVE ( 'NONE', #6703, #6956, #5925, .T. ) ;
#2214 = VECTOR ( 'NONE', #3275, 1000.000000000000000 ) ;
#2215 = ADVANCED_FACE ( 'NONE', ( #4667 ), #1467, .T. ) ;
#2216 = VECTOR ( 'NONE', #2949, 1000.000000000000000 ) ;
#2217 = LINE ( 'NONE', #3226, #277 ) ;
#2218 = CARTESIAN_POINT ( 'NONE',  ( 0.8928074844680875533, 0.9569798857620109844, -0.1089235403704546939 ) ) ;
#2219 = ORIENTED_EDGE ( 'NONE', *, *, #2270, .F. ) ;
#2220 = AXIS2_PLACEMENT_3D ( 'NONE', #4355, #6006, #1615 ) ;
#2221 = DIRECTION ( 'NONE',  ( 3.491481338843133355E-15, -0.000000000000000000, -1.000000000000000000 ) ) ;
#2222 = DIRECTION ( 'NONE',  ( -0.000000000000000000, -1.000000000000000000, -0.000000000000000000 ) ) ;
#2223 = PLANE ( 'NONE',  #5112 ) ;
#2224 = EDGE_CURVE ( 'NONE', #273, #1256, #5851, .T. ) ;
#2225 = ADVANCED_FACE ( 'NONE', ( #4163 ), #3662, .F. ) ;
#2226 = DIRECTION ( 'NONE',  ( -3.491481338843133355E-15, 0.000000000000000000, 1.000000000000000000 ) ) ;
#2227 = VERTEX_POINT ( 'NONE', #796 ) ;
#2228 = CIRCLE ( 'NONE', #4760, 0.1599999999999999756 ) ;
#2229 = CARTESIAN_POINT ( 'NONE',  ( 0.8959026069984523666, 1.062268587929763530, -0.2995344555517016616 ) ) ;
#2230 = LINE ( 'NONE', #1028, #2277 ) ;
#2231 = ORIENTED_EDGE ( 'NONE', *, *, #1987, .F. ) ;
#2232 = LINE ( 'NONE', #7172, #1393 ) ;
#2233 = DIRECTION ( 'NONE',  ( 3.491481338843133355E-15, 0.000000000000000000, -1.000000000000000000 ) ) ;
#2234 = DIRECTION ( 'NONE',  ( 0.000000000000000000, -1.000000000000000000, -0.000000000000000000 ) ) ;
#2235 = ADVANCED_FACE ( 'NONE', ( #3001 ), #6422, .F. ) ;
#2236 = PLANE ( 'NONE',  #4364 ) ;
#2237 = VERTEX_POINT ( 'NONE', #907 ) ;
#2238 = ORIENTED_EDGE ( 'NONE', *, *, #1460, .F. ) ;
#2239 = ORIENTED_EDGE ( 'NONE', *, *, #3590, .T. ) ;
#2240 = LINE ( 'NONE', #44, #578 ) ;
#2241 = ADVANCED_FACE ( 'NONE', ( #871 ), #2041, .F. ) ;
#2242 = DIRECTION ( 'NONE',  ( 0.000000000000000000, 1.000000000000000000, 0.000000000000000000 ) ) ;
#2243 = ORIENTED_EDGE ( 'NONE', *, *, #4495, .F. ) ;
#2244 = ORIENTED_EDGE ( 'NONE', *, *, #6384, .F. ) ;
#2245 = CARTESIAN_POINT ( 'NONE',  ( 0.3499999999999972577, 1.199999999999999956, 0.8124038404635971489 ) ) ;
#2246 = FACE_OUTER_BOUND ( 'NONE', #4796, .T. ) ;
#2247 = DIRECTION ( 'NONE',  ( -1.000000000000000000, -6.903093815419526508E-15, -3.615906284267370577E-15 ) ) ;
#2248 = CARTESIAN_POINT ( 'NONE',  ( 0.9457731086634567630, 0.000000000000000000, -0.3070147898133150921 ) ) ;
#2249 = DIRECTION ( 'NONE',  ( 1.000000000000000000, 0.000000000000000000, 3.551714792870105736E-15 ) ) ;
#2250 = CARTESIAN_POINT ( 'NONE',  ( 0.7044375921718359912, 1.089999999999992308, 1.372827446247165017 ) ) ;
#2251 = VERTEX_POINT ( 'NONE', #353 ) ;
#2252 = VERTEX_POINT ( 'NONE', #5228 ) ;
#2253 = CARTESIAN_POINT ( 'NONE',  ( -1.749999999999998224, 0.09999999999999979738, -0.5500000000000069278 ) ) ;
#2254 = VECTOR ( 'NONE', #4895, 1000.000000000000000 ) ;
#2255 = CARTESIAN_POINT ( 'NONE',  ( 0.8517638489321192052, 0.9719151922228845830, 1.372827446247165684 ) ) ;
#2256 = PLANE ( 'NONE',  #584 ) ;
#2257 = EDGE_LOOP ( 'NONE', ( #3157, #5924, #29, #491 ) ) ;
#2258 = AXIS2_PLACEMENT_3D ( 'NONE', #3225, #456, #2678 ) ;
#2259 = DIRECTION ( 'NONE',  ( -1.000000000000000000, 0.000000000000000000, -3.408241650257426256E-15 ) ) ;
#2260 = DIRECTION ( 'NONE',  ( 3.491481338843133355E-15, -0.000000000000000000, -1.000000000000000000 ) ) ;
#2261 = DIRECTION ( 'NONE',  ( -0.7071067811865504593, -5.330674431918770334E-15, 0.7071067811865445751 ) ) ;
#2262 = EDGE_CURVE ( 'NONE', #4206, #1000, #5820, .T. ) ;
#2263 = ORIENTED_EDGE ( 'NONE', *, *, #1914, .F. ) ;
#2264 = EDGE_CURVE ( 'NONE', #7103, #3494, #3037, .T. ) ;
#2265 = LINE ( 'NONE', #4471, #2094 ) ;
#2266 = CARTESIAN_POINT ( 'NONE',  ( 1.280000000000003135, 1.099999999999999867, -0.9260669522232131134 ) ) ;
#2267 = VECTOR ( 'NONE', #4290, 1000.000000000000000 ) ;
#2268 = DIRECTION ( 'NONE',  ( 0.000000000000000000, 1.000000000000000000, 0.000000000000000000 ) ) ;
#2269 = EDGE_CURVE ( 'NONE', #3218, #3594, #5262, .T. ) ;
#2270 = EDGE_CURVE ( 'NONE', #1002, #5831, #4281, .T. ) ;
#2271 = AXIS2_PLACEMENT_3D ( 'NONE', #3454, #1217, #2903 ) ;
#2272 = LINE ( 'NONE', #4479, #1107 ) ;
#2273 = VECTOR ( 'NONE', #723, 1000.000000000000000 ) ;
#2274 = EDGE_LOOP ( 'NONE', ( #691, #6467, #1584, #425 ) ) ;
#2275 = ORIENTED_EDGE ( 'NONE', *, *, #2037, .T. ) ;
#2276 = ADVANCED_FACE ( 'NONE', ( #272 ), #3155, .T. ) ;
#2277 = VECTOR ( 'NONE', #5460, 1000.000000000000000 ) ;
#2278 = AXIS2_PLACEMENT_3D ( 'NONE', #4924, #6554, #5945 ) ;
#2279 = DIRECTION ( 'NONE',  ( -0.000000000000000000, -1.000000000000000000, 0.000000000000000000 ) ) ;
#2280 = DIRECTION ( 'NONE',  ( 3.491481338843133355E-15, 0.000000000000000000, -1.000000000000000000 ) ) ;
#2281 = ORIENTED_EDGE ( 'NONE', *, *, #4969, .F. ) ;
#2282 = DIRECTION ( 'NONE',  ( -1.000000000000000000, 0.000000000000000000, -3.491481338843132961E-15 ) ) ;
#2283 = CIRCLE ( 'NONE', #6326, 0.1599999999999999756 ) ;
#2284 = ORIENTED_EDGE ( 'NONE', *, *, #5554, .T. ) ;
#2285 = EDGE_CURVE ( 'NONE', #6539, #2880, #232, .T. ) ;
#2286 = AXIS2_PLACEMENT_3D ( 'NONE', #5828, #6911, #3563 ) ;
#2287 = DIRECTION ( 'NONE',  ( -0.000000000000000000, -1.000000000000000000, -0.000000000000000000 ) ) ;
#2288 = CARTESIAN_POINT ( 'NONE',  ( -1.351449120171321683, 0.6000000000000029754, -0.3313493293834522402 ) ) ;
#2289 = CARTESIAN_POINT ( 'NONE',  ( 0.8070129555424723211, 1.089999999999992308, 0.4802704026404131521 ) ) ;
#2290 = CARTESIAN_POINT ( 'NONE',  ( 1.850000000000004974, 0.1000000000000000056, -1.499999999999993561 ) ) ;
#2291 = ORIENTED_EDGE ( 'NONE', *, *, #4968, .F. ) ;
#2292 = DIRECTION ( 'NONE',  ( -3.491481338843133355E-15, 0.000000000000000000, 1.000000000000000000 ) ) ;
#2293 = CARTESIAN_POINT ( 'NONE',  ( 0.7044375921718358802, 1.089999999999992308, 1.372827446247165017 ) ) ;
#2294 = DIRECTION ( 'NONE',  ( -1.000000000000000000, 0.000000000000000000, -3.491481338843133355E-15 ) ) ;
#2295 = LINE ( 'NONE', #6178, #6968 ) ;
#2296 = DIRECTION ( 'NONE',  ( -0.000000000000000000, -1.000000000000000000, -0.000000000000000000 ) ) ;
#2297 = CARTESIAN_POINT ( 'NONE',  ( -1.699999999999998845, 0.6000000000000000888, -0.3500000000000053624 ) ) ;
#2298 = ORIENTED_EDGE ( 'NONE', *, *, #4773, .F. ) ;
#2299 = CARTESIAN_POINT ( 'NONE',  ( -1.000000000000001332, 0.000000000000000000, 0.3999999999999971911 ) ) ;
#2300 = LINE ( 'NONE', #2400, #3199 ) ;
#2301 = ORIENTED_EDGE ( 'NONE', *, *, #5345, .F. ) ;
#2302 = ORIENTED_EDGE ( 'NONE', *, *, #2995, .T. ) ;
#2303 = DIRECTION ( 'NONE',  ( -7.047314121155772510E-15, 1.000000000000000000, -2.460556574298107587E-29 ) ) ;
#2304 = VECTOR ( 'NONE', #4902, 1000.000000000000000 ) ;
#2305 = CARTESIAN_POINT ( 'NONE',  ( 1.150000000000001021, 1.199999999999999956, -0.2499999999999960032 ) ) ;
#2306 = EDGE_CURVE ( 'NONE', #837, #1161, #7052, .T. ) ;
#2307 = EDGE_CURVE ( 'NONE', #1844, #4328, #4711, .T. ) ;
#2308 = DIRECTION ( 'NONE',  ( -1.000000000000000000, 0.000000000000000000, -3.263320628122684032E-15 ) ) ;
#2309 = DIRECTION ( 'NONE',  ( 0.8070091525158596957, 5.687246996426956309E-15, -0.5905389299238739120 ) ) ;
#2310 = VERTEX_POINT ( 'NONE', #2540 ) ;
#2311 = DIRECTION ( 'NONE',  ( -0.7071067811865455743, -5.330674431918770334E-15, -0.7071067811865495711 ) ) ;
#2312 = EDGE_LOOP ( 'NONE', ( #1581, #6244, #3728, #398 ) ) ;
#2313 = DIRECTION ( 'NONE',  ( 3.491481338843133355E-15, 0.000000000000000000, -1.000000000000000000 ) ) ;
#2314 = EDGE_CURVE ( 'NONE', #7085, #2033, #5970, .T. ) ;
#2315 = CARTESIAN_POINT ( 'NONE',  ( 1.849999999999998535, 0.1000000000000000056, 0.3750000000000064948 ) ) ;
#2316 = ORIENTED_EDGE ( 'NONE', *, *, #1728, .T. ) ;
#2317 = ORIENTED_EDGE ( 'NONE', *, *, #5722, .T. ) ;
#2318 = EDGE_CURVE ( 'NONE', #4278, #5448, #2078, .T. ) ;
#2319 = DIRECTION ( 'NONE',  ( 0.000000000000000000, 1.000000000000000000, 0.000000000000000000 ) ) ;
#2320 = EDGE_LOOP ( 'NONE', ( #5451, #3122, #1344, #522 ) ) ;
#2321 = ORIENTED_EDGE ( 'NONE', *, *, #2083, .F. ) ;
#2322 = VERTEX_POINT ( 'NONE', #1910 ) ;
#2323 = LINE ( 'NONE', #5610, #3302 ) ;
#2324 = CARTESIAN_POINT ( 'NONE',  ( -1.350000000000002753, 1.099999999999999867, 0.7499999999999953371 ) ) ;
#2325 = VECTOR ( 'NONE', #7093, 1000.000000000000000 ) ;
#2326 = CIRCLE ( 'NONE', #812, 0.1499999999999999667 ) ;
#2327 = DIRECTION ( 'NONE',  ( 3.491481338843133355E-15, 0.000000000000000000, -1.000000000000000000 ) ) ;
#2328 = CARTESIAN_POINT ( 'NONE',  ( 0.8517638489321217588, 0.9719151922228820295, 0.6594324191596607765 ) ) ;
#2329 = ORIENTED_EDGE ( 'NONE', *, *, #3237, .F. ) ;
#2330 = CARTESIAN_POINT ( 'NONE',  ( -1.350000000000003197, 0.9899999999999995470, 0.7499999999999953371 ) ) ;
#2331 = CARTESIAN_POINT ( 'NONE',  ( 0.1000000000000000056, 1.089999999999994307, 3.491481338843133355E-16 ) ) ;
#2332 = VECTOR ( 'NONE', #3979, 1000.000000000000000 ) ;
#2333 = ORIENTED_EDGE ( 'NONE', *, *, #144, .F. ) ;
#2334 = ORIENTED_EDGE ( 'NONE', *, *, #5447, .F. ) ;
#2335 = DIRECTION ( 'NONE',  ( 3.491481338843133750E-15, -0.000000000000000000, -1.000000000000000000 ) ) ;
#2336 = FACE_OUTER_BOUND ( 'NONE', #3277, .T. ) ;
#2337 = CIRCLE ( 'NONE', #1539, 0.3298266868594177392 ) ;
#2338 = CARTESIAN_POINT ( 'NONE',  ( -1.800000000000006484, 0.6999999999999998446, 1.199999999999993738 ) ) ;
#2339 = VERTEX_POINT ( 'NONE', #4180 ) ;
#2340 = CARTESIAN_POINT ( 'NONE',  ( -1.350000000000002753, 1.099999999999999867, 0.7499999999999953371 ) ) ;
#2341 = VECTOR ( 'NONE', #5974, 1000.000000000000000 ) ;
#2342 = ORIENTED_EDGE ( 'NONE', *, *, #4832, .F. ) ;
#2343 = CARTESIAN_POINT ( 'NONE',  ( 1.899999999999998357, 0.000000000000000000, 0.3750000000000059397 ) ) ;
#2344 = ADVANCED_FACE ( 'NONE', ( #1403 ), #5177, .T. ) ;
#2345 = CARTESIAN_POINT ( 'NONE',  ( -1.749999999999996225, 0.09999999999999979738, -1.200000000000006173 ) ) ;
#2346 = VERTEX_POINT ( 'NONE', #6297 ) ;
#2347 = ORIENTED_EDGE ( 'NONE', *, *, #5999, .F. ) ;
#2348 = ORIENTED_EDGE ( 'NONE', *, *, #6285, .T. ) ;
#2349 = EDGE_CURVE ( 'NONE', #3743, #6017, #183, .T. ) ;
#2350 = ADVANCED_FACE ( 'NONE', ( #6368 ), #3567, .F. ) ;
#2351 = DIRECTION ( 'NONE',  ( 0.000000000000000000, 1.000000000000000000, 0.000000000000000000 ) ) ;
#2352 = DIRECTION ( 'NONE',  ( -0.000000000000000000, -1.000000000000000000, -0.000000000000000000 ) ) ;
#2353 = ORIENTED_EDGE ( 'NONE', *, *, #1526, .T. ) ;
#2354 = EDGE_LOOP ( 'NONE', ( #3042, #1438, #1250, #220 ) ) ;
#2355 = ORIENTED_EDGE ( 'NONE', *, *, #6614, .T. ) ;
#2356 = DIRECTION ( 'NONE',  ( -1.000000000000000000, 0.000000000000000000, -3.491481338843133355E-15 ) ) ;
#2357 = EDGE_CURVE ( 'NONE', #3474, #299, #3020, .T. ) ;
#2358 = CARTESIAN_POINT ( 'NONE',  ( 0.9066655318815319831, 0.9519371018476220359, -0.1094510736964685177 ) ) ;
#2359 = DIRECTION ( 'NONE',  ( -3.491481338843133355E-15, 0.000000000000000000, 1.000000000000000000 ) ) ;
#2360 = DIRECTION ( 'NONE',  ( -1.000000000000000000, -6.903093815419526508E-15, -3.615906284267370577E-15 ) ) ;
#2361 = CARTESIAN_POINT ( 'NONE',  ( -1.799999999999997602, 0.5999999999999998668, -1.200000000000006395 ) ) ;
#2362 = ORIENTED_EDGE ( 'NONE', *, *, #1033, .T. ) ;
#2363 = DIRECTION ( 'NONE',  ( -1.000000000000000000, 0.000000000000000000, -3.491481338843133355E-15 ) ) ;
#2364 = CARTESIAN_POINT ( 'NONE',  ( -1.351449120171320128, 0.6000000000000029754, -0.7664364973372644885 ) ) ;
#2365 = ORIENTED_EDGE ( 'NONE', *, *, #1988, .F. ) ;
#2366 = VERTEX_POINT ( 'NONE', #3605 ) ;
#2367 = CARTESIAN_POINT ( 'NONE',  ( -1.750000000000003997, 0.6000000000000001998, 0.5499999999999944933 ) ) ;
#2368 = LINE ( 'NONE', #6792, #2098 ) ;
#2369 = VECTOR ( 'NONE', #1921, 1000.000000000000000 ) ;
#2370 = DIRECTION ( 'NONE',  ( 1.000000000000000000, -3.571489509364014885E-15, 3.491481338843133355E-15 ) ) ;
#2371 = FACE_OUTER_BOUND ( 'NONE', #1230, .T. ) ;
#2372 = ORIENTED_EDGE ( 'NONE', *, *, #1419, .T. ) ;
#2373 = AXIS2_PLACEMENT_3D ( 'NONE', #6312, #5304, #4708 ) ;
#2374 = CARTESIAN_POINT ( 'NONE',  ( -1.749999999999997335, 0.5500000000000002665, -1.200000000000006173 ) ) ;
#2375 = CARTESIAN_POINT ( 'NONE',  ( -0.7124038404635968380, -1.979848480983505743, 0.2499999999999976130 ) ) ;
#2376 = AXIS2_PLACEMENT_3D ( 'NONE', #4948, #1652, #2151 ) ;
#2377 = CIRCLE ( 'NONE', #7135, 0.04999999999999991257 ) ;
#2378 = LINE ( 'NONE', #707, #3788 ) ;
#2379 = ORIENTED_EDGE ( 'NONE', *, *, #2262, .T. ) ;
#2380 = EDGE_LOOP ( 'NONE', ( #5764, #2154, #5846, #3073, #5243, #2348, #4244, #196, #484 ) ) ;
#2381 = VECTOR ( 'NONE', #5098, 1000.000000000000000 ) ;
#2382 = DIRECTION ( 'NONE',  ( 0.000000000000000000, 1.000000000000000000, 0.000000000000000000 ) ) ;
#2383 = AXIS2_PLACEMENT_3D ( 'NONE', #5123, #1826, #5740 ) ;
#2384 = DIRECTION ( 'NONE',  ( -0.9914448613738108262, -0.1305261922200485203, -3.461611231978578356E-15 ) ) ;
#2385 = CARTESIAN_POINT ( 'NONE',  ( -0.9499999999999994005, -1.979848480983505743, -0.2500000000000031641 ) ) ;
#2386 = ORIENTED_EDGE ( 'NONE', *, *, #722, .T. ) ;
#2387 = ADVANCED_FACE ( 'NONE', ( #1369 ), #215, .T. ) ;
#2388 = AXIS2_PLACEMENT_3D ( 'NONE', #589, #2802, #5024 ) ;
#2389 = EDGE_CURVE ( 'NONE', #6941, #5717, #6405, .T. ) ;
#2390 = VECTOR ( 'NONE', #7157, 1000.000000000000000 ) ;
#2391 = VERTEX_POINT ( 'NONE', #3057 ) ;
#2392 = ADVANCED_FACE ( 'NONE', ( #4653 ), #5244, .F. ) ;
#2393 = CARTESIAN_POINT ( 'NONE',  ( -1.799999999999997380, 0.5500000000000001554, -1.200000000000006395 ) ) ;
#2394 = AXIS2_PLACEMENT_3D ( 'NONE', #5289, #4729, #3099 ) ;
#2395 = VECTOR ( 'NONE', #6868, 1000.000000000000000 ) ;
#2396 = FACE_OUTER_BOUND ( 'NONE', #6982, .T. ) ;
#2397 = CARTESIAN_POINT ( 'NONE',  ( -1.000000000000001332, 0.1000000000000000056, 0.3999999999999971911 ) ) ;
#2398 = EDGE_LOOP ( 'NONE', ( #3223, #2003, #1898, #6217 ) ) ;
#2399 = EDGE_CURVE ( 'NONE', #2431, #6710, #1876, .T. ) ;
#2400 = CARTESIAN_POINT ( 'NONE',  ( -1.799999999999995826, 0.09999999999999341360, -1.200000000000006395 ) ) ;
#2401 = ORIENTED_EDGE ( 'NONE', *, *, #1600, .F. ) ;
#2402 = ORIENTED_EDGE ( 'NONE', *, *, #1953, .F. ) ;
#2403 = CARTESIAN_POINT ( 'NONE',  ( -1.700245513687538068, 0.7000000000000005107, -0.5500000000000064837 ) ) ;
#2404 = CARTESIAN_POINT ( 'NONE',  ( -1.749999999999997780, 0.6000000000000001998, -1.200000000000006173 ) ) ;
#2405 = CARTESIAN_POINT ( 'NONE',  ( 0.1000000000000000056, 0.9899999999999924416, 3.491481338843133355E-16 ) ) ;
#2406 = ADVANCED_FACE ( 'NONE', ( #252 ), #5727, .F. ) ;
#2407 = CARTESIAN_POINT ( 'NONE',  ( -1.749999999999999556, 0.5500000000000002665, -0.5500000000000065947 ) ) ;
#2408 = CARTESIAN_POINT ( 'NONE',  ( 0.3499999999999999778, 0.000000000000000000, 1.252634638573780461E-15 ) ) ;
#2409 = ORIENTED_EDGE ( 'NONE', *, *, #2665, .T. ) ;
#2410 = ORIENTED_EDGE ( 'NONE', *, *, #6466, .F. ) ;
#2411 = DIRECTION ( 'NONE',  ( 1.000000000000000000, 0.000000000000000000, 3.491481338843133355E-15 ) ) ;
#2412 = DIRECTION ( 'NONE',  ( -3.491481338843133355E-15, 0.000000000000000000, 1.000000000000000000 ) ) ;
#2413 = CARTESIAN_POINT ( 'NONE',  ( -1.602568033750402687, 0.6000000000000011990, -1.332883828495627032 ) ) ;
#2414 = CARTESIAN_POINT ( 'NONE',  ( 0.1000000000000000056, 1.099999999999999867, 3.491481338843133355E-16 ) ) ;
#2415 = VERTEX_POINT ( 'NONE', #5323 ) ;
#2416 = VERTEX_POINT ( 'NONE', #6842 ) ;
#2417 = DIRECTION ( 'NONE',  ( 1.000000000000000000, -3.502807018799322109E-15, 3.491481338843133355E-15 ) ) ;
#2418 = CARTESIAN_POINT ( 'NONE',  ( -0.03498115539649933325, 0.8879998962669207740, -1.099999999999999867 ) ) ;
#2419 = DIRECTION ( 'NONE',  ( 0.7071067811865491270, 0.000000000000000000, -0.7071067811865459074 ) ) ;
#2420 = ORIENTED_EDGE ( 'NONE', *, *, #26, .F. ) ;
#2421 = ORIENTED_EDGE ( 'NONE', *, *, #6604, .F. ) ;
#2422 = LINE ( 'NONE', #4658, #4086 ) ;
#2423 = CARTESIAN_POINT ( 'NONE',  ( -1.899999999999998801, 0.000000000000000000, -0.4000000000000072387 ) ) ;
#2424 = DIRECTION ( 'NONE',  ( -1.000000000000000000, 0.000000000000000000, -3.491481338843133355E-15 ) ) ;
#2425 = ADVANCED_FACE ( 'NONE', ( #743 ), #332, .F. ) ;
#2426 = EDGE_CURVE ( 'NONE', #2346, #6690, #4753, .T. ) ;
#2427 = LINE ( 'NONE', #4630, #7081 ) ;
#2428 = VECTOR ( 'NONE', #6951, 1000.000000000000000 ) ;
#2429 = PRODUCT_RELATED_PRODUCT_CATEGORY ( 'part', '', ( #1089 ) ) ;
#2430 = DIRECTION ( 'NONE',  ( -0.7071067811865495711, -4.983203604220958381E-15, 0.7071067811865455743 ) ) ;
#2431 = VERTEX_POINT ( 'NONE', #3495 ) ;
#2432 = VECTOR ( 'NONE', #512, 1000.000000000000000 ) ;
#2433 = ORIENTED_EDGE ( 'NONE', *, *, #5029, .F. ) ;
#2434 = CARTESIAN_POINT ( 'NONE',  ( -1.400000000000005240, 0.6000000000000026423, 1.105933661623247133 ) ) ;
#2435 = ORIENTED_EDGE ( 'NONE', *, *, #670, .T. ) ;
#2436 = EDGE_CURVE ( 'NONE', #6530, #600, #4919, .T. ) ;
#2437 = CARTESIAN_POINT ( 'NONE',  ( -1.750000000000002220, 0.1499999999999996891, 0.5499999999999950484 ) ) ;
#2438 = DIRECTION ( 'NONE',  ( 0.000000000000000000, 1.000000000000000000, 0.000000000000000000 ) ) ;
#2439 = VECTOR ( 'NONE', #6499, 1000.000000000000000 ) ;
#2440 = DIRECTION ( 'NONE',  ( 0.7071067811865442421, 0.000000000000000000, 0.7071067811865507924 ) ) ;
#2441 = EDGE_LOOP ( 'NONE', ( #219, #4065, #758, #1873, #2848, #2841 ) ) ;
#2442 = ORIENTED_EDGE ( 'NONE', *, *, #2914, .T. ) ;
#2443 = FACE_OUTER_BOUND ( 'NONE', #4657, .T. ) ;
#2444 = AXIS2_PLACEMENT_3D ( 'NONE', #6290, #5171, #736 ) ;
#2445 = ADVANCED_FACE ( 'NONE', ( #1205 ), #1338, .F. ) ;
#2446 = CARTESIAN_POINT ( 'NONE',  ( 1.638650087287998547, 0.1000000000000000611, 0.3750000000000050515 ) ) ;
#2447 = CARTESIAN_POINT ( 'NONE',  ( -1.300000000000002265, 0.000000000000000000, 0.6999999999999960698 ) ) ;
#2448 = VECTOR ( 'NONE', #6304, 1000.000000000000000 ) ;
#2449 = ORIENTED_EDGE ( 'NONE', *, *, #3974, .T. ) ;
#2450 = CARTESIAN_POINT ( 'NONE',  ( -1.399999999999999911, 0.7000000000000027311, -0.5500000000000054845 ) ) ;
#2451 = CARTESIAN_POINT ( 'NONE',  ( -1.700245513687537402, 0.6000000000000005329, -0.5500000000000064837 ) ) ;
#2452 = ORIENTED_EDGE ( 'NONE', *, *, #4930, .F. ) ;
#2453 = ORIENTED_EDGE ( 'NONE', *, *, #635, .T. ) ;
#2454 = CARTESIAN_POINT ( 'NONE',  ( 1.899999999999996803, 0.000000000000000000, 0.7500000000000065503 ) ) ;
#2455 = CARTESIAN_POINT ( 'NONE',  ( -1.899999999999998135, 0.09999999999999985290, -0.5500000000000071498 ) ) ;
#2456 = DIRECTION ( 'NONE',  ( 0.000000000000000000, 1.000000000000000000, 0.000000000000000000 ) ) ;
#2457 = ORIENTED_EDGE ( 'NONE', *, *, #4426, .F. ) ;
#2458 = EDGE_LOOP ( 'NONE', ( #3359, #3661, #5211, #2726 ) ) ;
#2459 = DIRECTION ( 'NONE',  ( 0.000000000000000000, -1.000000000000000000, 0.000000000000000000 ) ) ;
#2460 = EDGE_LOOP ( 'NONE', ( #1233, #4205, #4959, #1845 ) ) ;
#2461 = DIRECTION ( 'NONE',  ( -0.000000000000000000, -1.000000000000000000, -0.000000000000000000 ) ) ;
#2462 = CARTESIAN_POINT ( 'NONE',  ( 0.8859590799087974089, 1.065886922963848571, -1.277602569154005163 ) ) ;
#2463 = MANIFOLD_SOLID_BREP ( 'Body-Move/Copy2[3]', #2659 ) ;
#2464 = LINE ( 'NONE', #3627, #4224 ) ;
#2465 = EDGE_CURVE ( 'NONE', #4936, #6228, #2529, .T. ) ;
#2466 = ADVANCED_FACE ( 'NONE', ( #3614 ), #3028, .T. ) ;
#2467 = EDGE_LOOP ( 'NONE', ( #5617, #3970, #6220, #2435, #715, #4732 ) ) ;
#2468 = ORIENTED_EDGE ( 'NONE', *, *, #5848, .T. ) ;
#2469 = ADVANCED_FACE ( 'NONE', ( #6347 ), #4779, .T. ) ;
#2470 = DIRECTION ( 'NONE',  ( 0.000000000000000000, 1.000000000000000000, 0.000000000000000000 ) ) ;
#2471 = AXIS2_PLACEMENT_3D ( 'NONE', #3027, #6927, #2424 ) ;
#2472 = DIRECTION ( 'NONE',  ( -1.000000000000000000, 0.000000000000000000, -3.491481338843133355E-15 ) ) ;
#2473 = DIRECTION ( 'NONE',  ( -3.491481338843133355E-15, 0.000000000000000000, 1.000000000000000000 ) ) ;
#2474 = DIRECTION ( 'NONE',  ( -3.491481338843133355E-15, -0.000000000000000000, 1.000000000000000000 ) ) ;
#2475 = EDGE_CURVE ( 'NONE', #1779, #6719, #857, .T. ) ;
#2476 = VECTOR ( 'NONE', #2636, 1000.000000000000000 ) ;
#2477 = ORIENTED_EDGE ( 'NONE', *, *, #1854, .T. ) ;
#2478 = EDGE_LOOP ( 'NONE', ( #1302, #7107, #4685, #1008 ) ) ;
#2479 = ORIENTED_EDGE ( 'NONE', *, *, #1891, .F. ) ;
#2480 = PLANE ( 'NONE',  #5454 ) ;
#2481 = DIRECTION ( 'NONE',  ( 1.000000000000000000, -0.000000000000000000, 3.263320628122684032E-15 ) ) ;
#2482 = FACE_OUTER_BOUND ( 'NONE', #453, .T. ) ;
#2483 = AXIS2_PLACEMENT_3D ( 'NONE', #1778, #1264, #2883 ) ;
#2484 = EDGE_LOOP ( 'NONE', ( #4601, #3372, #4365, #3683 ) ) ;
#2485 = EDGE_CURVE ( 'NONE', #335, #4079, #1922, .T. ) ;
#2486 = ORIENTED_EDGE ( 'NONE', *, *, #3972, .T. ) ;
#2487 = VECTOR ( 'NONE', #6979, 1000.000000000000000 ) ;
#2488 = ORIENTED_EDGE ( 'NONE', *, *, #3675, .T. ) ;
#2489 = CIRCLE ( 'NONE', #2614, 0.3999999999999999667 ) ;
#2490 = LINE ( 'NONE', #4227, #6299 ) ;
#2491 = FACE_OUTER_BOUND ( 'NONE', #5710, .T. ) ;
#2492 = DIRECTION ( 'NONE',  ( -3.491481338843133750E-15, 0.000000000000000000, 1.000000000000000000 ) ) ;
#2493 = MANIFOLD_SOLID_BREP ( 'Body-Move/Copy2[1]', #6612 ) ;
#2494 = DIRECTION ( 'NONE',  ( 0.000000000000000000, 1.000000000000000000, 0.000000000000000000 ) ) ;
#2495 = CIRCLE ( 'NONE', #6676, 0.04999999999999991257 ) ;
#2496 = VECTOR ( 'NONE', #6634, 1000.000000000000000 ) ;
#2497 = DIRECTION ( 'NONE',  ( -0.000000000000000000, -0.000000000000000000, 1.000000000000000000 ) ) ;
#2498 = EDGE_LOOP ( 'NONE', ( #6874, #3668, #5364, #6070 ) ) ;
#2499 = VECTOR ( 'NONE', #6453, 1000.000000000000000 ) ;
#2500 = CARTESIAN_POINT ( 'NONE',  ( -1.750000000000002220, 0.09999999999999979738, 0.5499999999999948264 ) ) ;
#2501 = LINE ( 'NONE', #1422, #1945 ) ;
#2502 = AXIS2_PLACEMENT_3D ( 'NONE', #365, #406, #1073 ) ;
#2503 = ORIENTED_EDGE ( 'NONE', *, *, #1172, .F. ) ;
#2504 = DIRECTION ( 'NONE',  ( -7.047314121155773299E-15, 1.000000000000000000, -2.460556574298107867E-29 ) ) ;
#2505 = LINE ( 'NONE', #3625, #7144 ) ;
#2506 = EDGE_LOOP ( 'NONE', ( #6988, #5056, #6435, #3499 ) ) ;
#2507 = AXIS2_PLACEMENT_3D ( 'NONE', #4728, #713, #253 ) ;
#2508 = CARTESIAN_POINT ( 'NONE',  ( -0.9659547428989363471, 0.5000000000000000000, 1.332883828495627032 ) ) ;
#2509 = CARTESIAN_POINT ( 'NONE',  ( 1.850000000000004530, 0.6000000000000000888, -1.339999999999993641 ) ) ;
#2510 = ORIENTED_EDGE ( 'NONE', *, *, #4530, .T. ) ;
#2511 = ORIENTED_EDGE ( 'NONE', *, *, #4236, .T. ) ;
#2512 = CARTESIAN_POINT ( 'NONE',  ( -0.7124038404635864019, 0.9899999999999972156, 0.2499999999999976130 ) ) ;
#2513 = DIRECTION ( 'NONE',  ( 1.000000000000000000, -0.000000000000000000, 3.491481338843133355E-15 ) ) ;
#2514 = EDGE_CURVE ( 'NONE', #4214, #14, #1534, .T. ) ;
#2515 = EDGE_CURVE ( 'NONE', #4317, #2237, #3263, .T. ) ;
#2516 = CARTESIAN_POINT ( 'NONE',  ( -1.399999999999999911, 0.7000000000000027311, -0.5500000000000054845 ) ) ;
#2517 = CARTESIAN_POINT ( 'NONE',  ( 1.280000000000003135, 0.9224999684985708548, -0.9260669522232131134 ) ) ;
#2518 = VERTEX_POINT ( 'NONE', #6598 ) ;
#2519 = EDGE_LOOP ( 'NONE', ( #5778, #5234, #6057, #2611 ) ) ;
#2520 = LINE ( 'NONE', #1952, #2545 ) ;
#2521 = DIRECTION ( 'NONE',  ( -8.673617379884068604E-15, 1.000000000000000000, 0.000000000000000000 ) ) ;
#2522 = DIRECTION ( 'NONE',  ( -1.000000000000000000, -3.252606517456519613E-15, -3.491481338843133750E-15 ) ) ;
#2523 = ADVANCED_FACE ( 'NONE', ( #495 ), #4418, .T. ) ;
#2524 = ORIENTED_EDGE ( 'NONE', *, *, #1053, .T. ) ;
#2525 = VERTEX_POINT ( 'NONE', #1047 ) ;
#2526 = EDGE_LOOP ( 'NONE', ( #6610, #5509, #3906, #4003, #1546, #212, #1074 ) ) ;
#2527 = CARTESIAN_POINT ( 'NONE',  ( 0.7491781560021123498, 0.6899999999999922862, 1.372827446247165240 ) ) ;
#2528 = CARTESIAN_POINT ( 'NONE',  ( 0.8190608266487847677, 0.9838154455415807353, 1.316958523657191682 ) ) ;
#2529 = LINE ( 'NONE', #7040, #6602 ) ;
#2530 = EDGE_CURVE ( 'NONE', #846, #1540, #2134, .T. ) ;
#2531 = CARTESIAN_POINT ( 'NONE',  ( 0.7761331447377403103, 0.9899999999999924416, -0.5168051771021427987 ) ) ;
#2532 = CARTESIAN_POINT ( 'NONE',  ( 1.280000000000003135, 1.099999999999999867, -0.9260669522232131134 ) ) ;
#2533 = LINE ( 'NONE', #3691, #2161 ) ;
#2534 = PLANE ( 'NONE',  #3206 ) ;
#2535 = VERTEX_POINT ( 'NONE', #3767 ) ;
#2536 = DIRECTION ( 'NONE',  ( -1.000000000000000000, 4.207103668092286430E-16, -5.659885683814145379E-15 ) ) ;
#2537 = EDGE_LOOP ( 'NONE', ( #4143, #141, #6961, #3912 ) ) ;
#2538 = MECHANICAL_DESIGN_GEOMETRIC_PRESENTATION_REPRESENTATION (  '', ( #5594 ), #3834 ) ;
#2539 = EDGE_CURVE ( 'NONE', #6234, #6402, #7190, .T. ) ;
#2540 = CARTESIAN_POINT ( 'NONE',  ( 1.280000000000003135, 0.8160849868743065283, -0.9260669522232131134 ) ) ;
#2541 = CARTESIAN_POINT ( 'NONE',  ( 0.09999999999999999167, 0.7899999999999925970, 3.491481338843133355E-16 ) ) ;
#2542 = ORIENTED_EDGE ( 'NONE', *, *, #4148, .F. ) ;
#2543 = CARTESIAN_POINT ( 'NONE',  ( -1.450000000000002620, 1.100000000000000311, 0.7499999999999948930 ) ) ;
#2544 = CARTESIAN_POINT ( 'NONE',  ( -1.750000000000004441, 0.1499999999999996891, 1.199999999999993960 ) ) ;
#2545 = VECTOR ( 'NONE', #923, 1000.000000000000000 ) ;
#2546 = VERTEX_POINT ( 'NONE', #2637 ) ;
#2547 = ORIENTED_EDGE ( 'NONE', *, *, #4014, .T. ) ;
#2548 = DIRECTION ( 'NONE',  ( 1.000000000000000000, 0.000000000000000000, 3.491481338843133355E-15 ) ) ;
#2549 = CARTESIAN_POINT ( 'NONE',  ( -1.349999999999997424, 1.089999999999999636, -0.7500000000000046629 ) ) ;
#2550 = VECTOR ( 'NONE', #6534, 1000.000000000000000 ) ;
#2551 = VECTOR ( 'NONE', #4761, 1000.000000000000000 ) ;
#2552 = CARTESIAN_POINT ( 'NONE',  ( 1.279999999999996696, 1.099999999999999867, 0.9260669522232219952 ) ) ;
#2553 = EDGE_LOOP ( 'NONE', ( #181, #4149, #5269, #1827 ) ) ;
#2554 = VECTOR ( 'NONE', #2861, 1000.000000000000000 ) ;
#2555 = ORIENTED_EDGE ( 'NONE', *, *, #3787, .F. ) ;
#2556 = ORIENTED_EDGE ( 'NONE', *, *, #4673, .T. ) ;
#2557 = AXIS2_PLACEMENT_3D ( 'NONE', #2559, #4767, #6990 ) ;
#2558 = SURFACE_STYLE_USAGE ( .BOTH. , #1003 ) ;
#2559 = CARTESIAN_POINT ( 'NONE',  ( -1.100000000000003642, 0.000000000000000000, 1.099999999999996758 ) ) ;
#2560 = VECTOR ( 'NONE', #3294, 1000.000000000000000 ) ;
#2561 = VERTEX_POINT ( 'NONE', #4857 ) ;
#2562 = EDGE_CURVE ( 'NONE', #6678, #6108, #6067, .T. ) ;
#2563 = ORIENTED_EDGE ( 'NONE', *, *, #3089, .F. ) ;
#2564 = ADVANCED_FACE ( 'NONE', ( #7077 ), #4973, .F. ) ;
#2565 = CARTESIAN_POINT ( 'NONE',  ( -1.700245513687543619, 0.6000000000000005329, 1.235206348558483436 ) ) ;
#2566 = FACE_OUTER_BOUND ( 'NONE', #143, .T. ) ;
#2567 = SURFACE_STYLE_USAGE ( .BOTH. , #822 ) ;
#2568 = DIRECTION ( 'NONE',  ( 0.000000000000000000, 0.000000000000000000, -1.000000000000000000 ) ) ;
#2569 = SURFACE_SIDE_STYLE ('',( #307 ) ) ;
#2570 = EDGE_CURVE ( 'NONE', #6539, #2546, #3296, .T. ) ;
#2571 = ORIENTED_EDGE ( 'NONE', *, *, #2307, .T. ) ;
#2572 = LINE ( 'NONE', #2500, #4213 ) ;
#2573 = EDGE_LOOP ( 'NONE', ( #922, #764, #2739, #2449 ) ) ;
#2574 = LINE ( 'NONE', #4090, #6052 ) ;
#2575 = DIRECTION ( 'NONE',  ( 3.822030781674079752E-15, 0.000000000000000000, -1.000000000000000000 ) ) ;
#2576 = CARTESIAN_POINT ( 'NONE',  ( 0.7491781560021218977, 1.089999999999992308, -1.352245436956502678 ) ) ;
#2577 = ORIENTED_EDGE ( 'NONE', *, *, #6384, .T. ) ;
#2578 = FACE_OUTER_BOUND ( 'NONE', #6514, .T. ) ;
#2579 = EDGE_CURVE ( 'NONE', #6476, #1531, #1464, .T. ) ;
#2580 = EDGE_LOOP ( 'NONE', ( #6709, #2301, #4651, #7206 ) ) ;
#2581 = EDGE_LOOP ( 'NONE', ( #810, #5022, #2629, #6595 ) ) ;
#2582 = CARTESIAN_POINT ( 'NONE',  ( 0.1000000000000000056, 1.089999999999994307, 3.491481338843133355E-16 ) ) ;
#2583 = DIRECTION ( 'NONE',  ( -3.469446951953614978E-15, 1.000000000000000000, -1.211350928885223548E-29 ) ) ;
#2584 = DIRECTION ( 'NONE',  ( 1.000000000000000000, -3.491481338843133355E-15, 3.491481338843133355E-15 ) ) ;
#2585 = FACE_OUTER_BOUND ( 'NONE', #593, .T. ) ;
#2586 = ORIENTED_EDGE ( 'NONE', *, *, #4726, .F. ) ;
#2587 = ORIENTED_EDGE ( 'NONE', *, *, #2945, .T. ) ;
#2588 = ORIENTED_EDGE ( 'NONE', *, *, #2515, .T. ) ;
#2589 = AXIS2_PLACEMENT_3D ( 'NONE', #118, #2351, #2852 ) ;
#2590 = DIRECTION ( 'NONE',  ( -1.000000000000000000, 0.000000000000000000, -3.491481338843132961E-15 ) ) ;
#2591 = VECTOR ( 'NONE', #198, 1000.000000000000000 ) ;
#2592 = CARTESIAN_POINT ( 'NONE',  ( 0.1000000000000000056, -1.979848480983505743, 3.491481338843133355E-16 ) ) ;
#2593 = ORIENTED_EDGE ( 'NONE', *, *, #6784, .F. ) ;
#2594 = ORIENTED_EDGE ( 'NONE', *, *, #5013, .T. ) ;
#2595 = ORIENTED_EDGE ( 'NONE', *, *, #6131, .F. ) ;
#2596 = CARTESIAN_POINT ( 'NONE',  ( -1.900000000000004796, 0.000000000000000000, 1.349999999999993427 ) ) ;
#2597 = VECTOR ( 'NONE', #1299, 1000.000000000000000 ) ;
#2598 = DIRECTION ( 'NONE',  ( 0.000000000000000000, 1.000000000000000000, 0.000000000000000000 ) ) ;
#2599 = DIRECTION ( 'NONE',  ( 0.000000000000000000, 1.000000000000000000, 0.000000000000000000 ) ) ;
#2600 = MANIFOLD_SOLID_BREP ( 'Cut-Extrude9', #4620 ) ;
#2601 = CARTESIAN_POINT ( 'NONE',  ( -1.602568033750412457, 0.7000000000000012879, 1.332883828495615930 ) ) ;
#2602 = FACE_OUTER_BOUND ( 'NONE', #6214, .T. ) ;
#2603 = EDGE_CURVE ( 'NONE', #1068, #5776, #3335, .T. ) ;
#2604 = ADVANCED_FACE ( 'NONE', ( #1670 ), #576, .T. ) ;
#2605 = DIRECTION ( 'NONE',  ( 1.000000000000000000, -3.571489509364014885E-15, 2.603302919143008517E-15 ) ) ;
#2606 = AXIS2_PLACEMENT_3D ( 'NONE', #1788, #1274, #3447 ) ;
#2607 = CIRCLE ( 'NONE', #3524, 0.8499999999999999778 ) ;
#2608 = EDGE_CURVE ( 'NONE', #2431, #1256, #3522, .T. ) ;
#2609 = EDGE_CURVE ( 'NONE', #1696, #3537, #5600, .T. ) ;
#2610 = DIRECTION ( 'NONE',  ( 1.000000000000000000, 0.000000000000000000, 3.491481338843133355E-15 ) ) ;
#2611 = ORIENTED_EDGE ( 'NONE', *, *, #3002, .T. ) ;
#2612 = CARTESIAN_POINT ( 'NONE',  ( -1.350000000000000089, 1.089999999999999636, -4.713499807438230818E-15 ) ) ;
#2613 = AXIS2_PLACEMENT_3D ( 'NONE', #1682, #554, #4323 ) ;
#2614 = AXIS2_PLACEMENT_3D ( 'NONE', #6826, #2242, #5715 ) ;
#2615 = DIRECTION ( 'NONE',  ( 0.000000000000000000, 0.000000000000000000, -1.000000000000000000 ) ) ;
#2616 = EDGE_CURVE ( 'NONE', #1839, #4010, #611, .T. ) ;
#2617 = ORIENTED_EDGE ( 'NONE', *, *, #233, .T. ) ;
#2618 = DIRECTION ( 'NONE',  ( 1.000000000000000000, 0.000000000000000000, 3.491481338843133355E-15 ) ) ;
#2619 = DIRECTION ( 'NONE',  ( 3.491481338843133355E-15, 0.000000000000000000, -1.000000000000000000 ) ) ;
#2620 = AXIS2_PLACEMENT_3D ( 'NONE', #2592, #6021, #4852 ) ;
#2621 = CARTESIAN_POINT ( 'NONE',  ( 0.1000000000000000056, 0.5000000000000000000, -1.332883828495627032 ) ) ;
#2622 = DIRECTION ( 'NONE',  ( -1.000000000000000000, 0.000000000000000000, -3.491481338843133355E-15 ) ) ;
#2623 = VECTOR ( 'NONE', #2951, 1000.000000000000000 ) ;
#2624 = EDGE_CURVE ( 'NONE', #98, #4590, #594, .T. ) ;
#2625 = VECTOR ( 'NONE', #4684, 1000.000000000000000 ) ;
#2626 = CARTESIAN_POINT ( 'NONE',  ( -1.749999999999994893, 0.6000000000000000888, -1.500000000000005773 ) ) ;
#2627 = DIRECTION ( 'NONE',  ( -1.000000000000000000, -3.252606517456519613E-15, -3.491481338843133750E-15 ) ) ;
#2628 = ORIENTED_EDGE ( 'NONE', *, *, #6774, .F. ) ;
#2629 = ORIENTED_EDGE ( 'NONE', *, *, #571, .F. ) ;
#2630 = ORIENTED_EDGE ( 'NONE', *, *, #1561, .T. ) ;
#2631 = FACE_OUTER_BOUND ( 'NONE', #5596, .T. ) ;
#2632 = CARTESIAN_POINT ( 'NONE',  ( 0.1000000000000000056, 0.6000000000000000888, 1.332883828495627032 ) ) ;
#2633 = ORIENTED_EDGE ( 'NONE', *, *, #340, .T. ) ;
#2634 = ORIENTED_EDGE ( 'NONE', *, *, #3536, .T. ) ;
#2635 = CARTESIAN_POINT ( 'NONE',  ( 0.7044375921718454281, 0.9899999999999922196, -1.372827446247159910 ) ) ;
#2636 = DIRECTION ( 'NONE',  ( -3.260800025548345547E-15, 0.000000000000000000, 1.000000000000000000 ) ) ;
#2637 = CARTESIAN_POINT ( 'NONE',  ( -1.199038105676660138, 1.099999999999999867, 0.7499999999999957812 ) ) ;
#2638 = CARTESIAN_POINT ( 'NONE',  ( -0.1499999999999999667, 1.099999999999999867, -4.666820231463575737E-16 ) ) ;
#2639 = DIRECTION ( 'NONE',  ( -7.047314121155773299E-15, 1.000000000000000000, -2.460556574298107867E-29 ) ) ;
#2640 = DIRECTION ( 'NONE',  ( 0.000000000000000000, -1.000000000000000000, 0.000000000000000000 ) ) ;
#2641 = EDGE_CURVE ( 'NONE', #1831, #945, #3909, .T. ) ;
#2642 = VERTEX_POINT ( 'NONE', #3585 ) ;
#2643 = FACE_OUTER_BOUND ( 'NONE', #4440, .T. ) ;
#2644 = FACE_OUTER_BOUND ( 'NONE', #5961, .T. ) ;
#2645 = ORIENTED_EDGE ( 'NONE', *, *, #1240, .T. ) ;
#2646 = DIRECTION ( 'NONE',  ( -2.913240180184198183E-15, 0.000000000000000000, 1.000000000000000000 ) ) ;
#2647 = CARTESIAN_POINT ( 'NONE',  ( 0.09999999999999999167, 0.000000000000000000, 3.491481338843133355E-16 ) ) ;
#2648 = CARTESIAN_POINT ( 'NONE',  ( -0.9500000000000001776, 1.089999999999998082, -3.316907271900977476E-15 ) ) ;
#2649 = ORIENTED_EDGE ( 'NONE', *, *, #3448, .F. ) ;
#2650 = MANIFOLD_SOLID_BREP ( 'Body-Move/Copy2[5]', #4514 ) ;
#2651 = CARTESIAN_POINT ( 'NONE',  ( 0.9124038404635967936, -1.979848480983505743, -0.2499999999999968081 ) ) ;
#2652 = CARTESIAN_POINT ( 'NONE',  ( -1.613954739249932935, 0.6000000000000010880, -0.3313493293834531839 ) ) ;
#2653 = ADVANCED_FACE ( 'NONE', ( #3551 ), #5817, .F. ) ;
#2654 = VERTEX_POINT ( 'NONE', #4241 ) ;
#2655 = EDGE_CURVE ( 'NONE', #6690, #2346, #3785, .T. ) ;
#2656 = CARTESIAN_POINT ( 'NONE',  ( -1.800000000000005596, 0.5500000000000001554, 1.199999999999993738 ) ) ;
#2657 = CARTESIAN_POINT ( 'NONE',  ( -1.400000000000003242, 0.6000000000000026423, 0.5499999999999957145 ) ) ;
#2658 = CARTESIAN_POINT ( 'NONE',  ( -4.219749889657648573E-15, 0.7000000000000126121, -1.473317799432505190E-29 ) ) ;
#2659 = CLOSED_SHELL ( 'NONE', ( #1491, #2523, #6370, #5821, #5503, #1896, #784, #6862, #1773, #6307, #1565, #2564, #1294, #6559, #6292, #3760, #6036, #1367, #2700, #2653, #75, #4032, #6330, #3397, #2194 ) ) ;
#2660 = PLANE ( 'NONE',  #1711 ) ;
#2661 = PLANE ( 'NONE',  #2745 ) ;
#2662 = ORIENTED_EDGE ( 'NONE', *, *, #3081, .T. ) ;
#2663 = ORIENTED_EDGE ( 'NONE', *, *, #5476, .F. ) ;
#2664 = VERTEX_POINT ( 'NONE', #793 ) ;
#2665 = EDGE_CURVE ( 'NONE', #7089, #2525, #230, .T. ) ;
#2666 = LINE ( 'NONE', #487, #1515 ) ;
#2667 = VECTOR ( 'NONE', #3560, 1000.000000000000000 ) ;
#2668 = AXIS2_PLACEMENT_3D ( 'NONE', #5682, #1352, #3554 ) ;
#2669 = UNCERTAINTY_MEASURE_WITH_UNIT (LENGTH_MEASURE( 1.000000000000000082E-05 ), #2063, 'distance_accuracy_value', 'NONE');
#2670 = CARTESIAN_POINT ( 'NONE',  ( 1.730352743585692465, 0.1695789288330071531, 0.3750000000000053291 ) ) ;
#2671 = CIRCLE ( 'NONE', #6965, 0.1499999999999999667 ) ;
#2672 = VECTOR ( 'NONE', #4382, 1000.000000000000000 ) ;
#2673 = ORIENTED_EDGE ( 'NONE', *, *, #6669, .T. ) ;
#2674 = ORIENTED_EDGE ( 'NONE', *, *, #1033, .F. ) ;
#2675 = ADVANCED_FACE ( 'NONE', ( #6417 ), #4161, .F. ) ;
#2676 = DIRECTION ( 'NONE',  ( -1.000000000000000000, 0.000000000000000000, -3.491481338843133355E-15 ) ) ;
#2677 = CYLINDRICAL_SURFACE ( 'NONE', #708, 0.8499999999999999778 ) ;
#2678 = DIRECTION ( 'NONE',  ( -1.000000000000000000, 0.000000000000000000, -3.491481338843133355E-15 ) ) ;
#2679 = CARTESIAN_POINT ( 'NONE',  ( 0.3499999999999963696, 1.199999999999999956, 1.050000000000001377 ) ) ;
#2680 = DIRECTION ( 'NONE',  ( 0.000000000000000000, 1.000000000000000000, 0.000000000000000000 ) ) ;
#2681 = CONICAL_SURFACE ( 'NONE', #4534, 0.8499999999999998668, 1.047197551196600074 ) ;
#2682 = ORIENTED_EDGE ( 'NONE', *, *, #74, .T. ) ;
#2683 = PLANE ( 'NONE',  #1103 ) ;
#2684 = DIRECTION ( 'NONE',  ( -3.491481338843133750E-15, 0.000000000000000000, 1.000000000000000000 ) ) ;
#2685 = ORIENTED_EDGE ( 'NONE', *, *, #2184, .F. ) ;
#2686 = CARTESIAN_POINT ( 'NONE',  ( 0.1000000000000000056, 1.089999999999994307, 3.491481338843133355E-16 ) ) ;
#2687 = DIRECTION ( 'NONE',  ( 0.000000000000000000, 1.000000000000000000, 0.000000000000000000 ) ) ;
#2688 = CARTESIAN_POINT ( 'NONE',  ( 0.8517638489321192052, 0.9719151922228845830, 1.372827446247165684 ) ) ;
#2689 = EDGE_LOOP ( 'NONE', ( #2201, #7104, #4002 ) ) ;
#2690 = DIRECTION ( 'NONE',  ( -2.913240180184198183E-15, 0.000000000000000000, 1.000000000000000000 ) ) ;
#2691 = CARTESIAN_POINT ( 'NONE',  ( 0.7044375921718358802, 1.089999999999992308, 1.372827446247165017 ) ) ;
#2692 = CARTESIAN_POINT ( 'NONE',  ( 0.1000000000000000056, 0.9899999999999926636, 3.491481338843133355E-16 ) ) ;
#2693 = CARTESIAN_POINT ( 'NONE',  ( 0.9124038404635951283, 1.099999999999999645, 0.2500000000000032196 ) ) ;
#2694 = LINE ( 'NONE', #37, #1049 ) ;
#2695 = EDGE_CURVE ( 'NONE', #6933, #750, #2501, .T. ) ;
#2696 = ADVANCED_FACE ( 'NONE', ( #2002 ), #4709, .T. ) ;
#2697 = DIRECTION ( 'NONE',  ( -1.000000000000000000, 0.000000000000000000, -5.659885683814145379E-15 ) ) ;
#2698 = ORIENTED_EDGE ( 'NONE', *, *, #6517, .F. ) ;
#2699 = ADVANCED_FACE ( 'NONE', ( #4747 ), #3659, .F. ) ;
#2700 = ADVANCED_FACE ( 'NONE', ( #2644 ), #6032, .T. ) ;
#2701 = ORIENTED_EDGE ( 'NONE', *, *, #612, .T. ) ;
#2702 = VERTEX_POINT ( 'NONE', #6529 ) ;
#2703 = CARTESIAN_POINT ( 'NONE',  ( 0.8362603167072222288, 1.083971730740956430, 0.2500000000000029421 ) ) ;
#2704 = EDGE_CURVE ( 'NONE', #4267, #5101, #1432, .T. ) ;
#2705 = CARTESIAN_POINT ( 'NONE',  ( 1.849999999999995204, 0.1000000000000000056, 1.340000000000006963 ) ) ;
#2706 = ORIENTED_EDGE ( 'NONE', *, *, #1416, .F. ) ;
#2707 = EDGE_LOOP ( 'NONE', ( #5629, #5628 ) ) ;
#2708 = PLANE ( 'NONE',  #1676 ) ;
#2709 = CARTESIAN_POINT ( 'NONE',  ( 0.7044375921718427636, 1.089999999999992308, -0.5976246289850383198 ) ) ;
#2710 = LINE ( 'NONE', #4309, #3758 ) ;
#2711 = DIRECTION ( 'NONE',  ( -0.000000000000000000, -1.000000000000000000, 0.000000000000000000 ) ) ;
#2712 = VECTOR ( 'NONE', #2113, 1000.000000000000000 ) ;
#2713 = ADVANCED_FACE ( 'NONE', ( #7084 ), #2795, .T. ) ;
#2714 = CARTESIAN_POINT ( 'NONE',  ( -0.9659547428989363471, 0.5000000000000000000, 1.332883828495627032 ) ) ;
#2715 = CARTESIAN_POINT ( 'NONE',  ( 1.609099421662699259, 1.090589347511192075, 0.3750000000000049405 ) ) ;
#2716 = ORIENTED_EDGE ( 'NONE', *, *, #2641, .T. ) ;
#2717 = VECTOR ( 'NONE', #426, 1000.000000000000000 ) ;
#2718 = ORIENTED_EDGE ( 'NONE', *, *, #3137, .F. ) ;
#2719 = FACE_OUTER_BOUND ( 'NONE', #6401, .T. ) ;
#2720 = DIRECTION ( 'NONE',  ( 0.000000000000000000, 1.000000000000000000, 0.000000000000000000 ) ) ;
#2721 = ORIENTED_EDGE ( 'NONE', *, *, #5019, .F. ) ;
#2722 = CARTESIAN_POINT ( 'NONE',  ( -1.450000000000004619, 0.000000000000000000, 1.349999999999994982 ) ) ;
#2723 = CARTESIAN_POINT ( 'NONE',  ( 1.149999999999999245, -1.979848480983505743, 0.2500000000000039968 ) ) ;
#2724 = DIRECTION ( 'NONE',  ( -1.000000000000000000, 0.000000000000000000, -3.491481338843133355E-15 ) ) ;
#2725 = AXIS2_PLACEMENT_3D ( 'NONE', #557, #133, #6281 ) ;
#2726 = ORIENTED_EDGE ( 'NONE', *, *, #4376, .F. ) ;
#2727 = CARTESIAN_POINT ( 'NONE',  ( 0.1000000000000000056, 0.5000000000000000000, 3.491481338843133355E-16 ) ) ;
#2728 = FACE_OUTER_BOUND ( 'NONE', #6635, .T. ) ;
#2729 = AXIS2_PLACEMENT_3D ( 'NONE', #6649, #3953, #2801 ) ;
#2730 = VECTOR ( 'NONE', #4868, 1000.000000000000000 ) ;
#2731 = CARTESIAN_POINT ( 'NONE',  ( -1.749999999999999556, 0.5500000000000002665, -0.5500000000000065947 ) ) ;
#2732 = CARTESIAN_POINT ( 'NONE',  ( 1.900000000000001910, 0.000000000000000000, -0.7499999999999933387 ) ) ;
#2733 = LINE ( 'NONE', #1032, #6620 ) ;
#2734 = AXIS2_PLACEMENT_3D ( 'NONE', #4838, #4871, #7056 ) ;
#2735 = VECTOR ( 'NONE', #5813, 1000.000000000000114 ) ;
#2736 = CARTESIAN_POINT ( 'NONE',  ( 0.3499999999999972577, 1.199999999999999956, 0.8124038404635972599 ) ) ;
#2737 = ORIENTED_EDGE ( 'NONE', *, *, #2037, .F. ) ;
#2738 = ORIENTED_EDGE ( 'NONE', *, *, #4017, .F. ) ;
#2739 = ORIENTED_EDGE ( 'NONE', *, *, #5729, .F. ) ;
#2740 = CARTESIAN_POINT ( 'NONE',  ( 0.3499999999999963696, 1.089999999999993641, 1.050000000000001377 ) ) ;
#2741 = FACE_OUTER_BOUND ( 'NONE', #5866, .T. ) ;
#2742 = EDGE_CURVE ( 'NONE', #1184, #1697, #4316, .T. ) ;
#2743 = VECTOR ( 'NONE', #4273, 1000.000000000000000 ) ;
#2744 = EDGE_CURVE ( 'NONE', #6956, #6539, #5418, .T. ) ;
#2745 = AXIS2_PLACEMENT_3D ( 'NONE', #5433, #3858, #519 ) ;
#2746 = VECTOR ( 'NONE', #5572, 1000.000000000000114 ) ;
#2747 = FILL_AREA_STYLE ('',( #4412 ) ) ;
#2748 = CIRCLE ( 'NONE', #3544, 0.8499999999999999778 ) ;
#2749 = EDGE_LOOP ( 'NONE', ( #3750, #6783, #3861, #4223 ) ) ;
#2750 = EDGE_LOOP ( 'NONE', ( #5183, #2298, #3628, #7027 ) ) ;
#2751 = ADVANCED_FACE ( 'NONE', ( #5532 ), #1020, .T. ) ;
#2752 = EDGE_CURVE ( 'NONE', #22, #852, #6574, .T. ) ;
#2753 = LINE ( 'NONE', #1126, #5510 ) ;
#2754 = FACE_OUTER_BOUND ( 'NONE', #1866, .T. ) ;
#2755 = CARTESIAN_POINT ( 'NONE',  ( -1.900000000000001243, 0.000000000000000000, 0.3999999999999940270 ) ) ;
#2756 = LINE ( 'NONE', #4274, #4358 ) ;
#2757 = ORIENTED_EDGE ( 'NONE', *, *, #1078, .T. ) ;
#2758 = DIRECTION ( 'NONE',  ( -1.000000000000000000, 0.000000000000000000, -3.491481338843133355E-15 ) ) ;
#2759 = EDGE_CURVE ( 'NONE', #174, #863, #4939, .T. ) ;
#2760 = DIRECTION ( 'NONE',  ( 0.000000000000000000, 1.000000000000000000, 0.000000000000000000 ) ) ;
#2761 = CARTESIAN_POINT ( 'NONE',  ( 0.1000000000000008243, 1.099999999999999867, -0.2499999999999997224 ) ) ;
#2762 = DIRECTION ( 'NONE',  ( 0.000000000000000000, 1.000000000000000000, 0.000000000000000000 ) ) ;
#2763 = PLANE ( 'NONE',  #870 ) ;
#2764 = ORIENTED_EDGE ( 'NONE', *, *, #2570, .F. ) ;
#2765 = LINE ( 'NONE', #4985, #3523 ) ;
#2766 = FACE_OUTER_BOUND ( 'NONE', #300, .T. ) ;
#2767 = EDGE_CURVE ( 'NONE', #2058, #6771, #6591, .T. ) ;
#2768 = CARTESIAN_POINT ( 'NONE',  ( -1.699999999999998845, 0.1000000000000000056, -0.3500000000000053624 ) ) ;
#2769 = LINE ( 'NONE', #4911, #1456 ) ;
#2770 = CARTESIAN_POINT ( 'NONE',  ( 1.280000000000002247, 0.9224999684985709658, -0.7089465547634461462 ) ) ;
#2771 = DIRECTION ( 'NONE',  ( -1.000000000000000000, 0.000000000000000000, -3.491481338843133355E-15 ) ) ;
#2772 = VERTEX_POINT ( 'NONE', #6073 ) ;
#2773 = CYLINDRICAL_SURFACE ( 'NONE', #1346, 0.9000000000000000222 ) ;
#2774 = ORIENTED_EDGE ( 'NONE', *, *, #705, .F. ) ;
#2775 = EDGE_LOOP ( 'NONE', ( #5832, #4042, #6555, #1113 ) ) ;
#2776 = CARTESIAN_POINT ( 'NONE',  ( 1.631208257448314436, 0.1565263096110023622, -0.3749999999999942268 ) ) ;
#2777 = CYLINDRICAL_SURFACE ( 'NONE', #5663, 0.1599999999999999756 ) ;
#2778 = AXIS2_PLACEMENT_3D ( 'NONE', #3839, #2785, #973 ) ;
#2779 = CARTESIAN_POINT ( 'NONE',  ( 0.1000000000000000056, 0.6000000000000000888, 3.491481338843133355E-16 ) ) ;
#2780 = CARTESIAN_POINT ( 'NONE',  ( -1.199038105676660582, 1.089999999999999192, 0.7499999999999957812 ) ) ;
#2781 = ORIENTED_EDGE ( 'NONE', *, *, #2264, .T. ) ;
#2782 = ORIENTED_EDGE ( 'NONE', *, *, #2759, .T. ) ;
#2783 = CARTESIAN_POINT ( 'NONE',  ( 0.7491781560021123498, 0.6899999999999922862, 1.372827446247165240 ) ) ;
#2784 = FACE_OUTER_BOUND ( 'NONE', #3853, .T. ) ;
#2785 = DIRECTION ( 'NONE',  ( 3.491481338843133355E-15, -0.000000000000000000, -1.000000000000000000 ) ) ;
#2786 = AXIS2_PLACEMENT_3D ( 'NONE', #5860, #6397, #2548 ) ;
#2787 = CIRCLE ( 'NONE', #3584, 0.1599999999999997813 ) ;
#2788 = DIRECTION ( 'NONE',  ( -7.047314121155772510E-15, 1.000000000000000000, -2.460556574298107587E-29 ) ) ;
#2789 = EDGE_CURVE ( 'NONE', #6062, #98, #5491, .T. ) ;
#2790 = ADVANCED_FACE ( 'NONE', ( #1613 ), #1092, .F. ) ;
#2791 = EDGE_CURVE ( 'NONE', #4520, #1555, #546, .T. ) ;
#2792 = CIRCLE ( 'NONE', #6845, 0.8499999999999999778 ) ;
#2793 = ORIENTED_EDGE ( 'NONE', *, *, #2791, .T. ) ;
#2794 = MECHANICAL_DESIGN_GEOMETRIC_PRESENTATION_REPRESENTATION (  '', ( #1057 ), #5002 ) ;
#2795 = CYLINDRICAL_SURFACE ( 'NONE', #5186, 1.000000000000000000 ) ;
#2796 = CARTESIAN_POINT ( 'NONE',  ( -1.900000000000004130, 0.000000000000000000, 1.199999999999993294 ) ) ;
#2797 = CARTESIAN_POINT ( 'NONE',  ( 1.280000000000001137, 1.099999999999999867, -0.3708099243547789969 ) ) ;
#2798 = ORIENTED_EDGE ( 'NONE', *, *, #2426, .F. ) ;
#2799 = VECTOR ( 'NONE', #6144, 1000.000000000000000 ) ;
#2800 = EDGE_CURVE ( 'NONE', #6630, #5241, #6910, .T. ) ;
#2801 = DIRECTION ( 'NONE',  ( -1.000000000000000000, 0.000000000000000000, -3.491481338843133355E-15 ) ) ;
#2802 = DIRECTION ( 'NONE',  ( 3.491481338843133355E-15, 0.000000000000000000, -1.000000000000000000 ) ) ;
#2803 = ORIENTED_EDGE ( 'NONE', *, *, #6907, .T. ) ;
#2804 = DIRECTION ( 'NONE',  ( -3.057800469848931582E-15, 0.000000000000000000, 1.000000000000000000 ) ) ;
#2805 = DIRECTION ( 'NONE',  ( 1.000000000000000000, 0.000000000000000000, 3.614007241618349165E-15 ) ) ;
#2806 = LINE ( 'NONE', #481, #6373 ) ;
#2807 = EDGE_CURVE ( 'NONE', #2546, #4765, #4979, .T. ) ;
#2808 = CARTESIAN_POINT ( 'NONE',  ( -1.900000000000004796, 0.000000000000000000, 1.349999999999993427 ) ) ;
#2809 = ORIENTED_EDGE ( 'NONE', *, *, #1163, .F. ) ;
#2810 = DIRECTION ( 'NONE',  ( -1.000000000000000000, 0.000000000000000000, -3.491481338843133355E-15 ) ) ;
#2811 = CARTESIAN_POINT ( 'NONE',  ( -0.9659547428989363471, 0.5000000000000000000, 1.332883828495627032 ) ) ;
#2812 = DIRECTION ( 'NONE',  ( -1.000000000000000000, 0.000000000000000000, -3.491481338843133355E-15 ) ) ;
#2813 = ORIENTED_EDGE ( 'NONE', *, *, #752, .T. ) ;
#2814 = ORIENTED_EDGE ( 'NONE', *, *, #474, .F. ) ;
#2815 = CARTESIAN_POINT ( 'NONE',  ( 0.09999999999999997780, 1.089999999999994307, 3.491481338843132862E-16 ) ) ;
#2816 = DIRECTION ( 'NONE',  ( 3.491481338843133355E-15, -0.000000000000000000, -1.000000000000000000 ) ) ;
#2817 = DIRECTION ( 'NONE',  ( 1.000000000000000000, 0.000000000000000000, 3.491481338843133355E-15 ) ) ;
#2818 = CARTESIAN_POINT ( 'NONE',  ( 0.8928074844680876643, 0.9569798857620112065, 3.214311586019198500E-15 ) ) ;
#2819 = ORIENTED_EDGE ( 'NONE', *, *, #306, .F. ) ;
#2820 = ORIENTED_EDGE ( 'NONE', *, *, #6969, .T. ) ;
#2821 = VECTOR ( 'NONE', #719, 1000.000000000000000 ) ;
#2822 = CARTESIAN_POINT ( 'NONE',  ( 0.8859590799087918578, 1.065886922963848571, 0.3236793547771090185 ) ) ;
#2823 = EDGE_CURVE ( 'NONE', #1982, #5508, #1137, .T. ) ;
#2824 = EDGE_CURVE ( 'NONE', #1093, #6642, #23, .T. ) ;
#2825 = LINE ( 'NONE', #2923, #3476 ) ;
#2826 = EDGE_CURVE ( 'NONE', #5549, #1556, #4395, .T. ) ;
#2827 = CARTESIAN_POINT ( 'NONE',  ( -1.349999999999997868, 0.9899999999999995470, -0.7500000000000046629 ) ) ;
#2828 = ORIENTED_EDGE ( 'NONE', *, *, #2871, .T. ) ;
#2829 = CIRCLE ( 'NONE', #6878, 0.04999999999999991257 ) ;
#2830 = FACE_OUTER_BOUND ( 'NONE', #417, .T. ) ;
#2831 = DIRECTION ( 'NONE',  ( -1.000000000000000000, 0.000000000000000000, -2.891205793294679017E-15 ) ) ;
#2832 = ORIENTED_EDGE ( 'NONE', *, *, #946, .T. ) ;
#2833 = ORIENTED_EDGE ( 'NONE', *, *, #4425, .F. ) ;
#2834 = PLANE ( 'NONE',  #1109 ) ;
#2835 = ADVANCED_FACE ( 'NONE', ( #3195 ), #6812, .F. ) ;
#2836 = AXIS2_PLACEMENT_3D ( 'NONE', #1792, #2303, #3451 ) ;
#2837 = DIRECTION ( 'NONE',  ( -3.491481338843133355E-15, 0.000000000000000000, 1.000000000000000000 ) ) ;
#2838 = FACE_BOUND ( 'NONE', #325, .T. ) ;
#2839 = VECTOR ( 'NONE', #4671, 1000.000000000000000 ) ;
#2840 = AXIS2_PLACEMENT_3D ( 'NONE', #1386, #948, #4834 ) ;
#2841 = ORIENTED_EDGE ( 'NONE', *, *, #5456, .T. ) ;
#2842 = ORIENTED_EDGE ( 'NONE', *, *, #1200, .T. ) ;
#2843 = DIRECTION ( 'NONE',  ( -1.000000000000000000, 0.000000000000000000, -3.491481338843133355E-15 ) ) ;
#2844 = EDGE_CURVE ( 'NONE', #1482, #959, #6143, .T. ) ;
#2845 = AXIS2_PLACEMENT_3D ( 'NONE', #2715, #4935, #6000 ) ;
#2846 = AXIS2_PLACEMENT_3D ( 'NONE', #1927, #3655, #3031 ) ;
#2847 = DIRECTION ( 'NONE',  ( 3.491481338843133355E-15, 0.000000000000000000, -1.000000000000000000 ) ) ;
#2848 = ORIENTED_EDGE ( 'NONE', *, *, #2062, .T. ) ;
#2849 = VECTOR ( 'NONE', #6327, 1000.000000000000000 ) ;
#2850 = ORIENTED_EDGE ( 'NONE', *, *, #7098, .T. ) ;
#2851 = VECTOR ( 'NONE', #2697, 1000.000000000000000 ) ;
#2852 = DIRECTION ( 'NONE',  ( -1.000000000000000000, 0.000000000000000000, -3.491481338843133355E-15 ) ) ;
#2853 = AXIS2_PLACEMENT_3D ( 'NONE', #4612, #6834, #4069 ) ;
#2854 = CARTESIAN_POINT ( 'NONE',  ( -1.351449120171323903, 0.6000000000000029754, 0.3313493293834428033 ) ) ;
#2855 = ORIENTED_EDGE ( 'NONE', *, *, #6907, .F. ) ;
#2856 = ORIENTED_EDGE ( 'NONE', *, *, #7142, .F. ) ;
#2857 = ORIENTED_EDGE ( 'NONE', *, *, #6632, .T. ) ;
#2858 = CARTESIAN_POINT ( 'NONE',  ( 1.730352743585692910, 0.1695789288330072364, 0.3750000000000052736 ) ) ;
#2859 = DIRECTION ( 'NONE',  ( 1.000000000000000000, 0.000000000000000000, 3.491481338843133355E-15 ) ) ;
#2860 = LINE ( 'NONE', #24, #3374 ) ;
#2861 = DIRECTION ( 'NONE',  ( 3.491481338843133355E-15, 0.000000000000000000, -1.000000000000000000 ) ) ;
#2862 = DIRECTION ( 'NONE',  ( -3.491481338843133750E-15, 0.000000000000000000, 1.000000000000000000 ) ) ;
#2863 = ORIENTED_EDGE ( 'NONE', *, *, #1824, .T. ) ;
#2864 = CARTESIAN_POINT ( 'NONE',  ( 1.600000000000001199, 0.6000000000000000888, -0.3749999999999942824 ) ) ;
#2865 = LINE ( 'NONE', #97, #6445 ) ;
#2866 = EDGE_CURVE ( 'NONE', #6759, #4406, #2323, .T. ) ;
#2867 = ORIENTED_EDGE ( 'NONE', *, *, #580, .F. ) ;
#2868 = CARTESIAN_POINT ( 'NONE',  ( -1.199038105676656141, 0.9899999999999988809, -0.7500000000000035527 ) ) ;
#2869 = EDGE_CURVE ( 'NONE', #4250, #3060, #746, .T. ) ;
#2870 = DIRECTION ( 'NONE',  ( 0.000000000000000000, 1.000000000000000000, 0.000000000000000000 ) ) ;
#2871 = EDGE_CURVE ( 'NONE', #4010, #945, #5652, .T. ) ;
#2872 = EDGE_CURVE ( 'NONE', #1429, #4141, #38, .T. ) ;
#2873 = FACE_OUTER_BOUND ( 'NONE', #1430, .T. ) ;
#2874 = ORIENTED_EDGE ( 'NONE', *, *, #3141, .F. ) ;
#2875 = FACE_OUTER_BOUND ( 'NONE', #6436, .T. ) ;
#2876 = ORIENTED_EDGE ( 'NONE', *, *, #5096, .T. ) ;
#2877 = PLANE ( 'NONE',  #3823 ) ;
#2878 = DIRECTION ( 'NONE',  ( 1.000000000000000000, -3.571489509364014885E-15, 3.491481338843133355E-15 ) ) ;
#2879 = EDGE_CURVE ( 'NONE', #6726, #624, #1819, .T. ) ;
#2880 = VERTEX_POINT ( 'NONE', #3501 ) ;
#2881 = ORIENTED_EDGE ( 'NONE', *, *, #3213, .F. ) ;
#2882 = DIRECTION ( 'NONE',  ( -1.000000000000000000, 0.000000000000000000, -3.491481338843133355E-15 ) ) ;
#2883 = DIRECTION ( 'NONE',  ( -1.000000000000000000, 0.000000000000000000, -3.491481338843133355E-15 ) ) ;
#2884 = ORIENTED_EDGE ( 'NONE', *, *, #4396, .F. ) ;
#2885 = VECTOR ( 'NONE', #5102, 1000.000000000000000 ) ;
#2886 = EDGE_CURVE ( 'NONE', #1198, #3128, #6177, .T. ) ;
#2887 = ORIENTED_EDGE ( 'NONE', *, *, #3805, .F. ) ;
#2888 = ORIENTED_EDGE ( 'NONE', *, *, #3787, .T. ) ;
#2889 = CARTESIAN_POINT ( 'NONE',  ( 0.3499999999999972577, -1.979848480983505743, 0.8124038404635972599 ) ) ;
#2890 = DIRECTION ( 'NONE',  ( 1.000000000000000000, 0.000000000000000000, 3.252606517456511724E-15 ) ) ;
#2891 = AXIS2_PLACEMENT_3D ( 'NONE', #6622, #1030, #1101 ) ;
#2892 = VECTOR ( 'NONE', #4833, 1000.000000000000000 ) ;
#2893 = CARTESIAN_POINT ( 'NONE',  ( -1.119846099012069551, 0.7000000000000046185, -0.9318663323339665405 ) ) ;
#2894 = CARTESIAN_POINT ( 'NONE',  ( -1.300000000000004041, 0.000000000000000000, 1.199999999999995515 ) ) ;
#2895 = ORIENTED_EDGE ( 'NONE', *, *, #193, .T. ) ;
#2896 = CARTESIAN_POINT ( 'NONE',  ( -1.899999999999995248, 0.000000000000000000, -1.350000000000006750 ) ) ;
#2897 = CARTESIAN_POINT ( 'NONE',  ( -1.700245513687535182, 0.6000000000000005329, -1.200000000000005951 ) ) ;
#2898 = VECTOR ( 'NONE', #4639, 1000.000000000000000 ) ;
#2899 = ORIENTED_EDGE ( 'NONE', *, *, #2475, .T. ) ;
#2900 = ORIENTED_EDGE ( 'NONE', *, *, #1261, .T. ) ;
#2901 = DIRECTION ( 'NONE',  ( -4.069722497502068528E-15, 0.000000000000000000, 1.000000000000000000 ) ) ;
#2902 = FACE_OUTER_BOUND ( 'NONE', #660, .T. ) ;
#2903 = DIRECTION ( 'NONE',  ( 0.000000000000000000, 0.000000000000000000, -1.000000000000000000 ) ) ;
#2904 = ORIENTED_EDGE ( 'NONE', *, *, #694, .F. ) ;
#2905 = DIRECTION ( 'NONE',  ( -3.491481338843133355E-15, 0.000000000000000000, 1.000000000000000000 ) ) ;
#2906 = EDGE_CURVE ( 'NONE', #1696, #865, #3403, .T. ) ;
#2907 = DIRECTION ( 'NONE',  ( 0.000000000000000000, -1.000000000000000000, 0.000000000000000000 ) ) ;
#2908 = EDGE_CURVE ( 'NONE', #4988, #1188, #682, .T. ) ;
#2909 = EDGE_CURVE ( 'NONE', #6759, #2017, #4012, .T. ) ;
#2910 = DIRECTION ( 'NONE',  ( 0.000000000000000000, 1.000000000000000000, 0.000000000000000000 ) ) ;
#2911 = EDGE_CURVE ( 'NONE', #2664, #132, #1268, .T. ) ;
#2912 = ORIENTED_EDGE ( 'NONE', *, *, #88, .T. ) ;
#2913 = FACE_OUTER_BOUND ( 'NONE', #4835, .T. ) ;
#2914 = EDGE_CURVE ( 'NONE', #6033, #470, #3047, .T. ) ;
#2915 = CARTESIAN_POINT ( 'NONE',  ( -0.9499999999999994005, 1.089999999999998304, -0.2500000000000031641 ) ) ;
#2916 = VERTEX_POINT ( 'NONE', #4186 ) ;
#2917 = ORIENTED_EDGE ( 'NONE', *, *, #4, .T. ) ;
#2918 = EDGE_LOOP ( 'NONE', ( #5823, #1426, #3095, #2477 ) ) ;
#2919 = CARTESIAN_POINT ( 'NONE',  ( -1.449999999999995071, 0.1000000000000000056, -1.350000000000004974 ) ) ;
#2920 = CARTESIAN_POINT ( 'NONE',  ( 0.09999999999999999167, 0.9899999999999926636, 3.491481338843133355E-16 ) ) ;
#2921 = DIRECTION ( 'NONE',  ( 1.000000000000000000, -0.000000000000000000, 3.491481338843133355E-15 ) ) ;
#2922 = ADVANCED_FACE ( 'NONE', ( #6408 ), #1881, .F. ) ;
#2923 = CARTESIAN_POINT ( 'NONE',  ( -1.613954739249935599, 0.7000000000000011768, 0.3313493293834419151 ) ) ;
#2924 = FACE_OUTER_BOUND ( 'NONE', #5499, .T. ) ;
#2925 = ORIENTED_EDGE ( 'NONE', *, *, #1790, .F. ) ;
#2926 = FACE_OUTER_BOUND ( 'NONE', #1816, .T. ) ;
#2927 = ORIENTED_EDGE ( 'NONE', *, *, #3483, .T. ) ;
#2928 = ORIENTED_EDGE ( 'NONE', *, *, #1619, .F. ) ;
#2929 = DIRECTION ( 'NONE',  ( -1.000000000000000000, 0.000000000000000000, -3.491481338843133355E-15 ) ) ;
#2930 = FACE_OUTER_BOUND ( 'NONE', #438, .T. ) ;
#2931 = AXIS2_PLACEMENT_3D ( 'NONE', #4660, #2492, #1337 ) ;
#2932 = CARTESIAN_POINT ( 'NONE',  ( 0.09999999999999999167, 0.1000000000000000056, 3.491481338843133355E-16 ) ) ;
#2933 = CARTESIAN_POINT ( 'NONE',  ( 0.1000000000000000056, -0.3942926941623180470, 3.491481338843133355E-16 ) ) ;
#2934 = VERTEX_POINT ( 'NONE', #3610 ) ;
#2935 = ORIENTED_EDGE ( 'NONE', *, *, #6038, .T. ) ;
#2936 = VECTOR ( 'NONE', #2356, 1000.000000000000000 ) ;
#2937 = CARTESIAN_POINT ( 'NONE',  ( -1.100000000000003642, 0.1000000000000000056, 1.099999999999996758 ) ) ;
#2938 = CARTESIAN_POINT ( 'NONE',  ( -0.9659547428989363471, 0.5000000000000000000, 1.332883828495627032 ) ) ;
#2939 = DIRECTION ( 'NONE',  ( 0.000000000000000000, 1.000000000000000000, 0.000000000000000000 ) ) ;
#2940 = CIRCLE ( 'NONE', #6315, 0.04999999999999991257 ) ;
#2941 = VECTOR ( 'NONE', #149, 1000.000000000000000 ) ;
#2942 = CARTESIAN_POINT ( 'NONE',  ( -1.900000000000001243, 0.1000000000000000056, 0.3999999999999940270 ) ) ;
#2943 = LINE ( 'NONE', #3526, #3545 ) ;
#2944 = VERTEX_POINT ( 'NONE', #4080 ) ;
#2945 = EDGE_CURVE ( 'NONE', #640, #1573, #4776, .T. ) ;
#2946 = ORIENTED_EDGE ( 'NONE', *, *, #1163, .T. ) ;
#2947 = EDGE_CURVE ( 'NONE', #6017, #6539, #5332, .T. ) ;
#2948 = AXIS2_PLACEMENT_3D ( 'NONE', #4094, #2440, #1315 ) ;
#2949 = DIRECTION ( 'NONE',  ( -3.491481338843133355E-15, -0.000000000000000000, 1.000000000000000000 ) ) ;
#2950 = VECTOR ( 'NONE', #6094, 1000.000000000000000 ) ;
#2951 = DIRECTION ( 'NONE',  ( -7.047314121155773299E-15, 1.000000000000000000, -2.460556574298107867E-29 ) ) ;
#2952 = DIRECTION ( 'NONE',  ( 1.000000000000000000, -3.469446951953615372E-15, 3.491481338843133355E-15 ) ) ;
#2953 = ORIENTED_EDGE ( 'NONE', *, *, #431, .F. ) ;
#2954 = AXIS2_PLACEMENT_3D ( 'NONE', #5616, #623, #2831 ) ;
#2955 = VECTOR ( 'NONE', #3221, 1000.000000000000000 ) ;
#2956 = CARTESIAN_POINT ( 'NONE',  ( -1.749999999999994893, 0.6000000000000000888, -1.500000000000005773 ) ) ;
#2957 = EDGE_CURVE ( 'NONE', #3957, #932, #2490, .T. ) ;
#2958 = ORIENTED_EDGE ( 'NONE', *, *, #881, .T. ) ;
#2959 = EDGE_CURVE ( 'NONE', #239, #1002, #6415, .T. ) ;
#2960 = DIRECTION ( 'NONE',  ( 3.491481338843133355E-15, 0.000000000000000000, -1.000000000000000000 ) ) ;
#2961 = CARTESIAN_POINT ( 'NONE',  ( -0.1500000000000027978, 1.099999999999999645, 0.8124038404635953725 ) ) ;
#2962 = CARTESIAN_POINT ( 'NONE',  ( 0.7491781560021123498, 1.089999999999992308, 1.352245436956507785 ) ) ;
#2963 = AXIS2_PLACEMENT_3D ( 'NONE', #6761, #1802, #2878 ) ;
#2964 = DIRECTION ( 'NONE',  ( 1.000000000000000000, 0.000000000000000000, 3.260800025548344758E-15 ) ) ;
#2965 = DIRECTION ( 'NONE',  ( 0.000000000000000000, 1.000000000000000000, 0.000000000000000000 ) ) ;
#2966 = ORIENTED_EDGE ( 'NONE', *, *, #5010, .T. ) ;
#2967 = ADVANCED_FACE ( 'NONE', ( #3142 ), #6448, .T. ) ;
#2968 = ORIENTED_EDGE ( 'NONE', *, *, #4513, .F. ) ;
#2969 = CARTESIAN_POINT ( 'NONE',  ( -1.899999999999995914, 0.09999999999999985290, -1.200000000000006839 ) ) ;
#2970 = DIRECTION ( 'NONE',  ( 0.000000000000000000, 0.000000000000000000, -1.000000000000000000 ) ) ;
#2971 = DIRECTION ( 'NONE',  ( 1.000000000000000000, 0.000000000000000000, 2.891205793294683355E-15 ) ) ;
#2972 = CARTESIAN_POINT ( 'NONE',  ( -1.900000000000001910, 0.000000000000000000, 0.5499999999999941602 ) ) ;
#2973 = FACE_OUTER_BOUND ( 'NONE', #3593, .T. ) ;
#2974 = B_SPLINE_CURVE_WITH_KNOTS ( 'NONE', 3,
 ( #6470, #804, #1972, #3161 ),
 .UNSPECIFIED., .F., .F.,
 ( 4, 4 ),
 ( 0.000000000000000000, 0.0001174371466471526535 ),
 .UNSPECIFIED. ) ;
#2975 = EDGE_CURVE ( 'NONE', #7108, #2339, #2422, .T. ) ;
#2976 = ORIENTED_EDGE ( 'NONE', *, *, #4240, .F. ) ;
#2977 = ORIENTED_EDGE ( 'NONE', *, *, #5908, .T. ) ;
#2978 = DIRECTION ( 'NONE',  ( -3.491481338843133355E-15, 0.000000000000000000, 1.000000000000000000 ) ) ;
#2979 = FACE_OUTER_BOUND ( 'NONE', #5416, .T. ) ;
#2980 = CARTESIAN_POINT ( 'NONE',  ( 0.9457731086634567630, 0.1000000000000000056, -0.3070147898133150921 ) ) ;
#2981 = CARTESIAN_POINT ( 'NONE',  ( 1.581636014379623978, 0.09999999999999996392, -0.3749999999999943934 ) ) ;
#2982 = ORIENTED_EDGE ( 'NONE', *, *, #6921, .F. ) ;
#2983 = CARTESIAN_POINT ( 'NONE',  ( -1.750000000000003997, 0.6000000000000005329, 0.5499999999999944933 ) ) ;
#2984 = EDGE_LOOP ( 'NONE', ( #5180, #6740, #290, #2904 ) ) ;
#2985 = EDGE_CURVE ( 'NONE', #1507, #6425, #2753, .T. ) ;
#2986 = ORIENTED_EDGE ( 'NONE', *, *, #6335, .T. ) ;
#2987 = CARTESIAN_POINT ( 'NONE',  ( 0.7971886874459754857, 1.089999999999992308, 1.329196819139348396 ) ) ;
#2988 = DIRECTION ( 'NONE',  ( 3.491481338843133355E-15, 0.000000000000000000, -1.000000000000000000 ) ) ;
#2989 = CARTESIAN_POINT ( 'NONE',  ( -1.700245513687537846, 0.6000000000000005329, -0.4176401038210587058 ) ) ;
#2990 = EDGE_CURVE ( 'NONE', #1161, #5613, #2068, .T. ) ;
#2991 = VECTOR ( 'NONE', #681, 1000.000000000000000 ) ;
#2992 = EDGE_CURVE ( 'NONE', #1334, #4278, #454, .T. ) ;
#2993 = DIRECTION ( 'NONE',  ( -3.491481338843133355E-15, 0.000000000000000000, 1.000000000000000000 ) ) ;
#2994 = ORIENTED_EDGE ( 'NONE', *, *, #7057, .F. ) ;
#2995 = EDGE_CURVE ( 'NONE', #587, #2124, #2210, .T. ) ;
#2996 = ORIENTED_EDGE ( 'NONE', *, *, #4063, .T. ) ;
#2997 = LINE ( 'NONE', #2434, #3301 ) ;
#2998 =( LENGTH_UNIT ( ) NAMED_UNIT ( * ) SI_UNIT ( .MILLI., .METRE. ) );
#2999 = ORIENTED_EDGE ( 'NONE', *, *, #4634, .F. ) ;
#3000 = DIRECTION ( 'NONE',  ( 0.000000000000000000, 1.000000000000000000, 0.000000000000000000 ) ) ;
#3001 = FACE_OUTER_BOUND ( 'NONE', #66, .T. ) ;
#3002 = EDGE_CURVE ( 'NONE', #1715, #3399, #7109, .T. ) ;
#3003 = LINE ( 'NONE', #6938, #4348 ) ;
#3004 = CIRCLE ( 'NONE', #1398, 0.3298266868594177392 ) ;
#3005 = AXIS2_PLACEMENT_3D ( 'NONE', #2450, #894, #848 ) ;
#3006 = CARTESIAN_POINT ( 'NONE',  ( 0.7491781560021145703, 0.9899999999999897771, 0.7606363926145626175 ) ) ;
#3007 = LINE ( 'NONE', #5385, #1341 ) ;
#3008 = ORIENTED_EDGE ( 'NONE', *, *, #2957, .T. ) ;
#3009 = VERTEX_POINT ( 'NONE', #1667 ) ;
#3010 = CARTESIAN_POINT ( 'NONE',  ( 1.849999999999998535, 0.6000000000000000888, 0.3750000000000064948 ) ) ;
#3011 = VECTOR ( 'NONE', #4046, 1000.000000000000000 ) ;
#3012 = DIRECTION ( 'NONE',  ( -7.047314121155773299E-15, 1.000000000000000000, -2.460556574298107867E-29 ) ) ;
#3013 = LINE ( 'NONE', #672, #652 ) ;
#3014 = ADVANCED_FACE ( 'NONE', ( #4379 ), #3293, .F. ) ;
#3015 = FACE_OUTER_BOUND ( 'NONE', #1203, .T. ) ;
#3016 = AXIS2_PLACEMENT_3D ( 'NONE', #6432, #2622, #1973 ) ;
#3017 = VERTEX_POINT ( 'NONE', #5519 ) ;
#3018 = EDGE_LOOP ( 'NONE', ( #4073, #4635, #523, #4839 ) ) ;
#3019 = VERTEX_POINT ( 'NONE', #6485 ) ;
#3020 = LINE ( 'NONE', #3533, #1758 ) ;
#3021 = DIRECTION ( 'NONE',  ( 3.491481338843133355E-15, 0.000000000000000000, -1.000000000000000000 ) ) ;
#3022 = ORIENTED_EDGE ( 'NONE', *, *, #575, .F. ) ;
#3023 = DIRECTION ( 'NONE',  ( -1.000000000000000000, 0.000000000000000000, -3.491481338843133355E-15 ) ) ;
#3024 = ORIENTED_EDGE ( 'NONE', *, *, #1069, .T. ) ;
#3025 = VERTEX_POINT ( 'NONE', #3802 ) ;
#3026 = FACE_OUTER_BOUND ( 'NONE', #3311, .T. ) ;
#3027 = CARTESIAN_POINT ( 'NONE',  ( -1.350000000000002309, 1.199999999999999956, 0.7499999999999953371 ) ) ;
#3028 = PLANE ( 'NONE',  #6846 ) ;
#3029 = LINE ( 'NONE', #1453, #6729 ) ;
#3030 = LINE ( 'NONE', #5254, #283 ) ;
#3031 = DIRECTION ( 'NONE',  ( 1.000000000000000000, 0.000000000000000000, 3.491481338843132961E-15 ) ) ;
#3032 = ADVANCED_FACE ( 'NONE', ( #1044 ), #2708, .F. ) ;
#3033 = CARTESIAN_POINT ( 'NONE',  ( 1.100000000000000089, 0.8815849146426568694, 3.840629472727446691E-15 ) ) ;
#3034 = DIRECTION ( 'NONE',  ( 1.000000000000000000, -4.207103668092284950E-16, 3.491481338843133355E-15 ) ) ;
#3035 = ORIENTED_EDGE ( 'NONE', *, *, #6249, .T. ) ;
#3036 = PLANE ( 'NONE',  #2097 ) ;
#3037 = LINE ( 'NONE', #3116, #6958 ) ;
#3038 = EDGE_CURVE ( 'NONE', #6476, #4176, #4817, .T. ) ;
#3039 = CARTESIAN_POINT ( 'NONE',  ( 0.9124038404635967936, 1.056263979040565459, -0.2499999999999968081 ) ) ;
#3040 = LINE ( 'NONE', #5309, #6552 ) ;
#3041 = B_SPLINE_CURVE_WITH_KNOTS ( 'NONE', 3,
 ( #3006, #275, #5231, #1387 ),
 .UNSPECIFIED., .F., .F.,
 ( 4, 4 ),
 ( 0.000000000000000000, 0.0001452347372680693480 ),
 .UNSPECIFIED. ) ;
#3042 = ORIENTED_EDGE ( 'NONE', *, *, #3822, .F. ) ;
#3043 = ORIENTED_EDGE ( 'NONE', *, *, #1216, .F. ) ;
#3044 = EDGE_CURVE ( 'NONE', #5703, #4556, #5730, .T. ) ;
#3045 = DIRECTION ( 'NONE',  ( 1.000000000000000000, -3.502807018799322109E-15, 3.263320628122684032E-15 ) ) ;
#3046 = CARTESIAN_POINT ( 'NONE',  ( 1.150000000000001021, 1.099999999999999645, -0.2499999999999960032 ) ) ;
#3047 = CIRCLE ( 'NONE', #735, 0.8499999999999998668 ) ;
#3048 = DIRECTION ( 'NONE',  ( -1.000000000000000000, 0.000000000000000000, -3.491481338843133355E-15 ) ) ;
#3049 = DIRECTION ( 'NONE',  ( -3.293151673144565596E-15, 0.000000000000000000, 1.000000000000000000 ) ) ;
#3050 = CARTESIAN_POINT ( 'NONE',  ( 0.8414888131944521232, 0.9756541594375178761, 0.3643473851386905271 ) ) ;
#3051 = VECTOR ( 'NONE', #2459, 1000.000000000000000 ) ;
#3052 = ORIENTED_EDGE ( 'NONE', *, *, #3974, .F. ) ;
#3053 = ORIENTED_EDGE ( 'NONE', *, *, #5245, .F. ) ;
#3054 = EDGE_LOOP ( 'NONE', ( #1059, #818, #790, #7193, #4845, #355, #4806, #5965, #5877, #4507, #2571, #1798, #4481, #6763, #326, #2645, #339, #2000, #6651, #2876 ) ) ;
#3055 = EDGE_CURVE ( 'NONE', #2391, #5530, #5563, .T. ) ;
#3056 = LINE ( 'NONE', #1523, #1632 ) ;
#3057 = CARTESIAN_POINT ( 'NONE',  ( -1.750000000000001554, 0.6000000000000000888, 0.3999999999999944156 ) ) ;
#3058 = CARTESIAN_POINT ( 'NONE',  ( 0.09999999999999650835, 0.6000000000000000888, 1.000000000000000444 ) ) ;
#3059 = AXIS2_PLACEMENT_3D ( 'NONE', #692, #5681, #1859 ) ;
#3060 = VERTEX_POINT ( 'NONE', #6806 ) ;
#3061 = PLANE ( 'NONE',  #2031 ) ;
#3062 = EDGE_LOOP ( 'NONE', ( #3242, #726, #6322, #966 ) ) ;
#3063 = AXIS2_PLACEMENT_3D ( 'NONE', #559, #2309, #6723 ) ;
#3064 = ORIENTED_EDGE ( 'NONE', *, *, #6752, .F. ) ;
#3065 = VECTOR ( 'NONE', #1140, 1000.000000000000000 ) ;
#3066 = DIRECTION ( 'NONE',  ( 1.000000000000000000, 0.000000000000000000, 4.065758146820642416E-15 ) ) ;
#3067 = CARTESIAN_POINT ( 'NONE',  ( 0.8517638489321194273, 0.9719151922228845830, 1.298018149117632802 ) ) ;
#3068 = LINE ( 'NONE', #3689, #4752 ) ;
#3069 = DIRECTION ( 'NONE',  ( -1.000000000000000000, -6.903093815419526508E-15, -3.615906284267370577E-15 ) ) ;
#3070 = AXIS2_PLACEMENT_3D ( 'NONE', #4986, #3784, #6012 ) ;
#3071 = VECTOR ( 'NONE', #6104, 1000.000000000000000 ) ;
#3072 = FILL_AREA_STYLE_COLOUR ( '', #5989 ) ;
#3073 = ORIENTED_EDGE ( 'NONE', *, *, #4436, .T. ) ;
#3074 = CIRCLE ( 'NONE', #3786, 1.332883828495627032 ) ;
#3075 = CARTESIAN_POINT ( 'NONE',  ( -1.400000000000005462, 0.6000000000000026423, 1.199999999999995071 ) ) ;
#3076 = DIRECTION ( 'NONE',  ( 0.000000000000000000, -1.000000000000000000, 0.000000000000000000 ) ) ;
#3077 = VECTOR ( 'NONE', #3824, 1000.000000000000000 ) ;
#3078 = VERTEX_POINT ( 'NONE', #1841 ) ;
#3079 = CARTESIAN_POINT ( 'NONE',  ( -1.299999999999997602, 0.1000000000000000056, -0.7000000000000051736 ) ) ;
#3080 = VERTEX_POINT ( 'NONE', #712 ) ;
#3081 = EDGE_CURVE ( 'NONE', #1628, #5675, #6765, .T. ) ;
#3082 = DIRECTION ( 'NONE',  ( 3.491481338843133750E-15, -0.000000000000000000, -1.000000000000000000 ) ) ;
#3083 = ORIENTED_EDGE ( 'NONE', *, *, #834, .T. ) ;
#3084 = ORIENTED_EDGE ( 'NONE', *, *, #2174, .F. ) ;
#3085 = LINE ( 'NONE', #281, #3934 ) ;
#3086 = CARTESIAN_POINT ( 'NONE',  ( 0.1000000000000000056, 1.089999999999992308, 3.491481338843133355E-16 ) ) ;
#3087 = FACE_OUTER_BOUND ( 'NONE', #4666, .T. ) ;
#3088 = EDGE_CURVE ( 'NONE', #6228, #1759, #642, .T. ) ;
#3089 = EDGE_CURVE ( 'NONE', #1804, #5867, #1809, .T. ) ;
#3090 = CARTESIAN_POINT ( 'NONE',  ( -3.523657060577974213E-15, 0.6000000000000125233, -1.230278287149084482E-29 ) ) ;
#3091 =( BOUNDED_CURVE ( )  B_SPLINE_CURVE ( 3, ( #534, #1045, #933, #971 ),
 .UNSPECIFIED., .F., .F. ) 
 B_SPLINE_CURVE_WITH_KNOTS ( ( 4, 4 ),
 ( 5.237346100576149688, 5.617780072343139253 ),
 .UNSPECIFIED. ) 
 CURVE ( )  GEOMETRIC_REPRESENTATION_ITEM ( )  RATIONAL_B_SPLINE_CURVE ( ( 1.000000000000000000, 0.9879754881904126984, 0.9879754881904126984, 1.000000000000000000 ) ) 
 REPRESENTATION_ITEM ( '' )  );
#3092 = CARTESIAN_POINT ( 'NONE',  ( 0.8288603750037641937, 0.9797109568345583330, 0.4036914941686536862 ) ) ;
#3093 = ORIENTED_EDGE ( 'NONE', *, *, #2975, .T. ) ;
#3094 = EDGE_LOOP ( 'NONE', ( #709, #6262, #1769, #2018 ) ) ;
#3095 = ORIENTED_EDGE ( 'NONE', *, *, #6912, .F. ) ;
#3096 = FACE_OUTER_BOUND ( 'NONE', #2984, .T. ) ;
#3097 = DIRECTION ( 'NONE',  ( 3.263320628122684032E-15, 0.000000000000000000, -1.000000000000000000 ) ) ;
#3098 = DIRECTION ( 'NONE',  ( 0.000000000000000000, 0.000000000000000000, 1.000000000000000000 ) ) ;
#3099 = DIRECTION ( 'NONE',  ( 0.000000000000000000, 0.000000000000000000, 1.000000000000000000 ) ) ;
#3100 = UNCERTAINTY_MEASURE_WITH_UNIT (LENGTH_MEASURE( 1.000000000000000082E-05 ), #1995, 'distance_accuracy_value', 'NONE');
#3101 = EDGE_CURVE ( 'NONE', #4764, #14, #5005, .T. ) ;
#3102 = EDGE_LOOP ( 'NONE', ( #7017, #2511, #2706, #5552 ) ) ;
#3103 = VERTEX_POINT ( 'NONE', #609 ) ;
#3104 = ORIENTED_EDGE ( 'NONE', *, *, #4464, .F. ) ;
#3105 = CARTESIAN_POINT ( 'NONE',  ( 1.900000000000001910, 0.000000000000000000, -0.7499999999999933387 ) ) ;
#3106 = FACE_OUTER_BOUND ( 'NONE', #6818, .T. ) ;
#3107 = LINE ( 'NONE', #191, #6999 ) ;
#3108 = CARTESIAN_POINT ( 'NONE',  ( 2.651948791580639661E-15, 1.089999999999994751, 0.2499999999999999445 ) ) ;
#3109 = LINE ( 'NONE', #2989, #107 ) ;
#3110 = PLANE ( 'NONE',  #4950 ) ;
#3111 = CARTESIAN_POINT ( 'NONE',  ( 1.280000000000003135, 0.8160849868743065283, -0.9260669522232131134 ) ) ;
#3112 = ORIENTED_EDGE ( 'NONE', *, *, #5456, .F. ) ;
#3113 = DIRECTION ( 'NONE',  ( 0.7071067811865451302, 5.494129211611367658E-15, 0.7071067811865500152 ) ) ;
#3114 = CARTESIAN_POINT ( 'NONE',  ( 0.1000000000000000056, -1.979848480983505743, 3.491481338843133355E-16 ) ) ;
#3115 = ORIENTED_EDGE ( 'NONE', *, *, #6040, .T. ) ;
#3116 = CARTESIAN_POINT ( 'NONE',  ( -1.899999999999995248, 0.1000000000000000056, -1.350000000000006750 ) ) ;
#3117 = PLANE ( 'NONE',  #1335 ) ;
#3118 = ORIENTED_EDGE ( 'NONE', *, *, #4872, .T. ) ;
#3119 = PLANE ( 'NONE',  #6788 ) ;
#3120 = VECTOR ( 'NONE', #5322, 1000.000000000000000 ) ;
#3121 = ORIENTED_EDGE ( 'NONE', *, *, #3631, .T. ) ;
#3122 = ORIENTED_EDGE ( 'NONE', *, *, #752, .F. ) ;
#3123 = CARTESIAN_POINT ( 'NONE',  ( -1.351449120171324569, 0.7000000000000030642, 0.3313493293834428033 ) ) ;
#3124 = DIRECTION ( 'NONE',  ( 0.000000000000000000, 1.000000000000000000, 0.000000000000000000 ) ) ;
#3125 = CARTESIAN_POINT ( 'NONE',  ( -1.300000000000003819, 0.000000000000000000, 1.099999999999996092 ) ) ;
#3126 = VECTOR ( 'NONE', #6506, 1000.000000000000000 ) ;
#3127 = LINE ( 'NONE', #5356, #284 ) ;
#3128 = VERTEX_POINT ( 'NONE', #16 ) ;
#3129 = VECTOR ( 'NONE', #392, 1000.000000000000000 ) ;
#3130 = ORIENTED_EDGE ( 'NONE', *, *, #2695, .F. ) ;
#3131 = ORIENTED_EDGE ( 'NONE', *, *, #234, .T. ) ;
#3132 = AXIS2_PLACEMENT_3D ( 'NONE', #4688, #5834, #2521 ) ;
#3133 = DIRECTION ( 'NONE',  ( 3.469446951953614978E-15, -1.000000000000000000, 1.211350928885223548E-29 ) ) ;
#3134 = EDGE_CURVE ( 'NONE', #759, #5070, #5038, .T. ) ;
#3135 = EDGE_CURVE ( 'NONE', #3459, #846, #5630, .T. ) ;
#3136 =( NAMED_UNIT ( * ) SI_UNIT ( $, .STERADIAN. ) SOLID_ANGLE_UNIT ( ) );
#3137 = EDGE_CURVE ( 'NONE', #3835, #373, #677, .T. ) ;
#3138 = CIRCLE ( 'NONE', #6056, 0.3999999999999999667 ) ;
#3139 =( BOUNDED_CURVE ( )  B_SPLINE_CURVE ( 3, ( #3452, #1889, #3511, #6755 ),
 .UNSPECIFIED., .F., .F. ) 
 B_SPLINE_CURVE_WITH_KNOTS ( ( 4, 4 ),
 ( 5.563121795402182101, 6.283185307179586232 ),
 .UNSPECIFIED. ) 
 CURVE ( )  GEOMETRIC_REPRESENTATION_ITEM ( )  RATIONAL_B_SPLINE_CURVE ( ( 1.000000000000000000, 0.9572570909497972735, 0.9572570909497972735, 1.000000000000000000 ) ) 
 REPRESENTATION_ITEM ( '' )  );
#3140 = ORIENTED_EDGE ( 'NONE', *, *, #5811, .F. ) ;
#3141 = EDGE_CURVE ( 'NONE', #863, #4430, #1707, .T. ) ;
#3142 = FACE_OUTER_BOUND ( 'NONE', #6468, .T. ) ;
#3143 = CARTESIAN_POINT ( 'NONE',  ( 1.900000000000001910, 0.000000000000000000, -0.7499999999999933387 ) ) ;
#3144 = CARTESIAN_POINT ( 'NONE',  ( 0.5974937185533071293, 0.000000000000000000, 0.7500000000000021094 ) ) ;
#3145 = CARTESIAN_POINT ( 'NONE',  ( -1.900000000000004130, 0.09999999999999985290, 1.199999999999993294 ) ) ;
#3146 = CARTESIAN_POINT ( 'NONE',  ( -1.602568033750411791, 0.6000000000000011990, 1.332883828495615930 ) ) ;
#3147 = PLANE ( 'NONE',  #4238 ) ;
#3148 = PLANE ( 'NONE',  #6442 ) ;
#3149 = ORIENTED_EDGE ( 'NONE', *, *, #1416, .T. ) ;
#3150 = LINE ( 'NONE', #5490, #2717 ) ;
#3151 = ADVANCED_FACE ( 'NONE', ( #2246 ), #4038, .T. ) ;
#3152 = SURFACE_STYLE_USAGE ( .BOTH. , #6973 ) ;
#3153 = ORIENTED_EDGE ( 'NONE', *, *, #4652, .T. ) ;
#3154 = LINE ( 'NONE', #6936, #2898 ) ;
#3155 = CYLINDRICAL_SURFACE ( 'NONE', #338, 1.000000000000000000 ) ;
#3156 = LINE ( 'NONE', #5382, #1228 ) ;
#3157 = ORIENTED_EDGE ( 'NONE', *, *, #4920, .F. ) ;
#3158 = PLANE ( 'NONE',  #2376 ) ;
#3159 = PLANE ( 'NONE',  #7149 ) ;
#3160 = ORIENTED_EDGE ( 'NONE', *, *, #5848, .F. ) ;
#3161 = CARTESIAN_POINT ( 'NONE',  ( 0.7491781560021218977, 0.9899999999999922196, -1.352245436956502678 ) ) ;
#3162 = CARTESIAN_POINT ( 'NONE',  ( -1.100000000000003197, 0.000000000000000000, 0.8499999999999967581 ) ) ;
#3163 = LINE ( 'NONE', #5391, #221 ) ;
#3164 = FACE_OUTER_BOUND ( 'NONE', #1504, .T. ) ;
#3165 = ORIENTED_EDGE ( 'NONE', *, *, #4340, .T. ) ;
#3166 = ORIENTED_EDGE ( 'NONE', *, *, #2616, .F. ) ;
#3167 = EDGE_LOOP ( 'NONE', ( #5128, #1260, #4538, #1266 ) ) ;
#3168 = AXIS2_PLACEMENT_3D ( 'NONE', #6064, #4341, #6562 ) ;
#3169 = DIRECTION ( 'NONE',  ( -1.000000000000000000, 4.207103668092286430E-16, -1.323076993872120937E-15 ) ) ;
#3170 = FACE_OUTER_BOUND ( 'NONE', #4731, .T. ) ;
#3171 = UNCERTAINTY_MEASURE_WITH_UNIT (LENGTH_MEASURE( 1.000000000000000082E-05 ), #1562, 'distance_accuracy_value', 'NONE');
#3172 = VECTOR ( 'NONE', #3113, 1000.000000000000114 ) ;
#3173 = SURFACE_SIDE_STYLE ('',( #4964 ) ) ;
#3174 = ORIENTED_EDGE ( 'NONE', *, *, #6980, .T. ) ;
#3175 = ADVANCED_FACE ( 'NONE', ( #1297 ), #6235, .F. ) ;
#3176 = CARTESIAN_POINT ( 'NONE',  ( -0.9942264973080950918, 0.9899999999999926636, -1.000000000000003553 ) ) ;
#3177 = ADVANCED_FACE ( 'NONE', ( #572 ), #4449, .T. ) ;
#3178 = ORIENTED_EDGE ( 'NONE', *, *, #5064, .T. ) ;
#3179 = ORIENTED_EDGE ( 'NONE', *, *, #4465, .F. ) ;
#3180 = CARTESIAN_POINT ( 'NONE',  ( -0.9659547428989363471, 0.5000000000000000000, 1.332883828495627032 ) ) ;
#3181 = CIRCLE ( 'NONE', #46, 0.1499999999999999667 ) ;
#3182 = FACE_OUTER_BOUND ( 'NONE', #6764, .T. ) ;
#3183 = DIRECTION ( 'NONE',  ( 0.000000000000000000, 1.000000000000000000, 0.000000000000000000 ) ) ;
#3184 = CARTESIAN_POINT ( 'NONE',  ( -1.749999999999996225, 0.1499999999999996891, -1.200000000000006173 ) ) ;
#3185 = CARTESIAN_POINT ( 'NONE',  ( 0.3499999999999999778, 0.000000000000000000, 1.252634638573780461E-15 ) ) ;
#3186 = LINE ( 'NONE', #2714, #4234 ) ;
#3187 = ADVANCED_FACE ( 'NONE', ( #1776 ), #3968, .F. ) ;
#3188 = VECTOR ( 'NONE', #2259, 1000.000000000000000 ) ;
#3189 = ADVANCED_FACE ( 'NONE', ( #7087 ), #4981, .T. ) ;
#3190 = AXIS2_PLACEMENT_3D ( 'NONE', #3950, #3379, #4597 ) ;
#3191 = CARTESIAN_POINT ( 'NONE',  ( -1.351449120171322349, 0.7000000000000030642, -0.3313493293834522402 ) ) ;
#3192 = DIRECTION ( 'NONE',  ( 0.000000000000000000, -1.000000000000000000, 0.000000000000000000 ) ) ;
#3193 = VERTEX_POINT ( 'NONE', #4319 ) ;
#3194 = CARTESIAN_POINT ( 'NONE',  ( -1.199038105676655697, 1.089999999999998970, -0.7500000000000035527 ) ) ;
#3195 = FACE_OUTER_BOUND ( 'NONE', #6974, .T. ) ;
#3196 = ORIENTED_EDGE ( 'NONE', *, *, #3550, .F. ) ;
#3197 = CARTESIAN_POINT ( 'NONE',  ( 0.000000000000000000, 0.8899999999999925748, -0.1000000000000000056 ) ) ;
#3198 = DIRECTION ( 'NONE',  ( -1.000000000000000000, 0.000000000000000000, -3.491481338843132961E-15 ) ) ;
#3199 = VECTOR ( 'NONE', #4599, 1000.000000000000000 ) ;
#3200 = CARTESIAN_POINT ( 'NONE',  ( -0.9499999999999994005, -1.979848480983505743, -0.2500000000000031641 ) ) ;
#3201 = LINE ( 'NONE', #2648, #2730 ) ;
#3202 = VERTEX_POINT ( 'NONE', #3814 ) ;
#3203 = ADVANCED_FACE ( 'NONE', ( #504 ), #6645, .F. ) ;
#3204 = DIRECTION ( 'NONE',  ( 0.000000000000000000, -1.000000000000000000, 0.000000000000000000 ) ) ;
#3205 = DIRECTION ( 'NONE',  ( 3.491481338843133355E-15, 0.000000000000000000, -1.000000000000000000 ) ) ;
#3206 = AXIS2_PLACEMENT_3D ( 'NONE', #6970, #5689, #4579 ) ;
#3207 = VECTOR ( 'NONE', #6126, 1000.000000000000000 ) ;
#3208 = ORIENTED_EDGE ( 'NONE', *, *, #2184, .T. ) ;
#3209 = DIRECTION ( 'NONE',  ( 3.266776225374635264E-15, 0.000000000000000000, -1.000000000000000000 ) ) ;
#3210 = CARTESIAN_POINT ( 'NONE',  ( 1.849999999999995204, 0.6000000000000000888, 1.500000000000006883 ) ) ;
#3211 = LINE ( 'NONE', #5314, #1189 ) ;
#3212 = MECHANICAL_DESIGN_GEOMETRIC_PRESENTATION_REPRESENTATION (  '', ( #6915 ), #1601 ) ;
#3213 = EDGE_CURVE ( 'NONE', #3743, #5359, #7121, .T. ) ;
#3214 = CARTESIAN_POINT ( 'NONE',  ( -1.749999999999998224, 0.000000000000000000, -0.5500000000000069278 ) ) ;
#3215 = ORIENTED_EDGE ( 'NONE', *, *, #1575, .T. ) ;
#3216 = CARTESIAN_POINT ( 'NONE',  ( -1.900000000000001910, 0.09999999999999985290, 0.5499999999999939382 ) ) ;
#3217 = ORIENTED_EDGE ( 'NONE', *, *, #4920, .T. ) ;
#3218 = VERTEX_POINT ( 'NONE', #6532 ) ;
#3219 = DIRECTION ( 'NONE',  ( -0.000000000000000000, 1.000000000000000000, -0.000000000000000000 ) ) ;
#3220 = CYLINDRICAL_SURFACE ( 'NONE', #4483, 0.04999999999999991257 ) ;
#3221 = DIRECTION ( 'NONE',  ( 0.000000000000000000, 1.000000000000000000, 0.000000000000000000 ) ) ;
#3222 = ORIENTED_EDGE ( 'NONE', *, *, #5315, .T. ) ;
#3223 = ORIENTED_EDGE ( 'NONE', *, *, #1380, .F. ) ;
#3224 = LINE ( 'NONE', #5521, #602 ) ;
#3225 = CARTESIAN_POINT ( 'NONE',  ( -1.613954739249935155, 0.6000000000000010880, 0.3313493293834419151 ) ) ;
#3226 = CARTESIAN_POINT ( 'NONE',  ( -1.265954742898945273, 0.7000000000000037303, 1.332883828495617040 ) ) ;
#3227 = CARTESIAN_POINT ( 'NONE',  ( -2.306813132947877959E-17, 0.8899999999999925748, -0.1000000000000000056 ) ) ;
#3228 = VERTEX_POINT ( 'NONE', #3778 ) ;
#3229 = DIRECTION ( 'NONE',  ( 1.000000000000000000, 0.000000000000000000, 3.252606517456511724E-15 ) ) ;
#3230 = DIRECTION ( 'NONE',  ( -1.000000000000000000, 0.000000000000000000, -3.491481338843133355E-15 ) ) ;
#3231 = ORIENTED_EDGE ( 'NONE', *, *, #5279, .F. ) ;
#3232 = DIRECTION ( 'NONE',  ( 3.491481338843133355E-15, -0.000000000000000000, -1.000000000000000000 ) ) ;
#3233 = DIRECTION ( 'NONE',  ( 0.000000000000000000, 1.000000000000000000, 0.000000000000000000 ) ) ;
#3234 = EDGE_CURVE ( 'NONE', #4023, #2322, #5966, .T. ) ;
#3235 = EDGE_CURVE ( 'NONE', #1705, #5080, #2145, .T. ) ;
#3236 = FACE_OUTER_BOUND ( 'NONE', #2484, .T. ) ;
#3237 = EDGE_CURVE ( 'NONE', #3228, #6787, #468, .T. ) ;
#3238 = FACE_OUTER_BOUND ( 'NONE', #3387, .T. ) ;
#3239 = ORIENTED_EDGE ( 'NONE', *, *, #5476, .T. ) ;
#3240 = CARTESIAN_POINT ( 'NONE',  ( -0.1499999999999976075, 1.089999999999991420, -0.8124038404635963717 ) ) ;
#3241 = PLANE ( 'NONE',  #2613 ) ;
#3242 = ORIENTED_EDGE ( 'NONE', *, *, #612, .F. ) ;
#3243 = CARTESIAN_POINT ( 'NONE',  ( -1.079802624281637143E-14, 0.8899999999999925748, -1.094503525664545007 ) ) ;
#3244 = CARTESIAN_POINT ( 'NONE',  ( -1.700245513687544063, 0.7000000000000005107, 1.199999999999994182 ) ) ;
#3245 = EDGE_CURVE ( 'NONE', #6062, #4267, #334, .T. ) ;
#3246 = DIRECTION ( 'NONE',  ( -1.000000000000000000, 0.000000000000000000, -3.491481338843133355E-15 ) ) ;
#3247 = VECTOR ( 'NONE', #447, 1000.000000000000000 ) ;
#3248 = CARTESIAN_POINT ( 'NONE',  ( 1.100000000000000089, 0.8815849146426568694, 3.840629472727446691E-15 ) ) ;
#3249 = ORIENTED_EDGE ( 'NONE', *, *, #6209, .T. ) ;
#3250 = ORIENTED_EDGE ( 'NONE', *, *, #4443, .T. ) ;
#3251 = ORIENTED_EDGE ( 'NONE', *, *, #3937, .F. ) ;
#3252 = PLANE ( 'NONE',  #3702 ) ;
#3253 = AXIS2_PLACEMENT_3D ( 'NONE', #2731, #1654, #556 ) ;
#3254 = EDGE_CURVE ( 'NONE', #6956, #4765, #6305, .T. ) ;
#3255 =( NAMED_UNIT ( * ) SI_UNIT ( $, .STERADIAN. ) SOLID_ANGLE_UNIT ( ) );
#3256 = PRESENTATION_STYLE_ASSIGNMENT (( #4811 ) ) ;
#3257 = AXIS2_PLACEMENT_3D ( 'NONE', #5641, #2327, #1305 ) ;
#3258 = ORIENTED_EDGE ( 'NONE', *, *, #5055, .F. ) ;
#3259 = ORIENTED_EDGE ( 'NONE', *, *, #6466, .T. ) ;
#3260 = CARTESIAN_POINT ( 'NONE',  ( -1.700245513687538512, 0.7000000000000005107, -0.4176401038210587058 ) ) ;
#3261 = CARTESIAN_POINT ( 'NONE',  ( 0.09999999999999999167, 0.9899999999999926636, 3.491481338843133355E-16 ) ) ;
#3262 = DIRECTION ( 'NONE',  ( 1.000000000000000000, -3.502807018799322109E-15, 3.263320628122684032E-15 ) ) ;
#3264 = CIRCLE ( 'NONE', #114, 0.8499999999999998668 ) ;
#3263 = LINE ( 'NONE', #1636, #2672 ) ;
#3265 = DIRECTION ( 'NONE',  ( -1.000000000000000000, 0.000000000000000000, -3.491481338843133355E-15 ) ) ;
#3266 = VECTOR ( 'NONE', #6944, 1000.000000000000000 ) ;
#3267 = ORIENTED_EDGE ( 'NONE', *, *, #2624, .F. ) ;
#3268 = FACE_OUTER_BOUND ( 'NONE', #1082, .T. ) ;
#3269 = ORIENTED_EDGE ( 'NONE', *, *, #4236, .F. ) ;
#3270 = CARTESIAN_POINT ( 'NONE',  ( 0.9124038404635967936, -1.979848480983505743, -0.2499999999999968081 ) ) ;
#3271 = DIRECTION ( 'NONE',  ( 0.000000000000000000, 1.000000000000000000, 0.000000000000000000 ) ) ;
#3272 = ORIENTED_EDGE ( 'NONE', *, *, #888, .T. ) ;
#3273 = DIRECTION ( 'NONE',  ( -0.000000000000000000, 1.000000000000000000, -0.000000000000000000 ) ) ;
#3274 = CARTESIAN_POINT ( 'NONE',  ( -1.602568033750402687, 0.6000000000000011990, -1.332883828495627032 ) ) ;
#3275 = DIRECTION ( 'NONE',  ( -3.491481338843133355E-15, 0.000000000000000000, 1.000000000000000000 ) ) ;
#3276 = DIRECTION ( 'NONE',  ( 3.491481338843133355E-15, -0.000000000000000000, -1.000000000000000000 ) ) ;
#3277 = EDGE_LOOP ( 'NONE', ( #4885, #48, #780, #3516 ) ) ;
#3278 = CARTESIAN_POINT ( 'NONE',  ( -1.449999999999997513, 1.090000000000000746, -0.7500000000000051070 ) ) ;
#3279 = CARTESIAN_POINT ( 'NONE',  ( 1.631208257448311993, 0.1565263096110023622, 0.3750000000000049960 ) ) ;
#3280 = ADVANCED_FACE ( 'NONE', ( #6853 ), #786, .F. ) ;
#3281 = EDGE_CURVE ( 'NONE', #5675, #1666, #303, .T. ) ;
#3282 = CARTESIAN_POINT ( 'NONE',  ( -1.399999999999997469, 0.6000000000000026423, -1.105933661623257125 ) ) ;
#3283 = DIRECTION ( 'NONE',  ( -3.491481338843133355E-15, 0.000000000000000000, 1.000000000000000000 ) ) ;
#3284 = CARTESIAN_POINT ( 'NONE',  ( 0.9124038404636072297, 0.9899999999999915534, -0.2499999999999968081 ) ) ;
#3285 = CARTESIAN_POINT ( 'NONE',  ( 1.099999999999998535, 0.8815849146426568694, -0.2453565551432454195 ) ) ;
#3286 = ORIENTED_EDGE ( 'NONE', *, *, #2349, .T. ) ;
#3287 = ORIENTED_EDGE ( 'NONE', *, *, #5554, .F. ) ;
#3288 = VERTEX_POINT ( 'NONE', #4082 ) ;
#3289 = LINE ( 'NONE', #2670, #5651 ) ;
#3290 = EDGE_CURVE ( 'NONE', #2535, #6710, #5150, .T. ) ;
#3291 = ORIENTED_EDGE ( 'NONE', *, *, #6693, .F. ) ;
#3292 = ORIENTED_EDGE ( 'NONE', *, *, #915, .F. ) ;
#3293 = PLANE ( 'NONE',  #3168 ) ;
#3294 = DIRECTION ( 'NONE',  ( 0.000000000000000000, 1.000000000000000000, 0.000000000000000000 ) ) ;
#3295 = LINE ( 'NONE', #3730, #2476 ) ;
#3296 = LINE ( 'NONE', #5523, #3477 ) ;
#3297 = DIRECTION ( 'NONE',  ( 0.000000000000000000, 1.000000000000000000, 0.000000000000000000 ) ) ;
#3298 = EDGE_CURVE ( 'NONE', #1531, #5969, #6492, .T. ) ;
#3299 = LINE ( 'NONE', #7158, #5650 ) ;
#3300 = ORIENTED_EDGE ( 'NONE', *, *, #6581, .T. ) ;
#3301 = VECTOR ( 'NONE', #5889, 1000.000000000000000 ) ;
#3302 = VECTOR ( 'NONE', #6206, 1000.000000000000000 ) ;
#3303 = DIRECTION ( 'NONE',  ( -1.000000000000000000, 0.000000000000000000, -3.252606517456518824E-15 ) ) ;
#3304 = CARTESIAN_POINT ( 'NONE',  ( 1.170186450979751047, 0.9624598547697524875, 1.065992027330162628 ) ) ;
#3305 = ORIENTED_EDGE ( 'NONE', *, *, #970, .F. ) ;
#3306 = CARTESIAN_POINT ( 'NONE',  ( -1.749999999999998890, 0.1000000000000000056, -0.4000000000000056288 ) ) ;
#3307 = CARTESIAN_POINT ( 'NONE',  ( 0.7044375921718362132, 1.089999999999992308, 1.372827446247165017 ) ) ;
#3308 = VECTOR ( 'NONE', #3961, 1000.000000000000000 ) ;
#3309 = AXIS2_PLACEMENT_3D ( 'NONE', #6791, #4198, #5261 ) ;
#3310 = CARTESIAN_POINT ( 'NONE',  ( -1.899999999999998135, 0.09999999999999950595, -0.5500000000000071498 ) ) ;
#3311 = EDGE_LOOP ( 'NONE', ( #5169, #606, #5910, #724 ) ) ;
#3312 = DIRECTION ( 'NONE',  ( 0.000000000000000000, 1.000000000000000000, -3.614007241618347587E-15 ) ) ;
#3313 = ORIENTED_EDGE ( 'NONE', *, *, #6814, .T. ) ;
#3314 = VECTOR ( 'NONE', #1894, 1000.000000000000000 ) ;
#3315 = FACE_OUTER_BOUND ( 'NONE', #896, .T. ) ;
#3316 = CARTESIAN_POINT ( 'NONE',  ( 1.279999999999996696, 1.099999999999999867, 0.9260669522232219952 ) ) ;
#3317 = CARTESIAN_POINT ( 'NONE',  ( 0.1000000000000000056, 0.5000000000000000000, 1.332883828495627032 ) ) ;
#3318 = VECTOR ( 'NONE', #4754, 1000.000000000000000 ) ;
#3319 = LINE ( 'NONE', #5132, #6328 ) ;
#3320 = ORIENTED_EDGE ( 'NONE', *, *, #119, .F. ) ;
#3321 = ORIENTED_EDGE ( 'NONE', *, *, #404, .T. ) ;
#3322 = ORIENTED_EDGE ( 'NONE', *, *, #5943, .F. ) ;
#3323 = AXIS2_PLACEMENT_3D ( 'NONE', #5758, #3599, #363 ) ;
#3324 = VECTOR ( 'NONE', #5470, 1000.000000000000000 ) ;
#3325 = ADVANCED_FACE ( 'NONE', ( #4699, #3612 ), #1412, .F. ) ;
#3326 = ADVANCED_FACE ( 'NONE', ( #6346 ), #5298, .T. ) ;
#3327 = LINE ( 'NONE', #167, #6553 ) ;
#3328 = AXIS2_PLACEMENT_3D ( 'NONE', #58, #6741, #6277 ) ;
#3329 = VERTEX_POINT ( 'NONE', #1994 ) ;
#3330 = ORIENTED_EDGE ( 'NONE', *, *, #1014, .T. ) ;
#3331 = B_SPLINE_CURVE_WITH_KNOTS ( 'NONE', 3,
 ( #6362, #3050, #3092, #209, #4649, #324 ),
 .UNSPECIFIED., .F., .F.,
 ( 4, 2, 4 ),
 ( 2.262361914226202275E-05, 0.0001471512908779918738, 0.0002716789626137217214 ),
 .UNSPECIFIED. ) ;
#3332 = CARTESIAN_POINT ( 'NONE',  ( -1.450000000000004619, 0.1000000000000000056, 1.349999999999994982 ) ) ;
#3333 = DIRECTION ( 'NONE',  ( 1.000000000000000000, -0.000000000000000000, 3.491481338843133355E-15 ) ) ;
#3334 = CARTESIAN_POINT ( 'NONE',  ( -1.749999999999995337, 0.6000000000000000888, -1.340000000000005631 ) ) ;
#3335 = LINE ( 'NONE', #5566, #868 ) ;
#3336 = ADVANCED_FACE ( 'NONE', ( #2566 ), #3650, .T. ) ;
#3337 = EDGE_LOOP ( 'NONE', ( #180, #5283, #6135, #2682 ) ) ;
#3338 = CARTESIAN_POINT ( 'NONE',  ( -1.400000000000004796, 0.7000000000000027311, 0.8327843745034421152 ) ) ;
#3339 = DIRECTION ( 'NONE',  ( 0.000000000000000000, 1.000000000000000000, 0.000000000000000000 ) ) ;
#3340 = PLANE ( 'NONE',  #3717 ) ;
#3341 = EDGE_CURVE ( 'NONE', #5492, #6519, #3107, .T. ) ;
#3342 = FACE_OUTER_BOUND ( 'NONE', #3956, .T. ) ;
#3343 = DIRECTION ( 'NONE',  ( -3.491481338843133355E-15, 0.000000000000000000, 1.000000000000000000 ) ) ;
#3344 = ORIENTED_EDGE ( 'NONE', *, *, #2088, .F. ) ;
#3345 = CARTESIAN_POINT ( 'NONE',  ( 7.133834354396602072E-15, 1.089999999999994751, -1.050000000000000044 ) ) ;
#3346 = DIRECTION ( 'NONE',  ( 0.000000000000000000, 1.000000000000000000, 0.000000000000000000 ) ) ;
#3347 = ORIENTED_EDGE ( 'NONE', *, *, #7023, .F. ) ;
#3348 = DIRECTION ( 'NONE',  ( 0.000000000000000000, -1.000000000000000000, 0.000000000000000000 ) ) ;
#3349 = CARTESIAN_POINT ( 'NONE',  ( -1.100000000000003197, 0.000000000000000000, 0.8499999999999967581 ) ) ;
#3350 = DIRECTION ( 'NONE',  ( -7.047314121155772510E-15, 1.000000000000000000, -2.460556574298107587E-29 ) ) ;
#3351 = CARTESIAN_POINT ( 'NONE',  ( -0.7124038404635950616, -1.979848480983505743, -0.2500000000000023870 ) ) ;
#3352 = CARTESIAN_POINT ( 'NONE',  ( -0.7124038404635950616, 0.9899999999999969935, -0.2500000000000023870 ) ) ;
#3353 = CARTESIAN_POINT ( 'NONE',  ( -1.700000000000001510, 0.6000000000000000888, 0.3499999999999946487 ) ) ;
#3354 = VERTEX_POINT ( 'NONE', #6450 ) ;
#3355 = CARTESIAN_POINT ( 'NONE',  ( 1.900000000000000799, 0.000000000000000000, -0.3749999999999932276 ) ) ;
#3356 = AXIS2_PLACEMENT_3D ( 'NONE', #6590, #1629, #3828 ) ;
#3357 = DIRECTION ( 'NONE',  ( 0.000000000000000000, 0.3419523097666858913, 0.9397173074096424328 ) ) ;
#3358 = CARTESIAN_POINT ( 'NONE',  ( -1.750000000000004441, 0.1499999999999996891, 1.199999999999993960 ) ) ;
#3359 = ORIENTED_EDGE ( 'NONE', *, *, #5524, .F. ) ;
#3360 = EDGE_CURVE ( 'NONE', #6341, #1178, #2022, .T. ) ;
#3361 = CIRCLE ( 'NONE', #3470, 0.8499999999999998668 ) ;
#3362 = ORIENTED_EDGE ( 'NONE', *, *, #5274, .T. ) ;
#3363 = DIRECTION ( 'NONE',  ( 1.000000000000000000, 0.000000000000000000, 3.551714792870105736E-15 ) ) ;
#3364 = EDGE_CURVE ( 'NONE', #4756, #1110, #4272, .T. ) ;
#3365 = CARTESIAN_POINT ( 'NONE',  ( 0.7491781560021223418, 0.9899999999999808953, -1.500000000000001332 ) ) ;
#3366 = EDGE_CURVE ( 'NONE', #95, #6702, #972, .T. ) ;
#3367 = LINE ( 'NONE', #805, #3601 ) ;
#3368 = CARTESIAN_POINT ( 'NONE',  ( 0.8859590799087918578, 1.065886922963848571, 0.3236793547771090185 ) ) ;
#3369 = VECTOR ( 'NONE', #3232, 1000.000000000000000 ) ;
#3370 = CONICAL_SURFACE ( 'NONE', #1975, 0.8499999999999998668, 1.047197551196600074 ) ;
#3371 = DIRECTION ( 'NONE',  ( -7.047314121155773299E-15, 1.000000000000000000, -2.460556574298107867E-29 ) ) ;
#3372 = ORIENTED_EDGE ( 'NONE', *, *, #1460, .T. ) ;
#3373 = EDGE_CURVE ( 'NONE', #4197, #2772, #5913, .T. ) ;
#3374 = VECTOR ( 'NONE', #4457, 1000.000000000000000 ) ;
#3375 = DIRECTION ( 'NONE',  ( -1.000000000000000000, 0.000000000000000000, -3.491481338843132961E-15 ) ) ;
#3376 = CARTESIAN_POINT ( 'NONE',  ( 0.3500000000000035305, 0.9899999999999932188, -1.049999999999998934 ) ) ;
#3377 = CARTESIAN_POINT ( 'NONE',  ( -1.899999999999995248, 0.000000000000000000, -1.350000000000006750 ) ) ;
#3378 = CARTESIAN_POINT ( 'NONE',  ( -1.750000000000001554, 0.6000000000000000888, 0.3999999999999944156 ) ) ;
#3379 = DIRECTION ( 'NONE',  ( -0.000000000000000000, -1.000000000000000000, 0.000000000000000000 ) ) ;
#3380 = ORIENTED_EDGE ( 'NONE', *, *, #6291, .F. ) ;
#3381 = VECTOR ( 'NONE', #4800, 1000.000000000000000 ) ;
#3382 = DIRECTION ( 'NONE',  ( 1.000000000000000000, -3.571489509364014885E-15, 1.148508711614425887E-14 ) ) ;
#3383 = LINE ( 'NONE', #31, #3997 ) ;
#3384 = EDGE_CURVE ( 'NONE', #3801, #4321, #4819, .T. ) ;
#3385 = LINE ( 'NONE', #32, #3538 ) ;
#3386 = ORIENTED_EDGE ( 'NONE', *, *, #3852, .F. ) ;
#3387 = EDGE_LOOP ( 'NONE', ( #1485, #2244, #4695, #3259 ) ) ;
#3388 = CARTESIAN_POINT ( 'NONE',  ( -1.700245513687541843, 0.7000000000000005107, 0.5499999999999946043 ) ) ;
#3389 = DIRECTION ( 'NONE',  ( 1.000000000000000000, 0.000000000000000000, 3.491481338843133355E-15 ) ) ;
#3390 = FACE_OUTER_BOUND ( 'NONE', #2537, .T. ) ;
#3391 = VERTEX_POINT ( 'NONE', #4381 ) ;
#3392 = ORIENTED_EDGE ( 'NONE', *, *, #448, .T. ) ;
#3393 = CARTESIAN_POINT ( 'NONE',  ( -0.1499999999999976075, -1.979848480983505743, -0.8124038404635963717 ) ) ;
#3394 = ORIENTED_EDGE ( 'NONE', *, *, #6614, .F. ) ;
#3395 = DIRECTION ( 'NONE',  ( -1.000000000000000000, 0.000000000000000000, -3.491481338843133355E-15 ) ) ;
#3396 = DIRECTION ( 'NONE',  ( 3.491481338843133355E-15, 0.000000000000000000, -1.000000000000000000 ) ) ;
#3397 = ADVANCED_FACE ( 'NONE', ( #7039 ), #4897, .F. ) ;
#3398 = DIRECTION ( 'NONE',  ( 0.000000000000000000, 1.000000000000000000, 0.000000000000000000 ) ) ;
#3399 = VERTEX_POINT ( 'NONE', #494 ) ;
#3400 = EDGE_CURVE ( 'NONE', #2150, #3994, #3636, .T. ) ;
#3401 = ORIENTED_EDGE ( 'NONE', *, *, #3419, .T. ) ;
#3402 = ORIENTED_EDGE ( 'NONE', *, *, #3805, .T. ) ;
#3403 = LINE ( 'NONE', #5185, #850 ) ;
#3404 = VECTOR ( 'NONE', #4006, 1000.000000000000000 ) ;
#3405 = FACE_OUTER_BOUND ( 'NONE', #2059, .T. ) ;
#3406 = PLANE ( 'NONE',  #3257 ) ;
#3407 = EDGE_CURVE ( 'NONE', #5837, #7103, #7154, .T. ) ;
#3408 = EDGE_CURVE ( 'NONE', #1068, #2017, #6066, .T. ) ;
#3409 = LINE ( 'NONE', #1850, #4816 ) ;
#3410 = ORIENTED_EDGE ( 'NONE', *, *, #2465, .T. ) ;
#3411 = VECTOR ( 'NONE', #4744, 1000.000000000000000 ) ;
#3412 = CARTESIAN_POINT ( 'NONE',  ( -1.899999999999995248, 0.000000000000000000, -1.350000000000006750 ) ) ;
#3413 = DIRECTION ( 'NONE',  ( 0.000000000000000000, 1.000000000000000000, 0.000000000000000000 ) ) ;
#3414 = ORIENTED_EDGE ( 'NONE', *, *, #3101, .F. ) ;
#3415 = EDGE_LOOP ( 'NONE', ( #1965, #6, #1081, #2813 ) ) ;
#3416 = LINE ( 'NONE', #1185, #6204 ) ;
#3417 = VECTOR ( 'NONE', #4798, 1000.000000000000000 ) ;
#3418 = DIRECTION ( 'NONE',  ( -7.047314121155773299E-15, 1.000000000000000000, -2.460556574298107867E-29 ) ) ;
#3419 = EDGE_CURVE ( 'NONE', #1088, #4664, #6487, .T. ) ;
#3420 = VECTOR ( 'NONE', #472, 1000.000000000000000 ) ;
#3421 = CARTESIAN_POINT ( 'NONE',  ( 1.849999999999995204, 0.6000000000000000888, 1.340000000000006963 ) ) ;
#3422 = VECTOR ( 'NONE', #5748, 1000.000000000000000 ) ;
#3423 = ORIENTED_EDGE ( 'NONE', *, *, #2007, .F. ) ;
#3424 = ORIENTED_EDGE ( 'NONE', *, *, #3622, .F. ) ;
#3425 = PLANE ( 'NONE',  #6952 ) ;
#3426 = VECTOR ( 'NONE', #6028, 1000.000000000000000 ) ;
#3427 = AXIS2_PLACEMENT_3D ( 'NONE', #385, #5843, #2605 ) ;
#3428 = DIRECTION ( 'NONE',  ( -3.491481338843133355E-15, 0.000000000000000000, 1.000000000000000000 ) ) ;
#3429 = ORIENTED_EDGE ( 'NONE', *, *, #877, .F. ) ;
#3430 = VECTOR ( 'NONE', #7001, 1000.000000000000000 ) ;
#3431 = ORIENTED_EDGE ( 'NONE', *, *, #4746, .F. ) ;
#3432 = DIRECTION ( 'NONE',  ( -3.551714792870105736E-15, 0.000000000000000000, 1.000000000000000000 ) ) ;
#3433 = VECTOR ( 'NONE', #2627, 1000.000000000000000 ) ;
#3434 = CARTESIAN_POINT ( 'NONE',  ( -1.400000000000003908, 0.7000000000000027311, 0.5499999999999957145 ) ) ;
#3435 = CIRCLE ( 'NONE', #1247, 0.8499999999999998668 ) ;
#3436 = AXIS2_PLACEMENT_3D ( 'NONE', #4557, #2294, #4592 ) ;
#3437 = DIRECTION ( 'NONE',  ( -1.000000000000000000, -6.903093815419526508E-15, -3.615906284267370577E-15 ) ) ;
#3438 = VERTEX_POINT ( 'NONE', #1084 ) ;
#3439 = ORIENTED_EDGE ( 'NONE', *, *, #5011, .T. ) ;
#3440 = DIRECTION ( 'NONE',  ( 6.960928290796749122E-15, -1.000000000000000000, 1.180517527547530105E-16 ) ) ;
#3441 = DIRECTION ( 'NONE',  ( 3.491481338843133355E-15, -0.000000000000000000, -1.000000000000000000 ) ) ;
#3442 = DIRECTION ( 'NONE',  ( 0.000000000000000000, 1.000000000000000000, 0.000000000000000000 ) ) ;
#3443 = CARTESIAN_POINT ( 'NONE',  ( 0.8517638489321285311, 0.9719151922228845830, -1.298018149117626807 ) ) ;
#3444 = CARTESIAN_POINT ( 'NONE',  ( -1.299999999999996936, 0.000000000000000000, -0.8500000000000051958 ) ) ;
#3445 = CARTESIAN_POINT ( 'NONE',  ( 3.118630814726997136E-15, 0.9899999999999947731, 1.088864129236046863E-29 ) ) ;
#3446 = ORIENTED_EDGE ( 'NONE', *, *, #3854, .T. ) ;
#3447 = DIRECTION ( 'NONE',  ( -1.000000000000000000, 0.000000000000000000, -3.491481338843133355E-15 ) ) ;
#3448 = EDGE_CURVE ( 'NONE', #6719, #5365, #2710, .T. ) ;
#3449 = ORIENTED_EDGE ( 'NONE', *, *, #3384, .T. ) ;
#3450 = EDGE_CURVE ( 'NONE', #2391, #1122, #4971, .T. ) ;
#3451 = DIRECTION ( 'NONE',  ( -1.000000000000000000, -6.903093815419526508E-15, -3.615906284267370577E-15 ) ) ;
#3452 = CARTESIAN_POINT ( 'NONE',  ( 0.8517638489321217588, 0.9719151922228820295, 0.6594324191596607765 ) ) ;
#3453 = FACE_OUTER_BOUND ( 'NONE', #1714, .T. ) ;
#3454 = CARTESIAN_POINT ( 'NONE',  ( 0.1000000000000000056, 0.5000000000000000000, 3.491481338843133355E-16 ) ) ;
#3455 = EDGE_LOOP ( 'NONE', ( #5140, #265, #6256, #6735 ) ) ;
#3456 = EDGE_CURVE ( 'NONE', #759, #2642, #4929, .T. ) ;
#3457 = CARTESIAN_POINT ( 'NONE',  ( -1.299999999999996936, 0.000000000000000000, -0.8500000000000051958 ) ) ;
#3458 = DIRECTION ( 'NONE',  ( -6.944615092633338914E-15, 1.000000000000000000, -2.424699400137768028E-29 ) ) ;
#3459 = VERTEX_POINT ( 'NONE', #7186 ) ;
#3460 = ORIENTED_EDGE ( 'NONE', *, *, #5555, .T. ) ;
#3461 = ORIENTED_EDGE ( 'NONE', *, *, #4270, .T. ) ;
#3462 = CARTESIAN_POINT ( 'NONE',  ( 0.7044375921718358802, 0.9899999999999922196, 1.372827446247165017 ) ) ;
#3463 = CARTESIAN_POINT ( 'NONE',  ( 0.000000000000000000, 0.8879998962669206630, -1.100000000000000089 ) ) ;
#3464 = ORIENTED_EDGE ( 'NONE', *, *, #4240, .T. ) ;
#3465 = CLOSED_SHELL ( 'NONE', ( #3709, #5765, #3325, #1252, #5334, #6706, #4880, #5141, #1958, #3757, #5316, #1418, #3280, #916, #2604, #286, #659, #5077, #2344, #4892, #331, #1732, #4637, #4106, #6223, #3177, #2085, #5034, #5655, #2350, #5198, #3772, #2699, #4552, #2835, #5985, #3203, #82, #781, #2406, #3673, #5020, #3723, #4039, #782, #1646, #2445, #6728, #6060, #6929, #1604, #6284, #4782, #1111, #967, #4470 ) ) ;
#3466 = EDGE_LOOP ( 'NONE', ( #1277, #4853, #4624, #952 ) ) ;
#3467 = ORIENTED_EDGE ( 'NONE', *, *, #1372, .F. ) ;
#3468 = CARTESIAN_POINT ( 'NONE',  ( -1.750000000000002665, 0.7000000000000001776, -6.110092342975492838E-15 ) ) ;
#3469 = CARTESIAN_POINT ( 'NONE',  ( 1.689999999999995062, 0.6000000000000000888, 1.500000000000006217 ) ) ;
#3470 = AXIS2_PLACEMENT_3D ( 'NONE', #4910, #5466, #478 ) ;
#3471 = VECTOR ( 'NONE', #6544, 1000.000000000000000 ) ;
#3472 = CARTESIAN_POINT ( 'NONE',  ( -1.100000000000003197, 0.1000000000000000056, 0.8499999999999967581 ) ) ;
#3473 = LINE ( 'NONE', #3505, #3647 ) ;
#3474 = VERTEX_POINT ( 'NONE', #1046 ) ;
#3475 = FACE_OUTER_BOUND ( 'NONE', #3018, .T. ) ;
#3476 = VECTOR ( 'NONE', #5086, 1000.000000000000000 ) ;
#3477 = VECTOR ( 'NONE', #1568, 1000.000000000000000 ) ;
#3478 = VERTEX_POINT ( 'NONE', #2070 ) ;
#3479 = DIRECTION ( 'NONE',  ( 1.000000000000000000, -0.000000000000000000, 3.491481338843133355E-15 ) ) ;
#3480 = VECTOR ( 'NONE', #2412, 1000.000000000000000 ) ;
#3481 = CARTESIAN_POINT ( 'NONE',  ( 1.899999999999998357, 0.000000000000000000, 0.3750000000000059397 ) ) ;
#3482 = EDGE_CURVE ( 'NONE', #1122, #4250, #3295, .T. ) ;
#3483 = EDGE_CURVE ( 'NONE', #3537, #2150, #5522, .T. ) ;
#3484 = DIRECTION ( 'NONE',  ( 0.000000000000000000, 1.000000000000000000, 0.000000000000000000 ) ) ;
#3485 = EDGE_CURVE ( 'NONE', #561, #4055, #4417, .T. ) ;
#3486 = ORIENTED_EDGE ( 'NONE', *, *, #5942, .F. ) ;
#3487 = FACE_OUTER_BOUND ( 'NONE', #2573, .T. ) ;
#3488 = CARTESIAN_POINT ( 'NONE',  ( 1.581636014379621313, 0.1499999999999999667, 0.3750000000000047740 ) ) ;
#3489 = CARTESIAN_POINT ( 'NONE',  ( -1.351449120171323903, 0.6000000000000029754, 0.3313493293834428033 ) ) ;
#3490 = ADVANCED_FACE ( 'NONE', ( #3687 ), #1011, .T. ) ;
#3491 = EDGE_CURVE ( 'NONE', #1705, #3933, #2133, .T. ) ;
#3492 = LINE ( 'NONE', #5724, #4118 ) ;
#3493 = VERTEX_POINT ( 'NONE', #3334 ) ;
#3494 = VERTEX_POINT ( 'NONE', #6102 ) ;
#3495 = CARTESIAN_POINT ( 'NONE',  ( -1.891421356237305673, 0.09999999999999985290, -1.200000000000006617 ) ) ;
#3496 = CARTESIAN_POINT ( 'NONE',  ( -1.700245513687534960, 0.6000000000000005329, -1.235206348558495204 ) ) ;
#3497 = ADVANCED_FACE ( 'NONE', ( #6638 ), #1128, .F. ) ;
#3498 = CARTESIAN_POINT ( 'NONE',  ( 1.581636014379623978, 0.000000000000000000, -0.3749999999999943934 ) ) ;
#3499 = ORIENTED_EDGE ( 'NONE', *, *, #5949, .T. ) ;
#3500 = EDGE_LOOP ( 'NONE', ( #3900, #4721, #2701, #6636 ) ) ;
#3501 = CARTESIAN_POINT ( 'NONE',  ( -1.350000000000002753, 1.089999999999999636, 0.7499999999999953371 ) ) ;
#3502 = PLANE ( 'NONE',  #6508 ) ;
#3503 = FACE_OUTER_BOUND ( 'NONE', #3809, .T. ) ;
#3504 = ADVANCED_FACE ( 'NONE', ( #2784 ), #18, .T. ) ;
#3505 = CARTESIAN_POINT ( 'NONE',  ( -0.1500000000000027978, 1.199999999999999956, 0.8124038404635953725 ) ) ;
#3506 = ORIENTED_EDGE ( 'NONE', *, *, #3869, .F. ) ;
#3507 = AXIS2_PLACEMENT_3D ( 'NONE', #549, #6035, #4356 ) ;
#3508 = ORIENTED_EDGE ( 'NONE', *, *, #4877, .F. ) ;
#3509 = CARTESIAN_POINT ( 'NONE',  ( 0.1000000000000000056, 0.6000000000000000888, 3.491481338843133355E-16 ) ) ;
#3510 = DIRECTION ( 'NONE',  ( -1.000000000000000000, 0.000000000000000000, -3.491481338843133355E-15 ) ) ;
#3511 = CARTESIAN_POINT ( 'NONE',  ( 1.100000000000002087, 0.8815849146426568694, 0.2453565551432392855 ) ) ;
#3512 = VECTOR ( 'NONE', #390, 1000.000000000000000 ) ;
#3513 = CARTESIAN_POINT ( 'NONE',  ( 1.280000000000002247, 2.430559530910099131, -0.7089465547634462572 ) ) ;
#3514 = CARTESIAN_POINT ( 'NONE',  ( -1.000000000000002442, 0.000000000000000000, 0.6999999999999971800 ) ) ;
#3515 = EDGE_LOOP ( 'NONE', ( #2302, #2774, #2329, #2900 ) ) ;
#3516 = ORIENTED_EDGE ( 'NONE', *, *, #5136, .T. ) ;
#3517 = VECTOR ( 'NONE', #2233, 1000.000000000000000 ) ;
#3518 = CARTESIAN_POINT ( 'NONE',  ( -1.299999999999997602, 0.000000000000000000, -0.7000000000000051736 ) ) ;
#3519 = CARTESIAN_POINT ( 'NONE',  ( 1.850000000000004530, 0.1000000000000000056, -1.339999999999993641 ) ) ;
#3520 = CARTESIAN_POINT ( 'NONE',  ( -0.1499999999999965250, 1.089999999999995195, -1.050000000000000488 ) ) ;
#3521 = CARTESIAN_POINT ( 'NONE',  ( -1.350000000000000089, 1.099999999999999867, -4.713499807438230818E-15 ) ) ;
#3522 = CIRCLE ( 'NONE', #6883, 0.1499999999999999667 ) ;
#3523 = VECTOR ( 'NONE', #2690, 1000.000000000000000 ) ;
#3524 = AXIS2_PLACEMENT_3D ( 'NONE', #6714, #2965, #4631 ) ;
#3525 = CARTESIAN_POINT ( 'NONE',  ( 0.3499999999999963696, -1.979848480983505743, 1.050000000000001377 ) ) ;
#3526 = CARTESIAN_POINT ( 'NONE',  ( 1.742904163914440474, 1.605748574303453635, 0.3305650078962204530 ) ) ;
#3527 = ORIENTED_EDGE ( 'NONE', *, *, #6096, .F. ) ;
#3528 = VERTEX_POINT ( 'NONE', #864 ) ;
#3529 = EDGE_LOOP ( 'NONE', ( #4447, #4805, #5890, #5436 ) ) ;
#3530 = ADVANCED_FACE ( 'NONE', ( #1347, #266, #5194 ), #3549, .F. ) ;
#3531 = AXIS2_PLACEMENT_3D ( 'NONE', #5427, #2619, #6079 ) ;
#3532 = EDGE_CURVE ( 'NONE', #7182, #7108, #6857, .T. ) ;
#3533 = CARTESIAN_POINT ( 'NONE',  ( -0.9999999999999976685, 0.000000000000000000, -0.7000000000000040634 ) ) ;
#3534 = AXIS2_PLACEMENT_3D ( 'NONE', #540, #4974, #3265 ) ;
#3535 = CARTESIAN_POINT ( 'NONE',  ( 0.7044375921718282196, 0.9899999999999919975, 0.5976246289850537519 ) ) ;
#3536 = EDGE_CURVE ( 'NONE', #1721, #313, #5263, .T. ) ;
#3537 = VERTEX_POINT ( 'NONE', #6889 ) ;
#3538 = VECTOR ( 'NONE', #2261, 1000.000000000000114 ) ;
#3539 = ORIENTED_EDGE ( 'NONE', *, *, #6087, .F. ) ;
#3540 = EDGE_CURVE ( 'NONE', #7148, #173, #3583, .T. ) ;
#3541 = DIRECTION ( 'NONE',  ( 1.000000000000000000, 0.000000000000000000, 3.252606517456511724E-15 ) ) ;
#3542 = CARTESIAN_POINT ( 'NONE',  ( -1.299999999999995826, 0.000000000000000000, -1.200000000000004619 ) ) ;
#3543 = CARTESIAN_POINT ( 'NONE',  ( 0.1000000000000000056, 1.099999999999999867, 3.491481338843133355E-16 ) ) ;
#3544 = AXIS2_PLACEMENT_3D ( 'NONE', #607, #1194, #2282 ) ;
#3545 = VECTOR ( 'NONE', #1365, 999.9999999999998863 ) ;
#3546 = DIRECTION ( 'NONE',  ( -0.9914448613738108262, -0.1305261922200484093, -3.461611231978577962E-15 ) ) ;
#3547 = ORIENTED_EDGE ( 'NONE', *, *, #3088, .T. ) ;
#3548 = EDGE_LOOP ( 'NONE', ( #5888, #3179, #3231 ) ) ;
#3549 = PLANE ( 'NONE',  #2373 ) ;
#3550 = EDGE_CURVE ( 'NONE', #6520, #104, #1326, .T. ) ;
#3551 = FACE_OUTER_BOUND ( 'NONE', #648, .T. ) ;
#3552 = EDGE_LOOP ( 'NONE', ( #739, #4722, #3782, #5741 ) ) ;
#3553 = DIRECTION ( 'NONE',  ( 1.000000000000000000, 0.000000000000000000, 3.431247884816160974E-15 ) ) ;
#3554 = DIRECTION ( 'NONE',  ( 1.000000000000000000, 0.000000000000000000, 4.065758146820642416E-15 ) ) ;
#3555 = LINE ( 'NONE', #1119, #4105 ) ;
#3556 = DIRECTION ( 'NONE',  ( 1.000000000000000000, 0.000000000000000000, 3.614007241618349165E-15 ) ) ;
#3557 = FACE_OUTER_BOUND ( 'NONE', #1979, .T. ) ;
#3558 = VERTEX_POINT ( 'NONE', #1932 ) ;
#3559 = ORIENTED_EDGE ( 'NONE', *, *, #1781, .T. ) ;
#3560 = DIRECTION ( 'NONE',  ( -3.491481338843133355E-15, 0.000000000000000000, 1.000000000000000000 ) ) ;
#3561 = CARTESIAN_POINT ( 'NONE',  ( 0.9457731086634545425, 0.1000000000000000056, 0.3070147898133210873 ) ) ;
#3562 = CARTESIAN_POINT ( 'NONE',  ( 1.279999999999997806, 0.9224999684985708548, 0.7089465547634555831 ) ) ;
#3563 = DIRECTION ( 'NONE',  ( 1.000000000000000000, 0.000000000000000000, 3.491481338843133355E-15 ) ) ;
#3564 = LINE ( 'NONE', #5795, #1241 ) ;
#3565 = ORIENTED_EDGE ( 'NONE', *, *, #4396, .T. ) ;
#3566 = ORIENTED_EDGE ( 'NONE', *, *, #171, .T. ) ;
#3567 = PLANE ( 'NONE',  #6161 ) ;
#3568 = DIRECTION ( 'NONE',  ( -1.000000000000000000, -7.047314121155773299E-15, -3.491481338843133355E-15 ) ) ;
#3569 = ORIENTED_EDGE ( 'NONE', *, *, #1775, .T. ) ;
#3570 = EDGE_CURVE ( 'NONE', #6238, #3478, #6352, .T. ) ;
#3571 = ADVANCED_FACE ( 'NONE', ( #3658 ), #5742, .F. ) ;
#3572 = VERTEX_POINT ( 'NONE', #6972 ) ;
#3573 = DIRECTION ( 'NONE',  ( 1.000000000000000000, -3.491481338843133355E-15, 3.491481338843133355E-15 ) ) ;
#3574 = DIRECTION ( 'NONE',  ( -5.659885683814145379E-15, 1.327764720162981617E-31, 1.000000000000000000 ) ) ;
#3575 = CARTESIAN_POINT ( 'NONE',  ( -1.700245513687541177, 0.6000000000000005329, 0.5499999999999946043 ) ) ;
#3576 = SURFACE_STYLE_USAGE ( .BOTH. , #5881 ) ;
#3577 = CARTESIAN_POINT ( 'NONE',  ( -1.750000000000000000, 0.6000000000000001998, -0.5500000000000065947 ) ) ;
#3578 = LINE ( 'NONE', #7078, #1239 ) ;
#3579 = COLOUR_RGB ( '',0.7921568627450980005, 0.8196078431372548767, 0.9333333333333333481 ) ;
#3580 = DIRECTION ( 'NONE',  ( -8.673617379884068604E-15, 1.000000000000000000, 0.000000000000000000 ) ) ;
#3581 = EDGE_CURVE ( 'NONE', #6587, #4036, #2997, .T. ) ;
#3582 = ORIENTED_EDGE ( 'NONE', *, *, #3245, .T. ) ;
#3583 = LINE ( 'NONE', #761, #2591 ) ;
#3584 = AXIS2_PLACEMENT_3D ( 'NONE', #3892, #2234, #6623 ) ;
#3585 = CARTESIAN_POINT ( 'NONE',  ( 0.7044375921718358802, 0.9899999999999922196, 1.372827446247164795 ) ) ;
#3586 = ORIENTED_EDGE ( 'NONE', *, *, #2609, .T. ) ;
#3587 = DIRECTION ( 'NONE',  ( -1.000000000000000000, 0.000000000000000000, -3.491481338843133355E-15 ) ) ;
#3588 = CARTESIAN_POINT ( 'NONE',  ( 0.09999999999999652223, 0.9899999999999926636, -0.9999999999999995559 ) ) ;
#3589 = VECTOR ( 'NONE', #6381, 1000.000000000000000 ) ;
#3590 = EDGE_CURVE ( 'NONE', #6679, #5351, #309, .T. ) ;
#3591 = DIRECTION ( 'NONE',  ( -1.000000000000000000, 0.000000000000000000, -3.491481338843133355E-15 ) ) ;
#3592 = CARTESIAN_POINT ( 'NONE',  ( 1.581636014379623978, 0.1499999999999999667, -0.3749999999999943934 ) ) ;
#3593 = EDGE_LOOP ( 'NONE', ( #3718, #251, #4561, #3663 ) ) ;
#3594 = VERTEX_POINT ( 'NONE', #5223 ) ;
#3595 = CARTESIAN_POINT ( 'NONE',  ( -1.900000000000000133, 0.1499999999999996891, -6.633814543801954164E-15 ) ) ;
#3596 = VECTOR ( 'NONE', #1237, 1000.000000000000000 ) ;
#3597 = CARTESIAN_POINT ( 'NONE',  ( -1.900000000000004130, 0.1000000000000000056, 1.199999999999993294 ) ) ;
#3598 = FACE_OUTER_BOUND ( 'NONE', #4215, .T. ) ;
#3599 = DIRECTION ( 'NONE',  ( 1.000000000000000000, -0.000000000000000000, 3.491481338843133355E-15 ) ) ;
#3600 = DIRECTION ( 'NONE',  ( -3.491481338843133355E-15, 0.000000000000000000, 1.000000000000000000 ) ) ;
#3601 = VECTOR ( 'NONE', #3012, 1000.000000000000000 ) ;
#3602 = EDGE_LOOP ( 'NONE', ( #137, #2968, #6195, #5906, #6074, #811 ) ) ;
#3603 = ORIENTED_EDGE ( 'NONE', *, *, #2616, .T. ) ;
#3604 = DIRECTION ( 'NONE',  ( -1.000000000000000000, 0.000000000000000000, -4.358843076831536902E-15 ) ) ;
#3605 = CARTESIAN_POINT ( 'NONE',  ( 1.599999999999998535, 0.6000000000000000888, 0.3750000000000057732 ) ) ;
#3606 = CARTESIAN_POINT ( 'NONE',  ( 1.900000000000000799, 0.000000000000000000, -0.3749999999999932276 ) ) ;
#3607 = ORIENTED_EDGE ( 'NONE', *, *, #7098, .F. ) ;
#3608 = VERTEX_POINT ( 'NONE', #6387 ) ;
#3609 = VERTEX_POINT ( 'NONE', #5341 ) ;
#3610 = CARTESIAN_POINT ( 'NONE',  ( -1.299999999999995826, 0.000000000000000000, -1.200000000000004619 ) ) ;
#3611 = DIRECTION ( 'NONE',  ( 1.000000000000000000, 0.000000000000000000, 3.491481338843133355E-15 ) ) ;
#3612 = FACE_OUTER_BOUND ( 'NONE', #980, .T. ) ;
#3613 = EDGE_CURVE ( 'NONE', #7089, #6587, #228, .T. ) ;
#3614 = FACE_OUTER_BOUND ( 'NONE', #5146, .T. ) ;
#3615 = CARTESIAN_POINT ( 'NONE',  ( -1.750000000000004885, 0.7000000000000000666, 0.5499999999999944933 ) ) ;
#3616 = CARTESIAN_POINT ( 'NONE',  ( 0.7491781560021218977, 1.089999999999992308, -1.352245436956502678 ) ) ;
#3617 = FACE_OUTER_BOUND ( 'NONE', #6089, .T. ) ;
#3618 = ORIENTED_EDGE ( 'NONE', *, *, #4670, .T. ) ;
#3619 = CARTESIAN_POINT ( 'NONE',  ( -0.9999999999999986677, 0.1000000000000000056, -0.4000000000000041300 ) ) ;
#3620 = VERTEX_POINT ( 'NONE', #3033 ) ;
#3621 = DIRECTION ( 'NONE',  ( 1.000000000000000000, 0.000000000000000000, 3.491481338843133355E-15 ) ) ;
#3622 = EDGE_CURVE ( 'NONE', #3025, #675, #5258, .T. ) ;
#3623 = EDGE_CURVE ( 'NONE', #1592, #6759, #2572, .T. ) ;
#3624 = CARTESIAN_POINT ( 'NONE',  ( -1.351449120171320795, 0.7000000000000030642, -0.7664364973372644885 ) ) ;
#3625 = CARTESIAN_POINT ( 'NONE',  ( 0.9124038404635967936, -1.979848480983505743, -0.2499999999999968081 ) ) ;
#3626 = ORIENTED_EDGE ( 'NONE', *, *, #2872, .F. ) ;
#3627 = CARTESIAN_POINT ( 'NONE',  ( -0.9659547428989363471, 0.6000000000000000888, 1.332883828495627032 ) ) ;
#3628 = ORIENTED_EDGE ( 'NONE', *, *, #1702, .F. ) ;
#3629 = EDGE_LOOP ( 'NONE', ( #2524, #2809, #5679, #6748 ) ) ;
#3630 = LINE ( 'NONE', #3595, #806 ) ;
#3631 = EDGE_CURVE ( 'NONE', #4865, #1110, #1421, .T. ) ;
#3632 = AXIS2_PLACEMENT_3D ( 'NONE', #3543, #6880, #5840 ) ;
#3633 = DIRECTION ( 'NONE',  ( 1.000000000000000000, 0.000000000000000000, 3.491481338843133355E-15 ) ) ;
#3634 = FACE_OUTER_BOUND ( 'NONE', #5439, .T. ) ;
#3635 = DIRECTION ( 'NONE',  ( 1.000000000000000000, 0.000000000000000000, 3.614007241618349165E-15 ) ) ;
#3636 = CIRCLE ( 'NONE', #514, 0.8499999999999999778 ) ;
#3637 = ORIENTED_EDGE ( 'NONE', *, *, #474, .T. ) ;
#3638 = ORIENTED_EDGE ( 'NONE', *, *, #1735, .T. ) ;
#3639 = FILL_AREA_STYLE_COLOUR ( '', #3579 ) ;
#3640 = DIRECTION ( 'NONE',  ( -3.491481338843133355E-15, 0.000000000000000000, 1.000000000000000000 ) ) ;
#3641 = EDGE_CURVE ( 'NONE', #686, #4710, #7007, .T. ) ;
#3642 = VECTOR ( 'NONE', #4367, 1000.000000000000000 ) ;
#3643 = EDGE_LOOP ( 'NONE', ( #1037, #6309, #4626, #1661 ) ) ;
#3644 = EDGE_LOOP ( 'NONE', ( #2379, #2925, #3794, #5623 ) ) ;
#3645 = CIRCLE ( 'NONE', #993, 0.1499999999999999667 ) ;
#3646 = ORIENTED_EDGE ( 'NONE', *, *, #2990, .T. ) ;
#3647 = VECTOR ( 'NONE', #2862, 1000.000000000000000 ) ;
#3648 = DIRECTION ( 'NONE',  ( -3.491481338843133355E-15, 0.000000000000000000, 1.000000000000000000 ) ) ;
#3649 = CARTESIAN_POINT ( 'NONE',  ( -1.400000000000003908, 0.7000000000000027311, 0.5499999999999957145 ) ) ;
#3650 = PLANE ( 'NONE',  #2136 ) ;
#3651 = LINE ( 'NONE', #4738, #5214 ) ;
#3652 = CARTESIAN_POINT ( 'NONE',  ( 1.469222055512364067, 0.8536442408972402252, 0.2840237954778248586 ) ) ;
#3653 = AXIS2_PLACEMENT_3D ( 'NONE', #4275, #497, #5487 ) ;
#3654 = VECTOR ( 'NONE', #3799, 1000.000000000000000 ) ;
#3655 = DIRECTION ( 'NONE',  ( 0.000000000000000000, 1.000000000000000000, 0.000000000000000000 ) ) ;
#3656 = ORIENTED_EDGE ( 'NONE', *, *, #3483, .F. ) ;
#3657 = AXIS2_PLACEMENT_3D ( 'NONE', #2340, #1150, #601 ) ;
#3658 = FACE_OUTER_BOUND ( 'NONE', #4262, .T. ) ;
#3659 = CYLINDRICAL_SURFACE ( 'NONE', #3797, 0.8499999999999999778 ) ;
#3660 = AXIS2_PLACEMENT_3D ( 'NONE', #6193, #5558, #2812 ) ;
#3661 = ORIENTED_EDGE ( 'NONE', *, *, #4831, .T. ) ;
#3662 = PLANE ( 'NONE',  #4882 ) ;
#3663 = ORIENTED_EDGE ( 'NONE', *, *, #5465, .F. ) ;
#3664 = CIRCLE ( 'NONE', #4826, 1.000000000000000000 ) ;
#3665 = DIRECTION ( 'NONE',  ( 3.491481338843133355E-15, 0.000000000000000000, -1.000000000000000000 ) ) ;
#3666 = EDGE_CURVE ( 'NONE', #3494, #273, #2034, .T. ) ;
#3667 = EDGE_CURVE ( 'NONE', #816, #5032, #5417, .T. ) ;
#3668 = ORIENTED_EDGE ( 'NONE', *, *, #5058, .T. ) ;
#3669 = ORIENTED_EDGE ( 'NONE', *, *, #2174, .T. ) ;
#3670 = EDGE_CURVE ( 'NONE', #5508, #5268, #3810, .T. ) ;
#3671 = CARTESIAN_POINT ( 'NONE',  ( 1.730352743585692910, 0.1695789288330072087, 0.3750000000000053291 ) ) ;
#3672 = CARTESIAN_POINT ( 'NONE',  ( -1.349999999999997868, 0.9899999999999995470, -0.7500000000000046629 ) ) ;
#3673 = ADVANCED_FACE ( 'NONE', ( #2643 ), #1056, .F. ) ;
#3674 = DIRECTION ( 'NONE',  ( -3.491481338843133355E-15, -0.000000000000000000, 1.000000000000000000 ) ) ;
#3675 = EDGE_CURVE ( 'NONE', #2518, #6300, #4351, .T. ) ;
#3676 = CARTESIAN_POINT ( 'NONE',  ( -1.265954742898944607, 0.6000000000000036415, 1.332883828495617040 ) ) ;
#3677 = ORIENTED_EDGE ( 'NONE', *, *, #3366, .F. ) ;
#3678 = EDGE_LOOP ( 'NONE', ( #498, #5939, #4743, #5718 ) ) ;
#3679 = FACE_OUTER_BOUND ( 'NONE', #2526, .T. ) ;
#3680 = DIRECTION ( 'NONE',  ( -0.000000000000000000, 1.000000000000000000, -0.000000000000000000 ) ) ;
#3681 = ORIENTED_EDGE ( 'NONE', *, *, #3708, .T. ) ;
#3682 = EDGE_CURVE ( 'NONE', #1602, #4051, #4864, .T. ) ;
#3683 = ORIENTED_EDGE ( 'NONE', *, *, #5361, .T. ) ;
#3684 = ORIENTED_EDGE ( 'NONE', *, *, #2224, .T. ) ;
#3685 = CARTESIAN_POINT ( 'NONE',  ( -1.700245513687540733, 0.6000000000000005329, 0.4176401038210468264 ) ) ;
#3686 = FACE_OUTER_BOUND ( 'NONE', #6885, .T. ) ;
#3687 = FACE_OUTER_BOUND ( 'NONE', #6924, .T. ) ;
#3688 = PRESENTATION_STYLE_ASSIGNMENT (( #3576 ) ) ;
#3689 = CARTESIAN_POINT ( 'NONE',  ( 1.279999999999995364, 0.9224999684985708548, 1.372827446247167016 ) ) ;
#3690 = LINE ( 'NONE', #305, #3430 ) ;
#3691 = CARTESIAN_POINT ( 'NONE',  ( 1.609099421662699481, 1.090589347511192075, 0.3750000000000049405 ) ) ;
#3692 = LINE ( 'NONE', #541, #1814 ) ;
#3693 = ORIENTED_EDGE ( 'NONE', *, *, #6168, .T. ) ;
#3694 = CARTESIAN_POINT ( 'NONE',  ( -1.265954742898936392, 0.7000000000000037303, -1.227565347459484091 ) ) ;
#3695 = EDGE_LOOP ( 'NONE', ( #2166, #3826, #1564, #2976 ) ) ;
#3696 = CARTESIAN_POINT ( 'NONE',  ( -1.750000000000001554, 0.1000000000000000056, 0.3999999999999944156 ) ) ;
#3697 = CLOSED_SHELL ( 'NONE', ( #1857, #5607, #6524, #826, #2466, #6736, #1120, #6650, #5639, #2751, #2713, #1558, #3014, #6165, #7146, #3497, #6769, #2215 ) ) ;
#3698 = CARTESIAN_POINT ( 'NONE',  ( -1.350000000000002309, 1.199999999999999956, 0.7499999999999953371 ) ) ;
#3699 = DIRECTION ( 'NONE',  ( -0.000000000000000000, -1.000000000000000000, -0.000000000000000000 ) ) ;
#3700 = ORIENTED_EDGE ( 'NONE', *, *, #665, .T. ) ;
#3701 = PLANE ( 'NONE',  #1808 ) ;
#3702 = AXIS2_PLACEMENT_3D ( 'NONE', #604, #2810, #4482 ) ;
#3703 = ORIENTED_EDGE ( 'NONE', *, *, #6232, .T. ) ;
#3704 = ORIENTED_EDGE ( 'NONE', *, *, #3491, .F. ) ;
#3705 = DIRECTION ( 'NONE',  ( -3.491481338843133355E-15, 3.942553354492624709E-15, 1.000000000000000000 ) ) ;
#3706 = LINE ( 'NONE', #3162, #1912 ) ;
#3707 = CARTESIAN_POINT ( 'NONE',  ( 1.170186450979758375, 0.9624598547697524875, -1.065992027330154635 ) ) ;
#3708 = EDGE_CURVE ( 'NONE', #6703, #3743, #1907, .T. ) ;
#3709 = ADVANCED_FACE ( 'NONE', ( #2719 ), #4938, .F. ) ;
#3710 = AXIS2_PLACEMENT_3D ( 'NONE', #6282, #4603, #5747 ) ;
#3711 = DIRECTION ( 'NONE',  ( 1.000000000000000000, -3.571489509364014885E-15, 3.491481338843132961E-15 ) ) ;
#3712 = PRODUCT_DEFINITION ( 'UNKNOWN', '', #6572, #4182 ) ;
#3713 = LINE ( 'NONE', #6585, #3077 ) ;
#3714 = FACE_OUTER_BOUND ( 'NONE', #4338, .T. ) ;
#3715 = EDGE_LOOP ( 'NONE', ( #667, #6891, #2935, #3995 ) ) ;
#3716 = CARTESIAN_POINT ( 'NONE',  ( -1.899999999999995248, 0.000000000000000000, -1.350000000000006750 ) ) ;
#3717 = AXIS2_PLACEMENT_3D ( 'NONE', #467, #2144, #1060 ) ;
#3718 = ORIENTED_EDGE ( 'NONE', *, *, #6420, .T. ) ;
#3719 = VERTEX_POINT ( 'NONE', #1574 ) ;
#3720 = AXIS2_PLACEMENT_3D ( 'NONE', #2020, #4218, #6440 ) ;
#3721 = CARTESIAN_POINT ( 'NONE',  ( 1.100000000000000089, 0.6000000000000000888, 3.840629472727446691E-15 ) ) ;
#3722 = CARTESIAN_POINT ( 'NONE',  ( 0.8362603167072238941, 1.083971730740956430, -0.2499999999999970857 ) ) ;
#3723 = ADVANCED_FACE ( 'NONE', ( #4277 ), #7117, .F. ) ;
#3724 = EDGE_CURVE ( 'NONE', #4206, #6287, #3150, .T. ) ;
#3725 = AXIS2_PLACEMENT_3D ( 'NONE', #3261, #7185, #1532 ) ;
#3726 = VERTEX_POINT ( 'NONE', #1541 ) ;
#3727 = EDGE_LOOP ( 'NONE', ( #1521, #1489, #4035, #3362 ) ) ;
#3728 = ORIENTED_EDGE ( 'NONE', *, *, #5771, .F. ) ;
#3729 = LINE ( 'NONE', #5442, #5815 ) ;
#3730 = CARTESIAN_POINT ( 'NONE',  ( -1.750000000000004885, 0.1000000000000000056, 1.339999999999993641 ) ) ;
#3731 = ADVANCED_FACE ( 'NONE', ( #7047 ), #6573, .F. ) ;
#3732 = CARTESIAN_POINT ( 'NONE',  ( -1.265954742898945273, 0.7000000000000037303, 1.332883828495617040 ) ) ;
#3733 = CARTESIAN_POINT ( 'NONE',  ( 1.899999999999998357, 0.000000000000000000, 0.3750000000000059397 ) ) ;
#3734 = CARTESIAN_POINT ( 'NONE',  ( 0.8928074844680876643, 0.9569798857620112065, 3.214311586019198500E-15 ) ) ;
#3735 = DIRECTION ( 'NONE',  ( -7.047314121155773299E-15, 1.000000000000000000, -2.460556574298107867E-29 ) ) ;
#3736 = ORIENTED_EDGE ( 'NONE', *, *, #3290, .F. ) ;
#3737 = DIRECTION ( 'NONE',  ( 3.491481338843133355E-15, 0.000000000000000000, -1.000000000000000000 ) ) ;
#3738 = CARTESIAN_POINT ( 'NONE',  ( -1.099999999999995870, 0.000000000000000000, -1.100000000000004530 ) ) ;
#3739 = EDGE_LOOP ( 'NONE', ( #5075, #3607, #3305, #4829 ) ) ;
#3740 = LINE ( 'NONE', #2761, #3129 ) ;
#3741 = EDGE_CURVE ( 'NONE', #5717, #4988, #500, .T. ) ;
#3742 = CARTESIAN_POINT ( 'NONE',  ( -1.265954742898936169, 0.7000000000000037303, -1.332883828495625922 ) ) ;
#3743 = VERTEX_POINT ( 'NONE', #4389 ) ;
#3744 = DIRECTION ( 'NONE',  ( 0.000000000000000000, 1.000000000000000000, -0.000000000000000000 ) ) ;
#3745 = ORIENTED_EDGE ( 'NONE', *, *, #4304, .T. ) ;
#3746 = DIRECTION ( 'NONE',  ( 3.491481338843133355E-15, -0.000000000000000000, -1.000000000000000000 ) ) ;
#3747 = PLANE ( 'NONE',  #2148 ) ;
#3748 = CARTESIAN_POINT ( 'NONE',  ( -1.300000000000002265, 0.1000000000000000056, 0.6999999999999960698 ) ) ;
#3749 = CARTESIAN_POINT ( 'NONE',  ( -1.749999999999996225, -1.761828530288944705E-16, -1.200000000000006173 ) ) ;
#3750 = ORIENTED_EDGE ( 'NONE', *, *, #3898, .F. ) ;
#3751 = LINE ( 'NONE', #5977, #3894 ) ;
#3752 = EDGE_LOOP ( 'NONE', ( #5069, #6363, #2479, #1950, #1407, #3269, #6810, #2291, #1970, #3347, #5896, #451, #4097, #5206, #6871, #3875 ) ) ;
#3753 = ORIENTED_EDGE ( 'NONE', *, *, #926, .F. ) ;
#3754 = AXIS2_PLACEMENT_3D ( 'NONE', #6500, #985, #3198 ) ;
#3755 = CARTESIAN_POINT ( 'NONE',  ( -0.9659547428989363471, 0.5000000000000000000, -1.332883828495627032 ) ) ;
#3756 = SURFACE_SIDE_STYLE ('',( #1560 ) ) ;
#3757 = ADVANCED_FACE ( 'NONE', ( #5958 ), #2683, .T. ) ;
#3758 = VECTOR ( 'NONE', #419, 1000.000000000000114 ) ;
#3759 = EDGE_LOOP ( 'NONE', ( #6127, #1577, #1640, #4876 ) ) ;
#3760 = ADVANCED_FACE ( 'NONE', ( #5379 ), #6528, .T. ) ;
#3761 = VERTEX_POINT ( 'NONE', #3844 ) ;
#3762 = EDGE_CURVE ( 'NONE', #182, #4439, #2829, .T. ) ;
#3763 = CIRCLE ( 'NONE', #1580, 1.332883828495627032 ) ;
#3764 = ADVANCED_FACE ( 'NONE', ( #545 ), #944, .F. ) ;
#3765 = CARTESIAN_POINT ( 'NONE',  ( -0.1499999999999972744, -1.979848480983505743, -0.8124038404635964827 ) ) ;
#3766 = CARTESIAN_POINT ( 'NONE',  ( 0.9457731086634567630, 0.1000000000000000056, -0.3070147898133150921 ) ) ;
#3767 = CARTESIAN_POINT ( 'NONE',  ( -1.799999999999996048, 0.1499999999999995226, -1.200000000000006395 ) ) ;
#3768 = DIRECTION ( 'NONE',  ( 1.000000000000000000, 7.086008913773445480E-15, 3.491481338843133355E-15 ) ) ;
#3769 = VECTOR ( 'NONE', #5749, 1000.000000000000000 ) ;
#3770 = VECTOR ( 'NONE', #767, 1000.000000000000000 ) ;
#3771 = PLANE ( 'NONE',  #5869 ) ;
#3772 = ADVANCED_FACE ( 'NONE', ( #718 ), #5609, .F. ) ;
#3773 = ORIENTED_EDGE ( 'NONE', *, *, #3101, .T. ) ;
#3774 = CARTESIAN_POINT ( 'NONE',  ( 0.1000000000000000056, 2.430559530910099131, 3.491481338843133355E-16 ) ) ;
#3775 = CARTESIAN_POINT ( 'NONE',  ( -1.099999999999996980, 0.000000000000000000, -0.8500000000000044187 ) ) ;
#3776 = ORIENTED_EDGE ( 'NONE', *, *, #2959, .F. ) ;
#3777 = PLANE ( 'NONE',  #1181 ) ;
#3778 = CARTESIAN_POINT ( 'NONE',  ( -1.450000000000004619, 0.000000000000000000, 1.349999999999994982 ) ) ;
#3779 = AXIS2_PLACEMENT_3D ( 'NONE', #5232, #800, #4204 ) ;
#3780 = VECTOR ( 'NONE', #6640, 1000.000000000000000 ) ;
#3781 = DIRECTION ( 'NONE',  ( 0.000000000000000000, -1.000000000000000000, 0.000000000000000000 ) ) ;
#3782 = ORIENTED_EDGE ( 'NONE', *, *, #6517, .T. ) ;
#3783 = CARTESIAN_POINT ( 'NONE',  ( 1.599999999999998535, 0.6000000000000000888, 0.3750000000000057732 ) ) ;
#3784 = DIRECTION ( 'NONE',  ( 3.491481338843133750E-15, -0.000000000000000000, -1.000000000000000000 ) ) ;
#3785 = CIRCLE ( 'NONE', #2172, 0.2500000000000000000 ) ;
#3786 = AXIS2_PLACEMENT_3D ( 'NONE', #1414, #5884, #2568 ) ;
#3787 = EDGE_CURVE ( 'NONE', #445, #3080, #6110, .T. ) ;
#3788 = VECTOR ( 'NONE', #2910, 1000.000000000000000 ) ;
#3789 = EDGE_LOOP ( 'NONE', ( #6071, #2084, #4723, #2966 ) ) ;
#3790 = CARTESIAN_POINT ( 'NONE',  ( 0.000000000000000000, 0.8879998962669206630, -1.100000000000000089 ) ) ;
#3791 = DIRECTION ( 'NONE',  ( -1.000000000000000000, 0.000000000000000000, -3.263320628122684426E-15 ) ) ;
#3792 = DIRECTION ( 'NONE',  ( 1.000000000000000000, 0.000000000000000000, 0.000000000000000000 ) ) ;
#3793 = AXIS2_PLACEMENT_3D ( 'NONE', #2451, #3568, #6920 ) ;
#3794 = ORIENTED_EDGE ( 'NONE', *, *, #1415, .F. ) ;
#3795 = ORIENTED_EDGE ( 'NONE', *, *, #1209, .F. ) ;
#3796 = ORIENTED_EDGE ( 'NONE', *, *, #5482, .T. ) ;
#3797 = AXIS2_PLACEMENT_3D ( 'NONE', #3114, #350, #5960 ) ;
#3798 = DIRECTION ( 'NONE',  ( 0.000000000000000000, 1.000000000000000000, 0.000000000000000000 ) ) ;
#3799 = DIRECTION ( 'NONE',  ( 3.491481338843133355E-15, 0.000000000000000000, -1.000000000000000000 ) ) ;
#3800 = EDGE_LOOP ( 'NONE', ( #5311, #5646, #3464, #1644 ) ) ;
#3801 = VERTEX_POINT ( 'NONE', #3376 ) ;
#3802 = CARTESIAN_POINT ( 'NONE',  ( 1.435026824535697854, 0.7596725101562759042, -0.3608136382985736024 ) ) ;
#3803 = DIRECTION ( 'NONE',  ( -1.000000000000000000, 0.000000000000000000, -3.491481338843133750E-15 ) ) ;
#3804 = DIRECTION ( 'NONE',  ( -3.491481338843133750E-15, 0.000000000000000000, 1.000000000000000000 ) ) ;
#3805 = EDGE_CURVE ( 'NONE', #1628, #5241, #5015, .T. ) ;
#3806 = ADVANCED_FACE ( 'NONE', ( #5637 ), #4498, .T. ) ;
#3807 = DIRECTION ( 'NONE',  ( -1.000000000000000000, -7.047314121155772510E-15, -3.491481338843133355E-15 ) ) ;
#3808 = DIRECTION ( 'NONE',  ( -3.502807018799322109E-15, -1.000000000000000000, -1.222998533970658192E-29 ) ) ;
#3809 = EDGE_LOOP ( 'NONE', ( #6548, #2874, #6809, #3927 ) ) ;
#3810 = LINE ( 'NONE', #463, #6095 ) ;
#3811 = CARTESIAN_POINT ( 'NONE',  ( 0.5974937185533071293, 0.000000000000000000, 0.7500000000000021094 ) ) ;
#3812 = ORIENTED_EDGE ( 'NONE', *, *, #5267, .F. ) ;
#3813 = DIRECTION ( 'NONE',  ( -1.000000000000000000, -0.000000000000000000, -0.000000000000000000 ) ) ;
#3814 = CARTESIAN_POINT ( 'NONE',  ( 1.279999999999998694, 1.099999999999999867, 0.3708099243547879342 ) ) ;
#3815 = DIRECTION ( 'NONE',  ( -1.000000000000000000, 0.000000000000000000, -3.491481338843133355E-15 ) ) ;
#3816 = EDGE_CURVE ( 'NONE', #1178, #3572, #6711, .T. ) ;
#3817 = VERTEX_POINT ( 'NONE', #2858 ) ;
#3818 = CARTESIAN_POINT ( 'NONE',  ( -0.1499999999999965250, 1.099999999999999645, -1.050000000000000488 ) ) ;
#3819 = LINE ( 'NONE', #4400, #2432 ) ;
#3820 = DIRECTION ( 'NONE',  ( -1.000000000000000000, 0.000000000000000000, -0.000000000000000000 ) ) ;
#3821 = LINE ( 'NONE', #2120, #102 ) ;
#3822 = EDGE_CURVE ( 'NONE', #2237, #7103, #6776, .T. ) ;
#3823 = AXIS2_PLACEMENT_3D ( 'NONE', #106, #3996, #1318 ) ;
#3824 = DIRECTION ( 'NONE',  ( 0.000000000000000000, -1.000000000000000000, 0.000000000000000000 ) ) ;
#3825 = ORIENTED_EDGE ( 'NONE', *, *, #2285, .T. ) ;
#3826 = ORIENTED_EDGE ( 'NONE', *, *, #6481, .F. ) ;
#3827 = ORIENTED_EDGE ( 'NONE', *, *, #6336, .F. ) ;
#3828 = DIRECTION ( 'NONE',  ( -1.000000000000000000, 0.000000000000000000, -4.065758146820642416E-15 ) ) ;
#3829 = DIRECTION ( 'NONE',  ( 1.000000000000000000, -3.571489509364014885E-15, 4.379659758543258588E-15 ) ) ;
#3830 = AXIS2_PLACEMENT_3D ( 'NONE', #5625, #4512, #5754 ) ;
#3831 = VECTOR ( 'NONE', #312, 1000.000000000000000 ) ;
#3832 = DIRECTION ( 'NONE',  ( -3.491481338843133355E-15, -0.000000000000000000, 1.000000000000000000 ) ) ;
#3833 = CIRCLE ( 'NONE', #4052, 0.1499999999999999667 ) ;
#3834 =( GEOMETRIC_REPRESENTATION_CONTEXT ( 3 ) GLOBAL_UNCERTAINTY_ASSIGNED_CONTEXT ( ( #4769 ) ) GLOBAL_UNIT_ASSIGNED_CONTEXT ( ( #935, #4230, #4700 ) ) REPRESENTATION_CONTEXT ( 'NONE', 'WORKASPACE' ) );
#3835 = VERTEX_POINT ( 'NONE', #1818 ) ;
#3836 = ORIENTED_EDGE ( 'NONE', *, *, #1897, .T. ) ;
#3837 = DIRECTION ( 'NONE',  ( 3.491481338843133750E-15, 0.000000000000000000, -1.000000000000000000 ) ) ;
#3838 = CARTESIAN_POINT ( 'NONE',  ( -1.899999999999995248, 0.000000000000000000, -1.350000000000006750 ) ) ;
#3839 = CARTESIAN_POINT ( 'NONE',  ( 0.7491781560021123498, 0.6899999999999922862, 1.372827446247165240 ) ) ;
#3840 = CARTESIAN_POINT ( 'NONE',  ( -3.523657060577974213E-15, 0.6000000000000125233, -1.230278287149084482E-29 ) ) ;
#3841 = FACE_OUTER_BOUND ( 'NONE', #6594, .T. ) ;
#3842 = ORIENTED_EDGE ( 'NONE', *, *, #1067, .T. ) ;
#3843 = EDGE_CURVE ( 'NONE', #4916, #4328, #5148, .T. ) ;
#3844 = CARTESIAN_POINT ( 'NONE',  ( 0.3500000000000035305, 1.099999999999999645, -1.049999999999998934 ) ) ;
#3845 = DIRECTION ( 'NONE',  ( 1.000000000000000000, 0.000000000000000000, 4.336808689942025625E-15 ) ) ;
#3846 = ORIENTED_EDGE ( 'NONE', *, *, #6869, .T. ) ;
#3847 = CARTESIAN_POINT ( 'NONE',  ( -1.700245513687543619, 0.6000000000000005329, 1.235206348558483436 ) ) ;
#3848 = CARTESIAN_POINT ( 'NONE',  ( 1.599999999999998535, 0.6000000000000000888, 0.3750000000000057732 ) ) ;
#3849 = EDGE_LOOP ( 'NONE', ( #5440, #727, #1851 ) ) ;
#3850 = CARTESIAN_POINT ( 'NONE',  ( 0.7044375921718426525, 0.9899999999999919975, -0.5976246289850379867 ) ) ;
#3851 = CARTESIAN_POINT ( 'NONE',  ( 0.09999999999999963085, 1.089999999999994307, 3.491481338843120043E-16 ) ) ;
#3852 = EDGE_CURVE ( 'NONE', #4176, #6062, #4799, .T. ) ;
#3853 = EDGE_LOOP ( 'NONE', ( #3677, #1055, #6294, #6498 ) ) ;
#3854 = EDGE_CURVE ( 'NONE', #2024, #4185, #5273, .T. ) ;
#3855 = CARTESIAN_POINT ( 'NONE',  ( 1.708158339641904444, 0.3381621638685259890, 0.3750000000000053291 ) ) ;
#3856 = DIRECTION ( 'NONE',  ( 1.000000000000000000, 0.000000000000000000, 4.065758146820636894E-15 ) ) ;
#3857 = FACE_OUTER_BOUND ( 'NONE', #4914, .T. ) ;
#3858 = DIRECTION ( 'NONE',  ( -7.047314121155772510E-15, 1.000000000000000000, -2.460556574298107587E-29 ) ) ;
#3859 = ORIENTED_EDGE ( 'NONE', *, *, #2990, .F. ) ;
#3860 = ORIENTED_EDGE ( 'NONE', *, *, #6563, .T. ) ;
#3861 = ORIENTED_EDGE ( 'NONE', *, *, #5769, .T. ) ;
#3862 = PLANE ( 'NONE',  #452 ) ;
#3863 = SHAPE_DEFINITION_REPRESENTATION ( #1625, #5437 ) ;
#3864 = CARTESIAN_POINT ( 'NONE',  ( -0.1499999999999972744, 1.199999999999999956, -0.8124038404635964827 ) ) ;
#3865 = DIRECTION ( 'NONE',  ( -3.491481338843133355E-15, 0.000000000000000000, 1.000000000000000000 ) ) ;
#3866 = VECTOR ( 'NONE', #6522, 1000.000000000000000 ) ;
#3867 = ORIENTED_EDGE ( 'NONE', *, *, #5614, .F. ) ;
#3868 = ORIENTED_EDGE ( 'NONE', *, *, #7045, .T. ) ;
#3869 = EDGE_CURVE ( 'NONE', #4317, #5837, #2050, .T. ) ;
#3870 = DIRECTION ( 'NONE',  ( 1.000000000000000000, -0.000000000000000000, 3.491481338843133355E-15 ) ) ;
#3871 = DIRECTION ( 'NONE',  ( 1.000000000000000000, 0.000000000000000000, 3.491481338843133355E-15 ) ) ;
#3872 = DIRECTION ( 'NONE',  ( -3.491481338843133355E-15, 0.000000000000000000, 1.000000000000000000 ) ) ;
#3873 = VECTOR ( 'NONE', #1606, 1000.000000000000000 ) ;
#3874 = ORIENTED_EDGE ( 'NONE', *, *, #6340, .F. ) ;
#3875 = ORIENTED_EDGE ( 'NONE', *, *, #4101, .F. ) ;
#3876 = DIRECTION ( 'NONE',  ( -3.491481338843133355E-15, 0.000000000000000000, 1.000000000000000000 ) ) ;
#3877 = CARTESIAN_POINT ( 'NONE',  ( 0.1000000000000000056, 1.089999999999992308, 3.491481338843133355E-16 ) ) ;
#3878 = DIRECTION ( 'NONE',  ( 0.000000000000000000, 1.000000000000000000, 0.000000000000000000 ) ) ;
#3879 = LINE ( 'NONE', #4905, #2550 ) ;
#3880 = AXIS2_PLACEMENT_3D ( 'NONE', #6796, #4061, #5097 ) ;
#3881 = VECTOR ( 'NONE', #6808, 1000.000000000000000 ) ;
#3882 = LINE ( 'NONE', #3916, #6677 ) ;
#3883 = ORIENTED_EDGE ( 'NONE', *, *, #3898, .T. ) ;
#3884 =( BOUNDED_CURVE ( )  B_SPLINE_CURVE ( 3, ( #3111, #264, #6932, #2030 ),
 .UNSPECIFIED., .F., .T. ) 
 B_SPLINE_CURVE_WITH_KNOTS ( ( 4, 4 ),
 ( 0.6654052348364472014, 1.045839206603436544 ),
 .UNSPECIFIED. ) 
 CURVE ( )  GEOMETRIC_REPRESENTATION_ITEM ( )  RATIONAL_B_SPLINE_CURVE ( ( 1.000000000000000000, 0.9879754881904126984, 0.9879754881904126984, 1.000000000000000000 ) ) 
 REPRESENTATION_ITEM ( '' )  );
#3885 = DIRECTION ( 'NONE',  ( 1.323076993872120937E-15, 1.327764720162981617E-31, -1.000000000000000000 ) ) ;
#3886 = DIRECTION ( 'NONE',  ( 1.000000000000000000, -3.469446951953615372E-15, 3.491481338843133355E-15 ) ) ;
#3887 = DIRECTION ( 'NONE',  ( 0.000000000000000000, 1.000000000000000000, 0.000000000000000000 ) ) ;
#3888 = ORIENTED_EDGE ( 'NONE', *, *, #1736, .T. ) ;
#3889 = VECTOR ( 'NONE', #5021, 1000.000000000000000 ) ;
#3890 = LINE ( 'NONE', #3855, #2325 ) ;
#3891 = LINE ( 'NONE', #479, #7020 ) ;
#3892 = CARTESIAN_POINT ( 'NONE',  ( 1.850000000000004974, 0.6000000000000000888, -1.499999999999993561 ) ) ;
#3893 = ADVANCED_FACE ( 'NONE', ( #1511 ), #5791, .T. ) ;
#3894 = VECTOR ( 'NONE', #1075, 1000.000000000000000 ) ;
#3895 = EDGE_CURVE ( 'NONE', #4854, #3009, #5045, .T. ) ;
#3896 = DIRECTION ( 'NONE',  ( 1.000000000000000000, -0.000000000000000000, 3.491481338843133355E-15 ) ) ;
#3897 = ORIENTED_EDGE ( 'NONE', *, *, #4078, .F. ) ;
#3898 = EDGE_CURVE ( 'NONE', #5781, #2252, #2012, .T. ) ;
#3899 = ORIENTED_EDGE ( 'NONE', *, *, #3400, .T. ) ;
#3900 = ORIENTED_EDGE ( 'NONE', *, *, #3384, .F. ) ;
#3901 = CARTESIAN_POINT ( 'NONE',  ( 0.7044375921718282196, 1.089999999999993197, 0.5976246289850537519 ) ) ;
#3902 = VECTOR ( 'NONE', #3865, 1000.000000000000000 ) ;
#3903 = DIRECTION ( 'NONE',  ( 0.000000000000000000, -1.000000000000000000, 0.000000000000000000 ) ) ;
#3904 = EDGE_CURVE ( 'NONE', #4748, #6364, #4841, .T. ) ;
#3905 = PLANE ( 'NONE',  #3660 ) ;
#3906 = ORIENTED_EDGE ( 'NONE', *, *, #5411, .F. ) ;
#3907 = ORIENTED_EDGE ( 'NONE', *, *, #6472, .F. ) ;
#3908 = LINE ( 'NONE', #6137, #3952 ) ;
#3909 = LINE ( 'NONE', #6138, #636 ) ;
#3910 = EDGE_CURVE ( 'NONE', #1981, #1522, #3706, .T. ) ;
#3911 = CARTESIAN_POINT ( 'NONE',  ( -0.7124038404635967270, 1.089999999999991420, 0.2499999999999976130 ) ) ;
#3912 = ORIENTED_EDGE ( 'NONE', *, *, #6441, .T. ) ;
#3913 = ORIENTED_EDGE ( 'NONE', *, *, #1415, .T. ) ;
#3914 = CARTESIAN_POINT ( 'NONE',  ( -1.900000000000005684, 0.5499999999999998224, 1.199999999999993294 ) ) ;
#3915 = CARTESIAN_POINT ( 'NONE',  ( 0.1000000000000000056, 0.6000000000000000888, 1.332883828495627032 ) ) ;
#3916 = CARTESIAN_POINT ( 'NONE',  ( -1.899999999999995248, 0.1000000000000000056, -1.350000000000006750 ) ) ;
#3917 = EDGE_LOOP ( 'NONE', ( #6848, #5661, #4937, #5052 ) ) ;
#3918 = FACE_OUTER_BOUND ( 'NONE', #700, .T. ) ;
#3919 = CARTESIAN_POINT ( 'NONE',  ( -1.699999999999998845, 0.6000000000000000888, -0.3500000000000053624 ) ) ;
#3920 = ORIENTED_EDGE ( 'NONE', *, *, #6632, .F. ) ;
#3921 = DIRECTION ( 'NONE',  ( 1.000000000000000000, -3.502807018799322109E-15, 3.491481338843133355E-15 ) ) ;
#3922 = DIRECTION ( 'NONE',  ( 0.000000000000000000, 1.000000000000000000, 0.000000000000000000 ) ) ;
#3923 = DIRECTION ( 'NONE',  ( -3.491481338843133355E-15, 0.000000000000000000, 1.000000000000000000 ) ) ;
#3924 = CARTESIAN_POINT ( 'NONE',  ( 1.509954935525321229, 1.077536728289187229, -0.3749999999999946154 ) ) ;
#3925 = VERTEX_POINT ( 'NONE', #5389 ) ;
#3926 = CARTESIAN_POINT ( 'NONE',  ( -0.1499999999999965250, -1.979848480983505743, -1.050000000000000488 ) ) ;
#3927 = ORIENTED_EDGE ( 'NONE', *, *, #1475, .T. ) ;
#3928 = DIRECTION ( 'NONE',  ( 3.491481338843133355E-15, 0.000000000000000000, -1.000000000000000000 ) ) ;
#3929 = EDGE_CURVE ( 'NONE', #1573, #4269, #7061, .T. ) ;
#3930 = VECTOR ( 'NONE', #3440, 1000.000000000000000 ) ;
#3931 = EDGE_CURVE ( 'NONE', #4225, #4807, #1360, .T. ) ;
#3932 = LINE ( 'NONE', #1863, #4226 ) ;
#3933 = VERTEX_POINT ( 'NONE', #3046 ) ;
#3934 = VECTOR ( 'NONE', #3705, 1000.000000000000000 ) ;
#3935 = ORIENTED_EDGE ( 'NONE', *, *, #1284, .T. ) ;
#3936 = ADVANCED_FACE ( 'NONE', ( #5430 ), #2197, .T. ) ;
#3937 = EDGE_CURVE ( 'NONE', #6033, #3835, #2769, .T. ) ;
#3938 = CARTESIAN_POINT ( 'NONE',  ( -0.9659547428989363471, 0.5000000000000000000, 1.332883828495627032 ) ) ;
#3939 = VECTOR ( 'NONE', #344, 1000.000000000000000 ) ;
#3940 = AXIS2_PLACEMENT_3D ( 'NONE', #6584, #2268, #7174 ) ;
#3941 = CARTESIAN_POINT ( 'NONE',  ( -1.351449120171321683, 0.6000000000000029754, -0.3313493293834522402 ) ) ;
#3942 = ORIENTED_EDGE ( 'NONE', *, *, #434, .T. ) ;
#3943 = VERTEX_POINT ( 'NONE', #6541 ) ;
#3944 = VECTOR ( 'NONE', #4659, 1000.000000000000000 ) ;
#3945 = ORIENTED_EDGE ( 'NONE', *, *, #2767, .F. ) ;
#3946 = DIRECTION ( 'NONE',  ( -0.8660254037844397068, 0.4999999999999979461, -3.023711536277460545E-15 ) ) ;
#3947 = EDGE_CURVE ( 'NONE', #960, #7182, #440, .T. ) ;
#3948 = CARTESIAN_POINT ( 'NONE',  ( 0.1000000000000000056, 1.089999999999992308, 3.491481338843133355E-16 ) ) ;
#3949 = CARTESIAN_POINT ( 'NONE',  ( 0.7044375921718323275, -1.979848480983507963, -0.5976246289850485338 ) ) ;
#3950 = CARTESIAN_POINT ( 'NONE',  ( 0.09999999999999999167, 0.1000000000000000056, 3.491481338843133355E-16 ) ) ;
#3951 = ORIENTED_EDGE ( 'NONE', *, *, #3373, .F. ) ;
#3952 = VECTOR ( 'NONE', #1165, 1000.000000000000000 ) ;
#3953 = DIRECTION ( 'NONE',  ( 0.000000000000000000, 1.000000000000000000, 0.000000000000000000 ) ) ;
#3954 = LINE ( 'NONE', #4564, #6439 ) ;
#3955 = CARTESIAN_POINT ( 'NONE',  ( 0.09999999999999999167, 0.000000000000000000, 3.491481338843133355E-16 ) ) ;
#3956 = EDGE_LOOP ( 'NONE', ( #6950, #4926, #3449, #6708 ) ) ;
#3957 = VERTEX_POINT ( 'NONE', #1588 ) ;
#3958 = DIRECTION ( 'NONE',  ( 1.000000000000000000, 0.000000000000000000, 3.491481338843133355E-15 ) ) ;
#3959 = LINE ( 'NONE', #100, #4521 ) ;
#3960 = CARTESIAN_POINT ( 'NONE',  ( -1.300000000000002931, 0.000000000000000000, 0.8499999999999960920 ) ) ;
#3961 = DIRECTION ( 'NONE',  ( 0.000000000000000000, -1.000000000000000000, 0.000000000000000000 ) ) ;
#3962 = CARTESIAN_POINT ( 'NONE',  ( -1.799999999999997380, 0.5500000000000001554, -1.200000000000006395 ) ) ;
#3963 = ORIENTED_EDGE ( 'NONE', *, *, #2485, .F. ) ;
#3964 = DIRECTION ( 'NONE',  ( 1.000000000000000000, 0.000000000000000000, 3.491481338843133355E-15 ) ) ;
#3965 = DIRECTION ( 'NONE',  ( -1.000000000000000000, 0.000000000000000000, -3.293151673144565596E-15 ) ) ;
#3966 = ORIENTED_EDGE ( 'NONE', *, *, #5640, .T. ) ;
#3967 = EDGE_LOOP ( 'NONE', ( #4184, #492, #6203, #123 ) ) ;
#3968 = PLANE ( 'NONE',  #3507 ) ;
#3969 = CARTESIAN_POINT ( 'NONE',  ( -1.119846099012075324, 0.6000000000000046407, 0.9318663323339586579 ) ) ;
#3970 = ORIENTED_EDGE ( 'NONE', *, *, #2062, .F. ) ;
#3971 = EDGE_CURVE ( 'NONE', #1782, #5624, #1655, .T. ) ;
#3972 = EDGE_CURVE ( 'NONE', #6642, #1096, #3181, .T. ) ;
#3973 = VERTEX_POINT ( 'NONE', #6654 ) ;
#3974 = EDGE_CURVE ( 'NONE', #391, #4010, #1031, .T. ) ;
#3975 = EDGE_CURVE ( 'NONE', #507, #2251, #5339, .T. ) ;
#3976 = ORIENTED_EDGE ( 'NONE', *, *, #1301, .T. ) ;
#3977 = AXIS2_PLACEMENT_3D ( 'NONE', #2179, #3183, #3803 ) ;
#3978 = CARTESIAN_POINT ( 'NONE',  ( 0.9124038404635952393, 1.056263979040564793, 0.2500000000000032196 ) ) ;
#3979 = DIRECTION ( 'NONE',  ( -1.000000000000000000, 4.207103668092286430E-16, -5.659885683814145379E-15 ) ) ;
#3980 = CARTESIAN_POINT ( 'NONE',  ( -1.700245513687537846, 0.6000000000000005329, -0.4176401038210587058 ) ) ;
#3981 = VERTEX_POINT ( 'NONE', #3282 ) ;
#3982 = ADVANCED_FACE ( 'NONE', ( #4879 ), #1688, .F. ) ;
#3983 = VECTOR ( 'NONE', #5406, 1000.000000000000000 ) ;
#3984 = DIRECTION ( 'NONE',  ( 1.000000000000000000, -3.571489509364014885E-15, 3.491481338843132961E-15 ) ) ;
#3985 = EDGE_LOOP ( 'NONE', ( #1458, #6296, #6648, #4202 ) ) ;
#3986 = ORIENTED_EDGE ( 'NONE', *, *, #25, .T. ) ;
#3987 = DIRECTION ( 'NONE',  ( 0.000000000000000000, 1.000000000000000000, -0.000000000000000000 ) ) ;
#3988 = VECTOR ( 'NONE', #1712, 1000.000000000000000 ) ;
#3989 = CARTESIAN_POINT ( 'NONE',  ( -0.9999999999999965583, 0.6000000000000000888, -1.000000000000003553 ) ) ;
#3990 = EDGE_CURVE ( 'NONE', #7150, #6719, #3891, .T. ) ;
#3991 = CARTESIAN_POINT ( 'NONE',  ( -1.799999999999999600, 0.5500000000000001554, -0.5500000000000068168 ) ) ;
#3992 = CARTESIAN_POINT ( 'NONE',  ( -1.000000000000003553, 0.6000000000000000888, 0.9999999999999965583 ) ) ;
#3993 = VECTOR ( 'NONE', #3276, 1000.000000000000000 ) ;
#3994 = VERTEX_POINT ( 'NONE', #2693 ) ;
#3995 = ORIENTED_EDGE ( 'NONE', *, *, #5729, .T. ) ;
#3996 = DIRECTION ( 'NONE',  ( -3.491481338843133355E-15, 0.000000000000000000, 1.000000000000000000 ) ) ;
#3997 = VECTOR ( 'NONE', #4021, 1000.000000000000000 ) ;
#3998 = CARTESIAN_POINT ( 'NONE',  ( -1.750000000000003997, 0.6000000000000005329, 0.5499999999999944933 ) ) ;
#3999 =( GEOMETRIC_REPRESENTATION_CONTEXT ( 3 ) GLOBAL_UNCERTAINTY_ASSIGNED_CONTEXT ( ( #5362 ) ) GLOBAL_UNIT_ASSIGNED_CONTEXT ( ( #7042, #4084, #976 ) ) REPRESENTATION_CONTEXT ( 'NONE', 'WORKASPACE' ) );
#4000 = DIRECTION ( 'NONE',  ( -3.491481338843133750E-15, -0.000000000000000000, 1.000000000000000000 ) ) ;
#4001 = VERTEX_POINT ( 'NONE', #6124 ) ;
#4002 = ORIENTED_EDGE ( 'NONE', *, *, #2947, .T. ) ;
#4003 = ORIENTED_EDGE ( 'NONE', *, *, #5900, .F. ) ;
#4004 = VECTOR ( 'NONE', #517, 1000.000000000000000 ) ;
#4005 = AXIS2_PLACEMENT_3D ( 'NONE', #3877, #2760, #5016 ) ;
#4006 = DIRECTION ( 'NONE',  ( 3.491481338843133355E-15, 0.000000000000000000, -1.000000000000000000 ) ) ;
#4007 = VECTOR ( 'NONE', #1486, 1000.000000000000114 ) ;
#4008 = CARTESIAN_POINT ( 'NONE',  ( -1.750000000000004885, 0.1000000000000000056, 1.339999999999993641 ) ) ;
#4009 = ORIENTED_EDGE ( 'NONE', *, *, #1811, .T. ) ;
#4010 = VERTEX_POINT ( 'NONE', #5972 ) ;
#4011 = ORIENTED_EDGE ( 'NONE', *, *, #6533, .T. ) ;
#4012 = LINE ( 'NONE', #6240, #5844 ) ;
#4013 = DIRECTION ( 'NONE',  ( 0.000000000000000000, 1.000000000000000000, 0.000000000000000000 ) ) ;
#4014 = EDGE_CURVE ( 'NONE', #4116, #561, #6583, .T. ) ;
#4015 = ADVANCED_FACE ( 'NONE', ( #1623 ), #3747, .F. ) ;
#4016 = FACE_OUTER_BOUND ( 'NONE', #3167, .T. ) ;
#4017 = EDGE_CURVE ( 'NONE', #6280, #3202, #5582, .T. ) ;
#4018 = CARTESIAN_POINT ( 'NONE',  ( -1.900000000000004130, 0.09999999999999985290, 1.199999999999993294 ) ) ;
#4019 = ORIENTED_EDGE ( 'NONE', *, *, #6696, .T. ) ;
#4020 = LINE ( 'NONE', #30, #5526 ) ;
#4021 = DIRECTION ( 'NONE',  ( 1.000000000000000000, 7.086008913773445480E-15, 3.491481338843133355E-15 ) ) ;
#4022 = ORIENTED_EDGE ( 'NONE', *, *, #1861, .F. ) ;
#4023 = VERTEX_POINT ( 'NONE', #2266 ) ;
#4024 = PLANE ( 'NONE',  #3059 ) ;
#4025 = ADVANCED_FACE ( 'NONE', ( #6507 ), #1071, .F. ) ;
#4026 = EDGE_CURVE ( 'NONE', #1659, #5926, #513, .T. ) ;
#4027 = LINE ( 'NONE', #6252, #1282 ) ;
#4028 = DIRECTION ( 'NONE',  ( 1.000000000000000000, 0.000000000000000000, 3.491481338843133355E-15 ) ) ;
#4029 = ORIENTED_EDGE ( 'NONE', *, *, #142, .T. ) ;
#4030 = ORIENTED_EDGE ( 'NONE', *, *, #4191, .F. ) ;
#4031 = CARTESIAN_POINT ( 'NONE',  ( -1.449999999999997513, 1.090000000000000080, -0.7500000000000051070 ) ) ;
#4032 = ADVANCED_FACE ( 'NONE', ( #4401 ), #5545, .F. ) ;
#4033 = FACE_OUTER_BOUND ( 'NONE', #6804, .T. ) ;
#4034 = CARTESIAN_POINT ( 'NONE',  ( 1.899999999999998357, 0.1000000000000000056, 0.3750000000000059397 ) ) ;
#4035 = ORIENTED_EDGE ( 'NONE', *, *, #4645, .F. ) ;
#4036 = VERTEX_POINT ( 'NONE', #1279 ) ;
#4037 = AXIS2_PLACEMENT_3D ( 'NONE', #2103, #5407, #2212 ) ;
#4038 = PLANE ( 'NONE',  #1900 ) ;
#4039 = ADVANCED_FACE ( 'NONE', ( #626 ), #4024, .F. ) ;
#4040 = LINE ( 'NONE', #1877, #2054 ) ;
#4041 = CARTESIAN_POINT ( 'NONE',  ( -1.899999999999995914, 0.09999999999999950595, -1.200000000000006839 ) ) ;
#4042 = ORIENTED_EDGE ( 'NONE', *, *, #4125, .T. ) ;
#4043 = PRESENTATION_LAYER_ASSIGNMENT (  '', '', ( #7198 ) ) ;
#4044 = ORIENTED_EDGE ( 'NONE', *, *, #628, .T. ) ;
#4045 = DIRECTION ( 'NONE',  ( 0.000000000000000000, 1.000000000000000000, 0.000000000000000000 ) ) ;
#4046 = DIRECTION ( 'NONE',  ( 3.491481338843133355E-15, -0.000000000000000000, -1.000000000000000000 ) ) ;
#4047 = VECTOR ( 'NONE', #6359, 1000.000000000000000 ) ;
#4048 = AXIS2_PLACEMENT_3D ( 'NONE', #835, #2575, #4131 ) ;
#4049 = DIRECTION ( 'NONE',  ( 1.000000000000000000, 0.000000000000000000, 3.491481338843133355E-15 ) ) ;
#4050 = CARTESIAN_POINT ( 'NONE',  ( -1.450000000000003952, 0.1000000000000000056, 1.199999999999995071 ) ) ;
#4051 = VERTEX_POINT ( 'NONE', #2868 ) ;
#4052 = AXIS2_PLACEMENT_3D ( 'NONE', #5372, #1377, #4231 ) ;
#4053 = VECTOR ( 'NONE', #5737, 1000.000000000000000 ) ;
#4054 = ORIENTED_EDGE ( 'NONE', *, *, #2911, .F. ) ;
#4055 = VERTEX_POINT ( 'NONE', #3388 ) ;
#4056 = CARTESIAN_POINT ( 'NONE',  ( -1.750000000000003553, 0.5500000000000002665, 0.5499999999999944933 ) ) ;
#4057 = APPLICATION_CONTEXT ( 'automotive_design' ) ;
#4058 = FACE_OUTER_BOUND ( 'NONE', #1746, .T. ) ;
#4059 = AXIS2_PLACEMENT_3D ( 'NONE', #6879, #6963, #855 ) ;
#4060 = DIRECTION ( 'NONE',  ( 3.491481338843133355E-15, 0.000000000000000000, -1.000000000000000000 ) ) ;
#4061 = DIRECTION ( 'NONE',  ( 0.000000000000000000, -1.000000000000000000, 0.000000000000000000 ) ) ;
#4062 = ADVANCED_FACE ( 'NONE', ( #728 ), #5061, .T. ) ;
#4063 = EDGE_CURVE ( 'NONE', #852, #3981, #6100, .T. ) ;
#4064 = ORIENTED_EDGE ( 'NONE', *, *, #5142, .F. ) ;
#4065 = ORIENTED_EDGE ( 'NONE', *, *, #6131, .T. ) ;
#4066 = EDGE_CURVE ( 'NONE', #3973, #1076, #1330, .T. ) ;
#4067 = LINE ( 'NONE', #773, #2885 ) ;
#4068 = DIRECTION ( 'NONE',  ( -7.047314121155773299E-15, 1.000000000000000000, -2.460556574298107867E-29 ) ) ;
#4069 = DIRECTION ( 'NONE',  ( 1.000000000000000000, -3.469446951953615372E-15, 3.491481338843133355E-15 ) ) ;
#4070 = DIRECTION ( 'NONE',  ( 3.491481338843133355E-15, 0.000000000000000000, -1.000000000000000000 ) ) ;
#4071 = EDGE_CURVE ( 'NONE', #5613, #3288, #4508, .T. ) ;
#4072 = LINE ( 'NONE', #3676, #2625 ) ;
#4073 = ORIENTED_EDGE ( 'NONE', *, *, #3666, .F. ) ;
#4074 = ORIENTED_EDGE ( 'NONE', *, *, #4987, .F. ) ;
#4075 = CARTESIAN_POINT ( 'NONE',  ( -1.350000000000002753, 1.089999999999999636, 0.7499999999999953371 ) ) ;
#4076 = DIRECTION ( 'NONE',  ( -3.491481338843133355E-15, 3.942553354492624709E-15, 1.000000000000000000 ) ) ;
#4077 = ORIENTED_EDGE ( 'NONE', *, *, #6372, .T. ) ;
#4078 = EDGE_CURVE ( 'NONE', #959, #5781, #3763, .T. ) ;
#4079 = VERTEX_POINT ( 'NONE', #4602 ) ;
#4080 = CARTESIAN_POINT ( 'NONE',  ( -1.099999999999995870, 0.1000000000000000056, -1.100000000000004530 ) ) ;
#4081 = LINE ( 'NONE', #302, #7090 ) ;
#4082 = CARTESIAN_POINT ( 'NONE',  ( -1.700245513687538068, 0.7000000000000005107, -0.5500000000000064837 ) ) ;
#4083 = FACE_OUTER_BOUND ( 'NONE', #2183, .T. ) ;
#4084 =( NAMED_UNIT ( * ) PLANE_ANGLE_UNIT ( ) SI_UNIT ( $, .RADIAN. ) );
#4085 = ORIENTED_EDGE ( 'NONE', *, *, #3532, .F. ) ;
#4086 = VECTOR ( 'NONE', #4120, 1000.000000000000000 ) ;
#4087 = CARTESIAN_POINT ( 'NONE',  ( -0.9659547428989363471, 0.6000000000000000888, 1.332883828495627032 ) ) ;
#4088 = DIRECTION ( 'NONE',  ( 1.000000000000000000, 0.000000000000000000, 3.491481338843133355E-15 ) ) ;
#4089 = ORIENTED_EDGE ( 'NONE', *, *, #1238, .F. ) ;
#4090 = CARTESIAN_POINT ( 'NONE',  ( -0.1500000000000036304, -1.979848480983505743, 1.049999999999999822 ) ) ;
#4091 = PLANE ( 'NONE',  #3710 ) ;
#4092 = VECTOR ( 'NONE', #2075, 1000.000000000000000 ) ;
#4093 = LINE ( 'NONE', #566, #3770 ) ;
#4094 = CARTESIAN_POINT ( 'NONE',  ( -1.750000000000001554, 0.6000000000000000888, 0.3999999999999944156 ) ) ;
#4095 = CYLINDRICAL_SURFACE ( 'NONE', #1698, 0.1499999999999999667 ) ;
#4096 = ORIENTED_EDGE ( 'NONE', *, *, #1425, .F. ) ;
#4097 = ORIENTED_EDGE ( 'NONE', *, *, #3971, .F. ) ;
#4098 = VECTOR ( 'NONE', #7173, 1000.000000000000000 ) ;
#4099 = LINE ( 'NONE', #4031, #6154 ) ;
#4100 = CARTESIAN_POINT ( 'NONE',  ( 1.730352743585695574, 0.1695789288330072364, -0.3749999999999938938 ) ) ;
#4101 = EDGE_CURVE ( 'NONE', #1555, #6041, #6251, .T. ) ;
#4102 = ADVANCED_FACE ( 'NONE', ( #5744 ), #2834, .F. ) ;
#4103 = CARTESIAN_POINT ( 'NONE',  ( -1.613954739249932935, 0.6000000000000010880, -0.3313493293834531839 ) ) ;
#4104 = VECTOR ( 'NONE', #5031, 1000.000000000000000 ) ;
#4105 = VECTOR ( 'NONE', #4963, 1000.000000000000000 ) ;
#4106 = ADVANCED_FACE ( 'NONE', ( #6186 ), #5195, .F. ) ;
#4107 = LINE ( 'NONE', #6331, #4484 ) ;
#4108 = ADVANCED_FACE ( 'NONE', ( #1213 ), #6152, .F. ) ;
#4109 = ORIENTED_EDGE ( 'NONE', *, *, #6353, .F. ) ;
#4110 = ORIENTED_EDGE ( 'NONE', *, *, #2975, .F. ) ;
#4111 = AXIS2_PLACEMENT_3D ( 'NONE', #6896, #3082, #3556 ) ;
#4112 = STYLED_ITEM ( 'NONE', ( #5374 ), #4863 ) ;
#4113 = CARTESIAN_POINT ( 'NONE',  ( 0.1000000000000000056, 0.9899999999999926636, 3.491481338843133355E-16 ) ) ;
#4114 = EDGE_CURVE ( 'NONE', #5088, #4854, #3416, .T. ) ;
#4115 = LINE ( 'NONE', #6339, #7032 ) ;
#4116 = VERTEX_POINT ( 'NONE', #2367 ) ;
#4117 = AXIS2_PLACEMENT_3D ( 'NONE', #2140, #6029, #1052 ) ;
#4118 = VECTOR ( 'NONE', #246, 1000.000000000000000 ) ;
#4119 = VERTEX_POINT ( 'NONE', #663 ) ;
#4120 = DIRECTION ( 'NONE',  ( -6.944615092633338914E-15, 1.000000000000000000, -2.424699400137768028E-29 ) ) ;
#4121 =( GEOMETRIC_REPRESENTATION_CONTEXT ( 3 ) GLOBAL_UNCERTAINTY_ASSIGNED_CONTEXT ( ( #4922 ) ) GLOBAL_UNIT_ASSIGNED_CONTEXT ( ( #2998, #1933, #5780 ) ) REPRESENTATION_CONTEXT ( 'NONE', 'WORKASPACE' ) );
#4122 = DIRECTION ( 'NONE',  ( 0.9914448613738108262, 0.1305261922200484925, 3.461611231978577962E-15 ) ) ;
#4123 = FILL_AREA_STYLE ('',( #900 ) ) ;
#4124 = VECTOR ( 'NONE', #5512, 1000.000000000000000 ) ;
#4125 = EDGE_CURVE ( 'NONE', #3354, #2024, #2377, .T. ) ;
#4126 = CARTESIAN_POINT ( 'NONE',  ( -1.700245513687534960, 0.6000000000000005329, -1.235206348558495204 ) ) ;
#4127 = CARTESIAN_POINT ( 'NONE',  ( 0.3499999999999963696, -1.979848480983505743, 1.050000000000001377 ) ) ;
#4128 = EDGE_LOOP ( 'NONE', ( #6661, #3945, #2586, #1472 ) ) ;
#4129 = ORIENTED_EDGE ( 'NONE', *, *, #3929, .F. ) ;
#4130 = ORIENTED_EDGE ( 'NONE', *, *, #2399, .F. ) ;
#4131 = DIRECTION ( 'NONE',  ( -1.000000000000000000, 0.000000000000000000, -3.822030781674079752E-15 ) ) ;
#4132 = LINE ( 'NONE', #3588, #3065 ) ;
#4133 = PLANE ( 'NONE',  #1117 ) ;
#4134 = ORIENTED_EDGE ( 'NONE', *, *, #432, .T. ) ;
#4135 = ORIENTED_EDGE ( 'NONE', *, *, #661, .T. ) ;
#4136 = DIRECTION ( 'NONE',  ( 1.000000000000000000, 0.000000000000000000, 0.000000000000000000 ) ) ;
#4137 = CARTESIAN_POINT ( 'NONE',  ( -0.9659547428989363471, 0.6000000000000000888, -1.332883828495627032 ) ) ;
#4138 = PLANE ( 'NONE',  #3016 ) ;
#4139 = LINE ( 'NONE', #110, #4693 ) ;
#4140 = PLANE ( 'NONE',  #4585 ) ;
#4141 = VERTEX_POINT ( 'NONE', #4568 ) ;
#4142 = ADVANCED_FACE ( 'NONE', ( #4539 ), #6221, .F. ) ;
#4143 = ORIENTED_EDGE ( 'NONE', *, *, #4385, .F. ) ;
#4144 = ORIENTED_EDGE ( 'NONE', *, *, #1329, .F. ) ;
#4145 = CARTESIAN_POINT ( 'NONE',  ( 0.9457731086634567630, 0.000000000000000000, -0.3070147898133150921 ) ) ;
#4146 = FACE_OUTER_BOUND ( 'NONE', #3789, .T. ) ;
#4147 = ORIENTED_EDGE ( 'NONE', *, *, #3708, .F. ) ;
#4148 = EDGE_CURVE ( 'NONE', #6933, #5039, #867, .T. ) ;
#4149 = ORIENTED_EDGE ( 'NONE', *, *, #4987, .T. ) ;
#4150 = ADVANCED_FACE ( 'NONE', ( #1167 ), #6201, .T. ) ;
#4151 = CARTESIAN_POINT ( 'NONE',  ( 0.3500000000000035305, 1.199999999999999956, -1.049999999999998934 ) ) ;
#4152 = FILL_AREA_STYLE ('',( #1376 ) ) ;
#4153 = CARTESIAN_POINT ( 'NONE',  ( -1.900000000000001243, 0.000000000000000000, 0.3999999999999940270 ) ) ;
#4154 = LINE ( 'NONE', #902, #2743 ) ;
#4155 = AXIS2_PLACEMENT_3D ( 'NONE', #5360, #5284, #1983 ) ;
#4156 = PLANE ( 'NONE',  #2046 ) ;
#4157 = EDGE_CURVE ( 'NONE', #5480, #5624, #86, .T. ) ;
#4158 = VECTOR ( 'NONE', #360, 1000.000000000000000 ) ;
#4159 = CARTESIAN_POINT ( 'NONE',  ( -1.800000000000005818, 0.5999999999999998668, 1.199999999999993738 ) ) ;
#4160 = VECTOR ( 'NONE', #3479, 1000.000000000000000 ) ;
#4161 = PLANE ( 'NONE',  #5299 ) ;
#4162 = ORIENTED_EDGE ( 'NONE', *, *, #6040, .F. ) ;
#4163 = FACE_OUTER_BOUND ( 'NONE', #961, .T. ) ;
#4164 = DIRECTION ( 'NONE',  ( 1.000000000000000000, 0.000000000000000000, 3.263320628122684032E-15 ) ) ;
#4165 = ORIENTED_EDGE ( 'NONE', *, *, #2742, .F. ) ;
#4166 = VECTOR ( 'NONE', #866, 1000.000000000000000 ) ;
#4167 = LINE ( 'NONE', #3514, #5057 ) ;
#4168 = CARTESIAN_POINT ( 'NONE',  ( 1.849999999999998535, 0.6000000000000000888, 0.3750000000000064948 ) ) ;
#4169 = ORIENTED_EDGE ( 'NONE', *, *, #1751, .T. ) ;
#4170 = EDGE_LOOP ( 'NONE', ( #4644, #2421, #2453, #5830 ) ) ;
#4171 = PLANE ( 'NONE',  #2786 ) ;
#4172 = AXIS2_PLACEMENT_3D ( 'NONE', #1901, #177, #1668 ) ;
#4173 = DIRECTION ( 'NONE',  ( 0.000000000000000000, -1.000000000000000000, 0.000000000000000000 ) ) ;
#4174 = CARTESIAN_POINT ( 'NONE',  ( -1.265954742898944607, 0.6000000000000036415, 1.332883828495617040 ) ) ;
#4175 = CARTESIAN_POINT ( 'NONE',  ( 1.708158339641907109, 0.3381621638685259890, -0.3749999999999939493 ) ) ;
#4176 = VERTEX_POINT ( 'NONE', #2250 ) ;
#4177 = ORIENTED_EDGE ( 'NONE', *, *, #4836, .T. ) ;
#4178 = ORIENTED_EDGE ( 'NONE', *, *, #2269, .F. ) ;
#4179 = CARTESIAN_POINT ( 'NONE',  ( -1.749999999999998446, 0.7000000000000001776, -1.200000000000006173 ) ) ;
#4180 = CARTESIAN_POINT ( 'NONE',  ( -1.750000000000006661, 0.7000000000000001776, 1.199999999999993960 ) ) ;
#4181 = LINE ( 'NONE', #146, #291 ) ;
#4182 = PRODUCT_DEFINITION_CONTEXT ( 'detailed design', #5327, 'design' ) ;
#4183 = VERTEX_POINT ( 'NONE', #5701 ) ;
#4184 = ORIENTED_EDGE ( 'NONE', *, *, #6875, .F. ) ;
#4185 = VERTEX_POINT ( 'NONE', #56 ) ;
#4186 = CARTESIAN_POINT ( 'NONE',  ( 1.631208257448311993, 0.1565263096110023622, 0.3750000000000049405 ) ) ;
#4187 = LINE ( 'NONE', #3649, #5009 ) ;
#4188 = DIRECTION ( 'NONE',  ( 0.000000000000000000, 0.000000000000000000, 1.000000000000000000 ) ) ;
#4189 = DIRECTION ( 'NONE',  ( 0.000000000000000000, -1.000000000000000000, 0.000000000000000000 ) ) ;
#4190 = DIRECTION ( 'NONE',  ( 3.491481338843133355E-15, 0.000000000000000000, -1.000000000000000000 ) ) ;
#4191 = EDGE_CURVE ( 'NONE', #2251, #6175, #4589, .T. ) ;
#4192 = EDGE_CURVE ( 'NONE', #5101, #7150, #6675, .T. ) ;
#4193 = CARTESIAN_POINT ( 'NONE',  ( -1.199038105676660138, 1.199999999999999956, 0.7499999999999957812 ) ) ;
#4194 = EDGE_CURVE ( 'NONE', #1697, #2944, #714, .T. ) ;
#4195 = ORIENTED_EDGE ( 'NONE', *, *, #1514, .F. ) ;
#4196 = DIRECTION ( 'NONE',  ( -7.228014483236703064E-15, 1.000000000000000000, 0.000000000000000000 ) ) ;
#4197 = VERTEX_POINT ( 'NONE', #2915 ) ;
#4198 = DIRECTION ( 'NONE',  ( -3.491481338843133750E-15, 0.000000000000000000, 1.000000000000000000 ) ) ;
#4199 = CARTESIAN_POINT ( 'NONE',  ( 0.7491781560021191222, 1.089999999999992308, -0.5486963839590049963 ) ) ;
#4200 = EDGE_CURVE ( 'NONE', #600, #6587, #4342, .T. ) ;
#4201 = CARTESIAN_POINT ( 'NONE',  ( -1.399999999999997913, 0.7000000000000027311, -1.200000000000005063 ) ) ;
#4202 = ORIENTED_EDGE ( 'NONE', *, *, #162, .F. ) ;
#4203 = DIRECTION ( 'NONE',  ( 0.9135180926580644956, 0.000000000000000000, 0.4067981002737991458 ) ) ;
#4204 = DIRECTION ( 'NONE',  ( 1.000000000000000000, 0.000000000000000000, 3.252606517456511724E-15 ) ) ;
#4205 = ORIENTED_EDGE ( 'NONE', *, *, #3741, .F. ) ;
#4206 = VERTEX_POINT ( 'NONE', #6140 ) ;
#4207 = CARTESIAN_POINT ( 'NONE',  ( -0.9500000000000010658, 1.199999999999999956, 0.2499999999999968636 ) ) ;
#4208 = DIRECTION ( 'NONE',  ( -1.000000000000000000, -0.000000000000000000, -0.000000000000000000 ) ) ;
#4209 = VECTOR ( 'NONE', #5441, 1000.000000000000114 ) ;
#4210 = LINE ( 'NONE', #1477, #4998 ) ;
#4211 = EDGE_CURVE ( 'NONE', #1759, #6830, #4927, .T. ) ;
#4212 = DIRECTION ( 'NONE',  ( 0.000000000000000000, 1.000000000000000000, 0.000000000000000000 ) ) ;
#4213 = VECTOR ( 'NONE', #2536, 1000.000000000000000 ) ;
#4214 = VERTEX_POINT ( 'NONE', #3911 ) ;
#4215 = EDGE_LOOP ( 'NONE', ( #6357, #5695, #6342, #2243 ) ) ;
#4216 = ORIENTED_EDGE ( 'NONE', *, *, #881, .F. ) ;
#4217 =( LENGTH_UNIT ( ) NAMED_UNIT ( * ) SI_UNIT ( .MILLI., .METRE. ) );
#4218 = DIRECTION ( 'NONE',  ( -0.000000000000000000, -1.000000000000000000, 0.000000000000000000 ) ) ;
#4219 = DIRECTION ( 'NONE',  ( -0.1305261922200485203, 0.9914448613738108262, -4.557297643665511566E-16 ) ) ;
#4220 = VECTOR ( 'NONE', #6181, 1000.000000000000000 ) ;
#4221 = VECTOR ( 'NONE', #1551, 1000.000000000000000 ) ;
#4222 = LINE ( 'NONE', #6443, #164 ) ;
#4223 = ORIENTED_EDGE ( 'NONE', *, *, #1684, .T. ) ;
#4224 = VECTOR ( 'NONE', #1968, 1000.000000000000000 ) ;
#4225 = VERTEX_POINT ( 'NONE', #5043 ) ;
#4226 = VECTOR ( 'NONE', #12, 1000.000000000000000 ) ;
#4227 = CARTESIAN_POINT ( 'NONE',  ( -1.602568033750403353, 0.7000000000000012879, -1.332883828495627032 ) ) ;
#4228 = DIRECTION ( 'NONE',  ( -3.491481338843133355E-15, 0.000000000000000000, 1.000000000000000000 ) ) ;
#4229 = CARTESIAN_POINT ( 'NONE',  ( 0.7491781560021123498, 0.9899999999999922196, 1.352245436956507785 ) ) ;
#4230 =( NAMED_UNIT ( * ) PLANE_ANGLE_UNIT ( ) SI_UNIT ( $, .RADIAN. ) );
#4231 = DIRECTION ( 'NONE',  ( 1.000000000000000000, 0.000000000000000000, 2.891205793294679017E-15 ) ) ;
#4232 = DIRECTION ( 'NONE',  ( -1.000000000000000000, 0.000000000000000000, -3.491481338843133355E-15 ) ) ;
#4233 = VECTOR ( 'NONE', #658, 1000.000000000000000 ) ;
#4234 = VECTOR ( 'NONE', #5997, 1000.000000000000000 ) ;
#4235 = DIRECTION ( 'NONE',  ( -1.000000000000000000, 3.502807018799322109E-15, -3.491481338843133355E-15 ) ) ;
#4236 = EDGE_CURVE ( 'NONE', #5419, #2089, #5746, .T. ) ;
#4237 = ORIENTED_EDGE ( 'NONE', *, *, #3360, .F. ) ;
#4238 = AXIS2_PLACEMENT_3D ( 'NONE', #2532, #2105, #4739 ) ;
#4239 = CARTESIAN_POINT ( 'NONE',  ( -1.699999999999998845, 0.6000000000000000888, -0.3500000000000053624 ) ) ;
#4240 = EDGE_CURVE ( 'NONE', #6017, #239, #4524, .T. ) ;
#4241 = CARTESIAN_POINT ( 'NONE',  ( 1.899999999999996803, 0.1000000000000000056, 0.7500000000000065503 ) ) ;
#4242 = AXIS2_PLACEMENT_3D ( 'NONE', #5829, #5205, #1437 ) ;
#4243 = VECTOR ( 'NONE', #3271, 1000.000000000000000 ) ;
#4244 = ORIENTED_EDGE ( 'NONE', *, *, #2539, .T. ) ;
#4245 = CARTESIAN_POINT ( 'NONE',  ( 2.549999999999997158, 0.9899999999999858913, 0.7500000000000088818 ) ) ;
#4246 = CARTESIAN_POINT ( 'NONE',  ( 0.5974937185533123474, 0.1000000000000000056, -0.7499999999999980016 ) ) ;
#4247 = VERTEX_POINT ( 'NONE', #678 ) ;
#4248 = COLOUR_RGB ( '',0.7921568627450980005, 0.8196078431372548767, 0.9333333333333333481 ) ;
#4249 = LINE ( 'NONE', #509, #4347 ) ;
#4250 = VERTEX_POINT ( 'NONE', #4008 ) ;
#4251 = EDGE_CURVE ( 'NONE', #327, #115, #5886, .T. ) ;
#4252 = ORIENTED_EDGE ( 'NONE', *, *, #6581, .F. ) ;
#4253 = EDGE_CURVE ( 'NONE', #6588, #6166, #1742, .T. ) ;
#4254 = LINE ( 'NONE', #2049, #5461 ) ;
#4255 = DIRECTION ( 'NONE',  ( -1.000000000000000000, 0.000000000000000000, -3.491481338843133355E-15 ) ) ;
#4256 = CARTESIAN_POINT ( 'NONE',  ( -1.900000000000004796, 0.000000000000000000, 1.349999999999993427 ) ) ;
#4257 = CARTESIAN_POINT ( 'NONE',  ( -1.900000000000004796, 0.000000000000000000, 1.349999999999993427 ) ) ;
#4258 = CARTESIAN_POINT ( 'NONE',  ( 0.7491781560021218977, 0.9899999999999922196, -1.352245436956502678 ) ) ;
#4259 = ORIENTED_EDGE ( 'NONE', *, *, #4101, .T. ) ;
#4260 = DIRECTION ( 'NONE',  ( -1.000000000000000000, 0.000000000000000000, -3.491481338843133355E-15 ) ) ;
#4261 = ORIENTED_EDGE ( 'NONE', *, *, #441, .F. ) ;
#4262 = EDGE_LOOP ( 'NONE', ( #579, #6971, #1653, #1673, #4029, #6790, #669, #5106, #3842, #7170, #2863, #4608, #1772, #1218, #892, #395, #2781 ) ) ;
#4263 = ADVANCED_FACE ( 'NONE', ( #120 ), #6171, .T. ) ;
#4264 = DIRECTION ( 'NONE',  ( -3.263320628122684032E-15, 0.000000000000000000, 1.000000000000000000 ) ) ;
#4265 = PRESENTATION_STYLE_ASSIGNMENT (( #4768 ) ) ;
#4266 = CARTESIAN_POINT ( 'NONE',  ( 0.7491781560021191222, 0.9899999999999904432, -0.5486963839590049963 ) ) ;
#4267 = VERTEX_POINT ( 'NONE', #4553 ) ;
#4268 = ORIENTED_EDGE ( 'NONE', *, *, #5293, .F. ) ;
#4269 = VERTEX_POINT ( 'NONE', #1812 ) ;
#4270 = EDGE_CURVE ( 'NONE', #6494, #2036, #1843, .T. ) ;
#4271 = CARTESIAN_POINT ( 'NONE',  ( -0.1500000000000036304, 1.099999999999999645, 1.049999999999999822 ) ) ;
#4272 = LINE ( 'NONE', #1533, #3873 ) ;
#4273 = DIRECTION ( 'NONE',  ( 0.000000000000000000, 1.000000000000000000, 0.000000000000000000 ) ) ;
#4274 = CARTESIAN_POINT ( 'NONE',  ( -1.000000000000002442, 0.000000000000000000, 0.6999999999999971800 ) ) ;
#4275 = CARTESIAN_POINT ( 'NONE',  ( -1.000000000000000000, 1.000000000000001554, -3.491481338843133355E-15 ) ) ;
#4276 = ORIENTED_EDGE ( 'NONE', *, *, #628, .F. ) ;
#4277 = FACE_OUTER_BOUND ( 'NONE', #603, .T. ) ;
#4278 = VERTEX_POINT ( 'NONE', #3498 ) ;
#4279 = CARTESIAN_POINT ( 'NONE',  ( 0.3499999999999963696, -1.979848480983505743, 1.050000000000001377 ) ) ;
#4280 = VECTOR ( 'NONE', #6159, 1000.000000000000000 ) ;
#4281 = LINE ( 'NONE', #4245, #4745 ) ;
#4282 = CARTESIAN_POINT ( 'NONE',  ( 0.7044375921718386557, 0.9899999999999919975, 0.5976246289850432047 ) ) ;
#4283 = ORIENTED_EDGE ( 'NONE', *, *, #5315, .F. ) ;
#4284 = FACE_BOUND ( 'NONE', #2200, .T. ) ;
#4285 = CARTESIAN_POINT ( 'NONE',  ( 0.7044375921718358802, 1.089999999999992308, 1.372827446247165017 ) ) ;
#4286 = AXIS2_PLACEMENT_3D ( 'NONE', #6613, #5574, #4359 ) ;
#4287 = EDGE_CURVE ( 'NONE', #4051, #7176, #6666, .T. ) ;
#4288 = ORIENTED_EDGE ( 'NONE', *, *, #2909, .F. ) ;
#4289 = CARTESIAN_POINT ( 'NONE',  ( 1.280000000000001137, 1.099999999999999867, -0.3708099243547789969 ) ) ;
#4290 = DIRECTION ( 'NONE',  ( 0.000000000000000000, 1.000000000000000000, 0.000000000000000000 ) ) ;
#4291 = DIRECTION ( 'NONE',  ( 1.000000000000000000, 0.000000000000000000, 3.491481338843133750E-15 ) ) ;
#4292 = VECTOR ( 'NONE', #4424, 1000.000000000000114 ) ;
#4293 = CIRCLE ( 'NONE', #6841, 0.1499999999999997446 ) ;
#4294 = ADVANCED_FACE ( 'NONE', ( #20 ), #5179, .F. ) ;
#4295 = ADVANCED_FACE ( 'NONE', ( #6847 ), #1878, .F. ) ;
#4296 = LINE ( 'NONE', #5393, #1133 ) ;
#4297 = ORIENTED_EDGE ( 'NONE', *, *, #3298, .T. ) ;
#4298 = ADVANCED_FACE ( 'NONE', ( #6699 ), #5035, .F. ) ;
#4299 = VECTOR ( 'NONE', #6813, 1000.000000000000000 ) ;
#4300 = ORIENTED_EDGE ( 'NONE', *, *, #1647, .F. ) ;
#4301 = ORIENTED_EDGE ( 'NONE', *, *, #2911, .T. ) ;
#4302 = LINE ( 'NONE', #2061, #3120 ) ;
#4303 = AXIS2_PLACEMENT_3D ( 'NONE', #2087, #2052, #1552 ) ;
#4304 = EDGE_CURVE ( 'NONE', #5533, #3719, #3932, .T. ) ;
#4305 = SURFACE_SIDE_STYLE ('',( #6480 ) ) ;
#4306 = ORIENTED_EDGE ( 'NONE', *, *, #3990, .T. ) ;
#4307 = ORIENTED_EDGE ( 'NONE', *, *, #2744, .T. ) ;
#4308 = DIRECTION ( 'NONE',  ( 0.000000000000000000, 1.000000000000000000, 0.000000000000000000 ) ) ;
#4309 = CARTESIAN_POINT ( 'NONE',  ( 0.9509372003485159208, 0.9358271513655531670, 1.447899910002871771 ) ) ;
#4310 = CARTESIAN_POINT ( 'NONE',  ( -1.100000000000003197, 0.1000000000000000056, 0.8499999999999967581 ) ) ;
#4311 = EDGE_CURVE ( 'NONE', #863, #2934, #45, .T. ) ;
#4312 = CYLINDRICAL_SURFACE ( 'NONE', #1342, 0.3999999999999999667 ) ;
#4313 = CARTESIAN_POINT ( 'NONE',  ( -0.9999999999999986677, 0.000000000000000000, -0.4000000000000041300 ) ) ;
#4314 = VERTEX_POINT ( 'NONE', #6665 ) ;
#4315 = CARTESIAN_POINT ( 'NONE',  ( -1.349999999999997424, 1.099999999999999867, -0.7500000000000046629 ) ) ;
#4316 = LINE ( 'NONE', #3775, #301 ) ;
#4317 = VERTEX_POINT ( 'NONE', #201 ) ;
#4318 = LINE ( 'NONE', #6531, #1528 ) ;
#4319 = CARTESIAN_POINT ( 'NONE',  ( -1.299999999999995826, 0.1000000000000000056, -1.200000000000004619 ) ) ;
#4320 = LINE ( 'NONE', #4982, #336 ) ;
#4321 = VERTEX_POINT ( 'NONE', #1314 ) ;
#4322 = DIRECTION ( 'NONE',  ( -3.491481338843133355E-15, 3.942553354492624709E-15, 1.000000000000000000 ) ) ;
#4323 = DIRECTION ( 'NONE',  ( -0.4067981002737932061, 0.000000000000000000, -0.9135180926580670491 ) ) ;
#4324 = ORIENTED_EDGE ( 'NONE', *, *, #4516, .F. ) ;
#4325 = LINE ( 'NONE', #1145, #6489 ) ;
#4326 = DIRECTION ( 'NONE',  ( 1.000000000000000000, 0.000000000000000000, 3.491481338843133355E-15 ) ) ;
#4327 = CARTESIAN_POINT ( 'NONE',  ( -0.9659547428989363471, 0.5000000000000000000, 1.332883828495627032 ) ) ;
#4328 = VERTEX_POINT ( 'NONE', #4485 ) ;
#4329 = EDGE_LOOP ( 'NONE', ( #116, #530, #7119, #3166 ) ) ;
#4330 = ORIENTED_EDGE ( 'NONE', *, *, #1610, .T. ) ;
#4331 = VECTOR ( 'NONE', #145, 1000.000000000000000 ) ;
#4332 = CARTESIAN_POINT ( 'NONE',  ( -1.399999999999997247, 0.6000000000000026423, -1.200000000000005063 ) ) ;
#4333 = ADVANCED_FACE ( 'NONE', ( #605 ), #1701, .F. ) ;
#4334 = EDGE_CURVE ( 'NONE', #3128, #5088, #2489, .T. ) ;
#4335 = FACE_OUTER_BOUND ( 'NONE', #614, .T. ) ;
#4336 = AXIS2_PLACEMENT_3D ( 'NONE', #4239, #6456, #1499 ) ;
#4337 = PLANE ( 'NONE',  #2278 ) ;
#4338 = EDGE_LOOP ( 'NONE', ( #6629, #5281, #3121, #3217, #2239, #2316, #3812, #2888, #6839, #1813, #4947, #1001, #5108, #2803 ) ) ;
#4339 = EDGE_LOOP ( 'NONE', ( #2634, #1880, #1549, #2353 ) ) ;
#4340 = EDGE_CURVE ( 'NONE', #5932, #6248, #4682, .T. ) ;
#4341 = DIRECTION ( 'NONE',  ( 3.491481338843133355E-15, 0.000000000000000000, -1.000000000000000000 ) ) ;
#4342 = CIRCLE ( 'NONE', #4810, 0.3298266868594177392 ) ;
#4343 = LINE ( 'NONE', #6564, #1763 ) ;
#4344 = CARTESIAN_POINT ( 'NONE',  ( 1.150000000000000133, 1.099999999999999867, 4.015203539669604147E-15 ) ) ;
#4345 = CARTESIAN_POINT ( 'NONE',  ( 0.7044375921718462052, 1.201000000000016499, -1.372827446247159910 ) ) ;
#4346 = PRESENTATION_LAYER_ASSIGNMENT (  '', '', ( #269 ) ) ;
#4347 = VECTOR ( 'NONE', #2116, 1000.000000000000000 ) ;
#4348 = VECTOR ( 'NONE', #4164, 1000.000000000000000 ) ;
#4349 = LINE ( 'NONE', #4313, #6898 ) ;
#4350 = ORIENTED_EDGE ( 'NONE', *, *, #3135, .F. ) ;
#4351 = LINE ( 'NONE', #2141, #3512 ) ;
#4352 = EDGE_CURVE ( 'NONE', #6402, #6248, #1158, .T. ) ;
#4353 = DIRECTION ( 'NONE',  ( 0.000000000000000000, -1.000000000000000000, 0.000000000000000000 ) ) ;
#4354 = ORIENTED_EDGE ( 'NONE', *, *, #4436, .F. ) ;
#4355 = CARTESIAN_POINT ( 'NONE',  ( -1.449999999999995737, 0.1000000000000000056, -1.200000000000005063 ) ) ;
#4356 = DIRECTION ( 'NONE',  ( 3.722162652137921163E-15, 0.000000000000000000, -1.000000000000000000 ) ) ;
#4357 = VECTOR ( 'NONE', #2193, 1000.000000000000000 ) ;
#4358 = VECTOR ( 'NONE', #5413, 1000.000000000000000 ) ;
#4359 = DIRECTION ( 'NONE',  ( 1.000000000000000000, 0.000000000000000000, 4.336808689942025625E-15 ) ) ;
#4360 = ORIENTED_EDGE ( 'NONE', *, *, #571, .T. ) ;
#4361 = CARTESIAN_POINT ( 'NONE',  ( -0.1499999999999972744, 0.9899999999999949951, -0.8124038404635963717 ) ) ;
#4362 = DIRECTION ( 'NONE',  ( 1.000000000000000000, 0.000000000000000000, 3.491481338843133355E-15 ) ) ;
#4363 = VECTOR ( 'NONE', #6349, 1000.000000000000000 ) ;
#4364 = AXIS2_PLACEMENT_3D ( 'NONE', #4438, #6658, #1108 ) ;
#4365 = ORIENTED_EDGE ( 'NONE', *, *, #1647, .T. ) ;
#4366 = DIRECTION ( 'NONE',  ( 1.000000000000000000, 0.000000000000000000, 3.491481338843133355E-15 ) ) ;
#4367 = DIRECTION ( 'NONE',  ( -3.491481338843133355E-15, 0.000000000000000000, 1.000000000000000000 ) ) ;
#4368 = DIRECTION ( 'NONE',  ( -3.491481338843133355E-15, 0.000000000000000000, 1.000000000000000000 ) ) ;
#4369 = FACE_OUTER_BOUND ( 'NONE', #1368, .T. ) ;
#4370 = ORIENTED_EDGE ( 'NONE', *, *, #5220, .T. ) ;
#4371 = FACE_OUTER_BOUND ( 'NONE', #3602, .T. ) ;
#4372 = EDGE_LOOP ( 'NONE', ( #6947, #9, #5435, #2386 ) ) ;
#4373 = ORIENTED_EDGE ( 'NONE', *, *, #1209, .T. ) ;
#4374 = DIRECTION ( 'NONE',  ( 0.000000000000000000, 1.000000000000000000, 0.000000000000000000 ) ) ;
#4375 = CARTESIAN_POINT ( 'NONE',  ( 1.254226891336543304, 0.000000000000000000, 0.3070147898133221420 ) ) ;
#4376 = EDGE_CURVE ( 'NONE', #5464, #1666, #5167, .T. ) ;
#4377 = ORIENTED_EDGE ( 'NONE', *, *, #4883, .F. ) ;
#4378 = ORIENTED_EDGE ( 'NONE', *, *, #3044, .T. ) ;
#4379 = FACE_OUTER_BOUND ( 'NONE', #2066, .T. ) ;
#4380 = CARTESIAN_POINT ( 'NONE',  ( -1.749999999999996225, 0.1499999999999996891, -1.200000000000006173 ) ) ;
#4381 = CARTESIAN_POINT ( 'NONE',  ( -1.299999999999996936, 0.000000000000000000, -0.8500000000000051958 ) ) ;
#4382 = DIRECTION ( 'NONE',  ( 0.000000000000000000, 1.000000000000000000, 0.000000000000000000 ) ) ;
#4383 = LINE ( 'NONE', #1134, #647 ) ;
#4384 = EDGE_CURVE ( 'NONE', #6018, #5666, #6633, .T. ) ;
#4385 = EDGE_CURVE ( 'NONE', #4456, #6097, #3327, .T. ) ;
#4386 = CARTESIAN_POINT ( 'NONE',  ( 0.7491781560021191222, 0.9899999999999904432, -0.5486963839590049963 ) ) ;
#4387 = ORIENTED_EDGE ( 'NONE', *, *, #2177, .F. ) ;
#4388 = ORIENTED_EDGE ( 'NONE', *, *, #6843, .F. ) ;
#4389 = CARTESIAN_POINT ( 'NONE',  ( -1.449999999999997513, 1.100000000000000311, -0.7500000000000051070 ) ) ;
#4390 = CARTESIAN_POINT ( 'NONE',  ( 0.8859590799087885271, 1.065886922963848571, 1.277602569154011380 ) ) ;
#4391 = ORIENTED_EDGE ( 'NONE', *, *, #6393, .T. ) ;
#4392 = DIRECTION ( 'NONE',  ( 0.000000000000000000, 1.000000000000000000, 0.000000000000000000 ) ) ;
#4393 = CARTESIAN_POINT ( 'NONE',  ( 0.1047030918396770482, 0.8899999999999925748, -1.094503525664545895 ) ) ;
#4394 = VERTEX_POINT ( 'NONE', #4605 ) ;
#4395 =( BOUNDED_CURVE ( )  B_SPLINE_CURVE ( 3, ( #5671, #1846, #2358, #6680 ),
 .UNSPECIFIED., .F., .F. ) 
 B_SPLINE_CURVE_WITH_KNOTS ( ( 4, 4 ),
 ( 2.945622655964390102, 3.337562651215206344 ),
 .UNSPECIFIED. ) 
 CURVE ( )  GEOMETRIC_REPRESENTATION_ITEM ( )  RATIONAL_B_SPLINE_CURVE ( ( 1.000000000000000000, 0.9872395033124492514, 0.9872395033124492514, 1.000000000000000000 ) ) 
 REPRESENTATION_ITEM ( '' )  );
#4396 = EDGE_CURVE ( 'NONE', #2043, #675, #6283, .T. ) ;
#4397 = LINE ( 'NONE', #6010, #3420 ) ;
#4398 = LINE ( 'NONE', #2652, #6218 ) ;
#4399 = ORIENTED_EDGE ( 'NONE', *, *, #1258, .T. ) ;
#4400 = CARTESIAN_POINT ( 'NONE',  ( 0.3500000000000026978, -1.979848480983505743, -0.8124038404635947064 ) ) ;
#4401 = FACE_OUTER_BOUND ( 'NONE', #1915, .T. ) ;
#4402 = CARTESIAN_POINT ( 'NONE',  ( -1.800000000000002043, 0.1499999999999995226, 0.5499999999999946043 ) ) ;
#4403 = DIRECTION ( 'NONE',  ( -1.000000000000000000, 0.000000000000000000, -3.491481338843133355E-15 ) ) ;
#4404 = ORIENTED_EDGE ( 'NONE', *, *, #6016, .F. ) ;
#4405 = VERTEX_POINT ( 'NONE', #1664 ) ;
#4406 = VERTEX_POINT ( 'NONE', #2972 ) ;
#4407 = LINE ( 'NONE', #3393, #6827 ) ;
#4408 = CIRCLE ( 'NONE', #6045, 1.000000000000000000 ) ;
#4409 = VECTOR ( 'NONE', #2461, 1000.000000000000000 ) ;
#4410 = B_SPLINE_CURVE_WITH_KNOTS ( 'NONE', 3,
 ( #5915, #938, #5300, #304, #2531, #5335 ),
 .UNSPECIFIED., .F., .F.,
 ( 4, 2, 4 ),
 ( 2.262361914219060771E-05, 0.0001471512908780124736, 0.0002716789626138343700 ),
 .UNSPECIFIED. ) ;
#4411 = CARTESIAN_POINT ( 'NONE',  ( 0.5974937185533123474, 0.000000000000000000, -0.7499999999999980016 ) ) ;
#4412 = FILL_AREA_STYLE_COLOUR ( '', #4469 ) ;
#4413 = VECTOR ( 'NONE', #2296, 1000.000000000000000 ) ;
#4414 = ORIENTED_EDGE ( 'NONE', *, *, #2752, .T. ) ;
#4415 = ORIENTED_EDGE ( 'NONE', *, *, #3843, .F. ) ;
#4416 = LINE ( 'NONE', #2178, #471 ) ;
#4417 = LINE ( 'NONE', #4856, #5514 ) ;
#4419 = AXIS2_PLACEMENT_3D ( 'NONE', #1375, #3574, #5297 ) ;
#4418 = CYLINDRICAL_SURFACE ( 'NONE', #4037, 0.3999999999999999667 ) ;
#4420 = CARTESIAN_POINT ( 'NONE',  ( -1.351449120171322349, 0.7000000000000030642, -0.3313493293834522402 ) ) ;
#4421 = ORIENTED_EDGE ( 'NONE', *, *, #6948, .F. ) ;
#4422 = CARTESIAN_POINT ( 'NONE',  ( -0.9500000000000010658, 1.089999999999997859, 0.2499999999999968636 ) ) ;
#4423 = CARTESIAN_POINT ( 'NONE',  ( 0.7491781560021123498, 1.089999999999992308, 1.372827446247165240 ) ) ;
#4424 = DIRECTION ( 'NONE',  ( 0.7071067811865459074, 0.000000000000000000, 0.7071067811865491270 ) ) ;
#4425 = EDGE_CURVE ( 'NONE', #70, #3609, #4093, .T. ) ;
#4426 = EDGE_CURVE ( 'NONE', #2934, #4317, #6107, .T. ) ;
#4427 = CARTESIAN_POINT ( 'NONE',  ( -1.589999999999994751, 0.1000000000000000056, -1.500000000000005329 ) ) ;
#4428 = EDGE_CURVE ( 'NONE', #6041, #3103, #1890, .T. ) ;
#4429 = LINE ( 'NONE', #1025, #5527 ) ;
#4430 = VERTEX_POINT ( 'NONE', #6318 ) ;
#4431 = CARTESIAN_POINT ( 'NONE',  ( 0.9047237653036399596, 1.059058669975190936, -0.2749572902199892144 ) ) ;
#4432 = LINE ( 'NONE', #6119, #6321 ) ;
#4433 = ORIENTED_EDGE ( 'NONE', *, *, #4515, .T. ) ;
#4434 = DIRECTION ( 'NONE',  ( 0.000000000000000000, 1.000000000000000000, 0.000000000000000000 ) ) ;
#4435 = CARTESIAN_POINT ( 'NONE',  ( -1.749999999999998224, 0.1499999999999996891, -0.5500000000000071498 ) ) ;
#4436 = EDGE_CURVE ( 'NONE', #335, #5344, #3555, .T. ) ;
#4437 = CARTESIAN_POINT ( 'NONE',  ( -0.9942264973081019752, 0.9899999999999926636, 0.9999999999999965583 ) ) ;
#4438 = CARTESIAN_POINT ( 'NONE',  ( 0.7044375921718358802, 0.9899999999999922196, 1.372827446247165017 ) ) ;
#4439 = VERTEX_POINT ( 'NONE', #5557 ) ;
#4440 = EDGE_LOOP ( 'NONE', ( #3149, #6250, #1874, #880 ) ) ;
#4441 = ORIENTED_EDGE ( 'NONE', *, *, #4725, .T. ) ;
#4442 = DIRECTION ( 'NONE',  ( 0.000000000000000000, 1.000000000000000000, 0.000000000000000000 ) ) ;
#4443 = EDGE_CURVE ( 'NONE', #104, #7049, #5050, .T. ) ;
#4444 = DIRECTION ( 'NONE',  ( -1.000000000000000000, 0.000000000000000000, -3.491481338843133355E-15 ) ) ;
#4445 = FACE_OUTER_BOUND ( 'NONE', #6129, .T. ) ;
#4446 = VECTOR ( 'NONE', #5143, 1000.000000000000000 ) ;
#4447 = ORIENTED_EDGE ( 'NONE', *, *, #3631, .F. ) ;
#4448 = ORIENTED_EDGE ( 'NONE', *, *, #2641, .F. ) ;
#4449 = CYLINDRICAL_SURFACE ( 'NONE', #7006, 1.499999999999999556 ) ;
#4450 = DIRECTION ( 'NONE',  ( -1.000000000000000000, 0.000000000000000000, -3.252606517456513696E-15 ) ) ;
#4451 = PRESENTATION_STYLE_ASSIGNMENT (( #1129 ) ) ;
#4452 = DIRECTION ( 'NONE',  ( 0.000000000000000000, -1.000000000000000000, -0.000000000000000000 ) ) ;
#4453 = ORIENTED_EDGE ( 'NONE', *, *, #3910, .T. ) ;
#4454 = B_SPLINE_CURVE_WITH_KNOTS ( 'NONE', 3,
 ( #4266, #6061, #1080, #1527 ),
 .UNSPECIFIED., .F., .F.,
 ( 4, 4 ),
 ( 1.535343479073333786E-05, 0.0002631292339227192696 ),
 .UNSPECIFIED. ) ;
#4455 = AXIS2_PLACEMENT_3D ( 'NONE', #5731, #747, #2952 ) ;
#4456 = VERTEX_POINT ( 'NONE', #4282 ) ;
#4457 = DIRECTION ( 'NONE',  ( -1.000000000000000000, 0.000000000000000000, -3.491481338843133355E-15 ) ) ;
#4458 = CARTESIAN_POINT ( 'NONE',  ( -0.1499999999999965250, -1.979848480983505743, -1.050000000000000488 ) ) ;
#4459 = CIRCLE ( 'NONE', #51, 0.8499999999999998668 ) ;
#4460 = AXIS2_PLACEMENT_3D ( 'NONE', #5197, #6859, #4641 ) ;
#4461 = ORIENTED_EDGE ( 'NONE', *, *, #4428, .T. ) ;
#4462 = CARTESIAN_POINT ( 'NONE',  ( 0.8859590799087940782, 1.065886922963848571, -0.3236793547771025237 ) ) ;
#4463 = LINE ( 'NONE', #5156, #5535 ) ;
#4464 = EDGE_CURVE ( 'NONE', #1002, #2880, #4750, .T. ) ;
#4465 = EDGE_CURVE ( 'NONE', #470, #4489, #2505, .T. ) ;
#4466 = LINE ( 'NONE', #4087, #5410 ) ;
#4467 = ORIENTED_EDGE ( 'NONE', *, *, #153, .T. ) ;
#4468 = CIRCLE ( 'NONE', #1231, 1.499999999999999556 ) ;
#4469 = COLOUR_RGB ( '',0.7921568627450980005, 0.8196078431372548767, 0.9333333333333333481 ) ;
#4470 = ADVANCED_FACE ( 'NONE', ( #6977 ), #908, .F. ) ;
#4471 = CARTESIAN_POINT ( 'NONE',  ( -0.1499999999999999389, 1.089999999999995195, -4.894980942184015595E-16 ) ) ;
#4472 = DIRECTION ( 'NONE',  ( -3.491481338843133355E-15, 0.000000000000000000, 1.000000000000000000 ) ) ;
#4473 = DIRECTION ( 'NONE',  ( -7.047314121155773299E-15, 1.000000000000000000, -2.460556574298107867E-29 ) ) ;
#4474 = VECTOR ( 'NONE', #886, 1000.000000000000000 ) ;
#4475 = VECTOR ( 'NONE', #1658, 1000.000000000000000 ) ;
#4476 = PLANE ( 'NONE',  #1333 ) ;
#4477 = ADVANCED_FACE ( 'NONE', ( #1503 ), #3117, .T. ) ;
#4478 = EDGE_CURVE ( 'NONE', #911, #6865, #2042, .T. ) ;
#4479 = CARTESIAN_POINT ( 'NONE',  ( -1.589999999999994751, 0.6000000000000000888, -1.500000000000005329 ) ) ;
#4480 = ORIENTED_EDGE ( 'NONE', *, *, #1419, .F. ) ;
#4481 = ORIENTED_EDGE ( 'NONE', *, *, #2514, .T. ) ;
#4482 = DIRECTION ( 'NONE',  ( -3.491481338843133355E-15, 0.000000000000000000, 1.000000000000000000 ) ) ;
#4483 = AXIS2_PLACEMENT_3D ( 'NONE', #5399, #963, #5981 ) ;
#4484 = VECTOR ( 'NONE', #3600, 1000.000000000000000 ) ;
#4485 = CARTESIAN_POINT ( 'NONE',  ( -0.1500000000000027978, 1.089999999999995195, 0.8124038404635953725 ) ) ;
#4486 = DIRECTION ( 'NONE',  ( -1.000000000000000000, 0.000000000000000000, -3.491481338843133355E-15 ) ) ;
#4487 = EDGE_CURVE ( 'NONE', #4247, #6630, #6542, .T. ) ;
#4488 = EDGE_LOOP ( 'NONE', ( #87, #2999, #2782, #1423 ) ) ;
#4489 = VERTEX_POINT ( 'NONE', #3039 ) ;
#4490 = CARTESIAN_POINT ( 'NONE',  ( -1.300000000000002931, 0.1000000000000000056, 0.8499999999999960920 ) ) ;
#4491 = LINE ( 'NONE', #573, #6170 ) ;
#4492 = CARTESIAN_POINT ( 'NONE',  ( 0.8522746142426215199, 1.078144312230791879, 0.4054720649128340515 ) ) ;
#4493 = CARTESIAN_POINT ( 'NONE',  ( 0.1000000000000000056, 1.199999999999999956, 3.491481338843133355E-16 ) ) ;
#4494 = ORIENTED_EDGE ( 'NONE', *, *, #6016, .T. ) ;
#4495 = EDGE_CURVE ( 'NONE', #268, #2195, #3003, .T. ) ;
#4496 = ORIENTED_EDGE ( 'NONE', *, *, #1728, .F. ) ;
#4497 = DIRECTION ( 'NONE',  ( 1.000000000000000000, 0.000000000000000000, 3.491481338843133355E-15 ) ) ;
#4498 = PLANE ( 'NONE',  #6766 ) ;
#4499 = CARTESIAN_POINT ( 'NONE',  ( -1.750000000000005329, 0.1000000000000000056, 1.499999999999993561 ) ) ;
#4500 = LINE ( 'NONE', #6712, #815 ) ;
#4501 = CARTESIAN_POINT ( 'NONE',  ( -1.800000000000000044, 0.09999999999999341360, -6.284666409917640040E-15 ) ) ;
#4502 = DIRECTION ( 'NONE',  ( -3.502807018799322109E-15, -1.000000000000000000, -1.222998533970658192E-29 ) ) ;
#4503 = ORIENTED_EDGE ( 'NONE', *, *, #6336, .T. ) ;
#4504 = DIRECTION ( 'NONE',  ( -1.000000000000000000, -0.000000000000000000, -0.000000000000000000 ) ) ;
#4505 = CARTESIAN_POINT ( 'NONE',  ( -1.899999999999997469, 0.5499999999999998224, -1.200000000000006839 ) ) ;
#4506 = ORIENTED_EDGE ( 'NONE', *, *, #619, .F. ) ;
#4507 = ORIENTED_EDGE ( 'NONE', *, *, #5991, .T. ) ;
#4508 = LINE ( 'NONE', #2403, #6887 ) ;
#4509 = LINE ( 'NONE', #6721, #4629 ) ;
#4510 = LINE ( 'NONE', #1187, #3207 ) ;
#4511 = ORIENTED_EDGE ( 'NONE', *, *, #144, .T. ) ;
#4512 = DIRECTION ( 'NONE',  ( -3.491481338843133750E-15, 0.000000000000000000, 1.000000000000000000 ) ) ;
#4513 = EDGE_CURVE ( 'NONE', #1178, #6341, #7025, .T. ) ;
#4514 = CLOSED_SHELL ( 'NONE', ( #2082, #4150, #5684, #3530, #6815, #4555, #2922, #7106, #4333, #4108, #2790, #696, #3504, #7112, #4062, #5644, #1733, #287, #6265, #3731, #4102, #2241, #7141, #5917, #6200 ) ) ;
#4515 = EDGE_CURVE ( 'NONE', #6248, #5926, #872, .T. ) ;
#4516 = EDGE_CURVE ( 'NONE', #7073, #4055, #3156, .T. ) ;
#4517 = CARTESIAN_POINT ( 'NONE',  ( 1.280000000000001137, 1.199999999999999956, -0.3708099243547789969 ) ) ;
#4518 = ORIENTED_EDGE ( 'NONE', *, *, #1987, .T. ) ;
#4519 = CIRCLE ( 'NONE', #3253, 0.1499999999999997446 ) ;
#4520 = VERTEX_POINT ( 'NONE', #5230 ) ;
#4521 = VECTOR ( 'NONE', #3418, 1000.000000000000000 ) ;
#4522 = DIRECTION ( 'NONE',  ( -3.491481338843133355E-15, 3.942553354492624709E-15, 1.000000000000000000 ) ) ;
#4523 = EDGE_CURVE ( 'NONE', #2124, #1831, #235, .T. ) ;
#4524 = LINE ( 'NONE', #6707, #1801 ) ;
#4525 = ORIENTED_EDGE ( 'NONE', *, *, #5386, .F. ) ;
#4526 = ORIENTED_EDGE ( 'NONE', *, *, #6393, .F. ) ;
#4527 = ORIENTED_EDGE ( 'NONE', *, *, #3971, .T. ) ;
#4528 = CARTESIAN_POINT ( 'NONE',  ( 0.09999999999999999167, 0.1000000000000000056, 3.491481338843133355E-16 ) ) ;
#4529 = CARTESIAN_POINT ( 'NONE',  ( 1.849999999999995204, 0.6000000000000000888, 1.500000000000006883 ) ) ;
#4530 = EDGE_CURVE ( 'NONE', #6520, #4687, #4132, .T. ) ;
#4531 = PLANE ( 'NONE',  #6624 ) ;
#4532 = LINE ( 'NONE', #6855, #5751 ) ;
#4533 = ORIENTED_EDGE ( 'NONE', *, *, #927, .T. ) ;
#4534 = AXIS2_PLACEMENT_3D ( 'NONE', #956, #6984, #3048 ) ;
#4535 = DIRECTION ( 'NONE',  ( -0.5000000000000055511, 0.8660254037844353769, -1.745740669421586005E-15 ) ) ;
#4536 = PLANE ( 'NONE',  #2388 ) ;
#4537 = EDGE_LOOP ( 'NONE', ( #6981, #4795, #6512, #2547, #5330, #2048, #3130, #2698, #5003, #1183, #6091, #5222, #4812, #1614 ) ) ;
#4538 = ORIENTED_EDGE ( 'NONE', *, *, #3055, .F. ) ;
#4539 = FACE_OUTER_BOUND ( 'NONE', #2775, .T. ) ;
#4540 = CARTESIAN_POINT ( 'NONE',  ( 0.3499999999999972577, 1.099999999999999645, 0.8124038404635972599 ) ) ;
#4541 = DIRECTION ( 'NONE',  ( 1.000000000000000000, 0.000000000000000000, 4.336808689942025625E-15 ) ) ;
#4542 = LINE ( 'NONE', #5622, #5294 ) ;
#4543 = EDGE_LOOP ( 'NONE', ( #2928, #4030, #2994, #257, #4518, #3024, #5957, #2563, #4952 ) ) ;
#4544 = ORIENTED_EDGE ( 'NONE', *, *, #1105, .F. ) ;
#4545 = DIRECTION ( 'NONE',  ( -3.491481338843133355E-15, 0.000000000000000000, 1.000000000000000000 ) ) ;
#4546 = PLANE ( 'NONE',  #415 ) ;
#4547 = CARTESIAN_POINT ( 'NONE',  ( 0.3500000000000026978, 0.9899999999999932188, -0.8124038404635947064 ) ) ;
#4548 = EDGE_CURVE ( 'NONE', #4183, #561, #4429, .T. ) ;
#4549 = ORIENTED_EDGE ( 'NONE', *, *, #5604, .T. ) ;
#4550 = ADVANCED_FACE ( 'NONE', ( #3238 ), #6647, .T. ) ;
#4551 = EDGE_CURVE ( 'NONE', #5969, #5549, #1062, .T. ) ;
#4552 = ADVANCED_FACE ( 'NONE', ( #5495 ), #2763, .F. ) ;
#4553 = CARTESIAN_POINT ( 'NONE',  ( 0.8859590799087885271, 1.065886922963848571, 1.277602569154011380 ) ) ;
#4554 = ORIENTED_EDGE ( 'NONE', *, *, #4877, .T. ) ;
#4555 = ADVANCED_FACE ( 'NONE', ( #1617 ), #7123, .F. ) ;
#4556 = VERTEX_POINT ( 'NONE', #1720 ) ;
#4557 = CARTESIAN_POINT ( 'NONE',  ( -0.9500000000000010658, -1.979848480983505743, 0.2499999999999968636 ) ) ;
#4558 = VECTOR ( 'NONE', #1164, 1000.000000000000000 ) ;
#4559 = CARTESIAN_POINT ( 'NONE',  ( 0.9047237653036380722, 1.059058669975190714, 0.2749572902199957647 ) ) ;
#4560 = PLANE ( 'NONE',  #6433 ) ;
#4561 = ORIENTED_EDGE ( 'NONE', *, *, #4270, .F. ) ;
#4562 = VECTOR ( 'NONE', #1567, 1000.000000000000000 ) ;
#4563 = LINE ( 'NONE', #2330, #5745 ) ;
#4564 = CARTESIAN_POINT ( 'NONE',  ( -1.799999999999998046, 0.09999999999999341360, -0.5500000000000068168 ) ) ;
#4565 = EDGE_CURVE ( 'NONE', #6364, #5359, #506, .T. ) ;
#4566 = ORIENTED_EDGE ( 'NONE', *, *, #5237, .T. ) ;
#4567 = ORIENTED_EDGE ( 'NONE', *, *, #5142, .T. ) ;
#4568 = CARTESIAN_POINT ( 'NONE',  ( -0.1500000000000000222, 0.1000000000000000056, -5.237222008264700033E-16 ) ) ;
#4569 = AXIS2_PLACEMENT_3D ( 'NONE', #1251, #5093, #2901 ) ;
#4570 = CARTESIAN_POINT ( 'NONE',  ( 0.09999999999999999167, 0.000000000000000000, 3.491481338843133355E-16 ) ) ;
#4571 = DIRECTION ( 'NONE',  ( 3.491481338843133355E-15, -0.000000000000000000, -1.000000000000000000 ) ) ;
#4572 = AXIS2_PLACEMENT_3D ( 'NONE', #1505, #4322, #3312 ) ;
#4573 = EDGE_CURVE ( 'NONE', #1043, #4269, #3882, .T. ) ;
#4574 = CIRCLE ( 'NONE', #1586, 0.1499999999999999667 ) ;
#4575 = DIRECTION ( 'NONE',  ( -3.491481338843133355E-15, 0.000000000000000000, 1.000000000000000000 ) ) ;
#4576 = EDGE_LOOP ( 'NONE', ( #3112, #1856, #3196, #2510, #6850, #6239 ) ) ;
#4577 = CARTESIAN_POINT ( 'NONE',  ( -1.899999999999999911, 0.09999999999999306666, -6.633814543801953375E-15 ) ) ;
#4578 = CIRCLE ( 'NONE', #1471, 0.04999999999999991257 ) ;
#4579 = DIRECTION ( 'NONE',  ( 3.469446951953614978E-15, -1.000000000000000000, 1.211350928885223548E-29 ) ) ;
#4580 = AXIS2_PLACEMENT_3D ( 'NONE', #6146, #6747, #620 ) ;
#4581 = CARTESIAN_POINT ( 'NONE',  ( -1.750000000000004885, 0.6000000000000000888, 1.339999999999993641 ) ) ;
#4582 = EDGE_LOOP ( 'NONE', ( #2798, #21 ) ) ;
#4583 = AXIS2_PLACEMENT_3D ( 'NONE', #367, #7028, #4260 ) ;
#4584 = ORIENTED_EDGE ( 'NONE', *, *, #6604, .T. ) ;
#4585 = AXIS2_PLACEMENT_3D ( 'NONE', #3525, #5759, #6400 ) ;
#4586 = DIRECTION ( 'NONE',  ( -3.502807018799322109E-15, -1.000000000000000000, -1.222998533970658192E-29 ) ) ;
#4587 = DIRECTION ( 'NONE',  ( -1.000000000000000000, 0.000000000000000000, -3.491481338843133355E-15 ) ) ;
#4588 = AXIS2_PLACEMENT_3D ( 'NONE', #3606, #3021, #4587 ) ;
#4589 = LINE ( 'NONE', #6269, #3881 ) ;
#4590 = VERTEX_POINT ( 'NONE', #7166 ) ;
#4591 = ORIENTED_EDGE ( 'NONE', *, *, #4071, .F. ) ;
#4592 = DIRECTION ( 'NONE',  ( -3.491481338843133355E-15, 0.000000000000000000, 1.000000000000000000 ) ) ;
#4593 = CARTESIAN_POINT ( 'NONE',  ( 1.279999999999996918, 2.430559530910099131, 0.9260669522232218842 ) ) ;
#4594 = LINE ( 'NONE', #3949, #4413 ) ;
#4595 = EDGE_CURVE ( 'NONE', #2346, #4141, #4983, .T. ) ;
#4596 = EDGE_CURVE ( 'NONE', #14, #4197, #3201, .T. ) ;
#4597 = DIRECTION ( 'NONE',  ( 1.000000000000000000, 0.000000000000000000, 3.491481338843133355E-15 ) ) ;
#4598 = ORIENTED_EDGE ( 'NONE', *, *, #2985, .T. ) ;
#4599 = DIRECTION ( 'NONE',  ( 3.469446951953614978E-15, -1.000000000000000000, 1.211350928885223548E-29 ) ) ;
#4600 = EDGE_LOOP ( 'NONE', ( #3693, #3272, #2895, #160, #6185, #1195, #3966, #6437, #921, #2757, #4453, #6549, #5586, #1399, #6374 ) ) ;
#4601 = ORIENTED_EDGE ( 'NONE', *, *, #2562, .F. ) ;
#4602 = CARTESIAN_POINT ( 'NONE',  ( 1.899999999999998357, 0.1000000000000000056, 0.3750000000000059397 ) ) ;
#4603 = DIRECTION ( 'NONE',  ( -1.000000000000000000, 3.502807018799322109E-15, -3.491481338843133355E-15 ) ) ;
#4604 = EDGE_CURVE ( 'NONE', #268, #740, #1207, .T. ) ;
#4605 = CARTESIAN_POINT ( 'NONE',  ( 0.09999999999999650835, 0.9899999999999926636, 1.000000000000000444 ) ) ;
#4606 = PLANE ( 'NONE',  #3880 ) ;
#4607 = CARTESIAN_POINT ( 'NONE',  ( -1.700245513687538512, 0.7000000000000005107, -0.4176401038210587058 ) ) ;
#4608 = ORIENTED_EDGE ( 'NONE', *, *, #4194, .T. ) ;
#4609 = ORIENTED_EDGE ( 'NONE', *, *, #4287, .T. ) ;
#4610 = DIRECTION ( 'NONE',  ( -1.000000000000000000, 0.000000000000000000, -3.491481338843133355E-15 ) ) ;
#4611 = CARTESIAN_POINT ( 'NONE',  ( -0.9999999999999965583, 0.9899999999999926636, -1.000000000000003553 ) ) ;
#4612 = CARTESIAN_POINT ( 'NONE',  ( 0.09999999999999963085, 0.9899999999999943290, 3.491481338843120043E-16 ) ) ;
#4613 = EDGE_CURVE ( 'NONE', #6425, #865, #3473, .T. ) ;
#4614 = DIRECTION ( 'NONE',  ( 0.000000000000000000, 1.000000000000000000, 0.000000000000000000 ) ) ;
#4615 =( BOUNDED_CURVE ( )  B_SPLINE_CURVE ( 3, ( #3248, #3285, #4844, #1554 ),
 .UNSPECIFIED., .F., .F. ) 
 B_SPLINE_CURVE_WITH_KNOTS ( ( 4, 4 ),
 ( 0.000000000000000000, 0.7200635117773820371 ),
 .UNSPECIFIED. ) 
 CURVE ( )  GEOMETRIC_REPRESENTATION_ITEM ( )  RATIONAL_B_SPLINE_CURVE ( ( 1.000000000000000000, 0.9572570909497999381, 0.9572570909497999381, 1.000000000000000000 ) ) 
 REPRESENTATION_ITEM ( '' )  );
#4616 = PLANE ( 'NONE',  #4242 ) ;
#4617 = VERTEX_POINT ( 'NONE', #2297 ) ;
#4618 = ORIENTED_EDGE ( 'NONE', *, *, #4352, .F. ) ;
#4619 = ORIENTED_EDGE ( 'NONE', *, *, #3929, .T. ) ;
#4620 = CLOSED_SHELL ( 'NONE', ( #5814, #2051, #1516, #5213, #7003, #3187, #4294, #3764, #6081, #937, #2146, #2235, #4025, #482, #676, #5691, #5959, #6421, #7201, #1954, #3175, #4015, #2675 ) ) ;
#4621 = CARTESIAN_POINT ( 'NONE',  ( 0.3500000000000026978, -1.979848480983505743, -0.8124038404635947064 ) ) ;
#4622 = CARTESIAN_POINT ( 'NONE',  ( 0.7491781560021223418, 0.6899999999999808509, -1.500000000000000222 ) ) ;
#4623 = DIRECTION ( 'NONE',  ( -0.7071067811865459074, 0.000000000000000000, -0.7071067811865491270 ) ) ;
#4624 = ORIENTED_EDGE ( 'NONE', *, *, #1132, .T. ) ;
#4625 = AXIS2_PLACEMENT_3D ( 'NONE', #5494, #1061, #505 ) ;
#4626 = ORIENTED_EDGE ( 'NONE', *, *, #4604, .F. ) ;
#4627 = LINE ( 'NONE', #2454, #3944 ) ;
#4628 = AXIS2_PLACEMENT_3D ( 'NONE', #4458, #585, #2724 ) ;
#4629 = VECTOR ( 'NONE', #1762, 1000.000000000000000 ) ;
#4630 = CARTESIAN_POINT ( 'NONE',  ( 1.280000000000003135, 2.430559530910099131, -0.9260669522232131134 ) ) ;
#4631 = DIRECTION ( 'NONE',  ( -1.000000000000000000, 0.000000000000000000, -3.491481338843132961E-15 ) ) ;
#4632 = ORIENTED_EDGE ( 'NONE', *, *, #2465, .F. ) ;
#4633 = VECTOR ( 'NONE', #4392, 1000.000000000000000 ) ;
#4634 = EDGE_CURVE ( 'NONE', #174, #2944, #1177, .T. ) ;
#4635 = ORIENTED_EDGE ( 'NONE', *, *, #2264, .F. ) ;
#4636 = DIRECTION ( 'NONE',  ( 3.491481338843133355E-15, 0.000000000000000000, -1.000000000000000000 ) ) ;
#4637 = ADVANCED_FACE ( 'NONE', ( #1786 ), #1243, .T. ) ;
#4638 = ORIENTED_EDGE ( 'NONE', *, *, #4565, .F. ) ;
#4639 = DIRECTION ( 'NONE',  ( 0.000000000000000000, 1.000000000000000000, 0.000000000000000000 ) ) ;
#4640 = DIRECTION ( 'NONE',  ( 1.000000000000000000, 0.000000000000000000, 3.614007241618349165E-15 ) ) ;
#4641 = DIRECTION ( 'NONE',  ( 1.000000000000000000, 0.000000000000000000, 2.891205793294679017E-15 ) ) ;
#4642 = CARTESIAN_POINT ( 'NONE',  ( -1.899999999999995914, 0.09999999999999950595, -1.200000000000006839 ) ) ;
#4643 = ORIENTED_EDGE ( 'NONE', *, *, #3456, .T. ) ;
#4644 = ORIENTED_EDGE ( 'NONE', *, *, #525, .F. ) ;
#4645 = EDGE_CURVE ( 'NONE', #3493, #7066, #3409, .T. ) ;
#4646 = CARTESIAN_POINT ( 'NONE',  ( -1.349999999999997868, 0.9899999999999995470, -0.7500000000000046629 ) ) ;
#4647 = DIRECTION ( 'NONE',  ( -1.000000000000000000, 0.000000000000000000, -1.323076993872120937E-15 ) ) ;
#4648 = DIRECTION ( 'NONE',  ( -3.491481338843133355E-15, -0.000000000000000000, 1.000000000000000000 ) ) ;
#4649 = CARTESIAN_POINT ( 'NONE',  ( 0.7761331447377928239, 0.9899999999999895550, 0.5168051771020739649 ) ) ;
#4650 = VERTEX_POINT ( 'NONE', #2894 ) ;
#4651 = ORIENTED_EDGE ( 'NONE', *, *, #2436, .T. ) ;
#4652 = EDGE_CURVE ( 'NONE', #6519, #2058, #127, .T. ) ;
#4653 = FACE_OUTER_BOUND ( 'NONE', #5579, .T. ) ;
#4654 = PLANE ( 'NONE',  #2507 ) ;
#4655 = FACE_OUTER_BOUND ( 'NONE', #2519, .T. ) ;
#4656 = ORIENTED_EDGE ( 'NONE', *, *, #4114, .T. ) ;
#4657 = EDGE_LOOP ( 'NONE', ( #5726, #3131, #7092, #1018 ) ) ;
#4658 = CARTESIAN_POINT ( 'NONE',  ( -1.750000000000006217, 0.6000000000000005329, 1.199999999999993960 ) ) ;
#4659 = DIRECTION ( 'NONE',  ( 0.000000000000000000, 1.000000000000000000, 0.000000000000000000 ) ) ;
#4660 = CARTESIAN_POINT ( 'NONE',  ( -1.749999999999996225, 0.1499999999999996891, -1.200000000000006173 ) ) ;
#4661 = CARTESIAN_POINT ( 'NONE',  ( -0.9659547428989363471, 0.5000000000000000000, 1.332883828495627032 ) ) ;
#4662 = DIRECTION ( 'NONE',  ( 3.491481338843133355E-15, 0.000000000000000000, -1.000000000000000000 ) ) ;
#4663 = DIRECTION ( 'NONE',  ( 1.000000000000000000, 0.000000000000000000, 3.491481338843133355E-15 ) ) ;
#4664 = VERTEX_POINT ( 'NONE', #159 ) ;
#4665 = VECTOR ( 'NONE', #2131, 1000.000000000000000 ) ;
#4666 = EDGE_LOOP ( 'NONE', ( #4237, #3215, #2595, #4074, #1787, #1135 ) ) ;
#4667 = FACE_OUTER_BOUND ( 'NONE', #2707, .T. ) ;
#4668 = VECTOR ( 'NONE', #5371, 1000.000000000000000 ) ;
#4669 = CARTESIAN_POINT ( 'NONE',  ( 0.7971886874459847006, 1.089999999999992308, -1.329196819139342622 ) ) ;
#4670 = EDGE_CURVE ( 'NONE', #4664, #5932, #528, .T. ) ;
#4671 = DIRECTION ( 'NONE',  ( -1.000000000000000000, 3.502807018799322109E-15, -3.491481338843133355E-15 ) ) ;
#4672 = EDGE_LOOP ( 'NONE', ( #5559, #2673, #3165, #4618 ) ) ;
#4673 = EDGE_CURVE ( 'NONE', #2416, #587, #4574, .T. ) ;
#4674 = ORIENTED_EDGE ( 'NONE', *, *, #2957, .F. ) ;
#4675 = AXIS2_PLACEMENT_3D ( 'NONE', #1725, #199, #3921 ) ;
#4676 = DIRECTION ( 'NONE',  ( 3.491481338843133355E-15, -0.000000000000000000, -1.000000000000000000 ) ) ;
#4677 = CARTESIAN_POINT ( 'NONE',  ( 1.280000000000003135, 0.9224999684985708548, -0.9260669522232131134 ) ) ;
#4678 = LINE ( 'NONE', #6329, #5874 ) ;
#4679 = EDGE_CURVE ( 'NONE', #3572, #1804, #1466, .T. ) ;
#4680 = VECTOR ( 'NONE', #1620, 1000.000000000000000 ) ;
#4681 = ADVANCED_FACE ( 'NONE', ( #2924 ), #4560, .T. ) ;
#4682 = CIRCLE ( 'NONE', #53, 0.9000000000000000222 ) ;
#4683 = DIRECTION ( 'NONE',  ( 3.491481338843133750E-15, -0.000000000000000000, -1.000000000000000000 ) ) ;
#4684 = DIRECTION ( 'NONE',  ( -7.047314121155773299E-15, 1.000000000000000000, -2.460556574298107867E-29 ) ) ;
#4685 = ORIENTED_EDGE ( 'NONE', *, *, #2823, .F. ) ;
#4686 = ORIENTED_EDGE ( 'NONE', *, *, #378, .F. ) ;
#4687 = VERTEX_POINT ( 'NONE', #655 ) ;
#4688 = CARTESIAN_POINT ( 'NONE',  ( -1.750000000000005773, 0.5500000000000002665, 1.199999999999993960 ) ) ;
#4689 = MECHANICAL_DESIGN_GEOMETRIC_PRESENTATION_REPRESENTATION (  '', ( #6219 ), #878 ) ;
#4690 = CARTESIAN_POINT ( 'NONE',  ( 1.708158339641905776, 0.3381621638685259890, 5.964002966648984485E-15 ) ) ;
#4691 = EDGE_CURVE ( 'NONE', #945, #2561, #6782, .T. ) ;
#4692 = ORIENTED_EDGE ( 'NONE', *, *, #2906, .T. ) ;
#4693 = VECTOR ( 'NONE', #1394, 1000.000000000000000 ) ;
#4694 = AXIS2_PLACEMENT_3D ( 'NONE', #6511, #6545, #1035 ) ;
#4695 = ORIENTED_EDGE ( 'NONE', *, *, #1609, .F. ) ;
#4696 = EDGE_LOOP ( 'NONE', ( #6697, #6196, #5543, #2115 ) ) ;
#4697 = DIRECTION ( 'NONE',  ( 0.7071067811865500152, 5.494129211611367658E-15, -0.7071067811865451302 ) ) ;
#4698 = DIRECTION ( 'NONE',  ( 0.000000000000000000, 1.000000000000000000, 0.000000000000000000 ) ) ;
#4699 = FACE_BOUND ( 'NONE', #5761, .T. ) ;
#4700 =( NAMED_UNIT ( * ) SI_UNIT ( $, .STERADIAN. ) SOLID_ANGLE_UNIT ( ) );
#4701 = DIRECTION ( 'NONE',  ( 0.7071067811865451302, 5.494129211611367658E-15, 0.7071067811865500152 ) ) ;
#4702 = LINE ( 'NONE', #4858, #4363 ) ;
#4703 = VECTOR ( 'NONE', #6497, 1000.000000000000000 ) ;
#4704 = EDGE_CURVE ( 'NONE', #750, #992, #4532, .T. ) ;
#4705 = CARTESIAN_POINT ( 'NONE',  ( -0.7690598923241418472, 0.6000000000000000888, -1.000000000000002665 ) ) ;
#4706 = AXIS2_PLACEMENT_3D ( 'NONE', #465, #2142, #582 ) ;
#4707 = ORIENTED_EDGE ( 'NONE', *, *, #5640, .F. ) ;
#4708 = DIRECTION ( 'NONE',  ( 1.000000000000000000, 0.000000000000000000, 3.491481338843133355E-15 ) ) ;
#4709 = CYLINDRICAL_SURFACE ( 'NONE', #6011, 0.1499999999999998557 ) ;
#4710 = VERTEX_POINT ( 'NONE', #757 ) ;
#4711 = LINE ( 'NONE', #1966, #214 ) ;
#4712 = CARTESIAN_POINT ( 'NONE',  ( 0.8426773683727960540, 1.081636639515508813, -1.304228732091544884 ) ) ;
#4713 = ORIENTED_EDGE ( 'NONE', *, *, #2127, .F. ) ;
#4714 = LINE ( 'NONE', #5894, #3769 ) ;
#4715 = VERTEX_POINT ( 'NONE', #2397 ) ;
#4716 = VERTEX_POINT ( 'NONE', #2328 ) ;
#4717 = DIRECTION ( 'NONE',  ( 1.000000000000000000, 0.000000000000000000, 3.822030781674080541E-15 ) ) ;
#4718 = CARTESIAN_POINT ( 'NONE',  ( -1.800000000000004263, 0.1499999999999995226, 1.199999999999993738 ) ) ;
#4719 = DIRECTION ( 'NONE',  ( 1.000000000000000000, 7.047314121155772510E-15, 3.491481338843133355E-15 ) ) ;
#4720 = FACE_OUTER_BOUND ( 'NONE', #4537, .T. ) ;
#4721 = ORIENTED_EDGE ( 'NONE', *, *, #6700, .F. ) ;
#4722 = ORIENTED_EDGE ( 'NONE', *, *, #340, .F. ) ;
#4723 = ORIENTED_EDGE ( 'NONE', *, *, #5095, .T. ) ;
#4724 = CARTESIAN_POINT ( 'NONE',  ( -1.900000000000004130, 0.09999999999999950595, 1.199999999999993294 ) ) ;
#4725 = EDGE_CURVE ( 'NONE', #2195, #1507, #2607, .T. ) ;
#4726 = EDGE_CURVE ( 'NONE', #1021, #2058, #1885, .T. ) ;
#4727 = DIRECTION ( 'NONE',  ( 1.000000000000000000, -4.207103668092284950E-16, 3.491481338843133355E-15 ) ) ;
#4728 = CARTESIAN_POINT ( 'NONE',  ( 1.254226891336545524, 0.000000000000000000, -0.3070147898133140374 ) ) ;
#4729 = DIRECTION ( 'NONE',  ( -1.000000000000000000, 0.000000000000000000, 0.000000000000000000 ) ) ;
#4730 = ORIENTED_EDGE ( 'NONE', *, *, #2357, .F. ) ;
#4731 = EDGE_LOOP ( 'NONE', ( #2355, #4787, #2079, #4925 ) ) ;
#4732 = ORIENTED_EDGE ( 'NONE', *, *, #4443, .F. ) ;
#4733 = EDGE_CURVE ( 'NONE', #4321, #3528, #1272, .T. ) ;
#4734 = DIRECTION ( 'NONE',  ( -1.000000000000000000, 0.000000000000000000, -3.491481338843133355E-15 ) ) ;
#4735 = LINE ( 'NONE', #1959, #2448 ) ;
#4736 = DIRECTION ( 'NONE',  ( -1.000000000000000000, -7.047314121155773299E-15, -3.491481338843133355E-15 ) ) ;
#4737 = DIRECTION ( 'NONE',  ( 3.266776225374635264E-15, 0.000000000000000000, -1.000000000000000000 ) ) ;
#4738 = CARTESIAN_POINT ( 'NONE',  ( -1.300000000000002931, 0.000000000000000000, 0.8499999999999960920 ) ) ;
#4739 = DIRECTION ( 'NONE',  ( 3.491481338843133355E-15, 0.000000000000000000, -1.000000000000000000 ) ) ;
#4740 = AXIS2_PLACEMENT_3D ( 'NONE', #1868, #4545, #6289 ) ;
#4741 = CYLINDRICAL_SURFACE ( 'NONE', #5287, 0.04999999999999980849 ) ;
#4742 = VECTOR ( 'NONE', #5170, 1000.000000000000000 ) ;
#4743 = ORIENTED_EDGE ( 'NONE', *, *, #3089, .T. ) ;
#4744 = DIRECTION ( 'NONE',  ( 3.491481338843133355E-15, 0.000000000000000000, -1.000000000000000000 ) ) ;
#4745 = VECTOR ( 'NONE', #1424, 1000.000000000000000 ) ;
#4746 = EDGE_CURVE ( 'NONE', #6202, #911, #533, .T. ) ;
#4747 = FACE_OUTER_BOUND ( 'NONE', #6668, .T. ) ;
#4748 = VERTEX_POINT ( 'NONE', #2827 ) ;
#4749 = CARTESIAN_POINT ( 'NONE',  ( -1.350000000000002753, 0.1000000000000000056, 0.7499999999999953371 ) ) ;
#4750 = LINE ( 'NONE', #5892, #6212 ) ;
#4751 = ORIENTED_EDGE ( 'NONE', *, *, #3666, .T. ) ;
#4752 = VECTOR ( 'NONE', #901, 1000.000000000000000 ) ;
#4753 = CIRCLE ( 'NONE', #3720, 0.2500000000000000000 ) ;
#4754 = DIRECTION ( 'NONE',  ( -1.000000000000000000, 0.000000000000000000, -3.491481338843133355E-15 ) ) ;
#4755 = DIRECTION ( 'NONE',  ( 0.9914448613738108262, 0.1305261922200485758, 3.614007241618350743E-15 ) ) ;
#4756 = VERTEX_POINT ( 'NONE', #5051 ) ;
#4757 = ORIENTED_EDGE ( 'NONE', *, *, #3485, .F. ) ;
#4758 = CARTESIAN_POINT ( 'NONE',  ( 0.9124038404635967936, 0.9899999999999915534, -0.2499999999999968081 ) ) ;
#4759 = CARTESIAN_POINT ( 'NONE',  ( -1.351449120171323903, 0.6000000000000029754, 0.3313493293834428033 ) ) ;
#4760 = AXIS2_PLACEMENT_3D ( 'NONE', #6377, #222, #3066 ) ;
#4761 = DIRECTION ( 'NONE',  ( -1.000000000000000000, 3.502807018799322109E-15, -3.491481338843133355E-15 ) ) ;
#4762 = CARTESIAN_POINT ( 'NONE',  ( -0.7690598923241418472, 0.5999999999999999778, -1.000000000000002665 ) ) ;
#4763 = VERTEX_POINT ( 'NONE', #65 ) ;
#4764 = VERTEX_POINT ( 'NONE', #6350 ) ;
#4765 = VERTEX_POINT ( 'NONE', #4193 ) ;
#4766 = CARTESIAN_POINT ( 'NONE',  ( -1.749999999999998224, 0.09999999999999979738, -0.5500000000000069278 ) ) ;
#4767 = DIRECTION ( 'NONE',  ( 3.491481338843133355E-15, 0.000000000000000000, -1.000000000000000000 ) ) ;
#4768 = SURFACE_STYLE_USAGE ( .BOTH. , #3756 ) ;
#4769 = UNCERTAINTY_MEASURE_WITH_UNIT (LENGTH_MEASURE( 1.000000000000000082E-05 ), #935, 'distance_accuracy_value', 'NONE');
#4770 = ORIENTED_EDGE ( 'NONE', *, *, #2306, .T. ) ;
#4771 = ADVANCED_FACE ( 'NONE', ( #1379 ), #4741, .F. ) ;
#4772 = CARTESIAN_POINT ( 'NONE',  ( 1.900000000000001910, 0.1000000000000000056, -0.7499999999999933387 ) ) ;
#4773 = EDGE_CURVE ( 'NONE', #2415, #5268, #2533, .T. ) ;
#4774 = ORIENTED_EDGE ( 'NONE', *, *, #1374, .F. ) ;
#4775 = ORIENTED_EDGE ( 'NONE', *, *, #1157, .F. ) ;
#4776 = LINE ( 'NONE', #6996, #254 ) ;
#4777 = CARTESIAN_POINT ( 'NONE',  ( -0.9999999999999965583, 0.9899999999999926636, -1.000000000000003553 ) ) ;
#4778 = CARTESIAN_POINT ( 'NONE',  ( -1.199038105676660138, 1.199999999999999956, 0.7499999999999957812 ) ) ;
#4779 = PLANE ( 'NONE',  #1271 ) ;
#4780 = DIRECTION ( 'NONE',  ( -3.263320628122684032E-15, 0.000000000000000000, 1.000000000000000000 ) ) ;
#4781 = SURFACE_STYLE_USAGE ( .BOTH. , #2569 ) ;
#4782 = ADVANCED_FACE ( 'NONE', ( #3617 ), #4156, .F. ) ;
#4783 = EDGE_CURVE ( 'NONE', #750, #4183, #5775, .T. ) ;
#4784 = DIRECTION ( 'NONE',  ( -1.000000000000000000, 0.000000000000000000, -4.065758146820642416E-15 ) ) ;
#4785 = DIRECTION ( 'NONE',  ( 3.491481338843133750E-15, -0.000000000000000000, -1.000000000000000000 ) ) ;
#4786 = SURFACE_STYLE_FILL_AREA ( #1500 ) ;
#4787 = ORIENTED_EDGE ( 'NONE', *, *, #3675, .F. ) ;
#4788 = DIRECTION ( 'NONE',  ( -3.491481338843133355E-15, 0.000000000000000000, 1.000000000000000000 ) ) ;
#4789 = DIRECTION ( 'NONE',  ( -1.000000000000000000, 0.000000000000000000, -3.491481338843133750E-15 ) ) ;
#4790 = ORIENTED_EDGE ( 'NONE', *, *, #3298, .F. ) ;
#4791 = ADVANCED_FACE ( 'NONE', ( #6383 ), #3148, .F. ) ;
#4792 = AXIS2_PLACEMENT_3D ( 'NONE', #3685, #5911, #5369 ) ;
#4793 = DIRECTION ( 'NONE',  ( 1.000000000000000000, 0.000000000000000000, 3.491481338843133355E-15 ) ) ;
#4794 = DIRECTION ( 'NONE',  ( -3.491481338843133750E-15, 0.000000000000000000, 1.000000000000000000 ) ) ;
#4795 = ORIENTED_EDGE ( 'NONE', *, *, #3532, .T. ) ;
#4796 = EDGE_LOOP ( 'NONE', ( #4757, #6616, #733, #949 ) ) ;
#4797 = LINE ( 'NONE', #4207, #2667 ) ;
#4798 = DIRECTION ( 'NONE',  ( 3.491481338843133355E-15, 1.000000000000000000, 1.219044193948983948E-29 ) ) ;
#4799 = CIRCLE ( 'NONE', #738, 1.499999999999999556 ) ;
#4800 = DIRECTION ( 'NONE',  ( -1.000000000000000000, 0.000000000000000000, -3.491481338843133355E-15 ) ) ;
#4801 = PLANE ( 'NONE',  #2045 ) ;
#4802 = EDGE_CURVE ( 'NONE', #740, #4314, #1343, .T. ) ;
#4803 = DIRECTION ( 'NONE',  ( -1.000000000000000000, 0.000000000000000000, -3.057800469848931582E-15 ) ) ;
#4804 = VECTOR ( 'NONE', #5236, 1000.000000000000000 ) ;
#4805 = ORIENTED_EDGE ( 'NONE', *, *, #1897, .F. ) ;
#4806 = ORIENTED_EDGE ( 'NONE', *, *, #153, .F. ) ;
#4807 = VERTEX_POINT ( 'NONE', #5885 ) ;
#4808 = LINE ( 'NONE', #847, #2428 ) ;
#4809 = AXIS2_PLACEMENT_3D ( 'NONE', #2727, #3744, #6537 ) ;
#4810 = AXIS2_PLACEMENT_3D ( 'NONE', #3969, #6767, #3437 ) ;
#4811 = SURFACE_STYLE_USAGE ( .BOTH. , #3173 ) ;
#4812 = ORIENTED_EDGE ( 'NONE', *, *, #6599, .F. ) ;
#4813 = VERTEX_POINT ( 'NONE', #5218 ) ;
#4814 = AXIS2_PLACEMENT_3D ( 'NONE', #836, #4203, #6319 ) ;
#4815 = ORIENTED_EDGE ( 'NONE', *, *, #1155, .F. ) ;
#4816 = VECTOR ( 'NONE', #685, 1000.000000000000000 ) ;
#4817 = LINE ( 'NONE', #3462, #4446 ) ;
#4818 = DIRECTION ( 'NONE',  ( 0.8660254037844397068, 0.4999999999999979461, 3.129769060149951557E-15 ) ) ;
#4819 = LINE ( 'NONE', #6597, #4923 ) ;
#4820 = PLANE ( 'NONE',  #7156 ) ;
#4821 = AXIS2_PLACEMENT_3D ( 'NONE', #2331, #6750, #3984 ) ;
#4822 = VECTOR ( 'NONE', #2206, 1000.000000000000000 ) ;
#4823 = EDGE_CURVE ( 'NONE', #3103, #1782, #6789, .T. ) ;
#4824 = PLANE ( 'NONE',  #1590 ) ;
#4825 = ORIENTED_EDGE ( 'NONE', *, *, #3682, .F. ) ;
#4826 = AXIS2_PLACEMENT_3D ( 'NONE', #4113, #6338, #1984 ) ;
#4827 = CARTESIAN_POINT ( 'NONE',  ( 0.7044375921718366573, 1.201000000000016499, 1.372827446247164795 ) ) ;
#4828 = AXIS2_PLACEMENT_3D ( 'NONE', #3090, #208, #737 ) ;
#4829 = ORIENTED_EDGE ( 'NONE', *, *, #3341, .F. ) ;
#4830 = CARTESIAN_POINT ( 'NONE',  ( 0.8517638489321250894, 0.9719151922228780327, -0.3241632708992927547 ) ) ;
#4831 = EDGE_CURVE ( 'NONE', #4862, #5675, #5059, .T. ) ;
#4832 = EDGE_CURVE ( 'NONE', #2322, #3009, #224, .T. ) ;
#4833 = DIRECTION ( 'NONE',  ( 1.000000000000000000, 0.000000000000000000, 3.491481338843133355E-15 ) ) ;
#4834 = DIRECTION ( 'NONE',  ( -1.000000000000000000, 0.000000000000000000, -3.491481338843133355E-15 ) ) ;
#4835 = EDGE_LOOP ( 'NONE', ( #6233, #5397, #1149, #6264 ) ) ;
#4836 = EDGE_CURVE ( 'NONE', #2310, #1371, #3884, .T. ) ;
#4837 = FACE_OUTER_BOUND ( 'NONE', #4995, .T. ) ;
#4838 = CARTESIAN_POINT ( 'NONE',  ( 0.1000000000000000056, 1.099999999999999645, 3.491481338843133355E-16 ) ) ;
#4839 = ORIENTED_EDGE ( 'NONE', *, *, #1324, .T. ) ;
#4840 = LINE ( 'NONE', #3671, #4158 ) ;
#4841 = LINE ( 'NONE', #3672, #3417 ) ;
#4842 = EDGE_CURVE ( 'NONE', #4405, #6018, #5255, .T. ) ;
#4843 = LINE ( 'NONE', #842, #1768 ) ;
#4844 = CARTESIAN_POINT ( 'NONE',  ( 1.013559915646911502, 0.9130394662060874467, -0.4749822309044464674 ) ) ;
#4845 = ORIENTED_EDGE ( 'NONE', *, *, #7152, .T. ) ;
#4846 = VERTEX_POINT ( 'NONE', #4705 ) ;
#4847 = ORIENTED_EDGE ( 'NONE', *, *, #2357, .T. ) ;
#4848 = CARTESIAN_POINT ( 'NONE',  ( 0.8517638489321228690, 0.9719151922228805862, 0.3241632708993110734 ) ) ;
#4849 = EDGE_CURVE ( 'NONE', #3801, #5306, #1998, .T. ) ;
#4850 = CARTESIAN_POINT ( 'NONE',  ( 0.7044375921718456501, 0.9899999999999922196, -1.372827446247159910 ) ) ;
#4851 = FACE_OUTER_BOUND ( 'NONE', #33, .T. ) ;
#4852 = DIRECTION ( 'NONE',  ( -1.000000000000000000, 0.000000000000000000, -3.491481338843133355E-15 ) ) ;
#4853 = ORIENTED_EDGE ( 'NONE', *, *, #2389, .F. ) ;
#4854 = VERTEX_POINT ( 'NONE', #1417 ) ;
#4855 = DIRECTION ( 'NONE',  ( -6.123233995736766036E-17, -1.000000000000000000, -2.137915722948479303E-31 ) ) ;
#4856 = CARTESIAN_POINT ( 'NONE',  ( -1.700245513687541843, 0.7000000000000005107, 0.5499999999999946043 ) ) ;
#4857 = CARTESIAN_POINT ( 'NONE',  ( -1.750000000000004441, 0.1000000000000000056, 1.199999999999993960 ) ) ;
#4858 = CARTESIAN_POINT ( 'NONE',  ( 1.254226891336545524, 0.000000000000000000, -0.3070147898133140374 ) ) ;
#4859 = DIRECTION ( 'NONE',  ( -1.000000000000000000, -6.903093815419526508E-15, -3.615906284267370577E-15 ) ) ;
#4860 = PLANE ( 'NONE',  #2845 ) ;
#4861 =( BOUNDED_CURVE ( )  B_SPLINE_CURVE ( 3, ( #2822, #5611, #4559, #3978 ),
 .UNSPECIFIED., .F., .F. ) 
 B_SPLINE_CURVE_WITH_KNOTS ( ( 4, 4 ),
 ( 2.750932146741845941, 2.843060452404917005 ),
 .UNSPECIFIED. ) 
 CURVE ( )  GEOMETRIC_REPRESENTATION_ITEM ( )  RATIONAL_B_SPLINE_CURVE ( ( 1.000000000000000000, 0.9992928230015089008, 0.9992928230015089008, 1.000000000000000000 ) ) 
 REPRESENTATION_ITEM ( '' )  );
#4862 = VERTEX_POINT ( 'NONE', #6454 ) ;
#4863 = MANIFOLD_SOLID_BREP ( 'Cut-Extrude4[2]', #4992 ) ;
#4864 = LINE ( 'NONE', #3194, #6663 ) ;
#4865 = VERTEX_POINT ( 'NONE', #2073 ) ;
#4866 = DIRECTION ( 'NONE',  ( 1.000000000000000000, 0.000000000000000000, 3.491481338843133355E-15 ) ) ;
#4867 = FACE_OUTER_BOUND ( 'NONE', #716, .T. ) ;
#4868 = DIRECTION ( 'NONE',  ( 3.491481338843133355E-15, 0.000000000000000000, -1.000000000000000000 ) ) ;
#4869 = ORIENTED_EDGE ( 'NONE', *, *, #2995, .F. ) ;
#4870 = CYLINDRICAL_SURFACE ( 'NONE', #4572, 0.3000000000000000444 ) ;
#4871 = DIRECTION ( 'NONE',  ( 0.000000000000000000, 1.000000000000000000, 0.000000000000000000 ) ) ;
#4872 = EDGE_CURVE ( 'NONE', #2175, #4807, #940, .T. ) ;
#4873 = AXIS2_PLACEMENT_3D ( 'NONE', #3457, #1800, #3964 ) ;
#4874 = EDGE_CURVE ( 'NONE', #2047, #1715, #3186, .T. ) ;
#4875 = AXIS2_PLACEMENT_3D ( 'NONE', #2658, #3350, #515 ) ;
#4876 = ORIENTED_EDGE ( 'NONE', *, *, #4523, .T. ) ;
#4877 = EDGE_CURVE ( 'NONE', #1928, #70, #2756, .T. ) ;
#4878 = CARTESIAN_POINT ( 'NONE',  ( 0.06991420946604988418, 0.8886672092433048897, -1.098166160790682522 ) ) ;
#4879 = FACE_OUTER_BOUND ( 'NONE', #6058, .T. ) ;
#4880 = ADVANCED_FACE ( 'NONE', ( #6490 ), #4312, .T. ) ;
#4881 = CARTESIAN_POINT ( 'NONE',  ( -1.900000000000001243, 0.1000000000000000056, 0.3999999999999940270 ) ) ;
#4882 = AXIS2_PLACEMENT_3D ( 'NONE', #5783, #5891, #1936 ) ;
#4883 = EDGE_CURVE ( 'NONE', #6726, #7176, #4931, .T. ) ;
#4884 = DIRECTION ( 'NONE',  ( -3.491481338843133750E-15, -0.000000000000000000, 1.000000000000000000 ) ) ;
#4885 = ORIENTED_EDGE ( 'NONE', *, *, #2869, .T. ) ;
#4886 = AXIS2_PLACEMENT_3D ( 'NONE', #4777, #6409, #3611 ) ;
#4887 = ORIENTED_EDGE ( 'NONE', *, *, #7005, .F. ) ;
#4888 = ORIENTED_EDGE ( 'NONE', *, *, #3895, .T. ) ;
#4889 = CARTESIAN_POINT ( 'NONE',  ( -1.099999999999995870, 0.000000000000000000, -1.100000000000004530 ) ) ;
#4890 = CIRCLE ( 'NONE', #2107, 0.04999999999999991257 ) ;
#4891 = FACE_OUTER_BOUND ( 'NONE', #6877, .T. ) ;
#4892 = ADVANCED_FACE ( 'NONE', ( #1050 ), #422, .F. ) ;
#4893 = ORIENTED_EDGE ( 'NONE', *, *, #2824, .F. ) ;
#4894 = ORIENTED_EDGE ( 'NONE', *, *, #1988, .T. ) ;
#4895 = DIRECTION ( 'NONE',  ( -1.000000000000000000, 0.000000000000000000, -3.491481338843133355E-15 ) ) ;
#4896 = CARTESIAN_POINT ( 'NONE',  ( -1.700245513687541177, 0.6000000000000005329, 0.5499999999999946043 ) ) ;
#4897 = CYLINDRICAL_SURFACE ( 'NONE', #2139, 0.8499999999999998668 ) ;
#4898 = LINE ( 'NONE', #1015, #3780 ) ;
#4899 = DIRECTION ( 'NONE',  ( 0.000000000000000000, -0.000000000000000000, 1.000000000000000000 ) ) ;
#4900 = EDGE_LOOP ( 'NONE', ( #1631, #3410, #2275, #3178, #5560, #6008, #4011, #3208, #6189, #152, #1212, #2594, #5383, #4360, #3796, #3935 ) ) ;
#4901 = DIRECTION ( 'NONE',  ( -0.000000000000000000, -1.000000000000000000, 0.000000000000000000 ) ) ;
#4902 = DIRECTION ( 'NONE',  ( -1.000000000000000000, 0.000000000000000000, -3.491481338843133355E-15 ) ) ;
#4903 = EDGE_LOOP ( 'NONE', ( #6914, #4169, #49, #2887 ) ) ;
#4904 = CARTESIAN_POINT ( 'NONE',  ( 1.279999999999996918, 1.199999999999999956, 0.9260669522232218842 ) ) ;
#4905 = CARTESIAN_POINT ( 'NONE',  ( -1.900000000000004796, 0.000000000000000000, 1.349999999999993427 ) ) ;
#4906 = EDGE_LOOP ( 'NONE', ( #2099, #6942, #6925, #2946 ) ) ;
#4907 = CARTESIAN_POINT ( 'NONE',  ( 0.1000000000000000056, -1.979848480983505743, 3.491481338843133355E-16 ) ) ;
#4908 = DIRECTION ( 'NONE',  ( -1.000000000000000000, 0.000000000000000000, -3.491481338843133355E-15 ) ) ;
#4909 = ORIENTED_EDGE ( 'NONE', *, *, #4253, .T. ) ;
#4910 = CARTESIAN_POINT ( 'NONE',  ( 0.1000000000000000056, 0.9899999999999941069, 3.491481338843133355E-16 ) ) ;
#4911 = CARTESIAN_POINT ( 'NONE',  ( 0.9124038404636054533, 0.9899999999999915534, 0.2500000000000032196 ) ) ;
#4912 = LINE ( 'NONE', #6655, #1395 ) ;
#4913 = ADVANCED_FACE ( 'NONE', ( #6525 ), #1570, .F. ) ;
#4914 = EDGE_LOOP ( 'NONE', ( #771, #3907, #1650, #2209 ) ) ;
#4915 = ORIENTED_EDGE ( 'NONE', *, *, #4921, .F. ) ;
#4916 = VERTEX_POINT ( 'NONE', #7080 ) ;
#4917 = AXIS2_PLACEMENT_3D ( 'NONE', #6302, #5805, #3541 ) ;
#4918 = LINE ( 'NONE', #3355, #1969 ) ;
#4919 = LINE ( 'NONE', #5152, #4053 ) ;
#4920 = EDGE_CURVE ( 'NONE', #1110, #6679, #2217, .T. ) ;
#4921 = EDGE_CURVE ( 'NONE', #485, #4119, #4898, .T. ) ;
#4922 = UNCERTAINTY_MEASURE_WITH_UNIT (LENGTH_MEASURE( 1.000000000000000082E-05 ), #2998, 'distance_accuracy_value', 'NONE');
#4923 = VECTOR ( 'NONE', #1493, 1000.000000000000000 ) ;
#4924 = CARTESIAN_POINT ( 'NONE',  ( 1.150000000000001021, -1.979848480983505743, -0.2499999999999960032 ) ) ;
#4925 = ORIENTED_EDGE ( 'NONE', *, *, #2039, .T. ) ;
#4926 = ORIENTED_EDGE ( 'NONE', *, *, #4849, .F. ) ;
#4927 = CIRCLE ( 'NONE', #1695, 0.1599999999999997813 ) ;
#4928 = PLANE ( 'NONE',  #1651 ) ;
#4929 = LINE ( 'NONE', #7076, #4562 ) ;
#4930 = EDGE_CURVE ( 'NONE', #5448, #335, #5486, .T. ) ;
#4931 = LINE ( 'NONE', #4345, #6560 ) ;
#4932 = COLOUR_RGB ( '',1.000000000000000000, 1.000000000000000000, 1.000000000000000000 ) ;
#4933 = VECTOR ( 'NONE', #3484, 1000.000000000000000 ) ;
#4934 = VECTOR ( 'NONE', #5163, 1000.000000000000000 ) ;
#4935 = DIRECTION ( 'NONE',  ( 0.1305261922200484093, -0.9914448613738108262, 4.557297643665507622E-16 ) ) ;
#4936 = VERTEX_POINT ( 'NONE', #5445 ) ;
#4937 = ORIENTED_EDGE ( 'NONE', *, *, #2128, .T. ) ;
#4938 = PLANE ( 'NONE',  #6199 ) ;
#4939 = LINE ( 'NONE', #3738, #2304 ) ;
#4940 = ORIENTED_EDGE ( 'NONE', *, *, #4530, .F. ) ;
#4941 = CARTESIAN_POINT ( 'NONE',  ( -0.9659547428989363471, 0.5000000000000000000, 1.332883828495627032 ) ) ;
#4942 = VECTOR ( 'NONE', #7203, 1000.000000000000000 ) ;
#4943 = EDGE_CURVE ( 'NONE', #2944, #4430, #1672, .T. ) ;
#4944 = VECTOR ( 'NONE', #789, 1000.000000000000000 ) ;
#4945 = LINE ( 'NONE', #3200, #936 ) ;
#4946 = DIRECTION ( 'NONE',  ( -3.574721027428840849E-15, 0.000000000000000000, 1.000000000000000000 ) ) ;
#4947 = ORIENTED_EDGE ( 'NONE', *, *, #6823, .T. ) ;
#4948 = CARTESIAN_POINT ( 'NONE',  ( -1.450000000000003952, 0.000000000000000000, 1.199999999999995071 ) ) ;
#4949 = FACE_OUTER_BOUND ( 'NONE', #3548, .T. ) ;
#4950 = AXIS2_PLACEMENT_3D ( 'NONE', #1378, #4190, #4232 ) ;
#4951 = CIRCLE ( 'NONE', #2963, 0.8499999999999998668 ) ;
#4952 = ORIENTED_EDGE ( 'NONE', *, *, #4679, .F. ) ;
#4953 = CARTESIAN_POINT ( 'NONE',  ( 0.1047030918396770482, 0.8899999999999925748, -1.094503525664545895 ) ) ;
#4954 = DIRECTION ( 'NONE',  ( -2.624119600854730203E-15, 0.000000000000000000, 1.000000000000000000 ) ) ;
#4955 = CARTESIAN_POINT ( 'NONE',  ( -1.000000000000002442, 0.000000000000000000, 0.6999999999999971800 ) ) ;
#4956 = VECTOR ( 'NONE', #1911, 1000.000000000000000 ) ;
#4957 = DIRECTION ( 'NONE',  ( -1.000000000000000000, 0.000000000000000000, -3.491481338843133355E-15 ) ) ;
#4958 = VERTEX_POINT ( 'NONE', #2181 ) ;
#4959 = ORIENTED_EDGE ( 'NONE', *, *, #5721, .T. ) ;
#4960 = ORIENTED_EDGE ( 'NONE', *, *, #431, .T. ) ;
#4961 = CARTESIAN_POINT ( 'NONE',  ( -0.9500000000000010658, 1.099999999999999645, 0.2499999999999968636 ) ) ;
#4962 = PLANE ( 'NONE',  #1931 ) ;
#4963 = DIRECTION ( 'NONE',  ( -4.069722497502068528E-15, 0.000000000000000000, 1.000000000000000000 ) ) ;
#4964 = SURFACE_STYLE_FILL_AREA ( #2747 ) ;
#4965 = ORIENTED_EDGE ( 'NONE', *, *, #6563, .F. ) ;
#4966 = EDGE_CURVE ( 'NONE', #5986, #3017, #4383, .T. ) ;
#4967 = VERTEX_POINT ( 'NONE', #459 ) ;
#4968 = EDGE_CURVE ( 'NONE', #865, #920, #6568, .T. ) ;
#4969 = EDGE_CURVE ( 'NONE', #1831, #1345, #6601, .T. ) ;
#4970 = DIRECTION ( 'NONE',  ( -3.263320628122684032E-15, 0.000000000000000000, 1.000000000000000000 ) ) ;
#4971 = LINE ( 'NONE', #5993, #4668 ) ;
#4972 = ADVANCED_FACE ( 'NONE', ( #1608 ), #577, .F. ) ;
#4973 = CYLINDRICAL_SURFACE ( 'NONE', #2778, 0.2999999999999999889 ) ;
#4974 = DIRECTION ( 'NONE',  ( 3.491481338843133355E-15, 0.000000000000000000, -1.000000000000000000 ) ) ;
#4975 = ORIENTED_EDGE ( 'NONE', *, *, #6285, .F. ) ;
#4976 = ORIENTED_EDGE ( 'NONE', *, *, #791, .F. ) ;
#4977 = MANIFOLD_SOLID_BREP ( 'Boss-Extrude5', #3697 ) ;
#4978 = DIRECTION ( 'NONE',  ( -3.491481338843133355E-15, 0.000000000000000000, 1.000000000000000000 ) ) ;
#4979 = LINE ( 'NONE', #7196, #4243 ) ;
#4980 = CARTESIAN_POINT ( 'NONE',  ( -1.613954739249933601, 0.7000000000000011768, -0.3313493293834531839 ) ) ;
#4981 = PLANE ( 'NONE',  #6762 ) ;
#4982 = CARTESIAN_POINT ( 'NONE',  ( -1.700245513687541843, 0.7000000000000005107, 0.5499999999999946043 ) ) ;
#4983 = LINE ( 'NONE', #586, #5863 ) ;
#4984 = VERTEX_POINT ( 'NONE', #2705 ) ;
#4985 = CARTESIAN_POINT ( 'NONE',  ( 1.900000000000001910, 0.000000000000000000, -0.7499999999999933387 ) ) ;
#4986 = CARTESIAN_POINT ( 'NONE',  ( -1.749999999999998224, 0.1499999999999996891, -0.5500000000000068168 ) ) ;
#4987 = EDGE_CURVE ( 'NONE', #6175, #1259, #4454, .T. ) ;
#4988 = VERTEX_POINT ( 'NONE', #1006 ) ;
#4989 = CARTESIAN_POINT ( 'NONE',  ( -0.9999999999999976685, 0.000000000000000000, -0.7000000000000040634 ) ) ;
#4990 = CARTESIAN_POINT ( 'NONE',  ( -0.7124038404635950616, 1.199999999999999956, -0.2500000000000023870 ) ) ;
#4991 = PLANE ( 'NONE',  #4875 ) ;
#4992 = CLOSED_SHELL ( 'NONE', ( #2276, #4263, #6183, #4298 ) ) ;
#4993 = DIRECTION ( 'NONE',  ( 3.491481338843133355E-15, 0.000000000000000000, -1.000000000000000000 ) ) ;
#4994 = ORIENTED_EDGE ( 'NONE', *, *, #4017, .T. ) ;
#4995 = EDGE_LOOP ( 'NONE', ( #5060, #2674, #5551, #6396 ) ) ;
#4996 = ORIENTED_EDGE ( 'NONE', *, *, #1777, .F. ) ;
#4997 = CIRCLE ( 'NONE', #4286, 0.04999999999999991257 ) ;
#4998 = VECTOR ( 'NONE', #362, 1000.000000000000000 ) ;
#4999 = DIRECTION ( 'NONE',  ( 1.000000000000000000, 0.000000000000000000, 3.491481338843133355E-15 ) ) ;
#5000 = CARTESIAN_POINT ( 'NONE',  ( 1.690000000000005054, 0.6000000000000000888, -1.499999999999994449 ) ) ;
#5001 = VECTOR ( 'NONE', #3878, 1000.000000000000000 ) ;
#5002 =( GEOMETRIC_REPRESENTATION_CONTEXT ( 3 ) GLOBAL_UNCERTAINTY_ASSIGNED_CONTEXT ( ( #3100 ) ) GLOBAL_UNIT_ASSIGNED_CONTEXT ( ( #1995, #5807, #6881 ) ) REPRESENTATION_CONTEXT ( 'NONE', 'WORKASPACE' ) );
#5003 = ORIENTED_EDGE ( 'NONE', *, *, #2665, .F. ) ;
#5004 = CARTESIAN_POINT ( 'NONE',  ( -1.900000000000001243, 0.000000000000000000, 0.3999999999999940270 ) ) ;
#5005 = LINE ( 'NONE', #5598, #4331 ) ;
#5006 = FACE_OUTER_BOUND ( 'NONE', #6474, .T. ) ;
#5007 = DIRECTION ( 'NONE',  ( -0.3419523097666865574, -0.9397173074096422107, 2.510965514277969689E-15 ) ) ;
#5009 = VECTOR ( 'NONE', #5880, 1000.000000000000000 ) ;
#5008 = SURFACE_STYLE_FILL_AREA ( #6103 ) ;
#5010 = EDGE_CURVE ( 'NONE', #6109, #4225, #5363, .T. ) ;
#5011 = EDGE_CURVE ( 'NONE', #2916, #3817, #3289, .T. ) ;
#5012 = LINE ( 'NONE', #5144, #4956 ) ;
#5013 = EDGE_CURVE ( 'NONE', #1123, #1358, #1630, .T. ) ;
#5014 = ORIENTED_EDGE ( 'NONE', *, *, #1790, .T. ) ;
#5015 = LINE ( 'NONE', #2293, #2026 ) ;
#5016 = DIRECTION ( 'NONE',  ( -1.000000000000000000, 0.000000000000000000, -3.491481338843133355E-15 ) ) ;
#5017 = CARTESIAN_POINT ( 'NONE',  ( 1.581636014379623978, 0.1499999999999999667, -0.3749999999999943934 ) ) ;
#5018 = LINE ( 'NONE', #3848, #5340 ) ;
#5019 = EDGE_CURVE ( 'NONE', #6715, #3474, #5479, .T. ) ;
#5020 = ADVANCED_FACE ( 'NONE', ( #4891 ), #4337, .F. ) ;
#5021 = DIRECTION ( 'NONE',  ( 0.000000000000000000, 1.000000000000000000, -0.000000000000000000 ) ) ;
#5022 = ORIENTED_EDGE ( 'NONE', *, *, #3570, .F. ) ;
#5023 = CARTESIAN_POINT ( 'NONE',  ( 0.5974937185533071293, 0.000000000000000000, 0.7500000000000021094 ) ) ;
#5024 = DIRECTION ( 'NONE',  ( -1.000000000000000000, 0.000000000000000000, -3.491481338843133355E-15 ) ) ;
#5025 = EDGE_LOOP ( 'NONE', ( #7177, #1803, #3976, #2662, #6313, #3322, #1909 ) ) ;
#5026 = DIRECTION ( 'NONE',  ( 1.000000000000000000, 0.000000000000000000, 3.057800469848931582E-15 ) ) ;
#5027 = CARTESIAN_POINT ( 'NONE',  ( -1.900000000000000133, 0.1499999999999996891, -6.633814543801954164E-15 ) ) ;
#5028 = PLANE ( 'NONE',  #5923 ) ;
#5029 = EDGE_CURVE ( 'NONE', #6751, #5516, #1599, .T. ) ;
#5030 = CARTESIAN_POINT ( 'NONE',  ( 0.8517638489321194273, 0.9719151922228845830, 1.298018149117632802 ) ) ;
#5031 = DIRECTION ( 'NONE',  ( -1.000000000000000000, -7.047314121155772510E-15, -3.491481338843133355E-15 ) ) ;
#5032 = VERTEX_POINT ( 'NONE', #7147 ) ;
#5033 = LINE ( 'NONE', #5553, #3247 ) ;
#5034 = ADVANCED_FACE ( 'NONE', ( #372 ), #2171, .F. ) ;
#5035 = PLANE ( 'NONE',  #5643 ) ;
#5036 = LINE ( 'NONE', #1121, #3902 ) ;
#5037 = MANIFOLD_SOLID_BREP ( 'Body-Move/Copy2[6]', #3465 ) ;
#5038 = CIRCLE ( 'NONE', #1097, 1.499999999999999556 ) ;
#5039 = VERTEX_POINT ( 'NONE', #673 ) ;
#5040 = CARTESIAN_POINT ( 'NONE',  ( -1.750000000000003553, 0.5500000000000002665, 0.5499999999999944933 ) ) ;
#5041 = DIRECTION ( 'NONE',  ( -1.000000000000000000, 0.000000000000000000, -3.491481338843133355E-15 ) ) ;
#5042 = AXIS2_PLACEMENT_3D ( 'NONE', #7160, #1019, #2610 ) ;
#5043 = CARTESIAN_POINT ( 'NONE',  ( 1.254226891336543304, 0.1000000000000000056, 0.3070147898133221420 ) ) ;
#5044 = ORIENTED_EDGE ( 'NONE', *, *, #5182, .T. ) ;
#5045 = CIRCLE ( 'NONE', #5270, 1.499999999999999556 ) ;
#5046 = FACE_OUTER_BOUND ( 'NONE', #2257, .T. ) ;
#5047 = PLANE ( 'NONE',  #1872 ) ;
#5048 = CARTESIAN_POINT ( 'NONE',  ( -1.602568033750402687, 0.6000000000000011990, -1.332883828495627032 ) ) ;
#5049 = VECTOR ( 'NONE', #5497, 1000.000000000000000 ) ;
#5050 = CIRCLE ( 'NONE', #6893, 1.000000000000000000 ) ;
#5051 = CARTESIAN_POINT ( 'NONE',  ( -1.602568033750411791, 0.6000000000000011990, 1.332883828495615930 ) ) ;
#5052 = ORIENTED_EDGE ( 'NONE', *, *, #6038, .F. ) ;
#5053 = CARTESIAN_POINT ( 'NONE',  ( -0.9999999999999965583, 1.000000000000001554, -1.000000000000003553 ) ) ;
#5054 = CARTESIAN_POINT ( 'NONE',  ( -1.100000000000003197, 0.000000000000000000, 0.8499999999999967581 ) ) ;
#5055 = EDGE_CURVE ( 'NONE', #4984, #3478, #1040, .T. ) ;
#5056 = ORIENTED_EDGE ( 'NONE', *, *, #569, .F. ) ;
#5057 = VECTOR ( 'NONE', #3591, 1000.000000000000000 ) ;
#5058 = EDGE_CURVE ( 'NONE', #6702, #4225, #5036, .T. ) ;
#5059 = CIRCLE ( 'NONE', #3427, 0.8499999999999998668 ) ;
#5060 = ORIENTED_EDGE ( 'NONE', *, *, #3540, .F. ) ;
#5061 = PLANE ( 'NONE',  #862 ) ;
#5062 = DIRECTION ( 'NONE',  ( -1.000000000000000000, 0.000000000000000000, -3.491481338843133355E-15 ) ) ;
#5063 = ADVANCED_FACE ( 'NONE', ( #1159 ), #3905, .T. ) ;
#5064 = EDGE_CURVE ( 'NONE', #3925, #2091, #567, .T. ) ;
#5065 = VECTOR ( 'NONE', #3458, 1000.000000000000000 ) ;
#5066 = AXIS2_PLACEMENT_3D ( 'NONE', #2552, #775, #4070 ) ;
#5067 = DIRECTION ( 'NONE',  ( 3.263320628122684032E-15, 0.000000000000000000, -1.000000000000000000 ) ) ;
#5068 = FACE_OUTER_BOUND ( 'NONE', #3644, .T. ) ;
#5069 = ORIENTED_EDGE ( 'NONE', *, *, #2791, .F. ) ;
#5070 = VERTEX_POINT ( 'NONE', #2780 ) ;
#5071 = ADVANCED_FACE ( 'NONE', ( #4445 ), #6667, .F. ) ;
#5072 = CARTESIAN_POINT ( 'NONE',  ( 1.600000000000001199, 0.6000000000000000888, -0.3749999999999942824 ) ) ;
#5073 = PRESENTATION_LAYER_ASSIGNMENT (  '', '', ( #6915 ) ) ;
#5074 = DIRECTION ( 'NONE',  ( -1.000000000000000000, 0.000000000000000000, -3.491481338843133355E-15 ) ) ;
#5075 = ORIENTED_EDGE ( 'NONE', *, *, #1157, .T. ) ;
#5076 = ORIENTED_EDGE ( 'NONE', *, *, #4066, .F. ) ;
#5077 = ADVANCED_FACE ( 'NONE', ( #6701 ), #5626, .T. ) ;
#5078 = DIRECTION ( 'NONE',  ( 1.000000000000000000, 0.000000000000000000, 3.491481338843133750E-15 ) ) ;
#5079 = DIRECTION ( 'NONE',  ( 4.358843076831536902E-15, 0.000000000000000000, -1.000000000000000000 ) ) ;
#5080 = VERTEX_POINT ( 'NONE', #81 ) ;
#5081 = ORIENTED_EDGE ( 'NONE', *, *, #6744, .F. ) ;
#5082 = ORIENTED_EDGE ( 'NONE', *, *, #6824, .T. ) ;
#5083 = CARTESIAN_POINT ( 'NONE',  ( 0.7044375921718362132, 1.089999999999992530, 1.372827446247164795 ) ) ;
#5084 = LINE ( 'NONE', #3377, #5601 ) ;
#5085 = CARTESIAN_POINT ( 'NONE',  ( 0.1000000000000000056, -1.979848480983505743, 3.491481338843133355E-16 ) ) ;
#5086 = DIRECTION ( 'NONE',  ( -1.000000000000000000, -7.021349484611987412E-15, -3.491481338843133355E-15 ) ) ;
#5087 = DIRECTION ( 'NONE',  ( -7.047314121155773299E-15, 1.000000000000000000, -2.460556574298107867E-29 ) ) ;
#5088 = VERTEX_POINT ( 'NONE', #4517 ) ;
#5089 = DIRECTION ( 'NONE',  ( 3.491481338843133355E-15, 0.000000000000000000, -1.000000000000000000 ) ) ;
#5090 = LINE ( 'NONE', #5054, #157 ) ;
#5091 = ORIENTED_EDGE ( 'NONE', *, *, #7142, .T. ) ;
#5092 = VERTEX_POINT ( 'NONE', #4547 ) ;
#5093 = DIRECTION ( 'NONE',  ( -1.000000000000000000, 0.000000000000000000, -4.069722497502068528E-15 ) ) ;
#5094 = DIRECTION ( 'NONE',  ( -3.491481338843133355E-15, 0.000000000000000000, 1.000000000000000000 ) ) ;
#5095 = EDGE_CURVE ( 'NONE', #4119, #6109, #6732, .T. ) ;
#5096 = EDGE_CURVE ( 'NONE', #3528, #624, #4951, .T. ) ;
#5097 = DIRECTION ( 'NONE',  ( 1.000000000000000000, 0.000000000000000000, 3.491481338843133355E-15 ) ) ;
#5098 = DIRECTION ( 'NONE',  ( 0.000000000000000000, 1.000000000000000000, 0.000000000000000000 ) ) ;
#5099 = ORIENTED_EDGE ( 'NONE', *, *, #227, .T. ) ;
#5100 = CARTESIAN_POINT ( 'NONE',  ( -1.700000000000001510, 0.1000000000000000056, 0.3499999999999946487 ) ) ;
#5101 = VERTEX_POINT ( 'NONE', #5105 ) ;
#5102 = DIRECTION ( 'NONE',  ( 3.491481338843133750E-15, -0.000000000000000000, -1.000000000000000000 ) ) ;
#5103 = VECTOR ( 'NONE', #615, 1000.000000000000000 ) ;
#5104 = EDGE_CURVE ( 'NONE', #6710, #1093, #113, .T. ) ;
#5105 = CARTESIAN_POINT ( 'NONE',  ( 1.279999999999996918, 0.9224999684985708548, 0.9260669522232218842 ) ) ;
#5106 = ORIENTED_EDGE ( 'NONE', *, *, #3641, .T. ) ;
#5107 = VECTOR ( 'NONE', #4434, 1000.000000000000000 ) ;
#5108 = ORIENTED_EDGE ( 'NONE', *, *, #1559, .F. ) ;
#5109 = CIRCLE ( 'NONE', #591, 0.1499999999999997446 ) ;
#5110 = DIRECTION ( 'NONE',  ( -1.000000000000000000, 0.000000000000000000, -0.000000000000000000 ) ) ;
#5111 = CARTESIAN_POINT ( 'NONE',  ( -0.7124038404635950616, -1.979848480983505743, -0.2500000000000023870 ) ) ;
#5112 = AXIS2_PLACEMENT_3D ( 'NONE', #7199, #6646, #6684 ) ;
#5113 = EDGE_CURVE ( 'NONE', #1666, #5241, #2378, .T. ) ;
#5114 = CARTESIAN_POINT ( 'NONE',  ( 0.8517638489321228690, 0.9719151922228805862, 0.3241632708993110734 ) ) ;
#5115 = EDGE_LOOP ( 'NONE', ( #5705, #2982, #4994, #1151 ) ) ;
#5116 = ORIENTED_EDGE ( 'NONE', *, *, #2314, .F. ) ;
#5117 = VECTOR ( 'NONE', #4698, 1000.000000000000000 ) ;
#5118 = PLANE ( 'NONE',  #2208 ) ;
#5119 = CARTESIAN_POINT ( 'NONE',  ( -1.750000000000003553, 0.5500000000000002665, 0.5499999999999944933 ) ) ;
#5120 = DIRECTION ( 'NONE',  ( -3.491481338843133355E-15, 0.000000000000000000, 1.000000000000000000 ) ) ;
#5121 = LINE ( 'NONE', #2255, #3011 ) ;
#5122 = CARTESIAN_POINT ( 'NONE',  ( -0.1500000000000036304, 1.199999999999999956, 1.049999999999999822 ) ) ;
#5123 = CARTESIAN_POINT ( 'NONE',  ( 0.09999999999999999167, 0.9899999999999926636, 3.491481338843133355E-16 ) ) ;
#5124 = ORIENTED_EDGE ( 'NONE', *, *, #6232, .F. ) ;
#5125 = LINE ( 'NONE', #3345, #1692 ) ;
#5126 = CARTESIAN_POINT ( 'NONE',  ( -1.449999999999997513, 1.100000000000000311, -0.7500000000000051070 ) ) ;
#5127 = ORIENTED_EDGE ( 'NONE', *, *, #3536, .F. ) ;
#5128 = ORIENTED_EDGE ( 'NONE', *, *, #3482, .T. ) ;
#5129 = CARTESIAN_POINT ( 'NONE',  ( 0.9457731086634545425, 0.000000000000000000, 0.3070147898133210873 ) ) ;
#5130 = CARTESIAN_POINT ( 'NONE',  ( -0.1500000000000027978, 0.9899999999999949951, 0.8124038404635953725 ) ) ;
#5131 = DIRECTION ( 'NONE',  ( -1.000000000000000000, 0.000000000000000000, -3.491481338843133355E-15 ) ) ;
#5132 = CARTESIAN_POINT ( 'NONE',  ( 0.8859590799087881940, 1.065886922963848571, 1.372827446247165684 ) ) ;
#5133 = ORIENTED_EDGE ( 'NONE', *, *, #4849, .T. ) ;
#5134 = ORIENTED_EDGE ( 'NONE', *, *, #4071, .T. ) ;
#5135 = PLANE ( 'NONE',  #5921 ) ;
#5136 = EDGE_CURVE ( 'NONE', #5530, #4250, #5138, .T. ) ;
#5137 = LINE ( 'NONE', #3998, #5065 ) ;
#5138 = LINE ( 'NONE', #4581, #2055 ) ;
#5139 = ORIENTED_EDGE ( 'NONE', *, *, #5220, .F. ) ;
#5140 = ORIENTED_EDGE ( 'NONE', *, *, #1245, .T. ) ;
#5141 = ADVANCED_FACE ( 'NONE', ( #1364 ), #1436, .T. ) ;
#5142 = EDGE_CURVE ( 'NONE', #4439, #3329, #1397, .T. ) ;
#5143 = DIRECTION ( 'NONE',  ( 0.000000000000000000, 1.000000000000000000, 0.000000000000000000 ) ) ;
#5144 = CARTESIAN_POINT ( 'NONE',  ( 0.8859590799087881940, 1.065886922963848571, 1.372827446247165684 ) ) ;
#5145 = CARTESIAN_POINT ( 'NONE',  ( 0.8790823825799980451, 0.9619742923302517790, 0.2173246082429891868 ) ) ;
#5146 = EDGE_LOOP ( 'NONE', ( #4162, #1038, #4134, #5801 ) ) ;
#5147 = EDGE_LOOP ( 'NONE', ( #5290, #2076, #428, #853 ) ) ;
#5148 = LINE ( 'NONE', #1125, #4804 ) ;
#5149 = EDGE_CURVE ( 'NONE', #4967, #4214, #1838, .T. ) ;
#5150 = CIRCLE ( 'NONE', #2931, 0.04999999999999991257 ) ;
#5151 = CARTESIAN_POINT ( 'NONE',  ( -1.700245513687540733, 0.6000000000000005329, 0.4176401038210468264 ) ) ;
#5152 = CARTESIAN_POINT ( 'NONE',  ( -1.265954742898944385, 0.6000000000000036415, 1.227565347459475431 ) ) ;
#5153 = DIRECTION ( 'NONE',  ( -1.000000000000000000, -7.047314121155772510E-15, -3.491481338843133355E-15 ) ) ;
#5154 = ORIENTED_EDGE ( 'NONE', *, *, #6257, .T. ) ;
#5155 = VECTOR ( 'NONE', #1171, 1000.000000000000114 ) ;
#5156 = CARTESIAN_POINT ( 'NONE',  ( 0.7044375921718358802, 1.089999999999992308, 1.372827446247165017 ) ) ;
#5157 = VERTEX_POINT ( 'NONE', #2517 ) ;
#5158 = EDGE_CURVE ( 'NONE', #3329, #4763, #1871, .T. ) ;
#5159 = VERTEX_POINT ( 'NONE', #1292 ) ;
#5160 = CIRCLE ( 'NONE', #399, 0.8499999999999999778 ) ;
#5161 = VECTOR ( 'NONE', #840, 1000.000000000000000 ) ;
#5162 = CARTESIAN_POINT ( 'NONE',  ( 0.09999999999999999167, 0.9899999999999926636, 3.491481338843133355E-16 ) ) ;
#5163 = DIRECTION ( 'NONE',  ( 1.000000000000000000, 0.000000000000000000, 0.000000000000000000 ) ) ;
#5164 = CARTESIAN_POINT ( 'NONE',  ( -1.099999999999996980, 0.000000000000000000, -0.8500000000000044187 ) ) ;
#5165 = AXIS2_PLACEMENT_3D ( 'NONE', #1016, #2680, #6603 ) ;
#5166 = DIRECTION ( 'NONE',  ( -1.000000000000000000, 0.000000000000000000, -3.491481338843133355E-15 ) ) ;
#5167 = CIRCLE ( 'NONE', #6781, 1.499999999999999556 ) ;
#5168 = VERTEX_POINT ( 'NONE', #6293 ) ;
#5169 = ORIENTED_EDGE ( 'NONE', *, *, #5368, .F. ) ;
#5170 = DIRECTION ( 'NONE',  ( -1.000000000000000000, 0.000000000000000000, -3.491481338843133355E-15 ) ) ;
#5171 = DIRECTION ( 'NONE',  ( -3.491481338843133355E-15, 0.000000000000000000, 1.000000000000000000 ) ) ;
#5172 = AXIS2_PLACEMENT_3D ( 'NONE', #1495, #1536, #7041 ) ;
#5173 = AXIS2_PLACEMENT_3D ( 'NONE', #3840, #2788, #3807 ) ;
#5174 = FACE_OUTER_BOUND ( 'NONE', #3466, .T. ) ;
#5175 = EDGE_LOOP ( 'NONE', ( #3267, #6403, #3582, #5249 ) ) ;
#5176 = AXIS2_PLACEMENT_3D ( 'NONE', #638, #2847, #5074 ) ;
#5177 = CYLINDRICAL_SURFACE ( 'NONE', #5215, 0.1000000000000000472 ) ;
#5178 = FACE_OUTER_BOUND ( 'NONE', #3678, .T. ) ;
#5179 = PLANE ( 'NONE',  #994 ) ;
#5180 = ORIENTED_EDGE ( 'NONE', *, *, #635, .F. ) ;
#5181 = EDGE_CURVE ( 'NONE', #3438, #1592, #539, .T. ) ;
#5182 = EDGE_CURVE ( 'NONE', #6033, #1400, #1325, .T. ) ;
#5183 = ORIENTED_EDGE ( 'NONE', *, *, #3670, .T. ) ;
#5184 = EDGE_CURVE ( 'NONE', #2043, #5157, #3492, .T. ) ;
#5185 = CARTESIAN_POINT ( 'NONE',  ( -0.1500000000000036304, -1.979848480983505743, 1.049999999999999822 ) ) ;
#5186 = AXIS2_PLACEMENT_3D ( 'NONE', #6609, #4353, #1643 ) ;
#5187 = DIRECTION ( 'NONE',  ( 0.000000000000000000, 1.000000000000000000, 0.000000000000000000 ) ) ;
#5188 = CARTESIAN_POINT ( 'NONE',  ( 0.8426773683727868391, 1.081636639515508813, 1.304228732091550436 ) ) ;
#5189 = DIRECTION ( 'NONE',  ( 3.260800025548344758E-15, 0.000000000000000000, -1.000000000000000000 ) ) ;
#5190 = CARTESIAN_POINT ( 'NONE',  ( -1.099999999999995870, 0.000000000000000000, -1.100000000000004530 ) ) ;
#5191 = ORIENTED_EDGE ( 'NONE', *, *, #4595, .F. ) ;
#5192 = ADVANCED_FACE ( 'NONE', ( #3015 ), #6835, .T. ) ;
#5193 = EDGE_LOOP ( 'NONE', ( #845, #4774, #5127, #3942, #7014, #5789 ) ) ;
#5194 = FACE_OUTER_BOUND ( 'NONE', #128, .T. ) ;
#5195 = PLANE ( 'NONE',  #4675 ) ;
#5196 = CARTESIAN_POINT ( 'NONE',  ( 1.690000000000005054, 0.1000000000000000056, -1.499999999999994449 ) ) ;
#5197 = CARTESIAN_POINT ( 'NONE',  ( -1.449999999999995737, 0.000000000000000000, -1.200000000000005063 ) ) ;
#5198 = ADVANCED_FACE ( 'NONE', ( #5174 ), #4140, .F. ) ;
#5199 = CARTESIAN_POINT ( 'NONE',  ( -0.1499999999999965250, 1.199999999999999956, -1.050000000000000488 ) ) ;
#5200 = EDGE_LOOP ( 'NONE', ( #1930, #5946, #1244, #1817 ) ) ;
#5201 = ORIENTED_EDGE ( 'NONE', *, *, #7189, .F. ) ;
#5202 = FACE_OUTER_BOUND ( 'NONE', #4488, .T. ) ;
#5203 = LINE ( 'NONE', #2446, #5229 ) ;
#5204 = LINE ( 'NONE', #4175, #6446 ) ;
#5205 = DIRECTION ( 'NONE',  ( 3.491481338843133355E-15, 0.000000000000000000, -1.000000000000000000 ) ) ;
#5206 = ORIENTED_EDGE ( 'NONE', *, *, #4823, .F. ) ;
#5207 = ORIENTED_EDGE ( 'NONE', *, *, #250, .T. ) ;
#5208 = CLOSED_SHELL ( 'NONE', ( #6050, #3336, #875, #1925, #5879, #5777, #6770, #1875, #3571, #798, #2225, #5463, #5606, #349, #109, #329, #919, #537, #297, #5990, #4791, #1663, #7191, #4550, #5063, #374, #1713, #4771, #1434, #2387, #2015, #4972, #4477, #6832, #423, #3189, #4913, #6042, #7102, #4681, #6570, #1741, #5562 ) ) ;
#5209 = CARTESIAN_POINT ( 'NONE',  ( 1.581636014379623978, -4.065758146820641628E-17, -0.3749999999999943934 ) ) ;
#5210 = CARTESIAN_POINT ( 'NONE',  ( -1.800000000000003375, 0.5500000000000001554, 0.5499999999999942712 ) ) ;
#5211 = ORIENTED_EDGE ( 'NONE', *, *, #3281, .T. ) ;
#5212 = CYLINDRICAL_SURFACE ( 'NONE', #5704, 0.2999999999999999889 ) ;
#5213 = ADVANCED_FACE ( 'NONE', ( #843 ), #6361, .F. ) ;
#5214 = VECTOR ( 'NONE', #5841, 1000.000000000000000 ) ;
#5215 = AXIS2_PLACEMENT_3D ( 'NONE', #4075, #3640, #5870 ) ;
#5216 = CARTESIAN_POINT ( 'NONE',  ( 0.1000000000000000056, -1.979848480983505743, 3.491481338843133355E-16 ) ) ;
#5217 = EDGE_CURVE ( 'NONE', #1721, #1982, #5204, .T. ) ;
#5218 = CARTESIAN_POINT ( 'NONE',  ( 0.9124038404635966826, 1.199999999999999956, -0.2499999999999967526 ) ) ;
#5219 = ORIENTED_EDGE ( 'NONE', *, *, #2826, .T. ) ;
#5220 = EDGE_CURVE ( 'NONE', #6494, #3017, #5794, .T. ) ;
#5221 = VECTOR ( 'NONE', #4122, 1000.000000000000114 ) ;
#5222 = ORIENTED_EDGE ( 'NONE', *, *, #2436, .F. ) ;
#5223 = CARTESIAN_POINT ( 'NONE',  ( -1.299999999999996936, 0.1000000000000000056, -0.8500000000000051958 ) ) ;
#5224 = DIRECTION ( 'NONE',  ( 1.000000000000000000, -3.502807018799322109E-15, 3.491481338843133355E-15 ) ) ;
#5225 = ORIENTED_EDGE ( 'NONE', *, *, #2879, .T. ) ;
#5226 = EDGE_CURVE ( 'NONE', #6077, #2416, #4107, .T. ) ;
#5227 = ADVANCED_FACE ( 'NONE', ( #4720 ), #887, .F. ) ;
#5228 = CARTESIAN_POINT ( 'NONE',  ( -0.9659547428989363471, 0.6000000000000000888, -1.332883828495627032 ) ) ;
#5229 = VECTOR ( 'NONE', #54, 1000.000000000000000 ) ;
#5230 = CARTESIAN_POINT ( 'NONE',  ( 0.3500000000000026978, 1.199999999999999956, -0.8124038404635947064 ) ) ;
#5231 = CARTESIAN_POINT ( 'NONE',  ( 0.8204508554180431901, 0.9833096300759675001, 0.6951297489265847451 ) ) ;
#5232 = CARTESIAN_POINT ( 'NONE',  ( -1.349999999999997424, 1.089999999999999636, -0.7500000000000046629 ) ) ;
#5233 = ORIENTED_EDGE ( 'NONE', *, *, #4823, .T. ) ;
#5234 = ORIENTED_EDGE ( 'NONE', *, *, #1684, .F. ) ;
#5235 = CYLINDRICAL_SURFACE ( 'NONE', #6838, 0.1499999999999999667 ) ;
#5236 = DIRECTION ( 'NONE',  ( 0.000000000000000000, 1.000000000000000000, 0.000000000000000000 ) ) ;
#5237 = EDGE_CURVE ( 'NONE', #1840, #3609, #5318, .T. ) ;
#5238 = CARTESIAN_POINT ( 'NONE',  ( 0.7491781560021151254, 0.9899999999999947731, 0.5486963839590102143 ) ) ;
#5239 = CARTESIAN_POINT ( 'NONE',  ( -1.350000000000002975, 1.099999999999999867, 0.7499999999999953371 ) ) ;
#5240 = DIRECTION ( 'NONE',  ( 0.000000000000000000, -1.000000000000000000, 0.000000000000000000 ) ) ;
#5241 = VERTEX_POINT ( 'NONE', #807 ) ;
#5242 = EDGE_LOOP ( 'NONE', ( #3776, #943, #2100, #6978 ) ) ;
#5243 = ORIENTED_EDGE ( 'NONE', *, *, #5771, .T. ) ;
#5244 = CYLINDRICAL_SURFACE ( 'NONE', #3132, 0.04999999999999980849 ) ;
#5245 = EDGE_CURVE ( 'NONE', #2017, #4715, #6803, .T. ) ;
#5246 = CARTESIAN_POINT ( 'NONE',  ( -1.299999999999996048, 0.1000000000000000056, -1.100000000000005196 ) ) ;
#5247 = VERTEX_POINT ( 'NONE', #2413 ) ;
#5248 = CARTESIAN_POINT ( 'NONE',  ( 0.7491781560021145703, 0.9899999999999897771, 0.7606363926145626175 ) ) ;
#5249 = ORIENTED_EDGE ( 'NONE', *, *, #5504, .T. ) ;
#5250 = VERTEX_POINT ( 'NONE', #1553 ) ;
#5251 = DIRECTION ( 'NONE',  ( 1.000000000000000000, 0.000000000000000000, 3.491481338843133355E-15 ) ) ;
#5252 = SURFACE_STYLE_FILL_AREA ( #4152 ) ;
#5253 = LINE ( 'NONE', #1961, #5469 ) ;
#5254 = CARTESIAN_POINT ( 'NONE',  ( 0.1000000000000000056, 0.5000000000000000000, -1.332883828495627032 ) ) ;
#5255 = LINE ( 'NONE', #346, #5871 ) ;
#5256 = AXIS2_PLACEMENT_3D ( 'NONE', #3575, #4736, #6964 ) ;
#5257 = ORIENTED_EDGE ( 'NONE', *, *, #1691, .F. ) ;
#5258 = LINE ( 'NONE', #2001, #5973 ) ;
#5259 = CARTESIAN_POINT ( 'NONE',  ( -1.351449120171325458, 0.6000000000000029754, 0.7664364973372549406 ) ) ;
#5260 = ORIENTED_EDGE ( 'NONE', *, *, #3667, .T. ) ;
#5261 = DIRECTION ( 'NONE',  ( -1.000000000000000000, -3.252606517456518824E-15, -4.336808689942025625E-15 ) ) ;
#5262 = LINE ( 'NONE', #3079, #3831 ) ;
#5263 = CIRCLE ( 'NONE', #5735, 0.1499999999999999667 ) ;
#5264 = ORIENTED_EDGE ( 'NONE', *, *, #742, .F. ) ;
#5265 = CARTESIAN_POINT ( 'NONE',  ( -1.749999999999998890, 0.6000000000000000888, -0.4000000000000056288 ) ) ;
#5266 = ADVANCED_FACE ( 'NONE', ( #5432 ), #2660, .T. ) ;
#5267 = EDGE_CURVE ( 'NONE', #445, #4036, #364, .T. ) ;
#5268 = VERTEX_POINT ( 'NONE', #5902 ) ;
#5269 = ORIENTED_EDGE ( 'NONE', *, *, #1112, .F. ) ;
#5270 = AXIS2_PLACEMENT_3D ( 'NONE', #361, #3124, #1944 ) ;
#5271 = EDGE_CURVE ( 'NONE', #2091, #3493, #6225, .T. ) ;
#5272 = CARTESIAN_POINT ( 'NONE',  ( 0.9457731086634567630, 0.000000000000000000, -0.3070147898133150921 ) ) ;
#5273 = LINE ( 'NONE', #6903, #6310 ) ;
#5274 = EDGE_CURVE ( 'NONE', #3493, #3019, #3713, .T. ) ;
#5275 = FACE_OUTER_BOUND ( 'NONE', #4696, .T. ) ;
#5276 = AXIS2_PLACEMENT_3D ( 'NONE', #4907, #1547, #1065 ) ;
#5277 = VECTOR ( 'NONE', #6461, 1000.000000000000000 ) ;
#5278 = DIRECTION ( 'NONE',  ( 1.000000000000000000, 0.000000000000000000, 3.293151673144565596E-15 ) ) ;
#5279 = EDGE_CURVE ( 'NONE', #373, #470, #6053, .T. ) ;
#5280 = CARTESIAN_POINT ( 'NONE',  ( -1.265954742898945051, 0.7000000000000037303, 1.227565347459475431 ) ) ;
#5281 = ORIENTED_EDGE ( 'NONE', *, *, #706, .T. ) ;
#5282 = ORIENTED_EDGE ( 'NONE', *, *, #5447, .T. ) ;
#5283 = ORIENTED_EDGE ( 'NONE', *, *, #4872, .F. ) ;
#5284 = DIRECTION ( 'NONE',  ( 3.491481338843133355E-15, 0.000000000000000000, -1.000000000000000000 ) ) ;
#5285 = AXIS2_PLACEMENT_3D ( 'NONE', #4642, #3665, #4793 ) ;
#5286 = DIRECTION ( 'NONE',  ( -3.491481338843133355E-15, 0.000000000000000000, 1.000000000000000000 ) ) ;
#5287 = AXIS2_PLACEMENT_3D ( 'NONE', #6884, #903, #3580 ) ;
#5288 = CARTESIAN_POINT ( 'NONE',  ( -0.1047030918396986005, 0.8899999999999925748, -1.094503525664543675 ) ) ;
#5289 = CARTESIAN_POINT ( 'NONE',  ( -0.9659547428989363471, 0.5000000000000000000, 1.332883828495627032 ) ) ;
#5290 = ORIENTED_EDGE ( 'NONE', *, *, #5245, .T. ) ;
#5291 = VECTOR ( 'NONE', #4719, 1000.000000000000000 ) ;
#5292 = CARTESIAN_POINT ( 'NONE',  ( 1.609013853504524638, 0.3251095446465211425, 5.617841843451127084E-15 ) ) ;
#5293 = EDGE_CURVE ( 'NONE', #3558, #2535, #6985, .T. ) ;
#5294 = VECTOR ( 'NONE', #6156, 1000.000000000000000 ) ;
#5295 = ORIENTED_EDGE ( 'NONE', *, *, #6510, .T. ) ;
#5296 = ORIENTED_EDGE ( 'NONE', *, *, #1216, .T. ) ;
#5297 = DIRECTION ( 'NONE',  ( 1.000000000000000000, 0.000000000000000000, 5.659885683814145379E-15 ) ) ;
#5298 = PLANE ( 'NONE',  #5256 ) ;
#5300 = CARTESIAN_POINT ( 'NONE',  ( 0.8288603750037475404, 0.9797109568345685471, -0.4036914941687241298 ) ) ;
#5299 = AXIS2_PLACEMENT_3D ( 'NONE', #310, #3076, #7008 ) ;
#5301 = DIRECTION ( 'NONE',  ( 0.000000000000000000, 1.000000000000000000, 0.000000000000000000 ) ) ;
#5302 = FILL_AREA_STYLE ('',( #3072 ) ) ;
#5303 = ORIENTED_EDGE ( 'NONE', *, *, #6556, .T. ) ;
#5304 = DIRECTION ( 'NONE',  ( 0.000000000000000000, -1.000000000000000000, 0.000000000000000000 ) ) ;
#5305 = DIRECTION ( 'NONE',  ( -3.491481338843133355E-15, 0.000000000000000000, 1.000000000000000000 ) ) ;
#5306 = VERTEX_POINT ( 'NONE', #5392 ) ;
#5307 = DIRECTION ( 'NONE',  ( -3.491481338843133355E-15, 0.000000000000000000, 1.000000000000000000 ) ) ;
#5308 = ORIENTED_EDGE ( 'NONE', *, *, #1132, .F. ) ;
#5309 = CARTESIAN_POINT ( 'NONE',  ( -1.899999999999995914, 0.09999999999999985290, -1.200000000000006839 ) ) ;
#5310 = VERTEX_POINT ( 'NONE', #13 ) ;
#5311 = ORIENTED_EDGE ( 'NONE', *, *, #2285, .F. ) ;
#5312 = DIRECTION ( 'NONE',  ( -1.000000000000000000, 0.000000000000000000, -3.266776225374635264E-15 ) ) ;
#5313 = DIRECTION ( 'NONE',  ( -1.000000000000000000, 0.000000000000000000, -3.491481338843133355E-15 ) ) ;
#5314 = CARTESIAN_POINT ( 'NONE',  ( -1.700245513687543619, 0.6000000000000005329, 1.235206348558483436 ) ) ;
#5315 = EDGE_CURVE ( 'NONE', #5250, #4846, #5865, .T. ) ;
#5316 = ADVANCED_FACE ( 'NONE', ( #889 ), #4616, .T. ) ;
#5317 = FACE_OUTER_BOUND ( 'NONE', #6255, .T. ) ;
#5318 = LINE ( 'NONE', #2447, #1934 ) ;
#5319 = ORIENTED_EDGE ( 'NONE', *, *, #1162, .F. ) ;
#5320 = ORIENTED_EDGE ( 'NONE', *, *, #5104, .F. ) ;
#5321 = ORIENTED_EDGE ( 'NONE', *, *, #28, .F. ) ;
#5322 = DIRECTION ( 'NONE',  ( -1.000000000000000000, 0.000000000000000000, -3.491481338843133355E-15 ) ) ;
#5323 = CARTESIAN_POINT ( 'NONE',  ( 1.609099421662699703, 1.090589347511192075, 0.3750000000000049405 ) ) ;
#5324 =( LENGTH_UNIT ( ) NAMED_UNIT ( * ) SI_UNIT ( .MILLI., .METRE. ) );
#5325 = EDGE_CURVE ( 'NONE', #115, #1804, #3331, .T. ) ;
#5326 = EDGE_CURVE ( 'NONE', #5680, #6364, #6434, .T. ) ;
#5327 = APPLICATION_CONTEXT ( 'automotive_design' ) ;
#5328 = EDGE_LOOP ( 'NONE', ( #6935, #366, #1462, #5712 ) ) ;
#5329 = VECTOR ( 'NONE', #6928, 1000.000000000000000 ) ;
#5330 = ORIENTED_EDGE ( 'NONE', *, *, #4548, .F. ) ;
#5331 =( BOUNDED_CURVE ( )  B_SPLINE_CURVE ( 3, ( #5288, #6954, #2418, #3463 ),
 .UNSPECIFIED., .F., .F. ) 
 B_SPLINE_CURVE_WITH_KNOTS ( ( 4, 4 ),
 ( 6.178289959963677802, 6.283185307179586232 ),
 .UNSPECIFIED. ) 
 CURVE ( )  GEOMETRIC_REPRESENTATION_ITEM ( )  RATIONAL_B_SPLINE_CURVE ( ( 1.000000000000000000, 0.9990832906771036637, 0.9990832906771036637, 1.000000000000000000 ) ) 
 REPRESENTATION_ITEM ( '' )  );
#5332 = LINE ( 'NONE', #2025, #7125 ) ;
#5333 = LINE ( 'NONE', #1920, #5221 ) ;
#5334 = ADVANCED_FACE ( 'NONE', ( #5760 ), #6986, .T. ) ;
#5335 = CARTESIAN_POINT ( 'NONE',  ( 0.7491781560021191222, 0.9899999999999926636, -0.5486963839590049963 ) ) ;
#5336 = DIRECTION ( 'NONE',  ( 0.5000000000000055511, -0.8660254037844353769, 1.745740669421586005E-15 ) ) ;
#5337 = VECTOR ( 'NONE', #3133, 1000.000000000000000 ) ;
#5338 = CARTESIAN_POINT ( 'NONE',  ( -1.700245513687540733, 0.6000000000000005329, 0.4176401038210468264 ) ) ;
#5339 = B_SPLINE_CURVE_WITH_KNOTS ( 'NONE', 3,
 ( #7130, #1102, #5467, #6049 ),
 .UNSPECIFIED., .F., .F.,
 ( 4, 4 ),
 ( 0.000000000000000000, 0.0001452347372680694835 ),
 .UNSPECIFIED. ) ;
#5340 = VECTOR ( 'NONE', #3781, 1000.000000000000000 ) ;
#5341 = CARTESIAN_POINT ( 'NONE',  ( -1.300000000000002265, 0.1000000000000000056, 0.6999999999999960698 ) ) ;
#5342 = VECTOR ( 'NONE', #5307, 1000.000000000000000 ) ;
#5343 = DIRECTION ( 'NONE',  ( -0.000000000000000000, -1.000000000000000000, 0.000000000000000000 ) ) ;
#5344 = VERTEX_POINT ( 'NONE', #1481 ) ;
#5345 = EDGE_CURVE ( 'NONE', #6530, #6679, #4072, .T. ) ;
#5346 = DIRECTION ( 'NONE',  ( 0.000000000000000000, 1.000000000000000000, 0.000000000000000000 ) ) ;
#5347 = DIRECTION ( 'NONE',  ( 1.000000000000000000, 6.960928290796748333E-15, 3.491481338843133355E-15 ) ) ;
#5348 = ORIENTED_EDGE ( 'NONE', *, *, #6376, .F. ) ;
#5349 = VECTOR ( 'NONE', #6034, 1000.000000000000000 ) ;
#5350 = CARTESIAN_POINT ( 'NONE',  ( -0.9500000000000010658, -1.979848480983505743, 0.2499999999999968636 ) ) ;
#5351 = VERTEX_POINT ( 'NONE', #5280 ) ;
#5352 = VERTEX_POINT ( 'NONE', #5903 ) ;
#5353 = DIRECTION ( 'NONE',  ( 3.491481338843133355E-15, 0.000000000000000000, -1.000000000000000000 ) ) ;
#5354 = AXIS2_PLACEMENT_3D ( 'NONE', #651, #6745, #5251 ) ;
#5355 = LINE ( 'NONE', #1392, #3381 ) ;
#5356 = CARTESIAN_POINT ( 'NONE',  ( 1.599999999999998535, 0.6000000000000000888, 0.3750000000000057732 ) ) ;
#5357 = EDGE_LOOP ( 'NONE', ( #4421, #1144, #5358, #2977 ) ) ;
#5358 = ORIENTED_EDGE ( 'NONE', *, *, #3134, .T. ) ;
#5359 = VERTEX_POINT ( 'NONE', #6332 ) ;
#5360 = CARTESIAN_POINT ( 'NONE',  ( -1.000000000000002442, 0.000000000000000000, 0.6999999999999971800 ) ) ;
#5361 = EDGE_CURVE ( 'NONE', #3025, #6108, #2943, .T. ) ;
#5362 = UNCERTAINTY_MEASURE_WITH_UNIT (LENGTH_MEASURE( 1.000000000000000082E-05 ), #7042, 'distance_accuracy_value', 'NONE');
#5363 = LINE ( 'NONE', #4375, #2955 ) ;
#5364 = ORIENTED_EDGE ( 'NONE', *, *, #3931, .T. ) ;
#5365 = VERTEX_POINT ( 'NONE', #6913 ) ;
#5366 = EDGE_CURVE ( 'NONE', #4763, #4079, #3564, .T. ) ;
#5367 = ORIENTED_EDGE ( 'NONE', *, *, #1380, .T. ) ;
#5368 = EDGE_CURVE ( 'NONE', #3438, #4406, #2199, .T. ) ;
#5369 = DIRECTION ( 'NONE',  ( -0.7071067811865504593, 0.000000000000000000, 0.7071067811865445751 ) ) ;
#5370 = DIRECTION ( 'NONE',  ( 7.047314121155773299E-15, -1.000000000000000000, 2.460556574298107867E-29 ) ) ;
#5371 = DIRECTION ( 'NONE',  ( 0.000000000000000000, -1.000000000000000000, 0.000000000000000000 ) ) ;
#5372 = CARTESIAN_POINT ( 'NONE',  ( -1.749999999999996225, 0.1499999999999996891, -1.200000000000006173 ) ) ;
#5373 = CARTESIAN_POINT ( 'NONE',  ( 1.279999999999997806, 0.8160849868743065283, 0.7089465547634555831 ) ) ;
#5374 = PRESENTATION_STYLE_ASSIGNMENT (( #4781 ) ) ;
#5375 = CYLINDRICAL_SURFACE ( 'NONE', #998, 1.499999999999999556 ) ;
#5376 =( BOUNDED_CURVE ( )  B_SPLINE_CURVE ( 3, ( #588, #4431, #2229, #4462 ),
 .UNSPECIFIED., .F., .F. ) 
 B_SPLINE_CURVE_WITH_KNOTS ( ( 4, 4 ),
 ( 3.440124854774669227, 3.532253160437739847 ),
 .UNSPECIFIED. ) 
 CURVE ( )  GEOMETRIC_REPRESENTATION_ITEM ( )  RATIONAL_B_SPLINE_CURVE ( ( 1.000000000000000000, 0.9992928230015090119, 0.9992928230015090119, 1.000000000000000000 ) ) 
 REPRESENTATION_ITEM ( '' )  );
#5377 = ADVANCED_FACE ( 'NONE', ( #2585 ), #5471, .F. ) ;
#5378 = ORIENTED_EDGE ( 'NONE', *, *, #4704, .F. ) ;
#5379 = FACE_OUTER_BOUND ( 'NONE', #6547, .T. ) ;
#5380 = ORIENTED_EDGE ( 'NONE', *, *, #4157, .F. ) ;
#5381 = DIRECTION ( 'NONE',  ( -0.000000000000000000, -1.000000000000000000, -0.000000000000000000 ) ) ;
#5382 = CARTESIAN_POINT ( 'NONE',  ( -1.700245513687541843, 0.7000000000000005107, 0.5499999999999946043 ) ) ;
#5383 = ORIENTED_EDGE ( 'NONE', *, *, #1329, .T. ) ;
#5384 = CARTESIAN_POINT ( 'NONE',  ( 0.9124038404635967936, 1.099999999999999645, -0.2499999999999968081 ) ) ;
#5385 = CARTESIAN_POINT ( 'NONE',  ( -1.199038105676654808, 1.199999999999999956, -0.7500000000000042188 ) ) ;
#5386 = EDGE_CURVE ( 'NONE', #3019, #5352, #1518, .T. ) ;
#5387 = VERTEX_POINT ( 'NONE', #3214 ) ;
#5388 = DIRECTION ( 'NONE',  ( 3.491481338843133355E-15, -0.000000000000000000, -1.000000000000000000 ) ) ;
#5389 = CARTESIAN_POINT ( 'NONE',  ( 1.690000000000005054, 0.6000000000000000888, -1.499999999999994449 ) ) ;
#5390 = VECTOR ( 'NONE', #3262, 1000.000000000000000 ) ;
#5391 = CARTESIAN_POINT ( 'NONE',  ( -1.450000000000002620, 1.090000000000000080, 0.7499999999999948930 ) ) ;
#5392 = CARTESIAN_POINT ( 'NONE',  ( -0.1499999999999965250, 0.9899999999999949951, -1.050000000000000488 ) ) ;
#5393 = CARTESIAN_POINT ( 'NONE',  ( 0.7491781560021123498, 0.9899999999999922196, 1.372827446247165240 ) ) ;
#5394 = VECTOR ( 'NONE', #2119, 1000.000000000000000 ) ;
#5395 = ORIENTED_EDGE ( 'NONE', *, *, #1017, .T. ) ;
#5396 = ORIENTED_EDGE ( 'NONE', *, *, #4595, .T. ) ;
#5397 = ORIENTED_EDGE ( 'NONE', *, *, #1374, .T. ) ;
#5398 = CARTESIAN_POINT ( 'NONE',  ( 0.7491781560021151254, 1.089999999999992308, 0.5486963839590104364 ) ) ;
#5399 = CARTESIAN_POINT ( 'NONE',  ( -1.749999999999996225, 0.1499999999999996891, -1.200000000000006173 ) ) ;
#5400 = VECTOR ( 'NONE', #170, 1000.000000000000000 ) ;
#5401 = VECTOR ( 'NONE', #5153, 1000.000000000000000 ) ;
#5402 = CARTESIAN_POINT ( 'NONE',  ( -1.265954742898944607, 0.6000000000000036415, 1.332883828495617040 ) ) ;
#5403 = CIRCLE ( 'NONE', #3070, 0.04999999999999991257 ) ;
#5404 = ORIENTED_EDGE ( 'NONE', *, *, #5326, .F. ) ;
#5405 = LINE ( 'NONE', #7153, #6733 ) ;
#5406 = DIRECTION ( 'NONE',  ( 0.000000000000000000, 1.000000000000000000, 0.000000000000000000 ) ) ;
#5407 = DIRECTION ( 'NONE',  ( 3.491481338843133355E-15, -0.000000000000000000, -1.000000000000000000 ) ) ;
#5408 = CARTESIAN_POINT ( 'NONE',  ( -0.9659547428989363471, 0.6000000000000000888, 1.332883828495627032 ) ) ;
#5409 = ADVANCED_FACE ( 'NONE', ( #3714 ), #2661, .T. ) ;
#5410 = VECTOR ( 'NONE', #5816, 1000.000000000000000 ) ;
#5411 = EDGE_CURVE ( 'NONE', #4001, #6033, #5876, .T. ) ;
#5412 = VECTOR ( 'NONE', #4648, 1000.000000000000000 ) ;
#5413 = DIRECTION ( 'NONE',  ( 0.000000000000000000, 1.000000000000000000, 0.000000000000000000 ) ) ;
#5414 = CARTESIAN_POINT ( 'NONE',  ( 1.254226891336543304, 0.000000000000000000, 0.3070147898133221420 ) ) ;
#5415 = EDGE_CURVE ( 'NONE', #1531, #4001, #4296, .T. ) ;
#5416 = EDGE_LOOP ( 'NONE', ( #4370, #6768, #4301, #5595 ) ) ;
#5417 = LINE ( 'NONE', #3694, #979 ) ;
#5418 = LINE ( 'NONE', #6004, #1487 ) ;
#5419 = VERTEX_POINT ( 'NONE', #2736 ) ;
#5420 = CARTESIAN_POINT ( 'NONE',  ( -1.749999999999996225, 0.000000000000000000, -1.200000000000006173 ) ) ;
#5421 = CARTESIAN_POINT ( 'NONE',  ( -1.449999999999997513, 1.100000000000000311, -0.7500000000000051070 ) ) ;
#5422 = CARTESIAN_POINT ( 'NONE',  ( -0.9500000000000010658, 1.199999999999999956, 0.2499999999999968636 ) ) ;
#5423 = EDGE_CURVE ( 'NONE', #5448, #4763, #1597, .T. ) ;
#5424 = CARTESIAN_POINT ( 'NONE',  ( 0.5974937185533123474, 0.000000000000000000, -0.7499999999999980016 ) ) ;
#5425 = ORIENTED_EDGE ( 'NONE', *, *, #2530, .F. ) ;
#5426 = CARTESIAN_POINT ( 'NONE',  ( 0.09999999999999999167, 0.000000000000000000, 3.491481338843133355E-16 ) ) ;
#5427 = CARTESIAN_POINT ( 'NONE',  ( 0.9124038404635967936, -1.979848480983505743, -0.2499999999999968081 ) ) ;
#5428 = ORIENTED_EDGE ( 'NONE', *, *, #7152, .F. ) ;
#5429 = LINE ( 'NONE', #2768, #5693 ) ;
#5430 = FACE_OUTER_BOUND ( 'NONE', #4329, .T. ) ;
#5431 = DIRECTION ( 'NONE',  ( -3.491481338843133355E-15, 0.000000000000000000, 1.000000000000000000 ) ) ;
#5432 = FACE_OUTER_BOUND ( 'NONE', #5200, .T. ) ;
#5433 = CARTESIAN_POINT ( 'NONE',  ( -4.219749889657648573E-15, 0.7000000000000126121, -1.473317799432505190E-29 ) ) ;
#5434 = ORIENTED_EDGE ( 'NONE', *, *, #3724, .T. ) ;
#5435 = ORIENTED_EDGE ( 'NONE', *, *, #1284, .F. ) ;
#5436 = ORIENTED_EDGE ( 'NONE', *, *, #3364, .T. ) ;
#5437 = ADVANCED_BREP_SHAPE_REPRESENTATION ( 'TC33X2104E', ( #4863, #2493, #2463, #2650, #5037, #148, #2600, #4977, #1131 ), #6333 ) ;
#5438 = PRESENTATION_STYLE_ASSIGNMENT (( #2558 ) ) ;
#5439 = EDGE_LOOP ( 'NONE', ( #2958, #2185, #5539, #3565 ) ) ;
#5440 = ORIENTED_EDGE ( 'NONE', *, *, #6247, .F. ) ;
#5441 = DIRECTION ( 'NONE',  ( -0.7071067811865455743, -5.330674431918770334E-15, -0.7071067811865495711 ) ) ;
#5442 = CARTESIAN_POINT ( 'NONE',  ( -1.899999999999998135, 0.1499999999999996891, -0.5500000000000071498 ) ) ;
#5443 = DIRECTION ( 'NONE',  ( 0.000000000000000000, 1.000000000000000000, 0.000000000000000000 ) ) ;
#5444 =( NAMED_UNIT ( * ) PLANE_ANGLE_UNIT ( ) SI_UNIT ( $, .RADIAN. ) );
#5445 = CARTESIAN_POINT ( 'NONE',  ( 1.850000000000001199, 0.6000000000000000888, -0.3749999999999933942 ) ) ;
#5446 = CARTESIAN_POINT ( 'NONE',  ( 0.09999999999999997780, 1.089999999999994307, 3.491481338843132862E-16 ) ) ;
#5447 = EDGE_CURVE ( 'NONE', #1256, #5387, #1591, .T. ) ;
#5448 = VERTEX_POINT ( 'NONE', #7100 ) ;
#5449 = DIRECTION ( 'NONE',  ( -3.491481338843133355E-15, -0.000000000000000000, 1.000000000000000000 ) ) ;
#5450 = CARTESIAN_POINT ( 'NONE',  ( -1.265954742898935725, 0.6000000000000036415, -1.227565347459484091 ) ) ;
#5451 = ORIENTED_EDGE ( 'NONE', *, *, #4114, .F. ) ;
#5452 = DIRECTION ( 'NONE',  ( -3.502807018799322109E-15, -1.000000000000000000, -1.222998533970658192E-29 ) ) ;
#5453 = DIRECTION ( 'NONE',  ( -1.000000000000000000, 0.000000000000000000, -3.491481338843133355E-15 ) ) ;
#5454 = AXIS2_PLACEMENT_3D ( 'NONE', #6366, #6918, #4264 ) ;
#5455 = DIRECTION ( 'NONE',  ( 1.000000000000000000, 0.000000000000000000, 2.891205793294679017E-15 ) ) ;
#5456 = EDGE_CURVE ( 'NONE', #3620, #507, #4615, .T. ) ;
#5457 = DIRECTION ( 'NONE',  ( -3.491481338843133355E-15, 0.000000000000000000, 1.000000000000000000 ) ) ;
#5458 = ORIENTED_EDGE ( 'NONE', *, *, #5465, .T. ) ;
#5459 = LINE ( 'NONE', #6580, #4680 ) ;
#5460 = DIRECTION ( 'NONE',  ( 1.000000000000000000, 0.000000000000000000, 3.574721027428841638E-15 ) ) ;
#5461 = VECTOR ( 'NONE', #6430, 1000.000000000000000 ) ;
#5462 = VECTOR ( 'NONE', #5656, 1000.000000000000000 ) ;
#5463 = ADVANCED_FACE ( 'NONE', ( #4369 ), #483, .F. ) ;
#5464 = VERTEX_POINT ( 'NONE', #4258 ) ;
#5465 = EDGE_CURVE ( 'NONE', #6771, #6494, #7175, .T. ) ;
#5466 = DIRECTION ( 'NONE',  ( 3.502807018799322109E-15, 1.000000000000000000, 1.222998533970658192E-29 ) ) ;
#5467 = CARTESIAN_POINT ( 'NONE',  ( 0.7863873249187607328, 0.9899999999999841149, -0.7288795901551764489 ) ) ;
#5468 = FACE_OUTER_BOUND ( 'NONE', #5797, .T. ) ;
#5469 = VECTOR ( 'NONE', #1884, 1000.000000000000000 ) ;
#5470 = DIRECTION ( 'NONE',  ( -3.491481338843133355E-15, 0.000000000000000000, 1.000000000000000000 ) ) ;
#5471 = PLANE ( 'NONE',  #885 ) ;
#5472 = EDGE_LOOP ( 'NONE', ( #2111, #1797, #4511, #3118 ) ) ;
#5473 = VECTOR ( 'NONE', #1566, 1000.000000000000000 ) ;
#5474 = ORIENTED_EDGE ( 'NONE', *, *, #833, .F. ) ;
#5475 = ORIENTED_EDGE ( 'NONE', *, *, #5556, .T. ) ;
#5476 = EDGE_CURVE ( 'NONE', #4206, #570, #7063, .T. ) ;
#5477 = APPLICATION_PROTOCOL_DEFINITION ( 'draft international standard', 'automotive_design', 1998, #4057 ) ;
#5478 = VECTOR ( 'NONE', #5431, 1000.000000000000000 ) ;
#5479 = LINE ( 'NONE', #529, #2496 ) ;
#5480 = VERTEX_POINT ( 'NONE', #2057 ) ;
#5481 = EDGE_LOOP ( 'NONE', ( #1446, #3320, #4387, #2488 ) ) ;
#5482 = EDGE_CURVE ( 'NONE', #6238, #2366, #3127, .T. ) ;
#5483 = CARTESIAN_POINT ( 'NONE',  ( -1.891421356237311668, 0.09999999999999986677, 0.5499999999999941602 ) ) ;
#5484 = DIRECTION ( 'NONE',  ( -1.000000000000000000, 0.000000000000000000, -3.491481338843133355E-15 ) ) ;
#5485 = CARTESIAN_POINT ( 'NONE',  ( 0.09999999999999999167, 0.000000000000000000, 3.491481338843133355E-16 ) ) ;
#5486 = LINE ( 'NONE', #3733, #2390 ) ;
#5487 = DIRECTION ( 'NONE',  ( -3.491481338843133355E-15, 0.000000000000000000, 1.000000000000000000 ) ) ;
#5488 = ORIENTED_EDGE ( 'NONE', *, *, #5787, .F. ) ;
#5489 = ORIENTED_EDGE ( 'NONE', *, *, #3491, .T. ) ;
#5490 = CARTESIAN_POINT ( 'NONE',  ( -1.399999999999999023, 0.7000000000000027311, -0.8327843745034518852 ) ) ;
#5491 = LINE ( 'NONE', #4423, #6811 ) ;
#5492 = VERTEX_POINT ( 'NONE', #666 ) ;
#5493 = CARTESIAN_POINT ( 'NONE',  ( 1.600000000000001199, 0.1000000000000000056, -0.3749999999999942824 ) ) ;
#5494 = CARTESIAN_POINT ( 'NONE',  ( 1.469222055512360736, 0.8536442408972402252, 1.372827446247167682 ) ) ;
#5495 = FACE_OUTER_BOUND ( 'NONE', #210, .T. ) ;
#5496 = EDGE_LOOP ( 'NONE', ( #4567, #3035, #1593, #1724 ) ) ;
#5497 = DIRECTION ( 'NONE',  ( 0.000000000000000000, 1.000000000000000000, 0.000000000000000000 ) ) ;
#5498 = FACE_OUTER_BOUND ( 'NONE', #4903, .T. ) ;
#5499 = EDGE_LOOP ( 'NONE', ( #3646, #6375, #7054, #4770 ) ) ;
#5500 = PLANE ( 'NONE',  #695 ) ;
#5501 = DIRECTION ( 'NONE',  ( 0.000000000000000000, -1.000000000000000000, 0.000000000000000000 ) ) ;
#5502 = FACE_OUTER_BOUND ( 'NONE', #4906, .T. ) ;
#5503 = ADVANCED_FACE ( 'NONE', ( #3390 ), #2236, .T. ) ;
#5504 = EDGE_CURVE ( 'NONE', #4267, #4590, #3319, .T. ) ;
#5505 = DIRECTION ( 'NONE',  ( -3.491481338843133355E-15, 0.000000000000000000, 1.000000000000000000 ) ) ;
#5506 = EDGE_LOOP ( 'NONE', ( #6023, #1208, #7194, #5653, #3300, #1317, #6427, #6134, #5804, #90, #6840, #6128, #2718, #6172 ) ) ;
#5507 = EDGE_CURVE ( 'NONE', #2654, #4664, #4510, .T. ) ;
#5508 = VERTEX_POINT ( 'NONE', #3924 ) ;
#5509 = ORIENTED_EDGE ( 'NONE', *, *, #5182, .F. ) ;
#5510 = VECTOR ( 'NONE', #5950, 1000.000000000000000 ) ;
#5511 = CARTESIAN_POINT ( 'NONE',  ( -1.349999999999996980, 1.199999999999999956, -0.7500000000000046629 ) ) ;
#5512 = DIRECTION ( 'NONE',  ( -1.000000000000000000, 0.000000000000000000, -3.491481338843133355E-15 ) ) ;
#5513 = ADVANCED_FACE ( 'NONE', ( #2873 ), #5548, .T. ) ;
#5514 = VECTOR ( 'NONE', #2102, 1000.000000000000000 ) ;
#5515 = CARTESIAN_POINT ( 'NONE',  ( 1.689999999999995062, 0.6000000000000000888, 1.500000000000006439 ) ) ;
#5516 = VERTEX_POINT ( 'NONE', #103 ) ;
#5517 = EDGE_LOOP ( 'NONE', ( #1665, #7178, #5824, #4656, #4888, #5154, #1357, #5938 ) ) ;
#5518 = AXIS2_PLACEMENT_3D ( 'NONE', #3412, #6245, #657 ) ;
#5519 = CARTESIAN_POINT ( 'NONE',  ( -1.899999999999999467, 0.5500000000000001554, -0.5500000000000071498 ) ) ;
#5520 = AXIS2_PLACEMENT_3D ( 'NONE', #4056, #5619, #6720 ) ;
#5521 = CARTESIAN_POINT ( 'NONE',  ( -1.899999999999998135, 0.09999999999999985290, -0.5500000000000071498 ) ) ;
#5522 = LINE ( 'NONE', #5952, #1680 ) ;
#5523 = CARTESIAN_POINT ( 'NONE',  ( -1.199038105676660138, 1.099999999999999867, 0.7499999999999957812 ) ) ;
#5524 = EDGE_CURVE ( 'NONE', #4862, #5464, #4542, .T. ) ;
#5525 = CARTESIAN_POINT ( 'NONE',  ( 0.9457731086634545425, 0.000000000000000000, 0.3070147898133210873 ) ) ;
#5526 = VECTOR ( 'NONE', #4504, 1000.000000000000000 ) ;
#5527 = VECTOR ( 'NONE', #2226, 1000.000000000000000 ) ;
#5528 = CARTESIAN_POINT ( 'NONE',  ( 0.8311657359503971110, 0.9794106084124128975, 0.4047193825007439627 ) ) ;
#5529 = ORIENTED_EDGE ( 'NONE', *, *, #2270, .T. ) ;
#5530 = VERTEX_POINT ( 'NONE', #136 ) ;
#5531 = DIRECTION ( 'NONE',  ( -3.491481338843133750E-15, 0.000000000000000000, 1.000000000000000000 ) ) ;
#5532 = FACE_OUTER_BOUND ( 'NONE', #4543, .T. ) ;
#5533 = VERTEX_POINT ( 'NONE', #3352 ) ;
#5534 = CARTESIAN_POINT ( 'NONE',  ( -1.700245513687538068, 0.7000000000000005107, -0.5500000000000064837 ) ) ;
#5535 = VECTOR ( 'NONE', #2260, 1000.000000000000000 ) ;
#5536 = VECTOR ( 'NONE', #2137, 1000.000000000000000 ) ;
#5537 = DIRECTION ( 'NONE',  ( 1.000000000000000000, 7.047314121155773299E-15, 3.491481338843133355E-15 ) ) ;
#5538 = DIRECTION ( 'NONE',  ( -3.263320628122684032E-15, 0.000000000000000000, 1.000000000000000000 ) ) ;
#5539 = ORIENTED_EDGE ( 'NONE', *, *, #5184, .F. ) ;
#5540 = CARTESIAN_POINT ( 'NONE',  ( 0.3499999999999963696, -1.979848480983505743, 1.050000000000001377 ) ) ;
#5541 = VECTOR ( 'NONE', #6798, 1000.000000000000000 ) ;
#5542 = AXIS2_PLACEMENT_3D ( 'NONE', #1977, #4683, #3635 ) ;
#5543 = ORIENTED_EDGE ( 'NONE', *, *, #3408, .F. ) ;
#5544 = CARTESIAN_POINT ( 'NONE',  ( 0.03498115539647775329, 0.8879998962669207740, -1.100000000000000755 ) ) ;
#5545 = PLANE ( 'NONE',  #2725 ) ;
#5546 = PLANE ( 'NONE',  #7205 ) ;
#5547 = AXIS2_PLACEMENT_3D ( 'NONE', #371, #3680, #2095 ) ;
#5548 = PLANE ( 'NONE',  #63 ) ;
#5549 = VERTEX_POINT ( 'NONE', #1796 ) ;
#5550 = LINE ( 'NONE', #78, #5756 ) ;
#5551 = ORIENTED_EDGE ( 'NONE', *, *, #2908, .T. ) ;
#5552 = ORIENTED_EDGE ( 'NONE', *, *, #3400, .F. ) ;
#5553 = CARTESIAN_POINT ( 'NONE',  ( 0.7044375921718362132, 1.089999999999992530, 1.372827446247164795 ) ) ;
#5554 = EDGE_CURVE ( 'NONE', #5250, #7049, #6757, .T. ) ;
#5555 = EDGE_CURVE ( 'NONE', #5310, #1447, #5585, .T. ) ;
#5556 = EDGE_CURVE ( 'NONE', #960, #2339, #5685, .T. ) ;
#5557 = CARTESIAN_POINT ( 'NONE',  ( 1.581636014379623978, 0.09999999999999996392, -0.3749999999999943934 ) ) ;
#5558 = DIRECTION ( 'NONE',  ( -3.491481338843133355E-15, 0.000000000000000000, 1.000000000000000000 ) ) ;
#5559 = ORIENTED_EDGE ( 'NONE', *, *, #2539, .F. ) ;
#5560 = ORIENTED_EDGE ( 'NONE', *, *, #5271, .T. ) ;
#5561 = EDGE_CURVE ( 'NONE', #2091, #748, #2272, .T. ) ;
#5562 = ADVANCED_FACE ( 'NONE', ( #5068 ), #76, .T. ) ;
#5563 = LINE ( 'NONE', #5697, #4558 ) ;
#5564 = LINE ( 'NONE', #6101, #1985 ) ;
#5565 = CARTESIAN_POINT ( 'NONE',  ( 0.8517638489321291972, 0.9719151922228733698, -1.500000000000000888 ) ) ;
#5566 = CARTESIAN_POINT ( 'NONE',  ( -1.900000000000001243, 0.000000000000000000, 0.3999999999999940270 ) ) ;
#5567 = DIRECTION ( 'NONE',  ( -1.000000000000000000, -3.252606517456519613E-15, -3.491481338843133750E-15 ) ) ;
#5568 = PLANE ( 'NONE',  #3328 ) ;
#5569 = ORIENTED_EDGE ( 'NONE', *, *, #6096, .T. ) ;
#5570 = CARTESIAN_POINT ( 'NONE',  ( 0.1000000000000000056, 1.089999999999992308, 3.491481338843133355E-16 ) ) ;
#5571 = EDGE_CURVE ( 'NONE', #4556, #4520, #6226, .T. ) ;
#5572 = DIRECTION ( 'NONE',  ( -0.9914448613738108262, -0.1305261922200484093, -3.461611231978577962E-15 ) ) ;
#5573 = DIRECTION ( 'NONE',  ( 3.491481338843133355E-15, 0.000000000000000000, -1.000000000000000000 ) ) ;
#5574 = DIRECTION ( 'NONE',  ( -3.491481338843133355E-15, 0.000000000000000000, 1.000000000000000000 ) ) ;
#5575 = DIRECTION ( 'NONE',  ( 1.000000000000000000, 0.000000000000000000, 3.263320628122684032E-15 ) ) ;
#5576 = EDGE_LOOP ( 'NONE', ( #2064, #5233, #5257, #6055 ) ) ;
#5577 = DIRECTION ( 'NONE',  ( -3.491481338843133355E-15, 0.000000000000000000, 1.000000000000000000 ) ) ;
#5578 = VECTOR ( 'NONE', #7140, 1000.000000000000000 ) ;
#5579 = EDGE_LOOP ( 'NONE', ( #2188, #3569, #377, #6659 ) ) ;
#5580 = EDGE_CURVE ( 'NONE', #2164, #4984, #1765, .T. ) ;
#5581 = CARTESIAN_POINT ( 'NONE',  ( 1.599999999999998535, 0.6000000000000000888, 0.3750000000000057732 ) ) ;
#5582 = LINE ( 'NONE', #3316, #3517 ) ;
#5583 = PLANE ( 'NONE',  #458 ) ;
#5584 = AXIS2_PLACEMENT_3D ( 'NONE', #2582, #2011, #318 ) ;
#5585 = LINE ( 'NONE', #1254, #1226 ) ;
#5586 = ORIENTED_EDGE ( 'NONE', *, *, #6912, .T. ) ;
#5587 = ORIENTED_EDGE ( 'NONE', *, *, #1202, .F. ) ;
#5588 = CARTESIAN_POINT ( 'NONE',  ( -1.699999999999998845, 0.1000000000000000056, -0.3500000000000053624 ) ) ;
#5589 = LINE ( 'NONE', #564, #4124 ) ;
#5590 = AXIS2_PLACEMENT_3D ( 'NONE', #469, #2687, #5708 ) ;
#5591 = AXIS2_PLACEMENT_3D ( 'NONE', #4570, #2870, #5062 ) ;
#5592 = DIRECTION ( 'NONE',  ( 1.000000000000000000, 0.000000000000000000, 3.491481338843133355E-15 ) ) ;
#5593 = VECTOR ( 'NONE', #1543, 1000.000000000000000 ) ;
#5594 = STYLED_ITEM ( 'NONE', ( #262 ), #2493 ) ;
#5595 = ORIENTED_EDGE ( 'NONE', *, *, #2121, .T. ) ;
#5596 = EDGE_LOOP ( 'NONE', ( #1791, #4165, #2092, #783 ) ) ;
#5597 = LINE ( 'NONE', #2245, #768 ) ;
#5598 = CARTESIAN_POINT ( 'NONE',  ( -0.9500000000000010658, -1.979848480983505743, 0.2499999999999968636 ) ) ;
#5599 = CARTESIAN_POINT ( 'NONE',  ( -1.199038105676654808, 1.099999999999999867, -0.7500000000000042188 ) ) ;
#5601 = VECTOR ( 'NONE', #2359, 1000.000000000000000 ) ;
#5600 = LINE ( 'NONE', #1709, #518 ) ;
#5602 = DIRECTION ( 'NONE',  ( -1.000000000000000000, 0.000000000000000000, -3.491481338843132961E-15 ) ) ;
#5603 = EDGE_CURVE ( 'NONE', #5776, #4715, #5659, .T. ) ;
#5604 = EDGE_CURVE ( 'NONE', #5666, #2518, #641, .T. ) ;
#5605 = ORIENTED_EDGE ( 'NONE', *, *, #5901, .F. ) ;
#5606 = ADVANCED_FACE ( 'NONE', ( #2371 ), #6797, .F. ) ;
#5607 = ADVANCED_FACE ( 'NONE', ( #5 ), #6828, .T. ) ;
#5608 = CARTESIAN_POINT ( 'NONE',  ( -0.9500000000000010658, 0.9899999999999979927, 0.2499999999999968636 ) ) ;
#5609 = PLANE ( 'NONE',  #5852 ) ;
#5610 = CARTESIAN_POINT ( 'NONE',  ( -1.900000000000001910, 0.09999999999999985290, 0.5499999999999939382 ) ) ;
#5611 = CARTESIAN_POINT ( 'NONE',  ( 0.8959026069984500351, 1.062268587929763308, 0.2995344555517084340 ) ) ;
#5612 = CARTESIAN_POINT ( 'NONE',  ( -1.700245513687544063, 0.7000000000000005107, 1.199999999999994182 ) ) ;
#5613 = VERTEX_POINT ( 'NONE', #4607 ) ;
#5614 = EDGE_CURVE ( 'NONE', #4765, #1198, #869, .T. ) ;
#5615 = LINE ( 'NONE', #5053, #5642 ) ;
#5616 = CARTESIAN_POINT ( 'NONE',  ( -1.450000000000003952, 0.000000000000000000, 1.199999999999995071 ) ) ;
#5617 = ORIENTED_EDGE ( 'NONE', *, *, #969, .F. ) ;
#5618 = ORIENTED_EDGE ( 'NONE', *, *, #4311, .F. ) ;
#5619 = DIRECTION ( 'NONE',  ( 3.491481338843133355E-15, -0.000000000000000000, -1.000000000000000000 ) ) ;
#5620 = CARTESIAN_POINT ( 'NONE',  ( 1.599999999999998535, 0.1000000000000000056, 0.3750000000000057732 ) ) ;
#5621 = EDGE_CURVE ( 'NONE', #6690, #1429, #172, .T. ) ;
#5622 = CARTESIAN_POINT ( 'NONE',  ( 0.7491781560021123498, 0.9899999999999922196, 1.372827446247165240 ) ) ;
#5623 = ORIENTED_EDGE ( 'NONE', *, *, #3724, .F. ) ;
#5624 = VERTEX_POINT ( 'NONE', #5716 ) ;
#5625 = CARTESIAN_POINT ( 'NONE',  ( -1.750000000000004441, 0.1499999999999996891, 1.199999999999993960 ) ) ;
#5626 = PLANE ( 'NONE',  #5176 ) ;
#5627 = VECTOR ( 'NONE', #6136, 1000.000000000000000 ) ;
#5628 = ORIENTED_EDGE ( 'NONE', *, *, #3360, .T. ) ;
#5629 = ORIENTED_EDGE ( 'NONE', *, *, #4513, .T. ) ;
#5630 = LINE ( 'NONE', #4490, #6873 ) ;
#5631 = AXIS2_PLACEMENT_3D ( 'NONE', #3774, #4901, #1642 ) ;
#5632 = CARTESIAN_POINT ( 'NONE',  ( -1.099999999999996980, 0.1000000000000000056, -0.8500000000000044187 ) ) ;
#5633 = EDGE_LOOP ( 'NONE', ( #6191, #562, #1745, #3846 ) ) ;
#5634 = COLOUR_RGB ( '',0.7921568627450980005, 0.8196078431372548767, 0.9333333333333333481 ) ;
#5635 = ORIENTED_EDGE ( 'NONE', *, *, #2869, .F. ) ;
#5636 = ORIENTED_EDGE ( 'NONE', *, *, #6737, .T. ) ;
#5637 = FACE_OUTER_BOUND ( 'NONE', #3967, .T. ) ;
#5638 = PLANE ( 'NONE',  #5354 ) ;
#5639 = ADVANCED_FACE ( 'NONE', ( #7055 ), #4870, .T. ) ;
#5640 = EDGE_CURVE ( 'NONE', #5776, #1928, #4397, .T. ) ;
#5641 = CARTESIAN_POINT ( 'NONE',  ( -1.449999999999997513, 1.100000000000000311, -0.7500000000000051070 ) ) ;
#5642 = VECTOR ( 'NONE', #4535, 1000.000000000000227 ) ;
#5643 = AXIS2_PLACEMENT_3D ( 'NONE', #5784, #1734, #3357 ) ;
#5644 = ADVANCED_FACE ( 'NONE', ( #6043 ), #3701, .T. ) ;
#5645 = DIRECTION ( 'NONE',  ( -0.000000000000000000, -1.000000000000000000, 0.000000000000000000 ) ) ;
#5646 = ORIENTED_EDGE ( 'NONE', *, *, #2947, .F. ) ;
#5647 = PLANE ( 'NONE',  #5518 ) ;
#5648 = CARTESIAN_POINT ( 'NONE',  ( 0.09999999999999913125, 1.099999999999999867, 0.2500000000000003331 ) ) ;
#5649 = ORIENTED_EDGE ( 'NONE', *, *, #71, .T. ) ;
#5650 = VECTOR ( 'NONE', #1497, 1000.000000000000000 ) ;
#5651 = VECTOR ( 'NONE', #6593, 1000.000000000000114 ) ;
#5652 = CIRCLE ( 'NONE', #6561, 0.1499999999999999667 ) ;
#5653 = ORIENTED_EDGE ( 'NONE', *, *, #1105, .T. ) ;
#5654 = DIRECTION ( 'NONE',  ( 3.491481338843133355E-15, -0.000000000000000000, -1.000000000000000000 ) ) ;
#5655 = ADVANCED_FACE ( 'NONE', ( #4837 ), #5929, .F. ) ;
#5656 = DIRECTION ( 'NONE',  ( -1.000000000000000000, 0.000000000000000000, -3.293151673144565596E-15 ) ) ;
#5657 = VECTOR ( 'NONE', #1435, 1000.000000000000114 ) ;
#5658 = VECTOR ( 'NONE', #4000, 1000.000000000000000 ) ;
#5659 = LINE ( 'NONE', #6188, #7019 ) ;
#5660 = ORIENTED_EDGE ( 'NONE', *, *, #2135, .F. ) ;
#5661 = ORIENTED_EDGE ( 'NONE', *, *, #877, .T. ) ;
#5662 = CARTESIAN_POINT ( 'NONE',  ( -1.450000000000000178, 0.1000000000000003525, -5.062647941322543365E-15 ) ) ;
#5663 = AXIS2_PLACEMENT_3D ( 'NONE', #2956, #187, #6849 ) ;
#5664 = EDGE_CURVE ( 'NONE', #4763, #3817, #3645, .T. ) ;
#5665 = ORIENTED_EDGE ( 'NONE', *, *, #1999, .F. ) ;
#5666 = VERTEX_POINT ( 'NONE', #990 ) ;
#5667 = DIRECTION ( 'NONE',  ( 1.000000000000000000, 0.000000000000000000, 4.065758146820647150E-15 ) ) ;
#5668 = EDGE_LOOP ( 'NONE', ( #348, #1685, #2402, #5014 ) ) ;
#5669 = ORIENTED_EDGE ( 'NONE', *, *, #5738, .T. ) ;
#5670 = DIRECTION ( 'NONE',  ( 0.000000000000000000, 1.000000000000000000, 0.000000000000000000 ) ) ;
#5671 = CARTESIAN_POINT ( 'NONE',  ( 0.8517638489321228690, 0.9719151922228845830, 0.3241632708993269496 ) ) ;
#5672 = CARTESIAN_POINT ( 'NONE',  ( 0.9124038404635952393, 1.056263979040564793, 0.2500000000000032196 ) ) ;
#5673 = LINE ( 'NONE', #721, #2554 ) ;
#5674 = DIRECTION ( 'NONE',  ( 0.000000000000000000, 1.000000000000000000, 0.000000000000000000 ) ) ;
#5675 = VERTEX_POINT ( 'NONE', #3850 ) ;
#5676 = CARTESIAN_POINT ( 'NONE',  ( -0.9659547428989363471, 0.6000000000000000888, 1.332883828495627032 ) ) ;
#5677 = DIRECTION ( 'NONE',  ( -3.469446951953614978E-15, 1.000000000000000000, -1.211350928885223548E-29 ) ) ;
#5678 = EDGE_CURVE ( 'NONE', #1482, #466, #5862, .T. ) ;
#5679 = ORIENTED_EDGE ( 'NONE', *, *, #4842, .F. ) ;
#5680 = VERTEX_POINT ( 'NONE', #3278 ) ;
#5681 = DIRECTION ( 'NONE',  ( 1.000000000000000000, -0.000000000000000000, 3.263320628122684032E-15 ) ) ;
#5682 = CARTESIAN_POINT ( 'NONE',  ( -1.750000000000005329, 0.6000000000000000888, 1.499999999999993561 ) ) ;
#5683 = ADVANCED_FACE ( 'NONE', ( #7168 ), #3158, .T. ) ;
#5684 = ADVANCED_FACE ( 'NONE', ( #5967, #4284, #2192 ), #7202, .T. ) ;
#5685 = LINE ( 'NONE', #2338, #4104 ) ;
#5686 = ORIENTED_EDGE ( 'NONE', *, *, #2176, .F. ) ;
#5687 = ORIENTED_EDGE ( 'NONE', *, *, #3550, .T. ) ;
#5688 = FACE_OUTER_BOUND ( 'NONE', #1737, .T. ) ;
#5689 = DIRECTION ( 'NONE',  ( -1.000000000000000000, -3.469446951953614978E-15, -3.491481338843133355E-15 ) ) ;
#5690 =( NAMED_UNIT ( * ) SI_UNIT ( $, .STERADIAN. ) SOLID_ANGLE_UNIT ( ) );
#5691 = ADVANCED_FACE ( 'NONE', ( #6078 ), #6463, .F. ) ;
#5692 = ORIENTED_EDGE ( 'NONE', *, *, #3947, .F. ) ;
#5693 = VECTOR ( 'NONE', #2118, 1000.000000000000000 ) ;
#5694 = ORIENTED_EDGE ( 'NONE', *, *, #4078, .T. ) ;
#5695 = ORIENTED_EDGE ( 'NONE', *, *, #4802, .T. ) ;
#5696 = VECTOR ( 'NONE', #2504, 1000.000000000000000 ) ;
#5697 = CARTESIAN_POINT ( 'NONE',  ( -1.750000000000004885, 0.6000000000000000888, 1.339999999999993641 ) ) ;
#5698 = LINE ( 'NONE', #5210, #176 ) ;
#5699 = AXIS2_PLACEMENT_3D ( 'NONE', #6242, #2964, #5189 ) ;
#5700 = AXIS2_PLACEMENT_3D ( 'NONE', #5485, #2711, #7155 ) ;
#5701 = CARTESIAN_POINT ( 'NONE',  ( -1.700245513687540733, 0.6000000000000005329, 0.4176401038210468264 ) ) ;
#5702 = ORIENTED_EDGE ( 'NONE', *, *, #250, .F. ) ;
#5703 = VERTEX_POINT ( 'NONE', #5384 ) ;
#5704 = AXIS2_PLACEMENT_3D ( 'NONE', #2527, #898, #753 ) ;
#5705 = ORIENTED_EDGE ( 'NONE', *, *, #2886, .F. ) ;
#5706 = CARTESIAN_POINT ( 'NONE',  ( -1.750000000000004441, 0.1499999999999996891, 1.199999999999993960 ) ) ;
#5707 = DIRECTION ( 'NONE',  ( 3.491481338843133355E-15, 0.000000000000000000, -1.000000000000000000 ) ) ;
#5708 = DIRECTION ( 'NONE',  ( 0.000000000000000000, 0.000000000000000000, 1.000000000000000000 ) ) ;
#5709 = CARTESIAN_POINT ( 'NONE',  ( 0.3500000000000000333, 1.089999999999993641, 1.142162219842940358E-15 ) ) ;
#5710 = EDGE_LOOP ( 'NONE', ( #5948, #6295, #2737, #3547 ) ) ;
#5711 = CARTESIAN_POINT ( 'NONE',  ( 0.9457731086634567630, 0.000000000000000000, -0.3070147898133150921 ) ) ;
#5712 = ORIENTED_EDGE ( 'NONE', *, *, #1693, .T. ) ;
#5713 = ORIENTED_EDGE ( 'NONE', *, *, #475, .F. ) ;
#5714 = DIRECTION ( 'NONE',  ( -3.491481338843133355E-15, 0.000000000000000000, 1.000000000000000000 ) ) ;
#5715 = DIRECTION ( 'NONE',  ( 1.000000000000000000, 0.000000000000000000, 3.491481338843134539E-15 ) ) ;
#5716 = CARTESIAN_POINT ( 'NONE',  ( -0.9499999999999994005, 1.199999999999999956, -0.2500000000000031641 ) ) ;
#5717 = VERTEX_POINT ( 'NONE', #1098 ) ;
#5718 = ORIENTED_EDGE ( 'NONE', *, *, #6082, .T. ) ;
#5719 = PLANE ( 'NONE',  #1281 ) ;
#5720 = DIRECTION ( 'NONE',  ( 1.000000000000000000, 7.047314121155773299E-15, 3.491481338843133355E-15 ) ) ;
#5721 = EDGE_CURVE ( 'NONE', #5717, #258, #397, .T. ) ;
#5722 = EDGE_CURVE ( 'NONE', #5703, #4813, #553, .T. ) ;
#5723 = EDGE_CURVE ( 'NONE', #1659, #1334, #2765, .T. ) ;
#5724 = CARTESIAN_POINT ( 'NONE',  ( 1.279999999999995142, 0.9224999684985708548, 1.372827446247167016 ) ) ;
#5725 = ORIENTED_EDGE ( 'NONE', *, *, #6700, .T. ) ;
#5726 = ORIENTED_EDGE ( 'NONE', *, *, #3682, .T. ) ;
#5727 = PLANE ( 'NONE',  #464 ) ;
#5728 = CARTESIAN_POINT ( 'NONE',  ( 1.689999999999995062, 0.1000000000000000056, 1.500000000000006217 ) ) ;
#5729 = EDGE_CURVE ( 'NONE', #391, #3973, #4249, .T. ) ;
#5730 = CIRCLE ( 'NONE', #2589, 0.8499999999999998668 ) ;
#5731 = CARTESIAN_POINT ( 'NONE',  ( 0.09999999999999927003, 0.9899999999999943290, 3.491481338843107717E-16 ) ) ;
#5732 = VERTEX_POINT ( 'NONE', #4361 ) ;
#5733 = VERTEX_POINT ( 'NONE', #3240 ) ;
#5734 = CARTESIAN_POINT ( 'NONE',  ( 1.279999999999996696, 1.199999999999999956, 0.9260669522232219952 ) ) ;
#5735 = AXIS2_PLACEMENT_3D ( 'NONE', #6416, #4636, #1310 ) ;
#5736 = CARTESIAN_POINT ( 'NONE',  ( 0.7044375921718358802, 0.9899999999999922196, 1.372827446247165017 ) ) ;
#5737 = DIRECTION ( 'NONE',  ( 3.491481338843133750E-15, -0.000000000000000000, -1.000000000000000000 ) ) ;
#5738 = EDGE_CURVE ( 'NONE', #2642, #7148, #5459, .T. ) ;
#5739 = CARTESIAN_POINT ( 'NONE',  ( 0.3499999999999963696, 1.199999999999999956, 1.050000000000001377 ) ) ;
#5740 = DIRECTION ( 'NONE',  ( -1.000000000000000000, 0.000000000000000000, -3.491481338843133355E-15 ) ) ;
#5741 = ORIENTED_EDGE ( 'NONE', *, *, #4148, .T. ) ;
#5742 = PLANE ( 'NONE',  #147 ) ;
#5743 = EDGE_LOOP ( 'NONE', ( #3703, #4195, #4354, #1278 ) ) ;
#5744 = FACE_OUTER_BOUND ( 'NONE', #2478, .T. ) ;
#5745 = VECTOR ( 'NONE', #5577, 1000.000000000000000 ) ;
#5746 = CIRCLE ( 'NONE', #1689, 0.8499999999999999778 ) ;
#5747 = DIRECTION ( 'NONE',  ( -3.502807018799322109E-15, -1.000000000000000000, -1.222998533970658192E-29 ) ) ;
#5748 = DIRECTION ( 'NONE',  ( -0.000000000000000000, -1.000000000000000000, 0.000000000000000000 ) ) ;
#5749 = DIRECTION ( 'NONE',  ( -7.047314121155773299E-15, 1.000000000000000000, -2.460556574298107867E-29 ) ) ;
#5750 = AXIS2_PLACEMENT_3D ( 'NONE', #3592, #1506, #4755 ) ;
#5751 = VECTOR ( 'NONE', #5087, 1000.000000000000000 ) ;
#5752 = ORIENTED_EDGE ( 'NONE', *, *, #1067, .F. ) ;
#5753 = VERTEX_POINT ( 'NONE', #3818 ) ;
#5754 = DIRECTION ( 'NONE',  ( 1.000000000000000000, 0.000000000000000000, 2.891205793294679017E-15 ) ) ;
#5755 = DIRECTION ( 'NONE',  ( 3.491481338843133355E-15, -0.000000000000000000, -1.000000000000000000 ) ) ;
#5756 = VECTOR ( 'NONE', #2311, 1000.000000000000114 ) ;
#5757 = COLOUR_RGB ( '',0.2509803921568627416, 0.2509803921568627416, 0.2509803921568627416 ) ;
#5758 = CARTESIAN_POINT ( 'NONE',  ( 1.280000000000002247, 2.430559530910099131, -0.7089465547634462572 ) ) ;
#5759 = DIRECTION ( 'NONE',  ( -3.491481338843133355E-15, 0.000000000000000000, 1.000000000000000000 ) ) ;
#5760 = FACE_OUTER_BOUND ( 'NONE', #3985, .T. ) ;
#5761 = EDGE_LOOP ( 'NONE', ( #4378, #231, #2468, #6197, #2986, #1603, #6949, #1234, #4441, #4503, #3586, #2927, #3899, #5295, #5489, #3566 ) ) ;
#5762 = EDGE_CURVE ( 'NONE', #4748, #1002, #4563, .T. ) ;
#5763 = VECTOR ( 'NONE', #4219, 1000.000000000000000 ) ;
#5764 = ORIENTED_EDGE ( 'NONE', *, *, #2992, .T. ) ;
#5765 = ADVANCED_FACE ( 'NONE', ( #6785 ), #1755, .T. ) ;
#5766 = VECTOR ( 'NONE', #844, 1000.000000000000000 ) ;
#5767 = LINE ( 'NONE', #6551, #1483 ) ;
#5768 = ORIENTED_EDGE ( 'NONE', *, *, #6209, .F. ) ;
#5769 = EDGE_CURVE ( 'NONE', #466, #2047, #4020, .T. ) ;
#5770 = ORIENTED_EDGE ( 'NONE', *, *, #193, .F. ) ;
#5771 = EDGE_CURVE ( 'NONE', #5344, #1088, #1828, .T. ) ;
#5772 = CARTESIAN_POINT ( 'NONE',  ( 0.3500000000000035305, -1.979848480983505743, -1.049999999999998934 ) ) ;
#5773 = DIRECTION ( 'NONE',  ( -1.000000000000000000, 0.000000000000000000, -3.491481338843133355E-15 ) ) ;
#5774 = LINE ( 'NONE', #823, #3589 ) ;
#5775 = LINE ( 'NONE', #5338, #2735 ) ;
#5776 = VERTEX_POINT ( 'NONE', #2299 ) ;
#5777 = ADVANCED_FACE ( 'NONE', ( #3475 ), #5647, .F. ) ;
#5778 = ORIENTED_EDGE ( 'NONE', *, *, #6824, .F. ) ;
#5779 = DIRECTION ( 'NONE',  ( 0.000000000000000000, -1.000000000000000000, 0.000000000000000000 ) ) ;
#5780 =( NAMED_UNIT ( * ) SI_UNIT ( $, .STERADIAN. ) SOLID_ANGLE_UNIT ( ) );
#5781 = VERTEX_POINT ( 'NONE', #622 ) ;
#5782 = LINE ( 'NONE', #5534, #5349 ) ;
#5783 = CARTESIAN_POINT ( 'NONE',  ( -0.9999999999999986677, 0.000000000000000000, -0.4000000000000041300 ) ) ;
#5784 = CARTESIAN_POINT ( 'NONE',  ( -1.500000000000003775, 0.8224999684985611070, -1.280000000000000027 ) ) ;
#5785 = LINE ( 'NONE', #5265, #1924 ) ;
#5786 = CARTESIAN_POINT ( 'NONE',  ( 1.581636014379621313, 0.1499999999999999667, 0.3750000000000047740 ) ) ;
#5787 = EDGE_CURVE ( 'NONE', #6606, #7162, #1246, .T. ) ;
#5788 = ORIENTED_EDGE ( 'NONE', *, *, #4726, .T. ) ;
#5789 = ORIENTED_EDGE ( 'NONE', *, *, #5423, .F. ) ;
#5790 = FACE_OUTER_BOUND ( 'NONE', #6607, .T. ) ;
#5791 = PLANE ( 'NONE',  #154 ) ;
#5792 = CARTESIAN_POINT ( 'NONE',  ( -0.7124038404635950616, 1.199999999999999956, -0.2500000000000023870 ) ) ;
#5793 = CARTESIAN_POINT ( 'NONE',  ( 1.690000000000005054, 0.6000000000000000888, -1.499999999999994449 ) ) ;
#5794 = LINE ( 'NONE', #288, #5412 ) ;
#5795 = CARTESIAN_POINT ( 'NONE',  ( 1.899999999999998357, 0.1000000000000000056, 0.3750000000000059397 ) ) ;
#5796 = ORIENTED_EDGE ( 'NONE', *, *, #2704, .F. ) ;
#5797 = EDGE_LOOP ( 'NONE', ( #3249, #6407, #3867, #1594 ) ) ;
#5798 = VECTOR ( 'NONE', #524, 1000.000000000000000 ) ;
#5799 = DIRECTION ( 'NONE',  ( 1.000000000000000000, 0.000000000000000000, 3.491481338843133355E-15 ) ) ;
#5800 = CARTESIAN_POINT ( 'NONE',  ( -1.899999999999995248, 0.1000000000000000056, -1.350000000000006750 ) ) ;
#5801 = ORIENTED_EDGE ( 'NONE', *, *, #2844, .T. ) ;
#5802 = VECTOR ( 'NONE', #1186, 1000.000000000000000 ) ;
#5803 = ORIENTED_EDGE ( 'NONE', *, *, #5366, .T. ) ;
#5804 = ORIENTED_EDGE ( 'NONE', *, *, #1914, .T. ) ;
#5805 = DIRECTION ( 'NONE',  ( -3.491481338843133355E-15, 0.000000000000000000, 1.000000000000000000 ) ) ;
#5806 = CARTESIAN_POINT ( 'NONE',  ( 1.600000000000001199, 0.1000000000000000056, -0.3749999999999942824 ) ) ;
#5808 = CIRCLE ( 'NONE', #703, 0.8499999999999999778 ) ;
#5807 =( NAMED_UNIT ( * ) PLANE_ANGLE_UNIT ( ) SI_UNIT ( $, .RADIAN. ) );
#5809 = DIRECTION ( 'NONE',  ( 1.000000000000000000, -3.571489509364014885E-15, 7.932373437343759517E-15 ) ) ;
#5810 = FACE_OUTER_BOUND ( 'NONE', #1917, .T. ) ;
#5811 = EDGE_CURVE ( 'NONE', #2175, #485, #129, .T. ) ;
#5812 = EDGE_CURVE ( 'NONE', #4489, #7085, #5376, .T. ) ;
#5813 = DIRECTION ( 'NONE',  ( -0.7071067811865504593, -5.330674431918770334E-15, 0.7071067811865445751 ) ) ;
#5814 = ADVANCED_FACE ( 'NONE', ( #6716 ), #6215, .F. ) ;
#5815 = VECTOR ( 'NONE', #6024, 1000.000000000000000 ) ;
#5816 = DIRECTION ( 'NONE',  ( -0.000000000000000000, -0.000000000000000000, 1.000000000000000000 ) ) ;
#5817 = PLANE ( 'NONE',  #1007 ) ;
#5818 = ORIENTED_EDGE ( 'NONE', *, *, #3245, .F. ) ;
#5819 = DIRECTION ( 'NONE',  ( 0.000000000000000000, 0.000000000000000000, -1.000000000000000000 ) ) ;
#5820 = LINE ( 'NONE', #3624, #697 ) ;
#5821 = ADVANCED_FACE ( 'NONE', ( #2830 ), #6686, .F. ) ;
#5822 = LINE ( 'NONE', #6394, #2160 ) ;
#5823 = ORIENTED_EDGE ( 'NONE', *, *, #5226, .T. ) ;
#5824 = ORIENTED_EDGE ( 'NONE', *, *, #4334, .T. ) ;
#5825 = CARTESIAN_POINT ( 'NONE',  ( 1.689999999999995062, 0.1000000000000000056, 1.500000000000006439 ) ) ;
#5826 = CARTESIAN_POINT ( 'NONE',  ( -1.899999999999998801, 0.000000000000000000, -0.4000000000000072387 ) ) ;
#5827 = DIRECTION ( 'NONE',  ( 3.491481338843133355E-15, 0.000000000000000000, -1.000000000000000000 ) ) ;
#5828 = CARTESIAN_POINT ( 'NONE',  ( -1.800000000000006484, 0.6999999999999998446, 1.199999999999993738 ) ) ;
#5829 = CARTESIAN_POINT ( 'NONE',  ( -1.349999999999996980, 1.199999999999999956, -0.7500000000000046629 ) ) ;
#5830 = ORIENTED_EDGE ( 'NONE', *, *, #1240, .F. ) ;
#5831 = VERTEX_POINT ( 'NONE', #687 ) ;
#5832 = ORIENTED_EDGE ( 'NONE', *, *, #279, .T. ) ;
#5833 = DIRECTION ( 'NONE',  ( 4.358843076831536902E-15, 0.000000000000000000, -1.000000000000000000 ) ) ;
#5834 = DIRECTION ( 'NONE',  ( -3.491481338843133355E-15, 0.000000000000000000, 1.000000000000000000 ) ) ;
#5835 = CARTESIAN_POINT ( 'NONE',  ( -1.750000000000006217, 0.6000000000000001998, 1.199999999999993960 ) ) ;
#5836 = EDGE_LOOP ( 'NONE', ( #1660, #5296, #3022 ) ) ;
#5837 = VERTEX_POINT ( 'NONE', #2896 ) ;
#5838 = EDGE_LOOP ( 'NONE', ( #85, #2410, #777, #6005 ) ) ;
#5839 = FACE_OUTER_BOUND ( 'NONE', #389, .T. ) ;
#5840 = DIRECTION ( 'NONE',  ( -1.000000000000000000, 0.000000000000000000, -3.491481338843133355E-15 ) ) ;
#5841 = DIRECTION ( 'NONE',  ( 1.000000000000000000, 0.000000000000000000, 3.491481338843133750E-15 ) ) ;
#5842 = CARTESIAN_POINT ( 'NONE',  ( 1.254226891336545524, 0.1000000000000000056, -0.3070147898133140374 ) ) ;
#5843 = DIRECTION ( 'NONE',  ( 3.502807018799322109E-15, 1.000000000000000000, 1.222998533970658192E-29 ) ) ;
#5844 = VECTOR ( 'NONE', #189, 1000.000000000000000 ) ;
#5845 = EDGE_CURVE ( 'NONE', #6901, #4321, #5125, .T. ) ;
#5846 = ORIENTED_EDGE ( 'NONE', *, *, #4930, .T. ) ;
#5847 = DIRECTION ( 'NONE',  ( -0.4024130287276394546, 0.1464334684150298549, -0.9036708436362171915 ) ) ;
#5848 = EDGE_CURVE ( 'NONE', #3761, #5753, #96, .T. ) ;
#5849 = DIRECTION ( 'NONE',  ( -1.000000000000000000, -7.021349484611987412E-15, -3.491481338843133355E-15 ) ) ;
#5850 = ORIENTED_EDGE ( 'NONE', *, *, #5571, .F. ) ;
#5851 = LINE ( 'NONE', #7010, #2892 ) ;
#5852 = AXIS2_PLACEMENT_3D ( 'NONE', #1716, #1783, #3876 ) ;
#5853 = DIRECTION ( 'NONE',  ( 0.000000000000000000, 1.000000000000000000, 0.000000000000000000 ) ) ;
#5854 = ORIENTED_EDGE ( 'NONE', *, *, #527, .T. ) ;
#5855 = PLANE ( 'NONE',  #2948 ) ;
#5856 = CARTESIAN_POINT ( 'NONE',  ( -0.7999999999999999334, 0.000000000000000000, -2.793185071074506684E-15 ) ) ;
#5857 = EDGE_LOOP ( 'NONE', ( #247, #1300, #4825, #248 ) ) ;
#5858 = ORIENTED_EDGE ( 'NONE', *, *, #1953, .T. ) ;
#5859 = AXIS2_PLACEMENT_3D ( 'NONE', #1197, #2352, #644 ) ;
#5860 = CARTESIAN_POINT ( 'NONE',  ( -1.265954742898935503, 0.6000000000000036415, -1.332883828495625922 ) ) ;
#5861 = CARTESIAN_POINT ( 'NONE',  ( -0.1500000000000036304, 1.089999999999994307, 1.049999999999999822 ) ) ;
#5862 = CIRCLE ( 'NONE', #4809, 1.332883828495627032 ) ;
#5863 = VECTOR ( 'NONE', #988, 1000.000000000000000 ) ;
#5864 = CARTESIAN_POINT ( 'NONE',  ( 1.690000000000005054, 0.6000000000000000888, -1.499999999999994449 ) ) ;
#5865 = LINE ( 'NONE', #4762, #1355 ) ;
#5866 = EDGE_LOOP ( 'NONE', ( #555, #6502, #639, #1440 ) ) ;
#5867 = VERTEX_POINT ( 'NONE', #5248 ) ;
#5868 = CARTESIAN_POINT ( 'NONE',  ( 1.599999999999998535, 0.1000000000000000056, 0.3750000000000057732 ) ) ;
#5869 = AXIS2_PLACEMENT_3D ( 'NONE', #3227, #1051, #4899 ) ;
#5870 = DIRECTION ( 'NONE',  ( 1.000000000000000000, 0.000000000000000000, 3.252606517456511724E-15 ) ) ;
#5871 = VECTOR ( 'NONE', #2497, 1000.000000000000000 ) ;
#5872 =( NAMED_UNIT ( * ) PLANE_ANGLE_UNIT ( ) SI_UNIT ( $, .RADIAN. ) );
#5873 = ORIENTED_EDGE ( 'NONE', *, *, #2135, .T. ) ;
#5874 = VECTOR ( 'NONE', #917, 1000.000000000000227 ) ;
#5875 = DIRECTION ( 'NONE',  ( -0.9914448613738108262, -0.1305261922200485203, -3.461611231978578356E-15 ) ) ;
#5876 = CIRCLE ( 'NONE', #4694, 0.8499999999999999778 ) ;
#5877 = ORIENTED_EDGE ( 'NONE', *, *, #1283, .T. ) ;
#5878 = ORIENTED_EDGE ( 'NONE', *, *, #6744, .T. ) ;
#5879 = ADVANCED_FACE ( 'NONE', ( #3918 ), #1210, .T. ) ;
#5880 = DIRECTION ( 'NONE',  ( 1.000000000000000000, 7.047314121155772510E-15, 3.491481338843133355E-15 ) ) ;
#5881 = SURFACE_SIDE_STYLE ('',( #5252 ) ) ;
#5882 = AXIS2_PLACEMENT_3D ( 'NONE', #5004, #3432, #3363 ) ;
#5883 = DIRECTION ( 'NONE',  ( -1.000000000000000000, 0.000000000000000000, -3.491481338843132961E-15 ) ) ;
#5884 = DIRECTION ( 'NONE',  ( 0.000000000000000000, 1.000000000000000000, -0.000000000000000000 ) ) ;
#5885 = CARTESIAN_POINT ( 'NONE',  ( 0.9457731086634545425, 0.1000000000000000056, 0.3070147898133210873 ) ) ;
#5886 =( BOUNDED_CURVE ( )  B_SPLINE_CURVE ( 3, ( #2818, #6236, #5145, #5114 ),
 .UNSPECIFIED., .F., .F. ) 
 B_SPLINE_CURVE_WITH_KNOTS ( ( 4, 4 ),
 ( 3.141592653589798001, 3.337562651215194798 ),
 .UNSPECIFIED. ) 
 CURVE ( )  GEOMETRIC_REPRESENTATION_ITEM ( )  RATIONAL_B_SPLINE_CURVE ( ( 1.000000000000000000, 0.9968022064152546324, 0.9968022064152546324, 1.000000000000000000 ) ) 
 REPRESENTATION_ITEM ( '' )  );
#5887 = AXIS2_PLACEMENT_3D ( 'NONE', #6111, #3339, #3230 ) ;
#5888 = ORIENTED_EDGE ( 'NONE', *, *, #7171, .T. ) ;
#5889 = DIRECTION ( 'NONE',  ( -7.047314121155773299E-15, 1.000000000000000000, -2.460556574298107867E-29 ) ) ;
#5890 = ORIENTED_EDGE ( 'NONE', *, *, #978, .T. ) ;
#5891 = DIRECTION ( 'NONE',  ( -1.000000000000000000, 0.000000000000000000, -3.491481338843133355E-15 ) ) ;
#5892 = CARTESIAN_POINT ( 'NONE',  ( -1.350000000000003197, 0.9899999999999995470, 0.7499999999999953371 ) ) ;
#5893 = ORIENTED_EDGE ( 'NONE', *, *, #6211, .F. ) ;
#5894 = CARTESIAN_POINT ( 'NONE',  ( -1.265954742898944385, 0.6000000000000036415, 1.227565347459475431 ) ) ;
#5895 = ORIENTED_EDGE ( 'NONE', *, *, #6737, .F. ) ;
#5896 = ORIENTED_EDGE ( 'NONE', *, *, #4802, .F. ) ;
#5897 = LINE ( 'NONE', #913, #4047 ) ;
#5898 = CARTESIAN_POINT ( 'NONE',  ( 1.037457923506843516, 1.010758237893508049, -1.184403091791953910 ) ) ;
#5899 = LINE ( 'NONE', #2516, #5291 ) ;
#5900 = EDGE_CURVE ( 'NONE', #4456, #4001, #5160, .T. ) ;
#5901 = EDGE_CURVE ( 'NONE', #4846, #5931, #5615, .T. ) ;
#5902 = CARTESIAN_POINT ( 'NONE',  ( 1.509954935525318565, 1.077536728289187229, 0.3750000000000045519 ) ) ;
#5903 = CARTESIAN_POINT ( 'NONE',  ( -1.749999999999998890, 0.1000000000000000056, -0.4000000000000056288 ) ) ;
#5904 = ORIENTED_EDGE ( 'NONE', *, *, #151, .F. ) ;
#5905 = ORIENTED_EDGE ( 'NONE', *, *, #2128, .F. ) ;
#5906 = ORIENTED_EDGE ( 'NONE', *, *, #4679, .T. ) ;
#5907 = PLANE ( 'NONE',  #1042 ) ;
#5908 = EDGE_CURVE ( 'NONE', #5070, #5831, #6749, .T. ) ;
#5909 = EDGE_LOOP ( 'NONE', ( #2317, #2820, #5850, #7136 ) ) ;
#5910 = ORIENTED_EDGE ( 'NONE', *, *, #3623, .T. ) ;
#5911 = DIRECTION ( 'NONE',  ( -0.7071067811865445751, -4.983203604220957592E-15, -0.7071067811865504593 ) ) ;
#5912 = DIRECTION ( 'NONE',  ( -1.000000000000000000, -7.047314121155773299E-15, -3.491481338843133355E-15 ) ) ;
#5913 = LINE ( 'NONE', #381, #5390 ) ;
#5914 = DIRECTION ( 'NONE',  ( 1.000000000000000000, 0.000000000000000000, -0.000000000000000000 ) ) ;
#5915 = CARTESIAN_POINT ( 'NONE',  ( 0.8517638489321290862, 0.9719151922228905782, -0.3241632708993386625 ) ) ;
#5916 = CARTESIAN_POINT ( 'NONE',  ( -0.9999999999999986677, 0.000000000000000000, -0.4000000000000041300 ) ) ;
#5917 = ADVANCED_FACE ( 'NONE', ( #256 ), #3061, .T. ) ;
#5918 = CARTESIAN_POINT ( 'NONE',  ( -1.199038105676654808, 1.099999999999999867, -0.7500000000000042188 ) ) ;
#5919 = CARTESIAN_POINT ( 'NONE',  ( 0.8517638489321250894, 0.9719151922228780327, -0.3241632708992927547 ) ) ;
#5920 = FACE_OUTER_BOUND ( 'NONE', #5506, .T. ) ;
#5921 = AXIS2_PLACEMENT_3D ( 'NONE', #4577, #6800, #1836 ) ;
#5922 = DIRECTION ( 'NONE',  ( -1.000000000000000000, 3.502807018799322109E-15, -3.491481338843133355E-15 ) ) ;
#5923 = AXIS2_PLACEMENT_3D ( 'NONE', #4327, #6051, #3792 ) ;
#5924 = ORIENTED_EDGE ( 'NONE', *, *, #3364, .F. ) ;
#5925 = LINE ( 'NONE', #3698, #5342 ) ;
#5926 = VERTEX_POINT ( 'NONE', #4772 ) ;
#5927 = VECTOR ( 'NONE', #2646, 1000.000000000000000 ) ;
#5928 = PRESENTATION_LAYER_ASSIGNMENT (  '', '', ( #1057 ) ) ;
#5929 = CYLINDRICAL_SURFACE ( 'NONE', #5276, 0.8499999999999999778 ) ;
#5930 = CARTESIAN_POINT ( 'NONE',  ( 1.279999999999996918, 1.099999999999999867, 0.9260669522232218842 ) ) ;
#5931 = VERTEX_POINT ( 'NONE', #3176 ) ;
#5932 = VERTEX_POINT ( 'NONE', #1529 ) ;
#5933 = CARTESIAN_POINT ( 'NONE',  ( -0.9659547428989363471, 0.5000000000000000000, 1.332883828495627032 ) ) ;
#5934 = AXIS2_PLACEMENT_3D ( 'NONE', #2324, #6273, #2890 ) ;
#5935 = LINE ( 'NONE', #3125, #3266 ) ;
#5936 = CYLINDRICAL_SURFACE ( 'NONE', #1004, 0.3298266868594177392 ) ;
#5937 = CARTESIAN_POINT ( 'NONE',  ( -1.799999999999998268, 0.1499999999999996891, -0.5500000000000068168 ) ) ;
#5938 = ORIENTED_EDGE ( 'NONE', *, *, #3254, .T. ) ;
#5939 = ORIENTED_EDGE ( 'NONE', *, *, #5325, .T. ) ;
#5940 = EDGE_LOOP ( 'NONE', ( #5636, #6388, #4526, #1077 ) ) ;
#5941 = FACE_OUTER_BOUND ( 'NONE', #1908, .T. ) ;
#5942 = EDGE_CURVE ( 'NONE', #1184, #174, #6993, .T. ) ;
#5943 = EDGE_CURVE ( 'NONE', #470, #4862, #4459, .T. ) ;
#5944 = DIRECTION ( 'NONE',  ( -0.9397173074096411005, 0.3419523097666894995, -3.281005442608677889E-15 ) ) ;
#5945 = DIRECTION ( 'NONE',  ( 3.491481338843133355E-15, 0.000000000000000000, -1.000000000000000000 ) ) ;
#5946 = ORIENTED_EDGE ( 'NONE', *, *, #5267, .T. ) ;
#5947 = ORIENTED_EDGE ( 'NONE', *, *, #821, .F. ) ;
#5948 = ORIENTED_EDGE ( 'NONE', *, *, #4211, .T. ) ;
#5949 = EDGE_CURVE ( 'NONE', #5986, #1021, #2940, .T. ) ;
#5950 = DIRECTION ( 'NONE',  ( 0.000000000000000000, 1.000000000000000000, 0.000000000000000000 ) ) ;
#5951 = DIRECTION ( 'NONE',  ( -1.000000000000000000, 0.000000000000000000, -3.491481338843132961E-15 ) ) ;
#5952 = CARTESIAN_POINT ( 'NONE',  ( 0.3500000000000000333, 1.099999999999999867, 1.222018468595096872E-15 ) ) ;
#5953 = CARTESIAN_POINT ( 'NONE',  ( 0.1000000000000000056, 0.9899999999999924416, 3.491481338843133355E-16 ) ) ;
#5954 = LINE ( 'NONE', #975, #168 ) ;
#5955 = CARTESIAN_POINT ( 'NONE',  ( -1.099999999999995870, 0.1000000000000000056, -1.100000000000004530 ) ) ;
#5956 = LINE ( 'NONE', #3191, #3426 ) ;
#5957 = ORIENTED_EDGE ( 'NONE', *, *, #670, .F. ) ;
#5958 = FACE_OUTER_BOUND ( 'NONE', #6753, .T. ) ;
#5959 = ADVANCED_FACE ( 'NONE', ( #2838, #6756 ), #4606, .F. ) ;
#5960 = DIRECTION ( 'NONE',  ( -1.000000000000000000, 0.000000000000000000, -3.491481338843132961E-15 ) ) ;
#5961 = EDGE_LOOP ( 'NONE', ( #5818, #3386, #6030, #1152, #4297, #4330, #6482, #5796 ) ) ;
#5962 = LINE ( 'NONE', #4941, #6160 ) ;
#5963 = LINE ( 'NONE', #2797, #1864 ) ;
#5964 = DIRECTION ( 'NONE',  ( 3.491481338843133355E-15, 1.000000000000000000, 1.219044193948983948E-29 ) ) ;
#5965 = ORIENTED_EDGE ( 'NONE', *, *, #6518, .T. ) ;
#5966 = CIRCLE ( 'NONE', #6092, 1.499999999999999556 ) ;
#5967 = FACE_BOUND ( 'NONE', #4582, .T. ) ;
#5968 = PLANE ( 'NONE',  #6557 ) ;
#5969 = VERTEX_POINT ( 'NONE', #5030 ) ;
#5970 = B_SPLINE_CURVE_WITH_KNOTS ( 'NONE', 3,
 ( #1544, #6894, #6976, #4199 ),
 .UNSPECIFIED., .F., .F.,
 ( 4, 4 ),
 ( 0.000000000000000000, 0.0002644298111990472781 ),
 .UNSPECIFIED. ) ;
#5971 = FACE_OUTER_BOUND ( 'NONE', #6575, .T. ) ;
#5972 = CARTESIAN_POINT ( 'NONE',  ( -1.900000000000004352, 0.1499999999999996891, 1.199999999999993294 ) ) ;
#5973 = VECTOR ( 'NONE', #5847, 1000.000000000000227 ) ;
#5974 = DIRECTION ( 'NONE',  ( -1.000000000000000000, 0.000000000000000000, -3.491481338843133750E-15 ) ) ;
#5975 = AXIS2_PLACEMENT_3D ( 'NONE', #7094, #6084, #4326 ) ;
#5976 = VERTEX_POINT ( 'NONE', #3960 ) ;
#5977 = CARTESIAN_POINT ( 'NONE',  ( 0.3500000000000000333, 1.099999999999999867, 1.164978290914984343E-15 ) ) ;
#5978 = ORIENTED_EDGE ( 'NONE', *, *, #69, .F. ) ;
#5979 = ORIENTED_EDGE ( 'NONE', *, *, #527, .F. ) ;
#5980 = LINE ( 'NONE', #4724, #5337 ) ;
#5981 = DIRECTION ( 'NONE',  ( -1.000000000000000000, -3.252606517456518824E-15, -4.336808689942025625E-15 ) ) ;
#5982 = AXIS2_PLACEMENT_3D ( 'NONE', #3351, #5067, #2308 ) ;
#5983 = AXIS2_PLACEMENT_3D ( 'NONE', #2541, #5853, #4789 ) ;
#5984 =( NAMED_UNIT ( * ) PLANE_ANGLE_UNIT ( ) SI_UNIT ( $, .RADIAN. ) );
#5985 = ADVANCED_FACE ( 'NONE', ( #1795 ), #698, .F. ) ;
#5986 = VERTEX_POINT ( 'NONE', #3991 ) ;
#5987 = CIRCLE ( 'NONE', #5165, 1.499999999999999556 ) ;
#5988 = EDGE_LOOP ( 'NONE', ( #5649, #84, #6150, #838 ) ) ;
#5989 = COLOUR_RGB ( '',0.7921568627450980005, 0.8196078431372548767, 0.9333333333333333481 ) ;
#5990 = ADVANCED_FACE ( 'NONE', ( #3453 ), #4476, .T. ) ;
#5991 = EDGE_CURVE ( 'NONE', #258, #1844, #135, .T. ) ;
#5992 = CARTESIAN_POINT ( 'NONE',  ( -1.199038105676655031, 1.089999999999999192, -0.7500000000000042188 ) ) ;
#5993 = CARTESIAN_POINT ( 'NONE',  ( -1.750000000000001554, 0.6000000000000000888, 0.3999999999999944156 ) ) ;
#5994 = FILL_AREA_STYLE_COLOUR ( '', #4932 ) ;
#5995 = AXIS2_PLACEMENT_3D ( 'NONE', #1498, #7044, #3735 ) ;
#5996 = VECTOR ( 'NONE', #47, 1000.000000000000000 ) ;
#5997 = DIRECTION ( 'NONE',  ( -0.000000000000000000, -0.000000000000000000, 1.000000000000000000 ) ) ;
#5998 = EDGE_CURVE ( 'NONE', #3494, #2431, #3040, .T. ) ;
#5999 = EDGE_CURVE ( 'NONE', #600, #5351, #4714, .T. ) ;
#6000 = DIRECTION ( 'NONE',  ( 0.9914448613738108262, 0.1305261922200484093, 3.461611231978577962E-15 ) ) ;
#6001 = ORIENTED_EDGE ( 'NONE', *, *, #1777, .T. ) ;
#6002 = CIRCLE ( 'NONE', #6230, 0.8499999999999999778 ) ;
#6003 = DIRECTION ( 'NONE',  ( 0.9914448613738107152, 0.1305261922200483815, 3.252606517456515274E-15 ) ) ;
#6004 = CARTESIAN_POINT ( 'NONE',  ( -1.350000000000002309, 1.199999999999999956, 0.7499999999999953371 ) ) ;
#6005 = ORIENTED_EDGE ( 'NONE', *, *, #6420, .F. ) ;
#6006 = DIRECTION ( 'NONE',  ( 0.000000000000000000, 1.000000000000000000, 0.000000000000000000 ) ) ;
#6007 = DIRECTION ( 'NONE',  ( -7.047314121155773299E-15, 1.000000000000000000, -2.460556574298107867E-29 ) ) ;
#6008 = ORIENTED_EDGE ( 'NONE', *, *, #4645, .T. ) ;
#6009 = EDGE_CURVE ( 'NONE', #6476, #4456, #314, .T. ) ;
#6010 = CARTESIAN_POINT ( 'NONE',  ( -1.000000000000001332, 0.000000000000000000, 0.3999999999999971911 ) ) ;
#6011 = AXIS2_PLACEMENT_3D ( 'NONE', #1461, #5305, #4196 ) ;
#6012 = DIRECTION ( 'NONE',  ( 1.000000000000000000, 0.000000000000000000, 4.336808689942025625E-15 ) ) ;
#6013 = ORIENTED_EDGE ( 'NONE', *, *, #5181, .F. ) ;
#6014 = CARTESIAN_POINT ( 'NONE',  ( 0.7044375921718323275, 1.089999999999993197, -0.5976246289850485338 ) ) ;
#6015 = CARTESIAN_POINT ( 'NONE',  ( 0.7491781560021191222, 1.089999999999992308, -0.5486963839590049963 ) ) ;
#6016 = EDGE_CURVE ( 'NONE', #5387, #6642, #270, .T. ) ;
#6017 = VERTEX_POINT ( 'NONE', #2543 ) ;
#6018 = VERTEX_POINT ( 'NONE', #2508 ) ;
#6019 = ORIENTED_EDGE ( 'NONE', *, *, #4, .F. ) ;
#6020 = DIRECTION ( 'NONE',  ( 0.000000000000000000, 1.000000000000000000, 0.000000000000000000 ) ) ;
#6021 = DIRECTION ( 'NONE',  ( 0.000000000000000000, 1.000000000000000000, 0.000000000000000000 ) ) ;
#6022 = ORIENTED_EDGE ( 'NONE', *, *, #3670, .F. ) ;
#6023 = ORIENTED_EDGE ( 'NONE', *, *, #1321, .F. ) ;
#6024 = DIRECTION ( 'NONE',  ( -1.000000000000000000, 0.000000000000000000, -3.491481338843133355E-15 ) ) ;
#6025 = DIRECTION ( 'NONE',  ( -1.000000000000000000, 0.000000000000000000, -3.491481338843132961E-15 ) ) ;
#6026 = DIRECTION ( 'NONE',  ( 1.000000000000000000, 0.000000000000000000, 2.891205793294679017E-15 ) ) ;
#6027 = DIRECTION ( 'NONE',  ( -1.000000000000000000, 0.000000000000000000, -3.491481338843133750E-15 ) ) ;
#6028 = DIRECTION ( 'NONE',  ( -3.491481338843133355E-15, 0.000000000000000000, 1.000000000000000000 ) ) ;
#6029 = DIRECTION ( 'NONE',  ( 0.3419523097666895550, 0.9397173074096412115, 1.193920108324703060E-15 ) ) ;
#6030 = ORIENTED_EDGE ( 'NONE', *, *, #3038, .F. ) ;
#6031 = DIRECTION ( 'NONE',  ( -3.502807018799322109E-15, -1.000000000000000000, -1.222998533970658192E-29 ) ) ;
#6032 = CYLINDRICAL_SURFACE ( 'NONE', #4706, 1.499999999999999556 ) ;
#6033 = VERTEX_POINT ( 'NONE', #1939 ) ;
#6034 = DIRECTION ( 'NONE',  ( 3.491481338843133355E-15, 0.000000000000000000, -1.000000000000000000 ) ) ;
#6035 = DIRECTION ( 'NONE',  ( 1.000000000000000000, 0.000000000000000000, 3.722162652137921163E-15 ) ) ;
#6036 = ADVANCED_FACE ( 'NONE', ( #2578 ), #770, .T. ) ;
#6037 = CIRCLE ( 'NONE', #3356, 0.1599999999999999756 ) ;
#6038 = EDGE_CURVE ( 'NONE', #2024, #391, #2008, .T. ) ;
#6039 = DIRECTION ( 'NONE',  ( 3.491481338843133355E-15, 0.000000000000000000, -1.000000000000000000 ) ) ;
#6040 = EDGE_CURVE ( 'NONE', #3399, #959, #2464, .T. ) ;
#6041 = VERTEX_POINT ( 'NONE', #5199 ) ;
#6042 = ADVANCED_FACE ( 'NONE', ( #6426 ), #4133, .T. ) ;
#6043 = FACE_OUTER_BOUND ( 'NONE', #3337, .T. ) ;
#6044 = DIRECTION ( 'NONE',  ( -1.000000000000000000, 0.000000000000000000, -3.491481338843133355E-15 ) ) ;
#6045 = AXIS2_PLACEMENT_3D ( 'NONE', #2692, #3348, #4366 ) ;
#6046 = AXIS2_PLACEMENT_3D ( 'NONE', #6355, #5346, #3587 ) ;
#6047 = ORIENTED_EDGE ( 'NONE', *, *, #3641, .F. ) ;
#6048 = LINE ( 'NONE', #3243, #1974 ) ;
#6049 = CARTESIAN_POINT ( 'NONE',  ( 0.7491781560021196773, 0.9899999999999837819, -0.7606363926145573995 ) ) ;
#6050 = ADVANCED_FACE ( 'NONE', ( #2973 ), #1893, .T. ) ;
#6051 = DIRECTION ( 'NONE',  ( -0.000000000000000000, 0.000000000000000000, 1.000000000000000000 ) ) ;
#6052 = VECTOR ( 'NONE', #3000, 1000.000000000000000 ) ;
#6053 = LINE ( 'NONE', #3284, #4004 ) ;
#6054 = CARTESIAN_POINT ( 'NONE',  ( -1.300000000000002265, 0.000000000000000000, 0.6999999999999960698 ) ) ;
#6055 = ORIENTED_EDGE ( 'NONE', *, *, #6335, .F. ) ;
#6056 = AXIS2_PLACEMENT_3D ( 'NONE', #1820, #1269, #720 ) ;
#6057 = ORIENTED_EDGE ( 'NONE', *, *, #4874, .T. ) ;
#6058 = EDGE_LOOP ( 'NONE', ( #6227, #1439, #499, #1780 ) ) ;
#6059 = LINE ( 'NONE', #5511, #5798 ) ;
#6060 = ADVANCED_FACE ( 'NONE', ( #6860 ), #3119, .F. ) ;
#6061 = CARTESIAN_POINT ( 'NONE',  ( 0.8032570994633501105, 0.9899999999999872236, -0.4847140618204728857 ) ) ;
#6062 = VERTEX_POINT ( 'NONE', #202 ) ;
#6063 = ORIENTED_EDGE ( 'NONE', *, *, #2475, .F. ) ;
#6064 = CARTESIAN_POINT ( 'NONE',  ( -1.000000000000003553, 0.6000000000000000888, 0.9999999999999965583 ) ) ;
#6065 = LINE ( 'NONE', #1083, #2560 ) ;
#6066 = LINE ( 'NONE', #2755, #1220 ) ;
#6067 = LINE ( 'NONE', #1085, #918 ) ;
#6068 = DIRECTION ( 'NONE',  ( -3.502807018799322109E-15, -1.000000000000000000, -1.222998533970658192E-29 ) ) ;
#6069 = DIRECTION ( 'NONE',  ( 3.491481338843133355E-15, 0.000000000000000000, -1.000000000000000000 ) ) ;
#6070 = ORIENTED_EDGE ( 'NONE', *, *, #6905, .T. ) ;
#6071 = ORIENTED_EDGE ( 'NONE', *, *, #5058, .F. ) ;
#6072 = CARTESIAN_POINT ( 'NONE',  ( 1.581636014379623978, 0.1499999999999999667, -0.3749999999999943934 ) ) ;
#6073 = CARTESIAN_POINT ( 'NONE',  ( -0.7124038404635950616, 1.089999999999997859, -0.2500000000000023870 ) ) ;
#6074 = ORIENTED_EDGE ( 'NONE', *, *, #5325, .F. ) ;
#6075 = FACE_OUTER_BOUND ( 'NONE', #1408, .T. ) ;
#6076 = DIRECTION ( 'NONE',  ( -1.000000000000000000, 0.000000000000000000, -3.491481338843133355E-15 ) ) ;
#6077 = VERTEX_POINT ( 'NONE', #2044 ) ;
#6078 = FACE_OUTER_BOUND ( 'NONE', #4372, .T. ) ;
#6079 = DIRECTION ( 'NONE',  ( -1.000000000000000000, 0.000000000000000000, -3.491481338843133355E-15 ) ) ;
#6080 = EDGE_CURVE ( 'NONE', #7066, #5352, #5785, .T. ) ;
#6081 = ADVANCED_FACE ( 'NONE', ( #6286 ), #5855, .F. ) ;
#6082 = EDGE_CURVE ( 'NONE', #5867, #4716, #3041, .T. ) ;
#6083 = CARTESIAN_POINT ( 'NONE',  ( -1.399999999999998135, 0.7000000000000027311, -1.105933661623257125 ) ) ;
#6084 = DIRECTION ( 'NONE',  ( -3.491481338843133355E-15, 0.000000000000000000, 1.000000000000000000 ) ) ;
#6085 = LINE ( 'NONE', #6153, #5802 ) ;
#6086 = EDGE_CURVE ( 'NONE', #1928, #1840, #4167, .T. ) ;
#6087 = EDGE_CURVE ( 'NONE', #6805, #1122, #5822, .T. ) ;
#6088 = CARTESIAN_POINT ( 'NONE',  ( -1.299999999999997602, 0.000000000000000000, -0.7000000000000051736 ) ) ;
#6089 = EDGE_LOOP ( 'NONE', ( #4692, #6090, #3795, #2009 ) ) ;
#6090 = ORIENTED_EDGE ( 'NONE', *, *, #4968, .T. ) ;
#6091 = ORIENTED_EDGE ( 'NONE', *, *, #4200, .F. ) ;
#6092 = AXIS2_PLACEMENT_3D ( 'NONE', #1023, #3233, #5453 ) ;
#6093 = CARTESIAN_POINT ( 'NONE',  ( -1.450000000000003952, 0.1000000000000000056, 1.199999999999995071 ) ) ;
#6094 = DIRECTION ( 'NONE',  ( -3.263320628122684426E-15, 0.000000000000000000, 1.000000000000000000 ) ) ;
#6095 = VECTOR ( 'NONE', #5449, 1000.000000000000000 ) ;
#6096 = EDGE_CURVE ( 'NONE', #6715, #686, #4349, .T. ) ;
#6097 = VERTEX_POINT ( 'NONE', #1639 ) ;
#6098 = ORIENTED_EDGE ( 'NONE', *, *, #6669, .F. ) ;
#6099 = VECTOR ( 'NONE', #3896, 1000.000000000000000 ) ;
#6100 = CIRCLE ( 'NONE', #2836, 0.3298266868594177392 ) ;
#6101 = CARTESIAN_POINT ( 'NONE',  ( -1.449999999999996625, 0.000000000000000000, -0.5500000000000065947 ) ) ;
#6102 = CARTESIAN_POINT ( 'NONE',  ( -1.899999999999995914, 0.1000000000000000056, -1.200000000000006839 ) ) ;
#6103 = FILL_AREA_STYLE ('',( #5994 ) ) ;
#6104 = DIRECTION ( 'NONE',  ( -1.000000000000000000, 0.000000000000000000, -3.491481338843133355E-15 ) ) ;
#6105 = AXIS2_PLACEMENT_3D ( 'NONE', #4285, #6505, #4908 ) ;
#6106 = EDGE_CURVE ( 'NONE', #4936, #2227, #3692, .T. ) ;
#6107 = CIRCLE ( 'NONE', #4460, 0.1499999999999999667 ) ;
#6108 = VERTEX_POINT ( 'NONE', #6526 ) ;
#6109 = VERTEX_POINT ( 'NONE', #5414 ) ;
#6110 = LINE ( 'NONE', #1235, #5155 ) ;
#6111 = CARTESIAN_POINT ( 'NONE',  ( 0.1000000000000000056, 0.9899999999999926636, 3.260800025548345744E-16 ) ) ;
#6112 = DIRECTION ( 'NONE',  ( 1.000000000000000000, -3.571489509364014885E-15, 3.491481338843132961E-15 ) ) ;
#6113 = DIRECTION ( 'NONE',  ( -0.7071067811865451302, -4.983203604220961536E-15, -0.7071067811865500152 ) ) ;
#6114 = VECTOR ( 'NONE', #5336, 1000.000000000000227 ) ;
#6115 = LINE ( 'NONE', #1139, #2214 ) ;
#6116 = CARTESIAN_POINT ( 'NONE',  ( -1.349999999999997424, 0.1000000000000000056, -0.7500000000000046629 ) ) ;
#6117 = ORIENTED_EDGE ( 'NONE', *, *, #3254, .F. ) ;
#6118 = DIRECTION ( 'NONE',  ( 1.000000000000000000, 0.000000000000000000, 1.323076993872120937E-15 ) ) ;
#6119 = CARTESIAN_POINT ( 'NONE',  ( -1.899999999999998135, 0.09999999999999950595, -0.5500000000000071498 ) ) ;
#6120 = AXIS2_PLACEMENT_3D ( 'NONE', #4622, #4076, #6298 ) ;
#6121 = VECTOR ( 'NONE', #6261, 1000.000000000000000 ) ;
#6122 = ORIENTED_EDGE ( 'NONE', *, *, #4548, .T. ) ;
#6123 = CARTESIAN_POINT ( 'NONE',  ( -1.899999999999998135, 0.000000000000000000, -0.5500000000000073719 ) ) ;
#6124 = CARTESIAN_POINT ( 'NONE',  ( 0.7491781560021149033, 0.9899999999999926636, 0.5486963839590103253 ) ) ;
#6125 = FACE_OUTER_BOUND ( 'NONE', #1858, .T. ) ;
#6126 = DIRECTION ( 'NONE',  ( -1.000000000000000000, 0.000000000000000000, -3.408241650257426256E-15 ) ) ;
#6127 = ORIENTED_EDGE ( 'NONE', *, *, #4969, .T. ) ;
#6128 = ORIENTED_EDGE ( 'NONE', *, *, #7171, .F. ) ;
#6129 = EDGE_LOOP ( 'NONE', ( #2828, #1835, #608, #3603 ) ) ;
#6130 = CARTESIAN_POINT ( 'NONE',  ( -1.750000000000004441, -1.761828530288944705E-16, 1.199999999999993960 ) ) ;
#6131 = EDGE_CURVE ( 'NONE', #1259, #327, #7096, .T. ) ;
#6132 = EDGE_CURVE ( 'NONE', #4001, #5549, #7051, .T. ) ;
#6133 = DIRECTION ( 'NONE',  ( 1.000000000000000000, 0.000000000000000000, 3.491481338843133355E-15 ) ) ;
#6134 = ORIENTED_EDGE ( 'NONE', *, *, #5184, .T. ) ;
#6135 = ORIENTED_EDGE ( 'NONE', *, *, #5811, .T. ) ;
#6136 = DIRECTION ( 'NONE',  ( 0.000000000000000000, -1.000000000000000000, 0.000000000000000000 ) ) ;
#6137 = CARTESIAN_POINT ( 'NONE',  ( -1.299999999999996936, 0.000000000000000000, -0.8500000000000051958 ) ) ;
#6138 = CARTESIAN_POINT ( 'NONE',  ( -1.900000000000004130, 0.09999999999999985290, 1.199999999999993294 ) ) ;
#6139 = ADVANCED_FACE ( 'NONE', ( #3841 ), #4824, .F. ) ;
#6140 = CARTESIAN_POINT ( 'NONE',  ( -1.399999999999999023, 0.7000000000000027311, -0.8327843745034519962 ) ) ;
#6141 = ORIENTED_EDGE ( 'NONE', *, *, #1600, .T. ) ;
#6142 = LINE ( 'NONE', #1170, #2991 ) ;
#6143 = LINE ( 'NONE', #91, #7013 ) ;
#6144 = DIRECTION ( 'NONE',  ( -1.000000000000000000, -7.047314121155772510E-15, -3.491481338843133355E-15 ) ) ;
#6145 = CARTESIAN_POINT ( 'NONE',  ( -1.299999999999996048, 0.000000000000000000, -1.100000000000005196 ) ) ;
#6146 = CARTESIAN_POINT ( 'NONE',  ( 0.000000000000000000, 0.8899999999999925748, -0.1000000000000000056 ) ) ;
#6147 = ORIENTED_EDGE ( 'NONE', *, *, #5029, .T. ) ;
#6148 = DIRECTION ( 'NONE',  ( 1.000000000000000000, -3.502807018799322109E-15, 3.491481338843133355E-15 ) ) ;
#6149 = CARTESIAN_POINT ( 'NONE',  ( -1.750000000000004441, 0.000000000000000000, 1.199999999999993960 ) ) ;
#6150 = ORIENTED_EDGE ( 'NONE', *, *, #2985, .F. ) ;
#6151 = ORIENTED_EDGE ( 'NONE', *, *, #4551, .T. ) ;
#6152 = PLANE ( 'NONE',  #4569 ) ;
#6153 = CARTESIAN_POINT ( 'NONE',  ( -0.9500000000000000666, 1.099999999999999867, -3.316907271900977082E-15 ) ) ;
#6154 = VECTOR ( 'NONE', #2313, 1000.000000000000000 ) ;
#6155 = CARTESIAN_POINT ( 'NONE',  ( 0.1000000000000000056, 0.9899999999999941069, 3.491481338843133355E-16 ) ) ;
#6156 = DIRECTION ( 'NONE',  ( 3.491481338843133355E-15, -0.000000000000000000, -1.000000000000000000 ) ) ;
#6157 = EDGE_LOOP ( 'NONE', ( #3313, #1957 ) ) ;
#6158 = ORIENTED_EDGE ( 'NONE', *, *, #5011, .F. ) ;
#6159 = DIRECTION ( 'NONE',  ( -1.000000000000000000, 0.000000000000000000, -3.491481338843133355E-15 ) ) ;
#6160 = VECTOR ( 'NONE', #3273, 1000.000000000000000 ) ;
#6161 = AXIS2_PLACEMENT_3D ( 'NONE', #6953, #5799, #6337 ) ;
#6162 = DIRECTION ( 'NONE',  ( 3.491481338843133355E-15, 0.000000000000000000, -1.000000000000000000 ) ) ;
#6163 = CIRCLE ( 'NONE', #942, 0.1499999999999999667 ) ;
#6164 = ORIENTED_EDGE ( 'NONE', *, *, #1825, .F. ) ;
#6165 = ADVANCED_FACE ( 'NONE', ( #460 ), #2182, .F. ) ;
#6166 = VERTEX_POINT ( 'NONE', #4420 ) ;
#6167 = DIRECTION ( 'NONE',  ( 0.000000000000000000, 1.000000000000000000, 0.000000000000000000 ) ) ;
#6168 = EDGE_CURVE ( 'NONE', #6787, #1345, #7114, .T. ) ;
#6169 = DIRECTION ( 'NONE',  ( -3.502807018799322109E-15, -1.000000000000000000, -1.222998533970658192E-29 ) ) ;
#6170 = VECTOR ( 'NONE', #1320, 1000.000000000000000 ) ;
#6171 = CYLINDRICAL_SURFACE ( 'NONE', #5859, 1.000000000000000000 ) ;
#6172 = ORIENTED_EDGE ( 'NONE', *, *, #7161, .F. ) ;
#6173 = ORIENTED_EDGE ( 'NONE', *, *, #1736, .F. ) ;
#6174 = EDGE_CURVE ( 'NONE', #1000, #6166, #5956, .T. ) ;
#6175 = VERTEX_POINT ( 'NONE', #4386 ) ;
#6176 = DIRECTION ( 'NONE',  ( -1.000000000000000000, 0.000000000000000000, -3.491481338843133355E-15 ) ) ;
#6177 = LINE ( 'NONE', #5734, #382 ) ;
#6178 = CARTESIAN_POINT ( 'NONE',  ( -1.351449120171320128, 0.6000000000000029754, -0.7664364973372644885 ) ) ;
#6179 = CARTESIAN_POINT ( 'NONE',  ( -1.450000000000003952, 0.000000000000000000, 1.199999999999995071 ) ) ;
#6180 = ORIENTED_EDGE ( 'NONE', *, *, #4304, .F. ) ;
#6181 = DIRECTION ( 'NONE',  ( 1.000000000000000000, 0.000000000000000000, 0.000000000000000000 ) ) ;
#6182 = LINE ( 'NONE', #5648, #4233 ) ;
#6183 = ADVANCED_FACE ( 'NONE', ( #2106 ), #3771, .T. ) ;
#6184 = ORIENTED_EDGE ( 'NONE', *, *, #434, .F. ) ;
#6185 = ORIENTED_EDGE ( 'NONE', *, *, #6600, .T. ) ;
#6186 = FACE_OUTER_BOUND ( 'NONE', #3054, .T. ) ;
#6187 = CARTESIAN_POINT ( 'NONE',  ( -1.589999999999994751, 0.6000000000000000888, -1.500000000000005329 ) ) ;
#6188 = CARTESIAN_POINT ( 'NONE',  ( -1.000000000000001332, 0.000000000000000000, 0.3999999999999971911 ) ) ;
#6189 = ORIENTED_EDGE ( 'NONE', *, *, #926, .T. ) ;
#6190 = DIRECTION ( 'NONE',  ( -0.000000000000000000, -1.000000000000000000, 0.000000000000000000 ) ) ;
#6191 = ORIENTED_EDGE ( 'NONE', *, *, #2088, .T. ) ;
#6192 = PLANE ( 'NONE',  #6957 ) ;
#6193 = CARTESIAN_POINT ( 'NONE',  ( -1.749999999999999556, 0.5500000000000002665, -0.5500000000000065947 ) ) ;
#6194 = VECTOR ( 'NONE', #5120, 1000.000000000000000 ) ;
#6195 = ORIENTED_EDGE ( 'NONE', *, *, #3816, .T. ) ;
#6196 = ORIENTED_EDGE ( 'NONE', *, *, #2909, .T. ) ;
#6197 = ORIENTED_EDGE ( 'NONE', *, *, #6693, .T. ) ;
#6198 = CARTESIAN_POINT ( 'NONE',  ( 1.094503525664557220, 0.9899999999999908873, 1.372827446247166572 ) ) ;
#6199 = AXIS2_PLACEMENT_3D ( 'NONE', #4827, #5922, #2186 ) ;
#6200 = ADVANCED_FACE ( 'NONE', ( #2138 ), #4860, .F. ) ;
#6201 = CYLINDRICAL_SURFACE ( 'NONE', #2483, 0.9000000000000000222 ) ;
#6202 = VERTEX_POINT ( 'NONE', #941 ) ;
#6203 = ORIENTED_EDGE ( 'NONE', *, *, #7099, .T. ) ;
#6204 = VECTOR ( 'NONE', #5654, 1000.000000000000000 ) ;
#6205 = CARTESIAN_POINT ( 'NONE',  ( -1.265954742898935503, 0.6000000000000036415, -1.332883828495625922 ) ) ;
#6206 = DIRECTION ( 'NONE',  ( -6.123233995736766036E-17, -1.000000000000000000, -2.137915722948479303E-31 ) ) ;
#6207 = DIRECTION ( 'NONE',  ( -1.000000000000000000, 0.000000000000000000, -3.491481338843133355E-15 ) ) ;
#6208 = DIRECTION ( 'NONE',  ( 3.491481338843133355E-15, 0.000000000000000000, -1.000000000000000000 ) ) ;
#6209 = EDGE_CURVE ( 'NONE', #2546, #6280, #5987, .T. ) ;
#6210 = VECTOR ( 'NONE', #1582, 1000.000000000000000 ) ;
#6211 = EDGE_CURVE ( 'NONE', #5159, #4185, #3299, .T. ) ;
#6212 = VECTOR ( 'NONE', #5964, 1000.000000000000000 ) ;
#6213 = DIRECTION ( 'NONE',  ( 1.000000000000000000, -3.502807018799322109E-15, 3.491481338843133355E-15 ) ) ;
#6214 = EDGE_LOOP ( 'NONE', ( #6418, #4527, #5380, #5587 ) ) ;
#6215 = PLANE ( 'NONE',  #6892 ) ;
#6216 = CARTESIAN_POINT ( 'NONE',  ( 0.7044375921718359912, 0.9899999999999924416, 1.372827446247165017 ) ) ;
#6217 = ORIENTED_EDGE ( 'NONE', *, *, #404, .F. ) ;
#6218 = VECTOR ( 'NONE', #6618, 1000.000000000000000 ) ;
#6219 = STYLED_ITEM ( 'NONE', ( #928 ), #4977 ) ;
#6220 = ORIENTED_EDGE ( 'NONE', *, *, #6082, .F. ) ;
#6221 = CYLINDRICAL_SURFACE ( 'NONE', #3309, 0.04999999999999991257 ) ;
#6222 = CARTESIAN_POINT ( 'NONE',  ( 0.9457731086634545425, 0.000000000000000000, 0.3070147898133210873 ) ) ;
#6223 = ADVANCED_FACE ( 'NONE', ( #6569 ), #5375, .T. ) ;
#6224 = CIRCLE ( 'NONE', #2168, 0.8499999999999999778 ) ;
#6225 = CIRCLE ( 'NONE', #1479, 0.1599999999999999756 ) ;
#6226 = LINE ( 'NONE', #699, #2381 ) ;
#6227 = ORIENTED_EDGE ( 'NONE', *, *, #2530, .T. ) ;
#6228 = VERTEX_POINT ( 'NONE', #2509 ) ;
#6229 = PLANE ( 'NONE',  #1175 ) ;
#6230 = AXIS2_PLACEMENT_3D ( 'NONE', #488, #1116, #3829 ) ;
#6231 = CARTESIAN_POINT ( 'NONE',  ( 0.000000000000000000, 0.8879998962669206630, -1.100000000000000089 ) ) ;
#6232 = EDGE_CURVE ( 'NONE', #4079, #2654, #6861, .T. ) ;
#6233 = ORIENTED_EDGE ( 'NONE', *, *, #1372, .T. ) ;
#6234 = VERTEX_POINT ( 'NONE', #5856 ) ;
#6235 = PLANE ( 'NONE',  #1319 ) ;
#6236 = CARTESIAN_POINT ( 'NONE',  ( 0.8928074844680878863, 0.9569798857620116506, 0.1089235403704640753 ) ) ;
#6237 = ORIENTED_EDGE ( 'NONE', *, *, #111, .T. ) ;
#6238 = VERTEX_POINT ( 'NONE', #4168 ) ;
#6239 = ORIENTED_EDGE ( 'NONE', *, *, #3975, .F. ) ;
#6240 = CARTESIAN_POINT ( 'NONE',  ( -1.900000000000004796, 0.1000000000000000056, 1.349999999999993427 ) ) ;
#6241 = FACE_OUTER_BOUND ( 'NONE', #1219, .T. ) ;
#6242 = CARTESIAN_POINT ( 'NONE',  ( -1.750000000000004885, 0.6000000000000000888, 1.339999999999993641 ) ) ;
#6243 = DIRECTION ( 'NONE',  ( 1.000000000000000000, -4.207103668092284950E-16, 3.491481338843133355E-15 ) ) ;
#6244 = ORIENTED_EDGE ( 'NONE', *, *, #3419, .F. ) ;
#6245 = DIRECTION ( 'NONE',  ( 1.000000000000000000, 0.000000000000000000, 3.491481338843133355E-15 ) ) ;
#6246 = CARTESIAN_POINT ( 'NONE',  ( -0.1500000000000027978, 1.199999999999999956, 0.8124038404635953725 ) ) ;
#6247 = EDGE_CURVE ( 'NONE', #5680, #4748, #2038, .T. ) ;
#6248 = VERTEX_POINT ( 'NONE', #315 ) ;
#6249 = EDGE_CURVE ( 'NONE', #3329, #2916, #2495, .T. ) ;
#6250 = ORIENTED_EDGE ( 'NONE', *, *, #1956, .T. ) ;
#6251 = LINE ( 'NONE', #1312, #637 ) ;
#6252 = CARTESIAN_POINT ( 'NONE',  ( -1.699999999999998845, 0.6000000000000000888, -0.3500000000000053624 ) ) ;
#6253 = ADVANCED_FACE ( 'NONE', ( #3557 ), #4095, .T. ) ;
#6254 = CARTESIAN_POINT ( 'NONE',  ( 0.1000000000000000056, 1.199999999999999956, 3.491481338843133355E-16 ) ) ;
#6255 = EDGE_LOOP ( 'NONE', ( #6141, #225, #3874, #4909 ) ) ;
#6256 = ORIENTED_EDGE ( 'NONE', *, *, #6533, .F. ) ;
#6257 = EDGE_CURVE ( 'NONE', #3009, #6703, #3007, .T. ) ;
#6258 = CARTESIAN_POINT ( 'NONE',  ( -1.099999999999995870, 0.000000000000000000, -1.100000000000004530 ) ) ;
#6259 = PLANE ( 'NONE',  #2104 ) ;
#6260 = VECTOR ( 'NONE', #3219, 1000.000000000000000 ) ;
#6261 = DIRECTION ( 'NONE',  ( 1.000000000000000000, -0.000000000000000000, 3.491481338843133355E-15 ) ) ;
#6262 = ORIENTED_EDGE ( 'NONE', *, *, #194, .F. ) ;
#6263 = VECTOR ( 'NONE', #4136, 1000.000000000000000 ) ;
#6264 = ORIENTED_EDGE ( 'NONE', *, *, #194, .T. ) ;
#6265 = ADVANCED_FACE ( 'NONE', ( #7016 ), #1940, .T. ) ;
#6266 = LINE ( 'NONE', #2983, #6801 ) ;
#6267 = DIRECTION ( 'NONE',  ( 3.263320628122684032E-15, 0.000000000000000000, -1.000000000000000000 ) ) ;
#6268 = VECTOR ( 'NONE', #3813, 1000.000000000000000 ) ;
#6269 = CARTESIAN_POINT ( 'NONE',  ( 0.7491781560021223418, 0.9899999999999808953, -1.500000000000001332 ) ) ;
#6270 = ORIENTED_EDGE ( 'NONE', *, *, #3852, .T. ) ;
#6271 = ORIENTED_EDGE ( 'NONE', *, *, #5237, .F. ) ;
#6272 = VECTOR ( 'NONE', #4228, 1000.000000000000000 ) ;
#6273 = DIRECTION ( 'NONE',  ( -3.491481338843133355E-15, 0.000000000000000000, 1.000000000000000000 ) ) ;
#6274 = CARTESIAN_POINT ( 'NONE',  ( 0.000000000000000000, 0.8899999999999925748, -1.100000000000000089 ) ) ;
#6275 = DIRECTION ( 'NONE',  ( -0.7071067811865455743, 0.000000000000000000, -0.7071067811865495711 ) ) ;
#6276 = ORIENTED_EDGE ( 'NONE', *, *, #5621, .T. ) ;
#6277 = DIRECTION ( 'NONE',  ( 0.7071067811865451302, 0.000000000000000000, 0.7071067811865500152 ) ) ;
#6278 = ORIENTED_EDGE ( 'NONE', *, *, #2213, .F. ) ;
#6279 = DIRECTION ( 'NONE',  ( 0.000000000000000000, -1.000000000000000000, 0.000000000000000000 ) ) ;
#6280 = VERTEX_POINT ( 'NONE', #5930 ) ;
#6281 = DIRECTION ( 'NONE',  ( 1.000000000000000000, 0.000000000000000000, 3.491481338843133355E-15 ) ) ;
#6282 = CARTESIAN_POINT ( 'NONE',  ( 0.7044375921718366573, 1.201000000000016499, 1.372827446247164795 ) ) ;
#6283 = LINE ( 'NONE', #3513, #3422 ) ;
#6284 = ADVANCED_FACE ( 'NONE', ( #951 ), #3159, .F. ) ;
#6285 = EDGE_CURVE ( 'NONE', #1088, #6234, #7024, .T. ) ;
#6286 = FACE_OUTER_BOUND ( 'NONE', #6822, .T. ) ;
#6287 = VERTEX_POINT ( 'NONE', #1066 ) ;
#6288 = ORIENTED_EDGE ( 'NONE', *, *, #3947, .T. ) ;
#6289 = DIRECTION ( 'NONE',  ( 1.000000000000000000, 0.000000000000000000, 3.491481338843133355E-15 ) ) ;
#6290 = CARTESIAN_POINT ( 'NONE',  ( 2.549999999999997158, 0.9899999999999858913, 0.7500000000000088818 ) ) ;
#6291 = EDGE_CURVE ( 'NONE', #2916, #182, #991, .T. ) ;
#6292 = ADVANCED_FACE ( 'NONE', ( #2728 ), #3241, .T. ) ;
#6293 = CARTESIAN_POINT ( 'NONE',  ( -1.300000000000003819, 0.000000000000000000, 1.099999999999996092 ) ) ;
#6294 = ORIENTED_EDGE ( 'NONE', *, *, #4921, .T. ) ;
#6295 = ORIENTED_EDGE ( 'NONE', *, *, #6869, .F. ) ;
#6296 = ORIENTED_EDGE ( 'NONE', *, *, #4832, .T. ) ;
#6297 = CARTESIAN_POINT ( 'NONE',  ( -0.1500000000000000222, 0.000000000000000000, -5.237222008264700033E-16 ) ) ;
#6298 = DIRECTION ( 'NONE',  ( 0.000000000000000000, 1.000000000000000000, -3.614007241618347587E-15 ) ) ;
#6299 = VECTOR ( 'NONE', #4697, 1000.000000000000114 ) ;
#6300 = VERTEX_POINT ( 'NONE', #6538 ) ;
#6301 = EDGE_LOOP ( 'NONE', ( #3439, #2867, #645, #6001 ) ) ;
#6302 = CARTESIAN_POINT ( 'NONE',  ( -1.350000000000002753, 1.089999999999999636, 0.7499999999999953371 ) ) ;
#6303 = VECTOR ( 'NONE', #1382, 1000.000000000000000 ) ;
#6304 = DIRECTION ( 'NONE',  ( -0.2712141387545569660, -0.7453221192620267388, 0.6090466562410347118 ) ) ;
#6305 = LINE ( 'NONE', #4778, #2369 ) ;
#6306 = CARTESIAN_POINT ( 'NONE',  ( -1.613954739249935599, 0.7000000000000011768, 0.3313493293834419151 ) ) ;
#6307 = ADVANCED_FACE ( 'NONE', ( #5498 ), #5968, .T. ) ;
#6308 = DIRECTION ( 'NONE',  ( -1.000000000000000000, 0.000000000000000000, -3.491481338843133355E-15 ) ) ;
#6309 = ORIENTED_EDGE ( 'NONE', *, *, #516, .T. ) ;
#6310 = VECTOR ( 'NONE', #2583, 1000.000000000000000 ) ;
#6311 = ORIENTED_EDGE ( 'NONE', *, *, #6481, .T. ) ;
#6312 = CARTESIAN_POINT ( 'NONE',  ( 0.09999999999999999167, 0.1000000000000000056, 3.491481338843133355E-16 ) ) ;
#6313 = ORIENTED_EDGE ( 'NONE', *, *, #4831, .F. ) ;
#6314 = LINE ( 'NONE', #1351, #1641 ) ;
#6315 = AXIS2_PLACEMENT_3D ( 'NONE', #2407, #4571, #4541 ) ;
#6316 = VECTOR ( 'NONE', #6817, 1000.000000000000000 ) ;
#6317 = LINE ( 'NONE', #3989, #4160 ) ;
#6318 = CARTESIAN_POINT ( 'NONE',  ( -1.299999999999996048, 0.1000000000000000056, -1.100000000000005196 ) ) ;
#6319 = DIRECTION ( 'NONE',  ( 0.4067981002737991458, 0.000000000000000000, -0.9135180926580644956 ) ) ;
#6320 = CARTESIAN_POINT ( 'NONE',  ( -0.1500000000000027978, -1.979848480983505743, 0.8124038404635953725 ) ) ;
#6321 = VECTOR ( 'NONE', #1723, 1000.000000000000000 ) ;
#6322 = ORIENTED_EDGE ( 'NONE', *, *, #834, .F. ) ;
#6323 = ORIENTED_EDGE ( 'NONE', *, *, #3137, .T. ) ;
#6324 = CARTESIAN_POINT ( 'NONE',  ( 1.723057370616933426, 0.1000000000000000056, -0.3749999999999938383 ) ) ;
#6325 = FACE_OUTER_BOUND ( 'NONE', #6386, .T. ) ;
#6326 = AXIS2_PLACEMENT_3D ( 'NONE', #904, #3192, #4784 ) ;
#6327 = DIRECTION ( 'NONE',  ( 3.491481338843133355E-15, -0.000000000000000000, -1.000000000000000000 ) ) ;
#6328 = VECTOR ( 'NONE', #39, 1000.000000000000000 ) ;
#6329 = CARTESIAN_POINT ( 'NONE',  ( 0.9572078878273300173, 1.039960302006927240, 1.433818264927721131 ) ) ;
#6330 = ADVANCED_FACE ( 'NONE', ( #4949 ), #510, .F. ) ;
#6331 = CARTESIAN_POINT ( 'NONE',  ( -1.300000000000003819, 0.1000000000000000056, 1.099999999999996092 ) ) ;
#6332 = CARTESIAN_POINT ( 'NONE',  ( -1.349999999999997424, 1.099999999999999867, -0.7500000000000046629 ) ) ;
#6333 =( GEOMETRIC_REPRESENTATION_CONTEXT ( 3 ) GLOBAL_UNCERTAINTY_ASSIGNED_CONTEXT ( ( #6955 ) ) GLOBAL_UNIT_ASSIGNED_CONTEXT ( ( #7069, #5872, #3136 ) ) REPRESENTATION_CONTEXT ( 'NONE', 'WORKASPACE' ) );
#6334 = ORIENTED_EDGE ( 'NONE', *, *, #2224, .F. ) ;
#6335 = EDGE_CURVE ( 'NONE', #710, #3726, #403, .T. ) ;
#6336 = EDGE_CURVE ( 'NONE', #1507, #1696, #1548, .T. ) ;
#6337 = DIRECTION ( 'NONE',  ( 3.491481338843133355E-15, 0.000000000000000000, -1.000000000000000000 ) ) ;
#6338 = DIRECTION ( 'NONE',  ( 0.000000000000000000, -1.000000000000000000, 0.000000000000000000 ) ) ;
#6339 = CARTESIAN_POINT ( 'NONE',  ( -1.000000000000001332, 0.1000000000000000056, 0.3999999999999971911 ) ) ;
#6340 = EDGE_CURVE ( 'NONE', #6588, #837, #4398, .T. ) ;
#6341 = VERTEX_POINT ( 'NONE', #7127 ) ;
#6342 = ORIENTED_EDGE ( 'NONE', *, *, #71, .F. ) ;
#6343 =( BOUNDED_CURVE ( )  B_SPLINE_CURVE ( 3, ( #4677, #3707, #5898, #914 ),
 .UNSPECIFIED., .F., .F. ) 
 B_SPLINE_CURVE_WITH_KNOTS ( ( 4, 4 ),
 ( 0.6654052348364473124, 1.019287764614860370 ),
 .UNSPECIFIED. ) 
 CURVE ( )  GEOMETRIC_REPRESENTATION_ITEM ( )  RATIONAL_B_SPLINE_CURVE ( ( 1.000000000000000000, 0.9895911290851816533, 0.9895911290851816533, 1.000000000000000000 ) ) 
 REPRESENTATION_ITEM ( '' )  );
#6344 = EDGE_CURVE ( 'NONE', #1602, #6726, #4468, .T. ) ;
#6345 = PLANE ( 'NONE',  #4419 ) ;
#6346 = FACE_OUTER_BOUND ( 'NONE', #42, .T. ) ;
#6347 = FACE_OUTER_BOUND ( 'NONE', #679, .T. ) ;
#6348 = CARTESIAN_POINT ( 'NONE',  ( -1.350000000000003197, 0.9899999999999995470, 0.7499999999999953371 ) ) ;
#6349 = DIRECTION ( 'NONE',  ( 0.000000000000000000, 1.000000000000000000, 0.000000000000000000 ) ) ;
#6350 = CARTESIAN_POINT ( 'NONE',  ( -0.9500000000000010658, 0.9899999999999979927, 0.2499999999999968636 ) ) ;
#6351 = ORIENTED_EDGE ( 'NONE', *, *, #6106, .F. ) ;
#6352 = LINE ( 'NONE', #1459, #3051 ) ;
#6353 = EDGE_CURVE ( 'NONE', #486, #4023, #2117, .T. ) ;
#6354 = ORIENTED_EDGE ( 'NONE', *, *, #3843, .T. ) ;
#6355 = CARTESIAN_POINT ( 'NONE',  ( 0.09999999999999999167, 0.7899999999999925970, 3.491481338843133355E-16 ) ) ;
#6356 = CARTESIAN_POINT ( 'NONE',  ( -1.700245513687537402, 0.6000000000000005329, -0.5500000000000064837 ) ) ;
#6357 = ORIENTED_EDGE ( 'NONE', *, *, #4604, .T. ) ;
#6358 = EDGE_LOOP ( 'NONE', ( #4448, #1490, #4869, #511, #1296, #7064, #5425, #4350, #6164, #2833, #5081, #3053, #4288, #2123, #3429, #6392, #6888 ) ) ;
#6359 = DIRECTION ( 'NONE',  ( 3.491481338843133355E-15, 0.000000000000000000, -1.000000000000000000 ) ) ;
#6360 = CARTESIAN_POINT ( 'NONE',  ( 0.9124038404635967936, 1.199999999999999956, -0.2499999999999968081 ) ) ;
#6361 = PLANE ( 'NONE',  #769 ) ;
#6362 = CARTESIAN_POINT ( 'NONE',  ( 0.8517638489321228690, 0.9719151922228805862, 0.3241632708993110734 ) ) ;
#6363 = ORIENTED_EDGE ( 'NONE', *, *, #6969, .F. ) ;
#6364 = VERTEX_POINT ( 'NONE', #1583 ) ;
#6365 = ORIENTED_EDGE ( 'NONE', *, *, #2083, .T. ) ;
#6366 = CARTESIAN_POINT ( 'NONE',  ( -0.1499999999999972744, -1.979848480983505743, -0.8124038404635964827 ) ) ;
#6367 = MECHANICAL_DESIGN_GEOMETRIC_PRESENTATION_REPRESENTATION (  '', ( #7198 ), #924 ) ;
#6368 = FACE_OUTER_BOUND ( 'NONE', #2460, .T. ) ;
#6369 = DIRECTION ( 'NONE',  ( -3.491481338843133355E-15, 0.000000000000000000, 1.000000000000000000 ) ) ;
#6370 = ADVANCED_FACE ( 'NONE', ( #2766 ), #2081, .T. ) ;
#6371 = AXIS2_PLACEMENT_3D ( 'NONE', #3010, #5312, #1510 ) ;
#6372 = EDGE_CURVE ( 'NONE', #1093, #3558, #5403, .T. ) ;
#6373 = VECTOR ( 'NONE', #4368, 1000.000000000000000 ) ;
#6374 = ORIENTED_EDGE ( 'NONE', *, *, #3237, .T. ) ;
#6375 = ORIENTED_EDGE ( 'NONE', *, *, #1017, .F. ) ;
#6376 = EDGE_CURVE ( 'NONE', #6402, #1659, #2230, .T. ) ;
#6377 = CARTESIAN_POINT ( 'NONE',  ( -1.749999999999994893, 0.1000000000000000056, -1.500000000000005773 ) ) ;
#6378 = CARTESIAN_POINT ( 'NONE',  ( 0.8859590799087885271, 1.065886922963848571, 1.277602569154011380 ) ) ;
#6379 = VECTOR ( 'NONE', #64, 1000.000000000000000 ) ;
#6380 = PRESENTATION_LAYER_ASSIGNMENT (  '', '', ( #5594 ) ) ;
#6381 = DIRECTION ( 'NONE',  ( 1.000000000000000000, -0.000000000000000000, 3.491481338843133355E-15 ) ) ;
#6382 = CARTESIAN_POINT ( 'NONE',  ( -1.891421356237307894, 0.09999999999999986677, -0.5500000000000073719 ) ) ;
#6383 = FACE_OUTER_BOUND ( 'NONE', #6513, .T. ) ;
#6384 = EDGE_CURVE ( 'NONE', #1096, #3017, #4432, .T. ) ;
#6385 = CIRCLE ( 'NONE', #218, 0.1599999999999999756 ) ;
#6386 = EDGE_LOOP ( 'NONE', ( #5116, #3868, #1063, #293 ) ) ;
#6387 = CARTESIAN_POINT ( 'NONE',  ( 0.7044375921718427636, 0.9899999999999922196, -0.5976246289850485338 ) ) ;
#6388 = ORIENTED_EDGE ( 'NONE', *, *, #1964, .F. ) ;
#6389 = PLANE ( 'NONE',  #461 ) ;
#6390 = DIRECTION ( 'NONE',  ( -1.000000000000000000, 0.000000000000000000, -3.491481338843133355E-15 ) ) ;
#6391 = VECTOR ( 'NONE', #2472, 1000.000000000000000 ) ;
#6392 = ORIENTED_EDGE ( 'NONE', *, *, #279, .F. ) ;
#6393 = EDGE_CURVE ( 'NONE', #5247, #22, #3383, .T. ) ;
#6394 = CARTESIAN_POINT ( 'NONE',  ( -1.750000000000001554, 0.1000000000000000056, 0.3999999999999944156 ) ) ;
#6395 = ORIENTED_EDGE ( 'NONE', *, *, #3622, .T. ) ;
#6396 = ORIENTED_EDGE ( 'NONE', *, *, #6518, .F. ) ;
#6397 = DIRECTION ( 'NONE',  ( 3.491481338843133355E-15, 0.000000000000000000, -1.000000000000000000 ) ) ;
#6398 = DIRECTION ( 'NONE',  ( 0.000000000000000000, 1.000000000000000000, 0.000000000000000000 ) ) ;
#6399 = PLANE ( 'NONE',  #7095 ) ;
#6400 = DIRECTION ( 'NONE',  ( 1.000000000000000000, 0.000000000000000000, 3.491481338843133355E-15 ) ) ;
#6401 = EDGE_LOOP ( 'NONE', ( #5669, #1949, #4467, #4643 ) ) ;
#6402 = VERTEX_POINT ( 'NONE', #725 ) ;
#6403 = ORIENTED_EDGE ( 'NONE', *, *, #2789, .F. ) ;
#6404 = DIRECTION ( 'NONE',  ( 3.491481338843133355E-15, 0.000000000000000000, -1.000000000000000000 ) ) ;
#6405 = LINE ( 'NONE', #813, #7083 ) ;
#6406 = ORIENTED_EDGE ( 'NONE', *, *, #5507, .F. ) ;
#6407 = ORIENTED_EDGE ( 'NONE', *, *, #6921, .T. ) ;
#6408 = FACE_OUTER_BOUND ( 'NONE', #3094, .T. ) ;
#6409 = DIRECTION ( 'NONE',  ( -3.491481338843133355E-15, 0.000000000000000000, 1.000000000000000000 ) ) ;
#6410 = DIRECTION ( 'NONE',  ( -1.000000000000000000, -3.469446951953614978E-15, -3.491481338843133355E-15 ) ) ;
#6411 = EDGE_CURVE ( 'NONE', #4617, #204, #161, .T. ) ;
#6412 = DIRECTION ( 'NONE',  ( -0.000000000000000000, -1.000000000000000000, 0.000000000000000000 ) ) ;
#6413 = CARTESIAN_POINT ( 'NONE',  ( 0.1000000000000000056, 0.9899999999999941069, 3.491481338843133355E-16 ) ) ;
#6414 = FACE_OUTER_BOUND ( 'NONE', #3917, .T. ) ;
#6415 = CIRCLE ( 'NONE', #4917, 0.1000000000000000472 ) ;
#6416 = CARTESIAN_POINT ( 'NONE',  ( 1.581636014379623978, 0.1499999999999999667, -0.3749999999999943934 ) ) ;
#6417 = FACE_OUTER_BOUND ( 'NONE', #131, .T. ) ;
#6418 = ORIENTED_EDGE ( 'NONE', *, *, #1691, .T. ) ;
#6419 = LINE ( 'NONE', #795, #4166 ) ;
#6420 = EDGE_CURVE ( 'NONE', #6771, #2535, #2300, .T. ) ;
#6421 = ADVANCED_FACE ( 'NONE', ( #2926 ), #1756, .T. ) ;
#6422 = PLANE ( 'NONE',  #4048 ) ;
#6423 = AXIS2_PLACEMENT_3D ( 'NONE', #3509, #6279, #4088 ) ;
#6424 = DIRECTION ( 'NONE',  ( 0.000000000000000000, 1.000000000000000000, 0.000000000000000000 ) ) ;
#6425 = VERTEX_POINT ( 'NONE', #6246 ) ;
#6426 = FACE_OUTER_BOUND ( 'NONE', #3739, .T. ) ;
#6427 = ORIENTED_EDGE ( 'NONE', *, *, #7074, .T. ) ;
#6428 = EDGE_LOOP ( 'NONE', ( #5878, #3508, #4707, #150 ) ) ;
#6429 = VECTOR ( 'NONE', #2363, 1000.000000000000000 ) ;
#6430 = DIRECTION ( 'NONE',  ( 3.266776225374635264E-15, 0.000000000000000000, -1.000000000000000000 ) ) ;
#6431 = EDGE_CURVE ( 'NONE', #1839, #2561, #4578, .T. ) ;
#6432 = CARTESIAN_POINT ( 'NONE',  ( -1.300000000000003819, 0.000000000000000000, 1.099999999999996092 ) ) ;
#6433 = AXIS2_PLACEMENT_3D ( 'NONE', #3980, #2430, #6275 ) ;
#6434 = LINE ( 'NONE', #1906, #5766 ) ;
#6435 = ORIENTED_EDGE ( 'NONE', *, *, #4966, .F. ) ;
#6436 = EDGE_LOOP ( 'NONE', ( #6098, #4975, #3401, #3618 ) ) ;
#6437 = ORIENTED_EDGE ( 'NONE', *, *, #6086, .T. ) ;
#6438 = CARTESIAN_POINT ( 'NONE',  ( -1.000000000000002442, 0.1000000000000000056, 0.6999999999999971800 ) ) ;
#6439 = VECTOR ( 'NONE', #5677, 1000.000000000000000 ) ;
#6440 = DIRECTION ( 'NONE',  ( 1.000000000000000000, 0.000000000000000000, 3.491481338843133355E-15 ) ) ;
#6441 = EDGE_CURVE ( 'NONE', #4176, #6097, #4463, .T. ) ;
#6442 = AXIS2_PLACEMENT_3D ( 'NONE', #825, #861, #6308 ) ;
#6443 = CARTESIAN_POINT ( 'NONE',  ( -1.265954742898936169, 0.7000000000000037303, -1.332883828495625922 ) ) ;
#6444 = VERTEX_POINT ( 'NONE', #6149 ) ;
#6445 = VECTOR ( 'NONE', #688, 1000.000000000000000 ) ;
#6446 = VECTOR ( 'NONE', #1905, 1000.000000000000000 ) ;
#6447 = ORIENTED_EDGE ( 'NONE', *, *, #1324, .F. ) ;
#6448 = PLANE ( 'NONE',  #4792 ) ;
#6449 = FACE_OUTER_BOUND ( 'NONE', #2458, .T. ) ;
#6450 = CARTESIAN_POINT ( 'NONE',  ( -1.750000000000002220, 0.1000000000000000056, 0.5499999999999948264 ) ) ;
#6451 = VECTOR ( 'NONE', #3832, 1000.000000000000000 ) ;
#6452 = LINE ( 'NONE', #4126, #6493 ) ;
#6453 = DIRECTION ( 'NONE',  ( 1.000000000000000000, 7.047314121155772510E-15, 3.491481338843133355E-15 ) ) ;
#6454 = CARTESIAN_POINT ( 'NONE',  ( 0.7491781560021191222, 0.9899999999999926636, -0.5486963839590049963 ) ) ;
#6455 = ORIENTED_EDGE ( 'NONE', *, *, #1475, .F. ) ;
#6456 = DIRECTION ( 'NONE',  ( 1.000000000000000000, 0.000000000000000000, 3.491481338843133355E-15 ) ) ;
#6457 = FILL_AREA_STYLE_COLOUR ( '', #5634 ) ;
#6458 = VERTEX_POINT ( 'NONE', #2364 ) ;
#6459 = FACE_OUTER_BOUND ( 'NONE', #2749, .T. ) ;
#6460 = CARTESIAN_POINT ( 'NONE',  ( 0.000000000000000000, -0.4942926941623180248, -0.1000000000000000056 ) ) ;
#6461 = DIRECTION ( 'NONE',  ( 1.000000000000000000, 0.000000000000000000, 3.574721027428841638E-15 ) ) ;
#6462 = ORIENTED_EDGE ( 'NONE', *, *, #1013, .F. ) ;
#6463 = PLANE ( 'NONE',  #1465 ) ;
#6464 = DIRECTION ( 'NONE',  ( -1.000000000000000000, 0.000000000000000000, -3.252606517456518824E-15 ) ) ;
#6465 = ADVANCED_FACE ( 'NONE', ( #1308 ), #4536, .T. ) ;
#6466 = EDGE_CURVE ( 'NONE', #3558, #5986, #3954, .T. ) ;
#6467 = ORIENTED_EDGE ( 'NONE', *, *, #1781, .F. ) ;
#6468 = EDGE_LOOP ( 'NONE', ( #197, #5378, #1731, #2372 ) ) ;
#6469 = ADVANCED_FACE ( 'NONE', ( #6687 ), #1180, .T. ) ;
#6470 = CARTESIAN_POINT ( 'NONE',  ( 0.8517638489321285311, 0.9719151922228845830, -1.298018149117626807 ) ) ;
#6471 = FACE_OUTER_BOUND ( 'NONE', #521, .T. ) ;
#6472 = EDGE_CURVE ( 'NONE', #1981, #846, #5090, .T. ) ;
#6473 = CARTESIAN_POINT ( 'NONE',  ( -1.399999999999997913, 0.7000000000000027311, -1.200000000000005063 ) ) ;
#6474 = EDGE_LOOP ( 'NONE', ( #368, #5428, #3104, #5529 ) ) ;
#6475 = FACE_OUTER_BOUND ( 'NONE', #1190, .T. ) ;
#6476 = VERTEX_POINT ( 'NONE', #6216 ) ;
#6477 = ORIENTED_EDGE ( 'NONE', *, *, #5580, .F. ) ;
#6478 = LINE ( 'NONE', #5868, #6483 ) ;
#6479 = LINE ( 'NONE', #2703, #4007 ) ;
#6480 = SURFACE_STYLE_FILL_AREA ( #414 ) ;
#6481 = EDGE_CURVE ( 'NONE', #5680, #3743, #1829, .T. ) ;
#6482 = ORIENTED_EDGE ( 'NONE', *, *, #4192, .F. ) ;
#6483 = VECTOR ( 'NONE', #6404, 1000.000000000000000 ) ;
#6484 = ORIENTED_EDGE ( 'NONE', *, *, #5943, .T. ) ;
#6485 = CARTESIAN_POINT ( 'NONE',  ( -1.749999999999995337, 0.1000000000000000056, -1.340000000000005631 ) ) ;
#6486 = CARTESIAN_POINT ( 'NONE',  ( -1.099999999999996980, 0.1000000000000000056, -0.8500000000000044187 ) ) ;
#6487 = LINE ( 'NONE', #3144, #1449 ) ;
#6488 = PLANE ( 'NONE',  #5172 ) ;
#6489 = VECTOR ( 'NONE', #1587, 1000.000000000000000 ) ;
#6490 = FACE_OUTER_BOUND ( 'NONE', #3415, .T. ) ;
#6491 = CARTESIAN_POINT ( 'NONE',  ( 0.7491781560021149033, 0.9899999999999926636, 0.5486963839590103253 ) ) ;
#6492 = B_SPLINE_CURVE_WITH_KNOTS ( 'NONE', 3,
 ( #4229, #856, #2528, #3067 ),
 .UNSPECIFIED., .F., .F.,
 ( 4, 4 ),
 ( 0.000000000000000000, 0.0001174371466471526264 ),
 .UNSPECIFIED. ) ;
#6493 = VECTOR ( 'NONE', #4662, 1000.000000000000000 ) ;
#6494 = VERTEX_POINT ( 'NONE', #4505 ) ;
#6495 = DIRECTION ( 'NONE',  ( 3.491481338843133355E-15, 0.000000000000000000, -1.000000000000000000 ) ) ;
#6496 = AXIS2_PLACEMENT_3D ( 'NONE', #947, #1385, #6390 ) ;
#6497 = DIRECTION ( 'NONE',  ( -1.000000000000000000, 4.207103668092286430E-16, -1.323076993872120937E-15 ) ) ;
#6498 = ORIENTED_EDGE ( 'NONE', *, *, #6694, .T. ) ;
#6499 = DIRECTION ( 'NONE',  ( 3.491481338843133355E-15, 0.000000000000000000, -1.000000000000000000 ) ) ;
#6500 = CARTESIAN_POINT ( 'NONE',  ( 0.1000000000000000056, -1.979848480983505743, 3.491481338843133355E-16 ) ) ;
#6501 = DIRECTION ( 'NONE',  ( 0.5905389299238739120, 3.775254759121810746E-15, 0.8070091525158596957 ) ) ;
#6502 = ORIENTED_EDGE ( 'NONE', *, *, #5274, .F. ) ;
#6503 = AXIS2_PLACEMENT_3D ( 'NONE', #3488, #1708, #3871 ) ;
#6504 = DIRECTION ( 'NONE',  ( 3.491481338843133355E-15, 0.000000000000000000, -1.000000000000000000 ) ) ;
#6505 = DIRECTION ( 'NONE',  ( 0.000000000000000000, 1.000000000000000000, 0.000000000000000000 ) ) ;
#6506 = DIRECTION ( 'NONE',  ( 0.000000000000000000, 1.000000000000000000, 0.000000000000000000 ) ) ;
#6507 = FACE_OUTER_BOUND ( 'NONE', #879, .T. ) ;
#6508 = AXIS2_PLACEMENT_3D ( 'NONE', #5736, #5187, #190 ) ;
#6509 = FACE_OUTER_BOUND ( 'NONE', #2010, .T. ) ;
#6510 = EDGE_CURVE ( 'NONE', #3994, #1705, #6182, .T. ) ;
#6511 = CARTESIAN_POINT ( 'NONE',  ( 0.1000000000000000056, 0.9899999999999941069, 3.491481338843133355E-16 ) ) ;
#6512 = ORIENTED_EDGE ( 'NONE', *, *, #7048, .F. ) ;
#6513 = EDGE_LOOP ( 'NONE', ( #680, #4022, #890, #4130 ) ) ;
#6514 = EDGE_LOOP ( 'NONE', ( #2202, #2238, #4252, #2899 ) ) ;
#6515 = FILL_AREA_STYLE ('',( #3639 ) ) ;
#6516 = FILL_AREA_STYLE_COLOUR ( '', #4248 ) ;
#6517 = EDGE_CURVE ( 'NONE', #2525, #6933, #2865, .T. ) ;
#6518 = EDGE_CURVE ( 'NONE', #173, #1188, #6682, .T. ) ;
#6519 = VERTEX_POINT ( 'NONE', #2897 ) ;
#6520 = VERTEX_POINT ( 'NONE', #130 ) ;
#6521 = LINE ( 'NONE', #380, #1405 ) ;
#6522 = DIRECTION ( 'NONE',  ( 1.000000000000000000, 0.000000000000000000, 3.491481338843133355E-15 ) ) ;
#6523 = DIRECTION ( 'NONE',  ( 3.491481338843133355E-15, -0.000000000000000000, -1.000000000000000000 ) ) ;
#6524 = ADVANCED_FACE ( 'NONE', ( #4851, #1700 ), #4962, .F. ) ;
#6525 = FACE_OUTER_BOUND ( 'NONE', #989, .T. ) ;
#6526 = CARTESIAN_POINT ( 'NONE',  ( 1.469222055512366287, 0.8536442408972401141, -0.2840237954778140894 ) ) ;
#6527 = ORIENTED_EDGE ( 'NONE', *, *, #4426, .T. ) ;
#6528 = CYLINDRICAL_SURFACE ( 'NONE', #5631, 1.499999999999999556 ) ;
#6529 = CARTESIAN_POINT ( 'NONE',  ( 1.599999999999998535, 0.1000000000000000056, 0.3750000000000057732 ) ) ;
#6530 = VERTEX_POINT ( 'NONE', #5402 ) ;
#6531 = CARTESIAN_POINT ( 'NONE',  ( 1.599999999999998535, 0.6000000000000000888, 0.3750000000000057732 ) ) ;
#6532 = CARTESIAN_POINT ( 'NONE',  ( -1.299999999999997602, 0.1000000000000000056, -0.7000000000000051736 ) ) ;
#6533 = EDGE_CURVE ( 'NONE', #7066, #4617, #6909, .T. ) ;
#6534 = DIRECTION ( 'NONE',  ( 0.000000000000000000, 1.000000000000000000, 0.000000000000000000 ) ) ;
#6535 = ORIENTED_EDGE ( 'NONE', *, *, #234, .F. ) ;
#6536 = VECTOR ( 'NONE', #261, 1000.000000000000000 ) ;
#6537 = DIRECTION ( 'NONE',  ( 0.000000000000000000, 0.000000000000000000, -1.000000000000000000 ) ) ;
#6538 = CARTESIAN_POINT ( 'NONE',  ( 0.1000000000000000472, 0.6000000000000000888, -1.332883828495627032 ) ) ;
#6539 = VERTEX_POINT ( 'NONE', #5239 ) ;
#6540 = DIRECTION ( 'NONE',  ( -1.000000000000000000, -3.252606517456519613E-15, -3.491481338843133750E-15 ) ) ;
#6541 = CARTESIAN_POINT ( 'NONE',  ( 1.900000000000000799, 0.1000000000000000056, -0.3749999999999932276 ) ) ;
#6542 = B_SPLINE_CURVE_WITH_KNOTS ( 'NONE', 3,
 ( #2462, #4712, #4669, #2576 ),
 .UNSPECIFIED., .F., .F.,
 ( 4, 4 ),
 ( 0.000000000000000000, 0.0001576769461357489701 ),
 .UNSPECIFIED. ) ;
#6543 = VECTOR ( 'NONE', #1887, 1000.000000000000000 ) ;
#6544 = DIRECTION ( 'NONE',  ( -1.000000000000000000, 0.000000000000000000, -3.057800469848931582E-15 ) ) ;
#6545 = DIRECTION ( 'NONE',  ( 3.502807018799322109E-15, 1.000000000000000000, 1.222998533970658192E-29 ) ) ;
#6546 = VECTOR ( 'NONE', #2319, 1000.000000000000000 ) ;
#6547 = EDGE_LOOP ( 'NONE', ( #2832, #4177, #3321, #6994, #6742, #278, #317, #2263 ) ) ;
#6548 = ORIENTED_EDGE ( 'NONE', *, *, #7059, .F. ) ;
#6549 = ORIENTED_EDGE ( 'NONE', *, *, #7002, .T. ) ;
#6550 = CARTESIAN_POINT ( 'NONE',  ( 0.1000000000000008660, 1.099999999999999867, -0.2499999999999996669 ) ) ;
#6551 = CARTESIAN_POINT ( 'NONE',  ( 2.549999999999997602, 1.089999999999985869, 0.7500000000000088818 ) ) ;
#6552 = VECTOR ( 'NONE', #236, 1000.000000000000000 ) ;
#6553 = VECTOR ( 'NONE', #797, 1000.000000000000000 ) ;
#6554 = DIRECTION ( 'NONE',  ( 1.000000000000000000, 0.000000000000000000, 3.491481338843133355E-15 ) ) ;
#6555 = ORIENTED_EDGE ( 'NONE', *, *, #7011, .T. ) ;
#6556 = EDGE_CURVE ( 'NONE', #5359, #6539, #1902, .T. ) ;
#6557 = AXIS2_PLACEMENT_3D ( 'NONE', #2691, #3346, #1621 ) ;
#6558 = ORIENTED_EDGE ( 'NONE', *, *, #1702, .T. ) ;
#6559 = ADVANCED_FACE ( 'NONE', ( #3634 ), #1396, .T. ) ;
#6560 = VECTOR ( 'NONE', #6068, 1000.000000000000000 ) ;
#6561 = AXIS2_PLACEMENT_3D ( 'NONE', #5706, #1303, #1748 ) ;
#6562 = DIRECTION ( 'NONE',  ( -1.000000000000000000, 0.000000000000000000, -3.491481338843133355E-15 ) ) ;
#6563 = EDGE_CURVE ( 'NONE', #2664, #3288, #5899, .T. ) ;
#6564 = CARTESIAN_POINT ( 'NONE',  ( -1.613954739249933601, 0.7000000000000011768, -0.3313493293834531839 ) ) ;
#6565 = DIRECTION ( 'NONE',  ( 3.491481338843133355E-15, 0.000000000000000000, -1.000000000000000000 ) ) ;
#6566 = VECTOR ( 'NONE', #2014, 1000.000000000000000 ) ;
#6567 = VECTOR ( 'NONE', #4884, 1000.000000000000000 ) ;
#6568 = LINE ( 'NONE', #2679, #5536 ) ;
#6569 = FACE_OUTER_BOUND ( 'NONE', #5357, .T. ) ;
#6570 = ADVANCED_FACE ( 'NONE', ( #5317 ), #4801, .T. ) ;
#6571 = ORIENTED_EDGE ( 'NONE', *, *, #1261, .F. ) ;
#6572 = PRODUCT_DEFINITION_FORMATION_WITH_SPECIFIED_SOURCE ( 'ANY', '', #1089, .NOT_KNOWN. ) ;
#6573 = CYLINDRICAL_SURFACE ( 'NONE', #259, 0.04999999999999996808 ) ;
#6574 = LINE ( 'NONE', #5450, #6807 ) ;
#6575 = EDGE_LOOP ( 'NONE', ( #1760, #1766, #5396, #3626 ) ) ;
#6576 = LINE ( 'NONE', #1677, #6268 ) ;
#6577 = DIRECTION ( 'NONE',  ( 0.000000000000000000, 1.000000000000000000, 0.000000000000000000 ) ) ;
#6578 = CARTESIAN_POINT ( 'NONE',  ( -0.1499999999999965250, -1.979848480983505743, -1.050000000000000488 ) ) ;
#6579 = ORIENTED_EDGE ( 'NONE', *, *, #5019, .T. ) ;
#6580 = CARTESIAN_POINT ( 'NONE',  ( 0.7044375921718358802, 0.9899999999999922196, 1.372827446247164795 ) ) ;
#6581 = EDGE_CURVE ( 'NONE', #1779, #6678, #4678, .T. ) ;
#6582 = CARTESIAN_POINT ( 'NONE',  ( 1.280000000000002025, 0.8160849868743067503, -0.7089465547634464793 ) ) ;
#6583 = LINE ( 'NONE', #2657, #4221 ) ;
#6584 = CARTESIAN_POINT ( 'NONE',  ( 0.1000000000000000056, 1.099999999999999867, 3.491481338843133355E-16 ) ) ;
#6585 = CARTESIAN_POINT ( 'NONE',  ( -1.749999999999995337, 0.6000000000000000888, -1.340000000000005631 ) ) ;
#6586 = CARTESIAN_POINT ( 'NONE',  ( -0.9999999999999976685, 0.000000000000000000, -0.7000000000000040634 ) ) ;
#6587 = VERTEX_POINT ( 'NONE', #1363 ) ;
#6588 = VERTEX_POINT ( 'NONE', #2056 ) ;
#6589 = ORIENTED_EDGE ( 'NONE', *, *, #4478, .T. ) ;
#6590 = CARTESIAN_POINT ( 'NONE',  ( -1.750000000000005329, 0.6000000000000000888, 1.499999999999993561 ) ) ;
#6591 = CIRCLE ( 'NONE', #1262, 0.04999999999999991257 ) ;
#6592 = CARTESIAN_POINT ( 'NONE',  ( -1.800000000000002043, 0.1499999999999996891, 0.5499999999999942712 ) ) ;
#6593 = DIRECTION ( 'NONE',  ( 0.9914448613738108262, 0.1305261922200484925, 3.461611231978577962E-15 ) ) ;
#6594 = EDGE_LOOP ( 'NONE', ( #5264, #3093, #6365, #376 ) ) ;
#6595 = ORIENTED_EDGE ( 'NONE', *, *, #5580, .T. ) ;
#6596 = PLANE ( 'NONE',  #347 ) ;
#6597 = CARTESIAN_POINT ( 'NONE',  ( 0.3500000000000035305, -1.979848480983505743, -1.049999999999998934 ) ) ;
#6598 = CARTESIAN_POINT ( 'NONE',  ( 0.1000000000000000056, 0.5000000000000000000, -1.332883828495627032 ) ) ;
#6599 = EDGE_CURVE ( 'NONE', #4756, #6530, #1976, .T. ) ;
#6600 = EDGE_CURVE ( 'NONE', #4406, #1068, #321, .T. ) ;
#6601 = LINE ( 'NONE', #7113, #1124 ) ;
#6602 = VECTOR ( 'NONE', #4737, 1000.000000000000000 ) ;
#6603 = DIRECTION ( 'NONE',  ( -1.000000000000000000, 0.000000000000000000, -3.491481338843133355E-15 ) ) ;
#6604 = EDGE_CURVE ( 'NONE', #5732, #5533, #6224, .T. ) ;
#6605 = ADVANCED_FACE ( 'NONE', ( #3164 ), #5936, .F. ) ;
#6606 = VERTEX_POINT ( 'NONE', #5408 ) ;
#6607 = EDGE_LOOP ( 'NONE', ( #5319, #6455, #6527, #2588 ) ) ;
#6608 = DIRECTION ( 'NONE',  ( 1.000000000000000000, 0.000000000000000000, 3.491481338843133355E-15 ) ) ;
#6609 = CARTESIAN_POINT ( 'NONE',  ( 0.1000000000000000056, -0.3942926941623180470, 3.491481338843133355E-16 ) ) ;
#6610 = ORIENTED_EDGE ( 'NONE', *, *, #1321, .T. ) ;
#6611 = CARTESIAN_POINT ( 'NONE',  ( 0.3500000000000000333, 1.089999999999993641, 1.222018468595096872E-15 ) ) ;
#6612 = CLOSED_SHELL ( 'NONE', ( #3936, #386, #6863, #2469, #1537, #3032, #1833, #5683, #274, #6960, #207, #125, #5377, #1992, #3982, #2425, #1862, #6469, #4295, #6652, #5071, #6253, #4142, #6465, #3806, #6139, #2696, #2392, #5192, #3151, #5409, #5227, #5266, #762, #36, #7004, #6605, #1683, #3326, #2967, #3490, #3893, #5513 ) ) ;
#6613 = CARTESIAN_POINT ( 'NONE',  ( -1.750000000000005773, 0.5500000000000002665, 1.199999999999993960 ) ) ;
#6614 = EDGE_CURVE ( 'NONE', #7162, #6300, #3074, .T. ) ;
#6615 = EDGE_CURVE ( 'NONE', #3202, #3128, #3690, .T. ) ;
#6616 = ORIENTED_EDGE ( 'NONE', *, *, #4014, .F. ) ;
#6617 = CARTESIAN_POINT ( 'NONE',  ( 1.581636014379621313, 0.1499999999999999667, 0.3750000000000047740 ) ) ;
#6618 = DIRECTION ( 'NONE',  ( -1.000000000000000000, -7.021349484611987412E-15, -3.491481338843133355E-15 ) ) ;
#6619 = VECTOR ( 'NONE', #3045, 1000.000000000000000 ) ;
#6620 = VECTOR ( 'NONE', #1072, 1000.000000000000000 ) ;
#6621 = EDGE_LOOP ( 'NONE', ( #2433, #5395, #5134, #4713 ) ) ;
#6622 = CARTESIAN_POINT ( 'NONE',  ( -1.350000000000000089, 0.1000000000000000056, -4.713499807438230818E-15 ) ) ;
#6623 = DIRECTION ( 'NONE',  ( 1.000000000000000000, 0.000000000000000000, 4.065758146820647150E-15 ) ) ;
#6624 = AXIS2_PLACEMENT_3D ( 'NONE', #654, #6746, #6208 ) ;
#6625 = EDGE_CURVE ( 'NONE', #5306, #6901, #4154, .T. ) ;
#6626 = CARTESIAN_POINT ( 'NONE',  ( -1.799999999999997380, 0.5500000000000001554, -1.200000000000006395 ) ) ;
#6627 = ORIENTED_EDGE ( 'NONE', *, *, #171, .F. ) ;
#6628 = AXIS2_PLACEMENT_3D ( 'NONE', #4380, #3837, #418 ) ;
#6629 = ORIENTED_EDGE ( 'NONE', *, *, #5556, .F. ) ;
#6630 = VERTEX_POINT ( 'NONE', #3616 ) ;
#6631 = LINE ( 'NONE', #7179, #5578 ) ;
#6632 = EDGE_CURVE ( 'NONE', #1021, #5516, #263, .T. ) ;
#6633 = LINE ( 'NONE', #2811, #4934 ) ;
#6634 = DIRECTION ( 'NONE',  ( 3.491481338843133355E-15, 0.000000000000000000, -1.000000000000000000 ) ) ;
#6635 = EDGE_LOOP ( 'NONE', ( #6395, #2884, #2191, #1366 ) ) ;
#6636 = ORIENTED_EDGE ( 'NONE', *, *, #4733, .F. ) ;
#6637 = CARTESIAN_POINT ( 'NONE',  ( -1.299999999999996936, 0.1000000000000000056, -0.8500000000000051958 ) ) ;
#6638 = FACE_OUTER_BOUND ( 'NONE', #2441, .T. ) ;
#6639 = DIRECTION ( 'NONE',  ( 0.000000000000000000, 1.000000000000000000, 0.000000000000000000 ) ) ;
#6640 = DIRECTION ( 'NONE',  ( 1.000000000000000000, 0.000000000000000000, 3.491481338843133355E-15 ) ) ;
#6641 = ORIENTED_EDGE ( 'NONE', *, *, #5158, .T. ) ;
#6642 = VERTEX_POINT ( 'NONE', #6382 ) ;
#6643 = DIRECTION ( 'NONE',  ( -3.491481338843133355E-15, 0.000000000000000000, 1.000000000000000000 ) ) ;
#6644 = FACE_OUTER_BOUND ( 'NONE', #5517, .T. ) ;
#6645 = CYLINDRICAL_SURFACE ( 'NONE', #3754, 0.8499999999999999778 ) ;
#6646 = DIRECTION ( 'NONE',  ( 3.431247884816160974E-15, 0.000000000000000000, -1.000000000000000000 ) ) ;
#6647 = PLANE ( 'NONE',  #1810 ) ;
#6648 = ORIENTED_EDGE ( 'NONE', *, *, #3895, .F. ) ;
#6649 = CARTESIAN_POINT ( 'NONE',  ( 0.7044375921718358802, 0.9899999999999922196, 1.372827446247165017 ) ) ;
#6650 = ADVANCED_FACE ( 'NONE', ( #5810 ), #6488, .T. ) ;
#6651 = ORIENTED_EDGE ( 'NONE', *, *, #4733, .T. ) ;
#6652 = ADVANCED_FACE ( 'NONE', ( #6414 ), #3110, .T. ) ;
#6653 = LINE ( 'NONE', #2656, #101 ) ;
#6654 = CARTESIAN_POINT ( 'NONE',  ( -1.900000000000003464, 0.5500000000000001554, 0.5499999999999939382 ) ) ;
#6655 = CARTESIAN_POINT ( 'NONE',  ( -0.9942264973080985335, 0.9899999999999926636, -3.494391393264077376E-15 ) ) ;
#6656 = EDGE_CURVE ( 'NONE', #5159, #1839, #824, .T. ) ;
#6657 = VECTOR ( 'NONE', #2287, 1000.000000000000000 ) ;
#6658 = DIRECTION ( 'NONE',  ( -1.000000000000000000, 0.000000000000000000, -3.491481338843133355E-15 ) ) ;
#6659 = ORIENTED_EDGE ( 'NONE', *, *, #742, .T. ) ;
#6660 = ORIENTED_EDGE ( 'NONE', *, *, #927, .F. ) ;
#6661 = ORIENTED_EDGE ( 'NONE', *, *, #1322, .F. ) ;
#6662 = EDGE_CURVE ( 'NONE', #466, #5781, #3030, .T. ) ;
#6663 = VECTOR ( 'NONE', #6031, 1000.000000000000000 ) ;
#6664 = LINE ( 'NONE', #6550, #4280 ) ;
#6665 = CARTESIAN_POINT ( 'NONE',  ( -0.7124038404635967270, 1.199999999999999956, 0.2499999999999976130 ) ) ;
#6666 = CIRCLE ( 'NONE', #4455, 1.499999999999999556 ) ;
#6667 = PLANE ( 'NONE',  #6688 ) ;
#6668 = EDGE_LOOP ( 'NONE', ( #4415, #1141, #77, #105 ) ) ;
#6669 = EDGE_CURVE ( 'NONE', #6234, #5932, #5954, .T. ) ;
#6670 = AXIS2_PLACEMENT_3D ( 'NONE', #2933, #1285, #4028 ) ;
#6671 = CARTESIAN_POINT ( 'NONE',  ( 0.09999999999999963085, 1.089999999999994307, 3.491481338843120043E-16 ) ) ;
#6672 = VECTOR ( 'NONE', #1937, 1000.000000000000000 ) ;
#6673 = CYLINDRICAL_SURFACE ( 'NONE', #4172, 0.1499999999999998557 ) ;
#6674 = CARTESIAN_POINT ( 'NONE',  ( -1.450000000000002620, 1.090000000000000080, 0.7499999999999948930 ) ) ;
#6675 = LINE ( 'NONE', #1229, #3988 ) ;
#6676 = AXIS2_PLACEMENT_3D ( 'NONE', #5786, #357, #6464 ) ;
#6677 = VECTOR ( 'NONE', #3343, 1000.000000000000000 ) ;
#6678 = VERTEX_POINT ( 'NONE', #3652 ) ;
#6679 = VERTEX_POINT ( 'NONE', #3732 ) ;
#6680 = CARTESIAN_POINT ( 'NONE',  ( 0.8517638489321290862, 0.9719151922228905782, -0.3241632708993386625 ) ) ;
#6681 = CYLINDRICAL_SURFACE ( 'NONE', #5934, 0.1000000000000000472 ) ;
#6682 = CIRCLE ( 'NONE', #4821, 0.8499999999999999778 ) ;
#6683 = MECHANICAL_DESIGN_GEOMETRIC_PRESENTATION_REPRESENTATION (  '', ( #763 ), #1822 ) ;
#6684 = DIRECTION ( 'NONE',  ( 1.000000000000000000, 0.000000000000000000, 3.431247884816160974E-15 ) ) ;
#6685 = ORIENTED_EDGE ( 'NONE', *, *, #1964, .T. ) ;
#6686 = PLANE ( 'NONE',  #2729 ) ;
#6687 = FACE_OUTER_BOUND ( 'NONE', #552, .T. ) ;
#6688 = AXIS2_PLACEMENT_3D ( 'NONE', #3358, #2280, #4486 ) ;
#6689 = EDGE_LOOP ( 'NONE', ( #3287, #3222, #5873, #5687, #3250 ) ) ;
#6690 = VERTEX_POINT ( 'NONE', #3185 ) ;
#6691 = CARTESIAN_POINT ( 'NONE',  ( 1.609099421662701923, 1.090589347511192075, -0.3749999999999942268 ) ) ;
#6692 = CYLINDRICAL_SURFACE ( 'NONE', #3940, 1.499999999999999556 ) ;
#6693 = EDGE_CURVE ( 'NONE', #5753, #710, #421, .T. ) ;
#6694 = EDGE_CURVE ( 'NONE', #4119, #6702, #4702, .T. ) ;
#6695 = DIRECTION ( 'NONE',  ( 0.000000000000000000, -1.000000000000000000, 0.000000000000000000 ) ) ;
#6696 = EDGE_CURVE ( 'NONE', #1971, #5250, #1962, .T. ) ;
#6697 = ORIENTED_EDGE ( 'NONE', *, *, #2866, .F. ) ;
#6698 = CARTESIAN_POINT ( 'NONE',  ( -0.1499999999999972744, 0.9899999999999949951, -0.8124038404635964827 ) ) ;
#6699 = FACE_OUTER_BOUND ( 'NONE', #1941, .T. ) ;
#6700 = EDGE_CURVE ( 'NONE', #5092, #3801, #3578, .T. ) ;
#6701 = FACE_OUTER_BOUND ( 'NONE', #3849, .T. ) ;
#6702 = VERTEX_POINT ( 'NONE', #5842 ) ;
#6703 = VERTEX_POINT ( 'NONE', #859 ) ;
#6704 = CARTESIAN_POINT ( 'NONE',  ( -1.299999999999996048, 0.000000000000000000, -1.100000000000005196 ) ) ;
#6705 = CARTESIAN_POINT ( 'NONE',  ( 1.149999999999999245, 1.099999999999999645, 0.2500000000000039968 ) ) ;
#6706 = ADVANCED_FACE ( 'NONE', ( #939 ), #3147, .T. ) ;
#6707 = CARTESIAN_POINT ( 'NONE',  ( -1.450000000000002620, 1.090000000000000080, 0.7499999999999948930 ) ) ;
#6708 = ORIENTED_EDGE ( 'NONE', *, *, #5845, .F. ) ;
#6709 = ORIENTED_EDGE ( 'NONE', *, *, #3590, .F. ) ;
#6710 = VERTEX_POINT ( 'NONE', #345 ) ;
#6711 = LINE ( 'NONE', #1747, #745 ) ;
#6712 = CARTESIAN_POINT ( 'NONE',  ( 0.9124038404635951283, -1.979848480983505743, 0.2500000000000032196 ) ) ;
#6713 = LINE ( 'NONE', #3444, #2 ) ;
#6714 = CARTESIAN_POINT ( 'NONE',  ( 0.1000000000000000056, 1.099999999999999645, 3.491481338843133355E-16 ) ) ;
#6715 = VERTEX_POINT ( 'NONE', #5916 ) ;
#6716 = FACE_OUTER_BOUND ( 'NONE', #968, .T. ) ;
#6717 = DIRECTION ( 'NONE',  ( 0.000000000000000000, -1.000000000000000000, 0.000000000000000000 ) ) ;
#6718 = VECTOR ( 'NONE', #3169, 1000.000000000000000 ) ;
#6719 = VERTEX_POINT ( 'NONE', #5373 ) ;
#6720 = DIRECTION ( 'NONE',  ( 1.000000000000000000, 1.445602896647341678E-15, 3.614007241618353898E-15 ) ) ;
#6721 = CARTESIAN_POINT ( 'NONE',  ( 1.689999999999995062, 0.6000000000000000888, 1.500000000000006217 ) ) ;
#6722 = AXIS2_PLACEMENT_3D ( 'NONE', #1946, #1589, #3246 ) ;
#6723 = DIRECTION ( 'NONE',  ( 0.5905389299238738010, 0.000000000000000000, 0.8070091525158595847 ) ) ;
#6724 = ORIENTED_EDGE ( 'NONE', *, *, #1199, .T. ) ;
#6725 = CARTESIAN_POINT ( 'NONE',  ( 0.09999999999999999167, 0.1000000000000000056, 3.491481338843133355E-16 ) ) ;
#6726 = VERTEX_POINT ( 'NONE', #384 ) ;
#6727 = CARTESIAN_POINT ( 'NONE',  ( 0.8928074844680876643, 0.9569798857620112065, 3.214311586019198500E-15 ) ) ;
#6728 = ADVANCED_FACE ( 'NONE', ( #2602 ), #4820, .F. ) ;
#6729 = VECTOR ( 'NONE', #788, 1000.000000000000000 ) ;
#6730 = AXIS2_PLACEMENT_3D ( 'NONE', #5085, #1784, #787 ) ;
#6731 = APPLICATION_PROTOCOL_DEFINITION ( 'draft international standard', 'automotive_design', 1998, #5327 ) ;
#6732 = LINE ( 'NONE', #1771, #6795 ) ;
#6733 = VECTOR ( 'NONE', #1010, 1000.000000000000000 ) ;
#6734 = ORIENTED_EDGE ( 'NONE', *, *, #3990, .F. ) ;
#6735 = ORIENTED_EDGE ( 'NONE', *, *, #6080, .T. ) ;
#6736 = ADVANCED_FACE ( 'NONE', ( #4655 ), #6922, .T. ) ;
#6737 = EDGE_CURVE ( 'NONE', #932, #816, #4222, .T. ) ;
#6738 = DIRECTION ( 'NONE',  ( -0.000000000000000000, 0.000000000000000000, 1.000000000000000000 ) ) ;
#6739 = AXIS2_PLACEMENT_3D ( 'NONE', #2783, #2816, #4450 ) ;
#6740 = ORIENTED_EDGE ( 'NONE', *, *, #227, .F. ) ;
#6741 = DIRECTION ( 'NONE',  ( -0.7071067811865500152, -4.983203604220961536E-15, 0.7071067811865451302 ) ) ;
#6742 = ORIENTED_EDGE ( 'NONE', *, *, #5113, .T. ) ;
#6743 = ORIENTED_EDGE ( 'NONE', *, *, #4842, .T. ) ;
#6744 = EDGE_CURVE ( 'NONE', #4715, #70, #4115, .T. ) ;
#6745 = DIRECTION ( 'NONE',  ( 3.491481338843133355E-15, 0.000000000000000000, -1.000000000000000000 ) ) ;
#6746 = DIRECTION ( 'NONE',  ( -1.000000000000000000, 0.000000000000000000, -3.491481338843133355E-15 ) ) ;
#6747 = DIRECTION ( 'NONE',  ( -0.000000000000000000, -1.000000000000000000, -0.000000000000000000 ) ) ;
#6748 = ORIENTED_EDGE ( 'NONE', *, *, #119, .T. ) ;
#6749 = LINE ( 'NONE', #67, #1585 ) ;
#6750 = DIRECTION ( 'NONE',  ( -3.502807018799322109E-15, -1.000000000000000000, -1.222998533970658192E-29 ) ) ;
#6751 = VERTEX_POINT ( 'NONE', #2090 ) ;
#6752 = EDGE_CURVE ( 'NONE', #4556, #3761, #3751, .T. ) ;
#6753 = EDGE_LOOP ( 'NONE', ( #4307, #906, #6900, #6117 ) ) ;
#6754 = DIRECTION ( 'NONE',  ( 1.000000000000000000, 0.000000000000000000, 4.336808689942025625E-15 ) ) ;
#6755 = CARTESIAN_POINT ( 'NONE',  ( 1.100000000000000089, 0.8815849146426568694, 3.840629472727446691E-15 ) ) ;
#6756 = FACE_OUTER_BOUND ( 'NONE', #4900, .T. ) ;
#6757 = LINE ( 'NONE', #3992, #6099 ) ;
#6758 = ORIENTED_EDGE ( 'NONE', *, *, #6372, .F. ) ;
#6759 = VERTEX_POINT ( 'NONE', #3216 ) ;
#6760 = PLANE ( 'NONE',  #4873 ) ;
#6761 = CARTESIAN_POINT ( 'NONE',  ( 0.1000000000000000056, 1.089999999999994307, 3.491481338843133355E-16 ) ) ;
#6762 = AXIS2_PLACEMENT_3D ( 'NONE', #3274, #6113, #430 ) ;
#6763 = ORIENTED_EDGE ( 'NONE', *, *, #4596, .T. ) ;
#6764 = EDGE_LOOP ( 'NONE', ( #1249, #4461, #1774, #3291 ) ) ;
#6765 = LINE ( 'NONE', #1740, #6657 ) ;
#6766 = AXIS2_PLACEMENT_3D ( 'NONE', #5119, #650, #6176 ) ;
#6767 = DIRECTION ( 'NONE',  ( 7.047314121155772510E-15, -1.000000000000000000, 2.460556574298107587E-29 ) ) ;
#6768 = ORIENTED_EDGE ( 'NONE', *, *, #569, .T. ) ;
#6769 = ADVANCED_FACE ( 'NONE', ( #4371 ), #6793, .F. ) ;
#6770 = ADVANCED_FACE ( 'NONE', ( #6475 ), #1520, .F. ) ;
#6771 = VERTEX_POINT ( 'NONE', #3962 ) ;
#6772 = VECTOR ( 'NONE', #3371, 1000.000000000000000 ) ;
#6773 = EDGE_CURVE ( 'NONE', #6956, #6017, #1704, .T. ) ;
#6774 = EDGE_CURVE ( 'NONE', #5753, #6041, #1286, .T. ) ;
#6775 = ORIENTED_EDGE ( 'NONE', *, *, #525, .T. ) ;
#6776 = LINE ( 'NONE', #2919, #2936 ) ;
#6777 = DIRECTION ( 'NONE',  ( 0.000000000000000000, 1.000000000000000000, 0.000000000000000000 ) ) ;
#6778 = DIRECTION ( 'NONE',  ( -1.000000000000000000, 0.000000000000000000, -4.065758146820642416E-15 ) ) ;
#6779 = PLANE ( 'NONE',  #809 ) ;
#6780 = VECTOR ( 'NONE', #817, 1000.000000000000000 ) ;
#6781 = AXIS2_PLACEMENT_3D ( 'NONE', #2405, #2438, #4444 ) ;
#6782 = LINE ( 'NONE', #4018, #1699 ) ;
#6783 = ORIENTED_EDGE ( 'NONE', *, *, #6662, .F. ) ;
#6784 = EDGE_CURVE ( 'NONE', #3078, #6805, #41, .T. ) ;
#6785 = FACE_OUTER_BOUND ( 'NONE', #165, .T. ) ;
#6786 = CARTESIAN_POINT ( 'NONE',  ( -1.750000000000004441, 0.1499999999999996891, 1.199999999999993960 ) ) ;
#6787 = VERTEX_POINT ( 'NONE', #2808 ) ;
#6788 = AXIS2_PLACEMENT_3D ( 'NONE', #5350, #7015, #6940 ) ;
#6789 = CIRCLE ( 'NONE', #2846, 0.8499999999999999778 ) ;
#6790 = ORIENTED_EDGE ( 'NONE', *, *, #4573, .T. ) ;
#6791 = CARTESIAN_POINT ( 'NONE',  ( -1.750000000000004441, 0.1499999999999996891, 1.199999999999993960 ) ) ;
#6792 = CARTESIAN_POINT ( 'NONE',  ( -0.9659547428989363471, 0.5000000000000000000, -1.332883828495627032 ) ) ;
#6793 = CONICAL_SURFACE ( 'NONE', #4583, 0.8499999999999998668, 1.047197551196600074 ) ;
#6794 = EDGE_CURVE ( 'NONE', #837, #6751, #5550, .T. ) ;
#6795 = VECTOR ( 'NONE', #3428, 1000.000000000000000 ) ;
#6796 = CARTESIAN_POINT ( 'NONE',  ( 1.850000000000004974, 0.6000000000000000888, -1.499999999999993561 ) ) ;
#6797 = PLANE ( 'NONE',  #526 ) ;
#6798 = DIRECTION ( 'NONE',  ( 0.000000000000000000, -1.000000000000000000, 0.000000000000000000 ) ) ;
#6799 = ORIENTED_EDGE ( 'NONE', *, *, #3234, .F. ) ;
#6800 = DIRECTION ( 'NONE',  ( -1.000000000000000000, -3.469446951953614978E-15, -3.491481338843133355E-15 ) ) ;
#6801 = VECTOR ( 'NONE', #6369, 1000.000000000000000 ) ;
#6802 = DIRECTION ( 'NONE',  ( -3.263320628122684032E-15, 0.000000000000000000, 1.000000000000000000 ) ) ;
#6803 = LINE ( 'NONE', #2942, #2169 ) ;
#6804 = EDGE_LOOP ( 'NONE', ( #1311, #6641, #662, #6158 ) ) ;
#6805 = VERTEX_POINT ( 'NONE', #5100 ) ;
#6806 = CARTESIAN_POINT ( 'NONE',  ( -1.590000000000005187, 0.1000000000000000056, 1.499999999999994005 ) ) ;
#6807 = VECTOR ( 'NONE', #2684, 1000.000000000000000 ) ;
#6808 = DIRECTION ( 'NONE',  ( -3.491481338843133355E-15, 3.942553354492624709E-15, 1.000000000000000000 ) ) ;
#6809 = ORIENTED_EDGE ( 'NONE', *, *, #4311, .T. ) ;
#6810 = ORIENTED_EDGE ( 'NONE', *, *, #6962, .F. ) ;
#6811 = VECTOR ( 'NONE', #2221, 1000.000000000000000 ) ;
#6812 = PLANE ( 'NONE',  #3436 ) ;
#6813 = DIRECTION ( 'NONE',  ( -7.047314121155773299E-15, 1.000000000000000000, -2.460556574298107867E-29 ) ) ;
#6814 = EDGE_CURVE ( 'NONE', #4141, #1429, #411, .T. ) ;
#6815 = ADVANCED_FACE ( 'NONE', ( #2875 ), #2773, .T. ) ;
#6816 = DIRECTION ( 'NONE',  ( 1.000000000000000000, 0.000000000000000000, 3.491481338843133750E-15 ) ) ;
#6817 = DIRECTION ( 'NONE',  ( -3.263320628122684032E-15, -7.992029389258310241E-31, 1.000000000000000000 ) ) ;
#6818 = EDGE_LOOP ( 'NONE', ( #6829, #188, #776, #4790 ) ) ;
#6819 = DIRECTION ( 'NONE',  ( 0.000000000000000000, -1.000000000000000000, 0.000000000000000000 ) ) ;
#6820 = FACE_OUTER_BOUND ( 'NONE', #7183, .T. ) ;
#6821 = ORIENTED_EDGE ( 'NONE', *, *, #6441, .F. ) ;
#6822 = EDGE_LOOP ( 'NONE', ( #953, #1886, #3753, #568 ) ) ;
#6823 = EDGE_CURVE ( 'NONE', #992, #7073, #3385, .T. ) ;
#6824 = EDGE_CURVE ( 'NONE', #2252, #3399, #4466, .T. ) ;
#6825 = DIRECTION ( 'NONE',  ( 1.000000000000000000, 0.000000000000000000, 2.891205793294683355E-15 ) ) ;
#6826 = CARTESIAN_POINT ( 'NONE',  ( 1.130000000000000560, 1.199999999999999956, 3.945373912892742427E-15 ) ) ;
#6827 = VECTOR ( 'NONE', #3798, 1000.000000000000000 ) ;
#6828 = CYLINDRICAL_SURFACE ( 'NONE', #6670, 1.000000000000000000 ) ;
#6829 = ORIENTED_EDGE ( 'NONE', *, *, #5415, .T. ) ;
#6830 = VERTEX_POINT ( 'NONE', #827 ) ;
#6831 = PLANE ( 'NONE',  #4740 ) ;
#6832 = ADVANCED_FACE ( 'NONE', ( #6820 ), #1853, .T. ) ;
#6833 = PLANE ( 'NONE',  #6503 ) ;
#6834 = DIRECTION ( 'NONE',  ( -3.502807018799322109E-15, -1.000000000000000000, -1.222998533970658192E-29 ) ) ;
#6835 = PLANE ( 'NONE',  #2286 ) ;
#6836 = DIRECTION ( 'NONE',  ( -1.000000000000000000, 0.000000000000000000, -3.491481338843133355E-15 ) ) ;
#6837 = ORIENTED_EDGE ( 'NONE', *, *, #2176, .T. ) ;
#6838 = AXIS2_PLACEMENT_3D ( 'NONE', #241, #2470, #1687 ) ;
#6839 = ORIENTED_EDGE ( 'NONE', *, *, #396, .T. ) ;
#6840 = ORIENTED_EDGE ( 'NONE', *, *, #5812, .F. ) ;
#6841 = AXIS2_PLACEMENT_3D ( 'NONE', #1280, #2837, #2971 ) ;
#6842 = CARTESIAN_POINT ( 'NONE',  ( -1.300000000000004041, 0.1000000000000000056, 1.199999999999995515 ) ) ;
#6843 = EDGE_CURVE ( 'NONE', #7071, #4984, #2283, .T. ) ;
#6844 = PLANE ( 'NONE',  #3793 ) ;
#6845 = AXIS2_PLACEMENT_3D ( 'NONE', #2686, #5452, #6112 ) ;
#6846 = AXIS2_PLACEMENT_3D ( 'NONE', #4661, #4188, #5914 ) ;
#6847 = FACE_OUTER_BOUND ( 'NONE', #3515, .T. ) ;
#6848 = ORIENTED_EDGE ( 'NONE', *, *, #4125, .F. ) ;
#6849 = DIRECTION ( 'NONE',  ( 1.000000000000000000, 0.000000000000000000, 4.065758146820642416E-15 ) ) ;
#6850 = ORIENTED_EDGE ( 'NONE', *, *, #7057, .T. ) ;
#6851 = CIRCLE ( 'NONE', #3725, 0.8499999999999998668 ) ;
#6852 = CARTESIAN_POINT ( 'NONE',  ( 0.7491781560021123498, 0.9899999999999922196, 1.352245436956507785 ) ) ;
#6853 = FACE_OUTER_BOUND ( 'NONE', #2689, .T. ) ;
#6854 = CARTESIAN_POINT ( 'NONE',  ( -1.899999999999998801, 0.000000000000000000, -0.4000000000000072387 ) ) ;
#6855 = CARTESIAN_POINT ( 'NONE',  ( -1.613954739249935155, 0.6000000000000010880, 0.3313493293834419151 ) ) ;
#6856 = ORIENTED_EDGE ( 'NONE', *, *, #6132, .F. ) ;
#6857 = LINE ( 'NONE', #4159, #6543 ) ;
#6858 = ORIENTED_EDGE ( 'NONE', *, *, #2177, .T. ) ;
#6859 = DIRECTION ( 'NONE',  ( 0.000000000000000000, 1.000000000000000000, 0.000000000000000000 ) ) ;
#6860 = FACE_OUTER_BOUND ( 'NONE', #3643, .T. ) ;
#6861 = LINE ( 'NONE', #1428, #3314 ) ;
#6862 = ADVANCED_FACE ( 'NONE', ( #5920 ), #7115, .T. ) ;
#6863 = ADVANCED_FACE ( 'NONE', ( #3268 ), #2534, .F. ) ;
#6864 = ORIENTED_EDGE ( 'NONE', *, *, #3937, .T. ) ;
#6865 = VERTEX_POINT ( 'NONE', #6231 ) ;
#6866 = LINE ( 'NONE', #1899, #1524 ) ;
#6867 = FACE_OUTER_BOUND ( 'NONE', #5668, .T. ) ;
#6868 = DIRECTION ( 'NONE',  ( 0.000000000000000000, 1.000000000000000000, 0.000000000000000000 ) ) ;
#6869 = EDGE_CURVE ( 'NONE', #3925, #6830, #1362, .T. ) ;
#6870 = EDGE_LOOP ( 'NONE', ( #5605, #4283, #1009, #2231 ) ) ;
#6871 = ORIENTED_EDGE ( 'NONE', *, *, #4428, .F. ) ;
#6872 = PLANE ( 'NONE',  #7034 ) ;
#6873 = VECTOR ( 'NONE', #5078, 1000.000000000000000 ) ;
#6874 = ORIENTED_EDGE ( 'NONE', *, *, #3366, .T. ) ;
#6875 = EDGE_CURVE ( 'NONE', #4116, #1076, #5137, .T. ) ;
#6876 = FACE_OUTER_BOUND ( 'NONE', #3529, .T. ) ;
#6877 = EDGE_LOOP ( 'NONE', ( #351, #2067, #7200, #3704 ) ) ;
#6878 = AXIS2_PLACEMENT_3D ( 'NONE', #6072, #1091, #3303 ) ;
#6879 = CARTESIAN_POINT ( 'NONE',  ( 1.850000000000004974, 0.6000000000000000888, -1.499999999999993561 ) ) ;
#6880 = DIRECTION ( 'NONE',  ( 0.000000000000000000, 1.000000000000000000, 0.000000000000000000 ) ) ;
#6881 =( NAMED_UNIT ( * ) SI_UNIT ( $, .STERADIAN. ) SOLID_ANGLE_UNIT ( ) );
#6882 = LINE ( 'NONE', #3146, #1289 ) ;
#6883 = AXIS2_PLACEMENT_3D ( 'NONE', #3184, #3804, #6026 ) ;
#6884 = CARTESIAN_POINT ( 'NONE',  ( -1.749999999999997335, 0.5500000000000002665, -1.200000000000006173 ) ) ;
#6885 = EDGE_LOOP ( 'NONE', ( #7128, #6288, #2630, #3836 ) ) ;
#6886 = CARTESIAN_POINT ( 'NONE',  ( 1.900000000000000799, 0.1000000000000000056, -0.3749999999999932276 ) ) ;
#6887 = VECTOR ( 'NONE', #1761, 1000.000000000000000 ) ;
#6888 = ORIENTED_EDGE ( 'NONE', *, *, #4691, .F. ) ;
#6889 = CARTESIAN_POINT ( 'NONE',  ( 0.3499999999999963696, 1.099999999999999645, 1.050000000000001377 ) ) ;
#6890 = DIRECTION ( 'NONE',  ( -3.502807018799322109E-15, -1.000000000000000000, -1.222998533970658192E-29 ) ) ;
#6891 = ORIENTED_EDGE ( 'NONE', *, *, #3854, .F. ) ;
#6892 = AXIS2_PLACEMENT_3D ( 'NONE', #2864, #5089, #3023 ) ;
#6893 = AXIS2_PLACEMENT_3D ( 'NONE', #2779, #3903, #6133 ) ;
#6894 = CARTESIAN_POINT ( 'NONE',  ( 0.8522746142426242955, 1.078144312230791657, -0.4054720649128278342 ) ) ;
#6895 = CARTESIAN_POINT ( 'NONE',  ( -1.900000000000004796, 0.1000000000000000056, 1.349999999999993427 ) ) ;
#6896 = CARTESIAN_POINT ( 'NONE',  ( -1.749999999999998224, 0.1499999999999996891, -0.5500000000000071498 ) ) ;
#6897 = DIRECTION ( 'NONE',  ( -1.000000000000000000, -3.433306879537431628E-15, -2.891205793294679017E-15 ) ) ;
#6898 = VECTOR ( 'NONE', #977, 1000.000000000000000 ) ;
#6899 = MECHANICAL_DESIGN_GEOMETRIC_PRESENTATION_REPRESENTATION (  '', ( #4112 ), #3999 ) ;
#6900 = ORIENTED_EDGE ( 'NONE', *, *, #2807, .T. ) ;
#6901 = VERTEX_POINT ( 'NONE', #3520 ) ;
#6902 = LINE ( 'NONE', #1390, #930 ) ;
#6903 = CARTESIAN_POINT ( 'NONE',  ( -1.800000000000001821, 0.09999999999999341360, 0.5499999999999942712 ) ) ;
#6904 = FACE_OUTER_BOUND ( 'NONE', #435, .T. ) ;
#6905 = EDGE_CURVE ( 'NONE', #4807, #95, #244, .T. ) ;
#6906 = AXIS2_PLACEMENT_3D ( 'NONE', #6725, #6190, #1767 ) ;
#6907 = EDGE_CURVE ( 'NONE', #1076, #2339, #3013, .T. ) ;
#6908 = VECTOR ( 'NONE', #2474, 1000.000000000000000 ) ;
#6909 = LINE ( 'NONE', #285, #5657 ) ;
#6910 = CIRCLE ( 'NONE', #4005, 1.499999999999999556 ) ;
#6911 = DIRECTION ( 'NONE',  ( -3.491481338843133355E-15, 0.000000000000000000, 1.000000000000000000 ) ) ;
#6912 = EDGE_CURVE ( 'NONE', #5168, #4650, #4139, .T. ) ;
#6913 = CARTESIAN_POINT ( 'NONE',  ( 1.435026824535695189, 0.7596725101562760152, 0.3608136382985840940 ) ) ;
#6914 = ORIENTED_EDGE ( 'NONE', *, *, #1301, .F. ) ;
#6915 = STYLED_ITEM ( 'NONE', ( #4265 ), #5437 ) ;
#6916 = ORIENTED_EDGE ( 'NONE', *, *, #5423, .T. ) ;
#6917 = ORIENTED_EDGE ( 'NONE', *, *, #5762, .F. ) ;
#6918 = DIRECTION ( 'NONE',  ( -1.000000000000000000, 0.000000000000000000, -3.263320628122684032E-15 ) ) ;
#6919 = CARTESIAN_POINT ( 'NONE',  ( -1.450000000000002620, 1.100000000000000311, 0.7499999999999948930 ) ) ;
#6920 = DIRECTION ( 'NONE',  ( 7.047314121155773299E-15, -1.000000000000000000, 2.460556574298107867E-29 ) ) ;
#6921 = EDGE_CURVE ( 'NONE', #6280, #1198, #139, .T. ) ;
#6922 = PLANE ( 'NONE',  #2394 ) ;
#6923 = VECTOR ( 'NONE', #267, 1000.000000000000114 ) ;
#6924 = EDGE_LOOP ( 'NONE', ( #3292, #2542, #7029, #1618 ) ) ;
#6925 = ORIENTED_EDGE ( 'NONE', *, *, #4384, .F. ) ;
#6926 = CARTESIAN_POINT ( 'NONE',  ( -1.100000000000003642, 0.1000000000000000056, 1.099999999999996758 ) ) ;
#6927 = DIRECTION ( 'NONE',  ( 3.491481338843133355E-15, 0.000000000000000000, -1.000000000000000000 ) ) ;
#6928 = DIRECTION ( 'NONE',  ( 0.000000000000000000, 1.000000000000000000, 0.000000000000000000 ) ) ;
#6929 = ADVANCED_FACE ( 'NONE', ( #3598 ), #4546, .F. ) ;
#6930 = CARTESIAN_POINT ( 'NONE',  ( -1.351449120171320795, 0.7000000000000030642, -0.7664364973372644885 ) ) ;
#6931 = DIRECTION ( 'NONE',  ( 3.263320628122684032E-15, 7.992029389258310241E-31, -1.000000000000000000 ) ) ;
#6932 = CARTESIAN_POINT ( 'NONE',  ( 1.017367721727782559, 0.9116538494102449652, -1.202106543493655089 ) ) ;
#6933 = VERTEX_POINT ( 'NONE', #3489 ) ;
#6934 = CARTESIAN_POINT ( 'NONE',  ( -1.265954742898945051, 0.7000000000000037303, 1.227565347459475431 ) ) ;
#6935 = ORIENTED_EDGE ( 'NONE', *, *, #387, .T. ) ;
#6936 = CARTESIAN_POINT ( 'NONE',  ( -1.300000000000004041, 0.000000000000000000, 1.199999999999995515 ) ) ;
#6937 = CARTESIAN_POINT ( 'NONE',  ( -1.613954739249932935, 0.6000000000000010880, -0.3313493293834531839 ) ) ;
#6938 = CARTESIAN_POINT ( 'NONE',  ( 0.09999999999999918676, 1.099999999999999867, 0.2500000000000002776 ) ) ;
#6939 = ORIENTED_EDGE ( 'NONE', *, *, #3088, .F. ) ;
#6940 = DIRECTION ( 'NONE',  ( -3.491481338843133355E-15, 0.000000000000000000, 1.000000000000000000 ) ) ;
#6941 = VERTEX_POINT ( 'NONE', #178 ) ;
#6942 = ORIENTED_EDGE ( 'NONE', *, *, #2039, .F. ) ;
#6943 = LINE ( 'NONE', #3123, #1750 ) ;
#6944 = DIRECTION ( 'NONE',  ( 0.000000000000000000, 1.000000000000000000, 0.000000000000000000 ) ) ;
#6945 = DIRECTION ( 'NONE',  ( -3.491481338843133355E-15, 0.000000000000000000, 1.000000000000000000 ) ) ;
#6946 = CARTESIAN_POINT ( 'NONE',  ( 0.9124038404635951283, -1.979848480983505743, 0.2500000000000032196 ) ) ;
#6947 = ORIENTED_EDGE ( 'NONE', *, *, #69, .T. ) ;
#6948 = EDGE_CURVE ( 'NONE', #2642, #5831, #1830, .T. ) ;
#6949 = ORIENTED_EDGE ( 'NONE', *, *, #1991, .T. ) ;
#6950 = ORIENTED_EDGE ( 'NONE', *, *, #6625, .F. ) ;
#6951 = DIRECTION ( 'NONE',  ( 0.000000000000000000, 1.000000000000000000, 0.000000000000000000 ) ) ;
#6952 = AXIS2_PLACEMENT_3D ( 'NONE', #5662, #4610, #2978 ) ;
#6953 = CARTESIAN_POINT ( 'NONE',  ( 0.3499999999999972577, -1.979848480983505743, 0.8124038404635971489 ) ) ;
#6954 = CARTESIAN_POINT ( 'NONE',  ( -0.06991420946607161679, 0.8886672092433048897, -1.098166160790680967 ) ) ;
#6955 = UNCERTAINTY_MEASURE_WITH_UNIT (LENGTH_MEASURE( 1.000000000000000082E-05 ), #7069, 'distance_accuracy_value', 'NONE');
#6956 = VERTEX_POINT ( 'NONE', #1225 ) ;
#6957 = AXIS2_PLACEMENT_3D ( 'NONE', #6258, #1221, #205 ) ;
#6958 = VECTOR ( 'NONE', #4788, 1000.000000000000000 ) ;
#6959 = ORIENTED_EDGE ( 'NONE', *, *, #1686, .F. ) ;
#6960 = ADVANCED_FACE ( 'NONE', ( #1706 ), #1806, .F. ) ;
#6961 = ORIENTED_EDGE ( 'NONE', *, *, #3038, .T. ) ;
#6962 = EDGE_CURVE ( 'NONE', #920, #5419, #5597, .T. ) ;
#6963 = DIRECTION ( 'NONE',  ( 0.000000000000000000, -1.000000000000000000, 0.000000000000000000 ) ) ;
#6964 = DIRECTION ( 'NONE',  ( 7.047314121155773299E-15, -1.000000000000000000, 2.460556574298107867E-29 ) ) ;
#6965 = AXIS2_PLACEMENT_3D ( 'NONE', #433, #1648, #5455 ) ;
#6966 = CARTESIAN_POINT ( 'NONE',  ( 1.100000000000000089, -0.3942926941623180470, 3.840629472727446691E-15 ) ) ;
#6967 = CARTESIAN_POINT ( 'NONE',  ( -1.000000000000003553, 1.000000000000001554, 0.9999999999999965583 ) ) ;
#6968 = VECTOR ( 'NONE', #683, 999.9999999999998863 ) ;
#6969 = EDGE_CURVE ( 'NONE', #4813, #4520, #3435, .T. ) ;
#6970 = CARTESIAN_POINT ( 'NONE',  ( -1.800000000000000044, 0.09999999999999341360, -6.284666409917640040E-15 ) ) ;
#6971 = ORIENTED_EDGE ( 'NONE', *, *, #2399, .T. ) ;
#6972 = CARTESIAN_POINT ( 'NONE',  ( -0.7499999999999997780, 0.9899999999999926636, -2.618611004132349228E-15 ) ) ;
#6973 = SURFACE_SIDE_STYLE ('',( #4786 ) ) ;
#6974 = EDGE_LOOP ( 'NONE', ( #3414, #5321, #1888, #6989 ) ) ;
#6975 = DIRECTION ( 'NONE',  ( 3.491481338843133355E-15, 0.000000000000000000, -1.000000000000000000 ) ) ;
#6976 = CARTESIAN_POINT ( 'NONE',  ( 0.8070129555424766510, 1.089999999999995639, -0.4802704026404069904 ) ) ;
#6977 = FACE_OUTER_BOUND ( 'NONE', #5909, .T. ) ;
#6978 = ORIENTED_EDGE ( 'NONE', *, *, #5762, .T. ) ;
#6979 = DIRECTION ( 'NONE',  ( 3.491481338843133355E-15, -0.000000000000000000, -1.000000000000000000 ) ) ;
#6980 = EDGE_CURVE ( 'NONE', #4967, #4916, #6002, .T. ) ;
#6981 = ORIENTED_EDGE ( 'NONE', *, *, #1561, .F. ) ;
#6982 = EDGE_LOOP ( 'NONE', ( #4638, #5404, #6311, #895 ) ) ;
#6983 = CARTESIAN_POINT ( 'NONE',  ( 0.8517638489321264217, 0.9719151922228767004, -0.6594324191596547813 ) ) ;
#6984 = DIRECTION ( 'NONE',  ( 0.000000000000000000, 1.000000000000000000, 0.000000000000000000 ) ) ;
#6985 = LINE ( 'NONE', #5937, #169 ) ;
#6986 = CYLINDRICAL_SURFACE ( 'NONE', #653, 1.499999999999999556 ) ;
#6987 = ORIENTED_EDGE ( 'NONE', *, *, #4211, .F. ) ;
#6988 = ORIENTED_EDGE ( 'NONE', *, *, #1457, .T. ) ;
#6989 = ORIENTED_EDGE ( 'NONE', *, *, #4596, .F. ) ;
#6990 = DIRECTION ( 'NONE',  ( -1.000000000000000000, 0.000000000000000000, -3.491481338843133355E-15 ) ) ;
#6991 =( NAMED_UNIT ( * ) PLANE_ANGLE_UNIT ( ) SI_UNIT ( $, .RADIAN. ) );
#6992 = ORIENTED_EDGE ( 'NONE', *, *, #306, .T. ) ;
#6993 = LINE ( 'NONE', #5164, #5400 ) ;
#6994 = ORIENTED_EDGE ( 'NONE', *, *, #4376, .T. ) ;
#6995 = ORIENTED_EDGE ( 'NONE', *, *, #6106, .T. ) ;
#6996 = CARTESIAN_POINT ( 'NONE',  ( -1.899999999999995248, 0.000000000000000000, -1.350000000000006750 ) ) ;
#6997 = DIRECTION ( 'NONE',  ( 0.000000000000000000, 1.000000000000000000, 0.000000000000000000 ) ) ;
#6998 = DIRECTION ( 'NONE',  ( 7.047314121155773299E-15, -1.000000000000000000, 2.460556574298107867E-29 ) ) ;
#6999 = VECTOR ( 'NONE', #6998, 1000.000000000000000 ) ;
#7000 = CARTESIAN_POINT ( 'NONE',  ( -1.899999999999998357, 0.1499999999999991618, -0.5500000000000077049 ) ) ;
#7001 = DIRECTION ( 'NONE',  ( 0.000000000000000000, 1.000000000000000000, 0.000000000000000000 ) ) ;
#7002 = EDGE_CURVE ( 'NONE', #1522, #5168, #5589, .T. ) ;
#7003 = ADVANCED_FACE ( 'NONE', ( #2741 ), #2777, .F. ) ;
#7004 = ADVANCED_FACE ( 'NONE', ( #6876 ), #5568, .T. ) ;
#7005 = EDGE_CURVE ( 'NONE', #313, #4439, #226, .T. ) ;
#7006 = AXIS2_PLACEMENT_3D ( 'NONE', #6671, #6169, #1196 ) ;
#7007 = LINE ( 'NONE', #3619, #3411 ) ;
#7008 = DIRECTION ( 'NONE',  ( 0.000000000000000000, -0.000000000000000000, -1.000000000000000000 ) ) ;
#7009 = ORIENTED_EDGE ( 'NONE', *, *, #3281, .F. ) ;
#7010 = CARTESIAN_POINT ( 'NONE',  ( -1.449999999999995737, 0.000000000000000000, -1.200000000000005063 ) ) ;
#7011 = EDGE_CURVE ( 'NONE', #2024, #1839, #449, .T. ) ;
#7012 = VECTOR ( 'NONE', #4785, 1000.000000000000000 ) ;
#7013 = VECTOR ( 'NONE', #4045, 1000.000000000000000 ) ;
#7014 = ORIENTED_EDGE ( 'NONE', *, *, #5664, .F. ) ;
#7015 = DIRECTION ( 'NONE',  ( -1.000000000000000000, 0.000000000000000000, -3.491481338843133355E-15 ) ) ;
#7016 = FACE_OUTER_BOUND ( 'NONE', #5193, .T. ) ;
#7017 = ORIENTED_EDGE ( 'NONE', *, *, #1904, .T. ) ;
#7018 = ORIENTED_EDGE ( 'NONE', *, *, #2127, .T. ) ;
#7019 = VECTOR ( 'NONE', #1729, 1000.000000000000000 ) ;
#7020 = VECTOR ( 'NONE', #596, 1000.000000000000000 ) ;
#7021 = CARTESIAN_POINT ( 'NONE',  ( -0.7124038404635950616, -1.979848480983505743, -0.2500000000000023870 ) ) ;
#7022 = PLANE ( 'NONE',  #4303 ) ;
#7023 = EDGE_CURVE ( 'NONE', #4314, #6425, #2748, .T. ) ;
#7024 = CIRCLE ( 'NONE', #57, 0.9000000000000000222 ) ;
#7025 = CIRCLE ( 'NONE', #5983, 0.5035898384862225186 ) ;
#7026 = CARTESIAN_POINT ( 'NONE',  ( -1.450000000000000622, 0.000000000000000000, 0.5499999999999964917 ) ) ;
#7027 = ORIENTED_EDGE ( 'NONE', *, *, #2823, .T. ) ;
#7028 = DIRECTION ( 'NONE',  ( 0.000000000000000000, 1.000000000000000000, 0.000000000000000000 ) ) ;
#7029 = ORIENTED_EDGE ( 'NONE', *, *, #2695, .T. ) ;
#7030 = ORIENTED_EDGE ( 'NONE', *, *, #6257, .F. ) ;
#7031 = LINE ( 'NONE', #4766, #6718 ) ;
#7032 = VECTOR ( 'NONE', #7137, 1000.000000000000000 ) ;
#7033 = UNCERTAINTY_MEASURE_WITH_UNIT (LENGTH_MEASURE( 1.000000000000000082E-05 ), #4217, 'distance_accuracy_value', 'NONE');
#7034 = AXIS2_PLACEMENT_3D ( 'NONE', #4690, #2384, #849 ) ;
#7035 = VECTOR ( 'NONE', #4614, 1000.000000000000000 ) ;
#7036 = ORIENTED_EDGE ( 'NONE', *, *, #1825, .T. ) ;
#7037 = ORIENTED_EDGE ( 'NONE', *, *, #2007, .T. ) ;
#7038 = LINE ( 'NONE', #2069, #5473 ) ;
#7039 = FACE_OUTER_BOUND ( 'NONE', #5025, .T. ) ;
#7040 = CARTESIAN_POINT ( 'NONE',  ( 1.850000000000001199, 0.6000000000000000888, -0.3749999999999933942 ) ) ;
#7041 = DIRECTION ( 'NONE',  ( 0.000000000000000000, -0.000000000000000000, -1.000000000000000000 ) ) ;
#7042 =( LENGTH_UNIT ( ) NAMED_UNIT ( * ) SI_UNIT ( .MILLI., .METRE. ) );
#7043 = DIRECTION ( 'NONE',  ( -1.000000000000000000, 0.000000000000000000, -3.491481338843133355E-15 ) ) ;
#7044 = DIRECTION ( 'NONE',  ( 1.000000000000000000, 7.047314121155773299E-15, 3.491481338843133355E-15 ) ) ;
#7045 = EDGE_CURVE ( 'NONE', #7085, #4247, #5012, .T. ) ;
#7046 = ORIENTED_EDGE ( 'NONE', *, *, #1069, .F. ) ;
#7047 = FACE_OUTER_BOUND ( 'NONE', #5496, .T. ) ;
#7048 = EDGE_CURVE ( 'NONE', #4116, #7108, #6266, .T. ) ;
#7049 = VERTEX_POINT ( 'NONE', #3058 ) ;
#7050 = LINE ( 'NONE', #6611, #5593 ) ;
#7051 = B_SPLINE_CURVE_WITH_KNOTS ( 'NONE', 3,
 ( #6491, #1087, #5528, #424 ),
 .UNSPECIFIED., .F., .F.,
 ( 4, 4 ),
 ( 1.535343479073961607E-05, 0.0002631292339227009466 ),
 .UNSPECIFIED. ) ;
#7052 = LINE ( 'NONE', #6937, #5696 ) ;
#7053 = DIRECTION ( 'NONE',  ( -3.491481338843133355E-15, 0.000000000000000000, 1.000000000000000000 ) ) ;
#7054 = ORIENTED_EDGE ( 'NONE', *, *, #6794, .F. ) ;
#7055 = FACE_OUTER_BOUND ( 'NONE', #2553, .T. ) ;
#7056 = DIRECTION ( 'NONE',  ( -1.000000000000000000, 0.000000000000000000, -3.491481338843132961E-15 ) ) ;
#7057 = EDGE_CURVE ( 'NONE', #4687, #2251, #3664, .T. ) ;
#7058 = ORIENTED_EDGE ( 'NONE', *, *, #4384, .T. ) ;
#7059 = EDGE_CURVE ( 'NONE', #4430, #3193, #1842, .T. ) ;
#7060 = LINE ( 'NONE', #5825, #457 ) ;
#7061 = LINE ( 'NONE', #5826, #2267 ) ;
#7062 = LINE ( 'NONE', #3748, #5478 ) ;
#7063 = LINE ( 'NONE', #6473, #4475 ) ;
#7064 = ORIENTED_EDGE ( 'NONE', *, *, #387, .F. ) ;
#7065 = ORIENTED_EDGE ( 'NONE', *, *, #2608, .T. ) ;
#7066 = VERTEX_POINT ( 'NONE', #296 ) ;
#7067 = EDGE_CURVE ( 'NONE', #852, #5032, #4040, .T. ) ;
#7068 = LINE ( 'NONE', #3755, #6260 ) ;
#7069 =( LENGTH_UNIT ( ) NAMED_UNIT ( * ) SI_UNIT ( .MILLI., .METRE. ) );
#7070 =( NAMED_UNIT ( * ) PLANE_ANGLE_UNIT ( ) SI_UNIT ( $, .RADIAN. ) );
#7071 = VERTEX_POINT ( 'NONE', #5728 ) ;
#7072 = CIRCLE ( 'NONE', #1276, 0.8499999999999999778 ) ;
#7073 = VERTEX_POINT ( 'NONE', #814 ) ;
#7074 = EDGE_CURVE ( 'NONE', #6108, #2043, #4181, .T. ) ;
#7075 = DIRECTION ( 'NONE',  ( -1.000000000000000000, -7.021349484611987412E-15, -3.491481338843133355E-15 ) ) ;
#7076 = CARTESIAN_POINT ( 'NONE',  ( 0.7044375921718366573, 1.201000000000016499, 1.372827446247164795 ) ) ;
#7077 = FACE_OUTER_BOUND ( 'NONE', #2398, .T. ) ;
#7078 = CARTESIAN_POINT ( 'NONE',  ( 0.3500000000000026978, 0.9899999999999932188, -0.8124038404635947064 ) ) ;
#7079 = CIRCLE ( 'NONE', #5584, 0.8499999999999999778 ) ;
#7080 = CARTESIAN_POINT ( 'NONE',  ( -0.1500000000000028533, 0.9899999999999949951, 0.8124038404635955946 ) ) ;
#7081 = VECTOR ( 'NONE', #1719, 1000.000000000000000 ) ;
#7082 = CARTESIAN_POINT ( 'NONE',  ( 0.3499999999999972577, 0.9899999999999932188, 0.8124038404635971489 ) ) ;
#7083 = VECTOR ( 'NONE', #2417, 1000.000000000000000 ) ;
#7084 = FACE_OUTER_BOUND ( 'NONE', #2467, .T. ) ;
#7085 = VERTEX_POINT ( 'NONE', #744 ) ;
#7086 = FACE_BOUND ( 'NONE', #3752, .T. ) ;
#7087 = FACE_OUTER_BOUND ( 'NONE', #502, .T. ) ;
#7088 = CYLINDRICAL_SURFACE ( 'NONE', #5590, 1.332883828495627032 ) ;
#7089 = VERTEX_POINT ( 'NONE', #1370 ) ;
#7090 = VECTOR ( 'NONE', #1336, 1000.000000000000000 ) ;
#7091 = DIRECTION ( 'NONE',  ( -3.491481338843133355E-15, 0.000000000000000000, 1.000000000000000000 ) ) ;
#7092 = ORIENTED_EDGE ( 'NONE', *, *, #3904, .T. ) ;
#7093 = DIRECTION ( 'NONE',  ( 0.1305261922200485203, -0.9914448613738108262, 4.557297643665511566E-16 ) ) ;
#7094 = CARTESIAN_POINT ( 'NONE',  ( -1.900000000000004130, 0.09999999999999950595, 1.199999999999993294 ) ) ;
#7095 = AXIS2_PLACEMENT_3D ( 'NONE', #1512, #1433, #3633 ) ;
#7096 =( BOUNDED_CURVE ( )  B_SPLINE_CURVE ( 3, ( #5919, #1571, #2218, #3734 ),
 .UNSPECIFIED., .F., .F. ) 
 B_SPLINE_CURVE_WITH_KNOTS ( ( 4, 4 ),
 ( 2.945622655964409198, 3.141592653589798001 ),
 .UNSPECIFIED. ) 
 CURVE ( )  GEOMETRIC_REPRESENTATION_ITEM ( )  RATIONAL_B_SPLINE_CURVE ( ( 1.000000000000000000, 0.9968022064152549655, 0.9968022064152549655, 1.000000000000000000 ) ) 
 REPRESENTATION_ITEM ( '' )  );
#7097 = CARTESIAN_POINT ( 'NONE',  ( -1.899999999999996136, 0.1499999999999996891, -1.200000000000006839 ) ) ;
#7098 = EDGE_CURVE ( 'NONE', #1468, #3957, #1404, .T. ) ;
#7099 = EDGE_CURVE ( 'NONE', #4185, #3973, #5698, .T. ) ;
#7100 = CARTESIAN_POINT ( 'NONE',  ( 1.581636014379621313, 0.000000000000000000, 0.3750000000000047740 ) ) ;
#7101 = ORIENTED_EDGE ( 'NONE', *, *, #5769, .F. ) ;
#7102 = ADVANCED_FACE ( 'NONE', ( #216 ), #6844, .T. ) ;
#7103 = VERTEX_POINT ( 'NONE', #5800 ) ;
#7104 = ORIENTED_EDGE ( 'NONE', *, *, #6773, .T. ) ;
#7105 = LINE ( 'NONE', #2126, #5763 ) ;
#7106 = ADVANCED_FACE ( 'NONE', ( #2913 ), #1955, .F. ) ;
#7107 = ORIENTED_EDGE ( 'NONE', *, *, #7189, .T. ) ;
#7108 = VERTEX_POINT ( 'NONE', #5835 ) ;
#7109 = LINE ( 'NONE', #3180, #4665 ) ;
#7110 = CARTESIAN_POINT ( 'NONE',  ( 0.1000000000000000056, 1.099999999999999645, 3.491481338843133355E-16 ) ) ;
#7111 = DIRECTION ( 'NONE',  ( -3.491481338843133355E-15, 0.000000000000000000, 1.000000000000000000 ) ) ;
#7112 = ADVANCED_FACE ( 'NONE', ( #4146 ), #4654, .T. ) ;
#7113 = CARTESIAN_POINT ( 'NONE',  ( -1.900000000000004130, 0.09999999999999985290, 1.199999999999993294 ) ) ;
#7114 = LINE ( 'NONE', #1538, #276 ) ;
#7115 = PLANE ( 'NONE',  #4117 ) ;
#7116 = EDGE_LOOP ( 'NONE', ( #5201, #3380, #4996, #6022 ) ) ;
#7117 = PLANE ( 'NONE',  #7131 ) ;
#7118 = CARTESIAN_POINT ( 'NONE',  ( -1.749999999999997335, 0.5500000000000002665, -1.200000000000006173 ) ) ;
#7119 = ORIENTED_EDGE ( 'NONE', *, *, #112, .T. ) ;
#7120 = LINE ( 'NONE', #2077, #2439 ) ;
#7121 = LINE ( 'NONE', #5421, #2712 ) ;
#7122 = DIRECTION ( 'NONE',  ( 0.000000000000000000, 1.000000000000000000, 0.000000000000000000 ) ) ;
#7123 = PLANE ( 'NONE',  #1118 ) ;
#7124 = ORIENTED_EDGE ( 'NONE', *, *, #6340, .T. ) ;
#7125 = VECTOR ( 'NONE', #3573, 1000.000000000000000 ) ;
#7126 = DIRECTION ( 'NONE',  ( 1.000000000000000000, 0.000000000000000000, 3.491481338843133355E-15 ) ) ;
#7127 = CARTESIAN_POINT ( 'NONE',  ( 0.6035898384862226074, 0.7899999999999925970, 2.795048437798508728E-15 ) ) ;
#7128 = ORIENTED_EDGE ( 'NONE', *, *, #706, .F. ) ;
#7129 = LINE ( 'NONE', #1622, #1048 ) ;
#7130 = CARTESIAN_POINT ( 'NONE',  ( 0.8517638489321264217, 0.9719151922228767004, -0.6594324191596547813 ) ) ;
#7131 = AXIS2_PLACEMENT_3D ( 'NONE', #3270, #6495, #2758 ) ;
#7132 = DIRECTION ( 'NONE',  ( -3.491481338843133355E-15, -0.000000000000000000, 1.000000000000000000 ) ) ;
#7133 = DIRECTION ( 'NONE',  ( 0.000000000000000000, -1.000000000000000000, -0.000000000000000000 ) ) ;
#7134 = DIRECTION ( 'NONE',  ( -3.491481338843133355E-15, 0.000000000000000000, 1.000000000000000000 ) ) ;
#7135 = AXIS2_PLACEMENT_3D ( 'NONE', #99, #2335, #6754 ) ;
#7136 = ORIENTED_EDGE ( 'NONE', *, *, #3044, .F. ) ;
#7137 = DIRECTION ( 'NONE',  ( -3.491481338843133355E-15, 0.000000000000000000, 1.000000000000000000 ) ) ;
#7138 = EDGE_LOOP ( 'NONE', ( #1373, #6589, #2856 ) ) ;
#7139 = ORIENTED_EDGE ( 'NONE', *, *, #2426, .T. ) ;
#7140 = DIRECTION ( 'NONE',  ( -1.000000000000000000, 3.502807018799322109E-15, -3.491481338843133355E-15 ) ) ;
#7141 = ADVANCED_FACE ( 'NONE', ( #2482 ), #6872, .F. ) ;
#7142 = EDGE_CURVE ( 'NONE', #6202, #6865, #5331, .T. ) ;
#7143 =( GEOMETRIC_REPRESENTATION_CONTEXT ( 3 ) GLOBAL_UNCERTAINTY_ASSIGNED_CONTEXT ( ( #1444 ) ) GLOBAL_UNIT_ASSIGNED_CONTEXT ( ( #19, #5444, #7187 ) ) REPRESENTATION_CONTEXT ( 'NONE', 'WORKASPACE' ) );
#7144 = VECTOR ( 'NONE', #6424, 1000.000000000000000 ) ;
#7145 = CARTESIAN_POINT ( 'NONE',  ( 0.1000000000000000056, 0.6000000000000000888, 3.491481338843133355E-16 ) ) ;
#7146 = ADVANCED_FACE ( 'NONE', ( #5178 ), #184, .T. ) ;
#7147 = CARTESIAN_POINT ( 'NONE',  ( -1.265954742898936392, 0.7000000000000037303, -1.227565347459484091 ) ) ;
#7148 = VERTEX_POINT ( 'NONE', #3535 ) ;
#7149 = AXIS2_PLACEMENT_3D ( 'NONE', #6320, #6044, #2152 ) ;
#7150 = VERTEX_POINT ( 'NONE', #1328 ) ;
#7151 = PRESENTATION_LAYER_ASSIGNMENT (  '', '', ( #6219 ) ) ;
#7152 = EDGE_CURVE ( 'NONE', #2880, #5070, #5767, .T. ) ;
#7153 = CARTESIAN_POINT ( 'NONE',  ( 1.435026824535691636, 0.7596725101562760152, 1.372827446247167460 ) ) ;
#7154 = LINE ( 'NONE', #3838, #3983 ) ;
#7155 = DIRECTION ( 'NONE',  ( 1.000000000000000000, 0.000000000000000000, 3.491481338843133355E-15 ) ) ;
#7156 = AXIS2_PLACEMENT_3D ( 'NONE', #5111, #6267, #217 ) ;
#7157 = DIRECTION ( 'NONE',  ( 1.000000000000000000, -0.000000000000000000, 3.491481338843133355E-15 ) ) ;
#7158 = CARTESIAN_POINT ( 'NONE',  ( -1.800000000000005596, 0.5500000000000001554, 1.199999999999993738 ) ) ;
#7159 = ORIENTED_EDGE ( 'NONE', *, *, #6948, .T. ) ;
#7160 = CARTESIAN_POINT ( 'NONE',  ( 0.9124038404635951283, -1.979848480983505743, 0.2500000000000032196 ) ) ;
#7161 = EDGE_CURVE ( 'NONE', #1400, #3835, #6479, .T. ) ;
#7162 = VERTEX_POINT ( 'NONE', #2632 ) ;
#7163 = LINE ( 'NONE', #4279, #5001 ) ;
#7164 = CARTESIAN_POINT ( 'NONE',  ( -1.450000000000004619, 0.000000000000000000, 1.349999999999994982 ) ) ;
#7165 = DIRECTION ( 'NONE',  ( -3.491481338843133355E-15, 0.000000000000000000, 1.000000000000000000 ) ) ;
#7166 = CARTESIAN_POINT ( 'NONE',  ( 0.8859590799087918578, 1.065886922963848571, 0.3236793547771090185 ) ) ;
#7167 = EDGE_LOOP ( 'NONE', ( #4976, #6180, #6775, #3951 ) ) ;
#7168 = FACE_OUTER_BOUND ( 'NONE', #4600, .T. ) ;
#7169 = CARTESIAN_POINT ( 'NONE',  ( -0.1499999999999999667, 1.099999999999999867, -5.237222008264698061E-16 ) ) ;
#7170 = ORIENTED_EDGE ( 'NONE', *, *, #2269, .T. ) ;
#7171 = EDGE_CURVE ( 'NONE', #373, #4489, #1525, .T. ) ;
#7172 = CARTESIAN_POINT ( 'NONE',  ( 1.849999999999998535, 0.6000000000000000888, 0.3750000000000064948 ) ) ;
#7173 = DIRECTION ( 'NONE',  ( 0.000000000000000000, 1.000000000000000000, 0.000000000000000000 ) ) ;
#7174 = DIRECTION ( 'NONE',  ( -1.000000000000000000, 0.000000000000000000, -3.491481338843133355E-15 ) ) ;
#7175 = LINE ( 'NONE', #6626, #3433 ) ;
#7176 = VERTEX_POINT ( 'NONE', #4850 ) ;
#7177 = ORIENTED_EDGE ( 'NONE', *, *, #5812, .T. ) ;
#7178 = ORIENTED_EDGE ( 'NONE', *, *, #2886, .T. ) ;
#7179 = CARTESIAN_POINT ( 'NONE',  ( -1.349999999999997868, 0.9899999999999995470, -0.7500000000000046629 ) ) ;
#7180 = DIRECTION ( 'NONE',  ( -1.000000000000000000, 0.000000000000000000, -3.491481338843133355E-15 ) ) ;
#7181 = SURFACE_STYLE_USAGE ( .BOTH. , #4305 ) ;
#7182 = VERTEX_POINT ( 'NONE', #413 ) ;
#7183 = EDGE_LOOP ( 'NONE', ( #5260, #912, #1420, #6685 ) ) ;
#7184 = CARTESIAN_POINT ( 'NONE',  ( 1.900000000000000799, 0.000000000000000000, -0.3749999999999932276 ) ) ;
#7185 = DIRECTION ( 'NONE',  ( 0.000000000000000000, 1.000000000000000000, 0.000000000000000000 ) ) ;
#7186 = CARTESIAN_POINT ( 'NONE',  ( -1.300000000000002931, 0.1000000000000000056, 0.8499999999999960920 ) ) ;
#7187 =( NAMED_UNIT ( * ) SI_UNIT ( $, .STERADIAN. ) SOLID_ANGLE_UNIT ( ) );
#7188 = CARTESIAN_POINT ( 'NONE',  ( -1.119846099012068885, 0.6000000000000046407, -0.9318663323339665405 ) ) ;
#7189 = EDGE_CURVE ( 'NONE', #182, #5508, #7105, .T. ) ;
#7190 = CIRCLE ( 'NONE', #5700, 0.9000000000000000222 ) ;
#7191 = ADVANCED_FACE ( 'NONE', ( #4335 ), #3220, .F. ) ;
#7192 = CARTESIAN_POINT ( 'NONE',  ( -1.750000000000005773, 0.5500000000000002665, 1.199999999999993960 ) ) ;
#7193 = ORIENTED_EDGE ( 'NONE', *, *, #1199, .F. ) ;
#7194 = ORIENTED_EDGE ( 'NONE', *, *, #2704, .T. ) ;
#7195 = CARTESIAN_POINT ( 'NONE',  ( -1.199038105676660138, 1.099999999999999867, 0.7499999999999957812 ) ) ;
#7196 = CARTESIAN_POINT ( 'NONE',  ( -1.199038105676660138, 1.099999999999999867, 0.7499999999999957812 ) ) ;
#7197 = LINE ( 'NONE', #2612, #3369 ) ;
#7198 = STYLED_ITEM ( 'NONE', ( #5438 ), #148 ) ;
#7199 = CARTESIAN_POINT ( 'NONE',  ( -1.899999999999998801, 0.000000000000000000, -0.4000000000000072387 ) ) ;
#7200 = ORIENTED_EDGE ( 'NONE', *, *, #111, .F. ) ;
#7201 = ADVANCED_FACE ( 'NONE', ( #3170 ), #2170, .F. ) ;
#7202 = PLANE ( 'NONE',  #2155 ) ;
#7203 = DIRECTION ( 'NONE',  ( 3.491481338843133355E-15, -0.000000000000000000, -1.000000000000000000 ) ) ;
#7204 = VECTOR ( 'NONE', #1770, 1000.000000000000000 ) ;
#7205 = AXIS2_PLACEMENT_3D ( 'NONE', #2198, #3283, #3389 ) ;
#7206 = ORIENTED_EDGE ( 'NONE', *, *, #5999, .T. ) ;
#7207 = PLANE ( 'NONE',  #2891 ) ;
#7208 = CARTESIAN_POINT ( 'NONE',  ( -0.9659547428989363471, 0.5000000000000000000, -1.332883828495627032 ) ) ;
ENDSEC;
END-ISO-10303-21;
